[2026-08-15T13:37:59.517+0000] {manager.py:470} INFO - Processing files using up to 2 processes at a time 
[2026-08-15T13:37:59.519+0000] {manager.py:471} INFO - Process each file at most once every 30 seconds
[2026-08-15T13:37:59.520+0000] {manager.py:472} INFO - Checking for new files in /opt/airflow/dags every 300 seconds
[2026-08-15T13:37:59.521+0000] {manager.py:737} INFO - Searching for files in /opt/airflow/dags
[2026-08-15T13:37:59.529+0000] {manager.py:740} INFO - There are 1 files in /opt/airflow/dags
[2026-08-15T13:38:01.032+0000] {manager.py:878} INFO - 
================================================================================
DAG File Processing Stats

File Path                                  PID  Runtime      # DAGs    # Errors  Last Runtime    Last Run
---------------------------------------  -----  ---------  --------  ----------  --------------  ----------
/opt/airflow/dags/lakehouse_pipeline.py    172  0.02s             0           0
================================================================================
[2026-08-15T13:38:31.185+0000] {manager.py:878} INFO - 
================================================================================
DAG File Processing Stats

File Path                                PID    Runtime      # DAGs    # Errors  Last Runtime    Last Run
---------------------------------------  -----  ---------  --------  ----------  --------------  -------------------
/opt/airflow/dags/lakehouse_pipeline.py                           1           0  0.36s           2026-08-15T13:38:01
================================================================================
[2026-08-15T13:39:01.692+0000] {manager.py:878} INFO - 
================================================================================
DAG File Processing Stats

File Path                                  PID  Runtime      # DAGs    # Errors  Last Runtime    Last Run
---------------------------------------  -----  ---------  --------  ----------  --------------  -------------------
/opt/airflow/dags/lakehouse_pipeline.py    182  0.00s             1           0  0.16s           2026-08-15T13:38:31
================================================================================
[2026-08-15T13:39:31.900+0000] {manager.py:878} INFO - 
================================================================================
DAG File Processing Stats

File Path                                  PID  Runtime      # DAGs    # Errors  Last Runtime    Last Run
---------------------------------------  -----  ---------  --------  ----------  --------------  -------------------
/opt/airflow/dags/lakehouse_pipeline.py    187  0.00s             1           0  0.11s           2026-08-15T13:39:01
================================================================================
[2026-08-15T13:40:02.146+0000] {manager.py:878} INFO - 
================================================================================
DAG File Processing Stats

File Path                                  PID  Runtime      # DAGs    # Errors  Last Runtime    Last Run
---------------------------------------  -----  ---------  --------  ----------  --------------  -------------------
/opt/airflow/dags/lakehouse_pipeline.py    192  0.00s             1           0  0.13s           2026-08-15T13:39:32
================================================================================
[2026-08-15T13:40:32.338+0000] {manager.py:878} INFO - 
================================================================================
DAG File Processing Stats

File Path                                  PID  Runtime      # DAGs    # Errors  Last Runtime    Last Run
---------------------------------------  -----  ---------  --------  ----------  --------------  -------------------
/opt/airflow/dags/lakehouse_pipeline.py    201  0.00s             1           0  0.12s           2026-08-15T13:40:02
================================================================================
[2026-08-15T13:41:02.588+0000] {manager.py:878} INFO - 
================================================================================
DAG File Processing Stats

File Path                                  PID  Runtime      # DAGs    # Errors  Last Runtime    Last Run
---------------------------------------  -----  ---------  --------  ----------  --------------  -------------------
/opt/airflow/dags/lakehouse_pipeline.py    206  0.00s             1           0  0.12s           2026-08-15T13:40:32
================================================================================
[2026-08-15T13:41:32.767+0000] {manager.py:878} INFO - 
================================================================================
DAG File Processing Stats

File Path                                  PID  Runtime      # DAGs    # Errors  Last Runtime    Last Run
---------------------------------------  -----  ---------  --------  ----------  --------------  -------------------
/opt/airflow/dags/lakehouse_pipeline.py    211  0.00s             1           0  0.11s           2026-08-15T13:41:02
================================================================================
[2026-08-15T13:42:02.985+0000] {manager.py:878} INFO - 
================================================================================
DAG File Processing Stats

File Path                                  PID  Runtime      # DAGs    # Errors  Last Runtime    Last Run
---------------------------------------  -----  ---------  --------  ----------  --------------  -------------------
/opt/airflow/dags/lakehouse_pipeline.py    216  0.00s             1           0  0.19s           2026-08-15T13:41:32
================================================================================
[2026-08-15T13:42:33.227+0000] {manager.py:878} INFO - 
================================================================================
DAG File Processing Stats

File Path                                  PID  Runtime      # DAGs    # Errors  Last Runtime    Last Run
---------------------------------------  -----  ---------  --------  ----------  --------------  -------------------
/opt/airflow/dags/lakehouse_pipeline.py    221  0.00s             1           0  0.12s           2026-08-15T13:42:03
================================================================================
[2026-08-15T13:42:59.689+0000] {manager.py:737} INFO - Searching for files in /opt/airflow/dags
[2026-08-15T13:42:59.703+0000] {manager.py:740} INFO - There are 1 files in /opt/airflow/dags
[2026-08-15T13:43:03.523+0000] {manager.py:878} INFO - 
================================================================================
DAG File Processing Stats

File Path                                PID    Runtime      # DAGs    # Errors  Last Runtime    Last Run
---------------------------------------  -----  ---------  --------  ----------  --------------  -------------------
/opt/airflow/dags/lakehouse_pipeline.py                           1           0  0.22s           2026-08-15T13:42:37
================================================================================
[2026-08-15T13:43:33.900+0000] {manager.py:878} INFO - 
================================================================================
DAG File Processing Stats

File Path                                PID    Runtime      # DAGs    # Errors  Last Runtime    Last Run
---------------------------------------  -----  ---------  --------  ----------  --------------  -------------------
/opt/airflow/dags/lakehouse_pipeline.py                           1           0  0.17s           2026-08-15T13:43:07
================================================================================
[2026-08-15T13:44:04.198+0000] {manager.py:878} INFO - 
================================================================================
DAG File Processing Stats

File Path                                PID    Runtime      # DAGs    # Errors  Last Runtime    Last Run
---------------------------------------  -----  ---------  --------  ----------  --------------  -------------------
/opt/airflow/dags/lakehouse_pipeline.py                           1           0  0.20s           2026-08-15T13:43:38
================================================================================
[2026-08-15T13:44:34.391+0000] {manager.py:878} INFO - 
================================================================================
DAG File Processing Stats

File Path                                PID    Runtime      # DAGs    # Errors  Last Runtime    Last Run
---------------------------------------  -----  ---------  --------  ----------  --------------  -------------------
/opt/airflow/dags/lakehouse_pipeline.py                           1           0  0.17s           2026-08-15T13:44:08
================================================================================
[2026-08-15T13:45:04.659+0000] {manager.py:878} INFO - 
================================================================================
DAG File Processing Stats

File Path                                PID    Runtime      # DAGs    # Errors  Last Runtime    Last Run
---------------------------------------  -----  ---------  --------  ----------  --------------  -------------------
/opt/airflow/dags/lakehouse_pipeline.py                           1           0  0.20s           2026-08-15T13:44:38
================================================================================
[2026-08-15T13:45:35.002+0000] {manager.py:878} INFO - 
================================================================================
DAG File Processing Stats

File Path                                PID    Runtime      # DAGs    # Errors  Last Runtime    Last Run
---------------------------------------  -----  ---------  --------  ----------  --------------  -------------------
/opt/airflow/dags/lakehouse_pipeline.py                           1           0  0.14s           2026-08-15T13:45:15
================================================================================
[2026-08-15T13:46:05.177+0000] {manager.py:878} INFO - 
================================================================================
DAG File Processing Stats

File Path                                PID    Runtime      # DAGs    # Errors  Last Runtime    Last Run
---------------------------------------  -----  ---------  --------  ----------  --------------  -------------------
/opt/airflow/dags/lakehouse_pipeline.py                           1           0  0.17s           2026-08-15T13:45:46
================================================================================
[2026-08-15T13:46:35.498+0000] {manager.py:878} INFO - 
================================================================================
DAG File Processing Stats

File Path                                PID    Runtime      # DAGs    # Errors  Last Runtime    Last Run
---------------------------------------  -----  ---------  --------  ----------  --------------  -------------------
/opt/airflow/dags/lakehouse_pipeline.py                           1           0  0.19s           2026-08-15T13:46:16
================================================================================
[2026-08-15T13:47:05.831+0000] {manager.py:878} INFO - 
================================================================================
DAG File Processing Stats

File Path                                PID    Runtime      # DAGs    # Errors  Last Runtime    Last Run
---------------------------------------  -----  ---------  --------  ----------  --------------  -------------------
/opt/airflow/dags/lakehouse_pipeline.py                           1           0  0.17s           2026-08-15T13:46:46
================================================================================
[2026-08-15T13:47:36.142+0000] {manager.py:878} INFO - 
================================================================================
DAG File Processing Stats

File Path                                PID    Runtime      # DAGs    # Errors  Last Runtime    Last Run
---------------------------------------  -----  ---------  --------  ----------  --------------  -------------------
/opt/airflow/dags/lakehouse_pipeline.py                           1           0  0.17s           2026-08-15T13:47:17
================================================================================
[2026-08-15T13:48:00.436+0000] {manager.py:737} INFO - Searching for files in /opt/airflow/dags
[2026-08-15T13:48:00.453+0000] {manager.py:740} INFO - There are 2 files in /opt/airflow/dags
[2026-08-15T13:48:06.641+0000] {manager.py:878} INFO - 
================================================================================
DAG File Processing Stats

File Path                                PID    Runtime      # DAGs    # Errors  Last Runtime    Last Run
---------------------------------------  -----  ---------  --------  ----------  --------------  -------------------
/opt/airflow/dags/maintenance_dag.py                              1           0  0.20s           2026-08-15T13:48:00
/opt/airflow/dags/lakehouse_pipeline.py                           1           0  0.18s           2026-08-15T13:47:47
================================================================================
[2026-08-15T13:48:37.011+0000] {manager.py:878} INFO - 
================================================================================
DAG File Processing Stats

File Path                                PID    Runtime      # DAGs    # Errors  Last Runtime    Last Run
---------------------------------------  -----  ---------  --------  ----------  --------------  -------------------
/opt/airflow/dags/maintenance_dag.py                              1           0  0.21s           2026-08-15T13:48:31
/opt/airflow/dags/lakehouse_pipeline.py                           1           0  0.18s           2026-08-15T13:48:17
================================================================================
[2026-08-15T13:49:07.251+0000] {manager.py:878} INFO - 
================================================================================
DAG File Processing Stats

File Path                                PID    Runtime      # DAGs    # Errors  Last Runtime    Last Run
---------------------------------------  -----  ---------  --------  ----------  --------------  -------------------
/opt/airflow/dags/lakehouse_pipeline.py                           1           0  0.31s           2026-08-15T13:48:48
/opt/airflow/dags/maintenance_dag.py                              1           0  0.17s           2026-08-15T13:49:01
================================================================================
[2026-08-15T13:49:37.776+0000] {manager.py:878} INFO - 
================================================================================
DAG File Processing Stats

File Path                                PID    Runtime      # DAGs    # Errors  Last Runtime    Last Run
---------------------------------------  -----  ---------  --------  ----------  --------------  -------------------
/opt/airflow/dags/maintenance_dag.py                              1           0  0.18s           2026-08-15T13:49:31
/opt/airflow/dags/lakehouse_pipeline.py                           1           0  0.18s           2026-08-15T13:49:18
================================================================================
[2026-08-15T13:50:08.148+0000] {manager.py:878} INFO - 
================================================================================
DAG File Processing Stats

File Path                                PID    Runtime      # DAGs    # Errors  Last Runtime    Last Run
---------------------------------------  -----  ---------  --------  ----------  --------------  -------------------
/opt/airflow/dags/maintenance_dag.py                              1           0  0.18s           2026-08-15T13:50:02
/opt/airflow/dags/lakehouse_pipeline.py                           1           0  0.18s           2026-08-15T13:49:49
================================================================================
[2026-08-15T13:50:38.521+0000] {manager.py:878} INFO - 
================================================================================
DAG File Processing Stats

File Path                                PID    Runtime      # DAGs    # Errors  Last Runtime    Last Run
---------------------------------------  -----  ---------  --------  ----------  --------------  -------------------
/opt/airflow/dags/lakehouse_pipeline.py                           1           0  0.17s           2026-08-15T13:50:19
/opt/airflow/dags/maintenance_dag.py                              1           0  0.17s           2026-08-15T13:50:32
================================================================================
[2026-08-15T13:51:08.910+0000] {manager.py:878} INFO - 
================================================================================
DAG File Processing Stats

File Path                                PID    Runtime      # DAGs    # Errors  Last Runtime    Last Run
---------------------------------------  -----  ---------  --------  ----------  --------------  -------------------
/opt/airflow/dags/maintenance_dag.py                              1           0  0.16s           2026-08-15T13:51:02
/opt/airflow/dags/lakehouse_pipeline.py                           1           0  0.16s           2026-08-15T13:50:49
================================================================================
[2026-08-15T13:51:39.274+0000] {manager.py:878} INFO - 
================================================================================
DAG File Processing Stats

File Path                                PID    Runtime      # DAGs    # Errors  Last Runtime    Last Run
---------------------------------------  -----  ---------  --------  ----------  --------------  -------------------
/opt/airflow/dags/lakehouse_pipeline.py                           1           0  0.16s           2026-08-15T13:51:20
/opt/airflow/dags/maintenance_dag.py                              1           0  0.16s           2026-08-15T13:51:33
================================================================================
[2026-08-15T13:52:09.673+0000] {manager.py:878} INFO - 
================================================================================
DAG File Processing Stats

File Path                                PID    Runtime      # DAGs    # Errors  Last Runtime    Last Run
---------------------------------------  -----  ---------  --------  ----------  --------------  -------------------
/opt/airflow/dags/lakehouse_pipeline.py                           1           0  0.18s           2026-08-15T13:51:50
/opt/airflow/dags/maintenance_dag.py                              1           0  0.17s           2026-08-15T13:52:03
================================================================================
[2026-08-15T13:52:40.056+0000] {manager.py:878} INFO - 
================================================================================
DAG File Processing Stats

File Path                                PID    Runtime      # DAGs    # Errors  Last Runtime    Last Run
---------------------------------------  -----  ---------  --------  ----------  --------------  -------------------
/opt/airflow/dags/maintenance_dag.py                              1           0  0.17s           2026-08-15T13:52:34
/opt/airflow/dags/lakehouse_pipeline.py                           1           0  0.16s           2026-08-15T13:52:20
================================================================================
[2026-08-15T13:53:01.213+0000] {manager.py:737} INFO - Searching for files in /opt/airflow/dags
[2026-08-15T13:53:01.240+0000] {manager.py:740} INFO - There are 2 files in /opt/airflow/dags
[2026-08-15T13:53:10.433+0000] {manager.py:878} INFO - 
================================================================================
DAG File Processing Stats

File Path                                PID    Runtime      # DAGs    # Errors  Last Runtime    Last Run
---------------------------------------  -----  ---------  --------  ----------  --------------  -------------------
/opt/airflow/dags/lakehouse_pipeline.py                           1           0  0.18s           2026-08-15T13:52:51
/opt/airflow/dags/maintenance_dag.py                              1           0  0.17s           2026-08-15T13:53:04
================================================================================
[2026-08-15T13:53:40.823+0000] {manager.py:878} INFO - 
================================================================================
DAG File Processing Stats

File Path                                PID    Runtime      # DAGs    # Errors  Last Runtime    Last Run
---------------------------------------  -----  ---------  --------  ----------  --------------  -------------------
/opt/airflow/dags/lakehouse_pipeline.py                           1           0  0.17s           2026-08-15T13:53:21
/opt/airflow/dags/maintenance_dag.py                              1           0  0.16s           2026-08-15T13:53:34
================================================================================
[2026-08-15T13:54:11.184+0000] {manager.py:878} INFO - 
================================================================================
DAG File Processing Stats

File Path                                PID    Runtime      # DAGs    # Errors  Last Runtime    Last Run
---------------------------------------  -----  ---------  --------  ----------  --------------  -------------------
/opt/airflow/dags/lakehouse_pipeline.py                           1           0  0.18s           2026-08-15T13:53:52
/opt/airflow/dags/maintenance_dag.py                              1           0  0.17s           2026-08-15T13:54:05
================================================================================
[2026-08-15T13:54:41.536+0000] {manager.py:878} INFO - 
================================================================================
DAG File Processing Stats

File Path                                PID    Runtime      # DAGs    # Errors  Last Runtime    Last Run
---------------------------------------  -----  ---------  --------  ----------  --------------  -------------------
/opt/airflow/dags/lakehouse_pipeline.py                           1           0  0.16s           2026-08-15T13:54:22
/opt/airflow/dags/maintenance_dag.py                              1           0  0.16s           2026-08-15T13:54:35
================================================================================
[2026-08-15T13:55:11.935+0000] {manager.py:878} INFO - 
================================================================================
DAG File Processing Stats

File Path                                PID    Runtime      # DAGs    # Errors  Last Runtime    Last Run
---------------------------------------  -----  ---------  --------  ----------  --------------  -------------------
/opt/airflow/dags/lakehouse_pipeline.py                           1           0  0.16s           2026-08-15T13:54:52
/opt/airflow/dags/maintenance_dag.py                              1           0  0.16s           2026-08-15T13:55:05
================================================================================
[2026-08-15T13:55:42.297+0000] {manager.py:878} INFO - 
================================================================================
DAG File Processing Stats

File Path                                PID    Runtime      # DAGs    # Errors  Last Runtime    Last Run
---------------------------------------  -----  ---------  --------  ----------  --------------  -------------------
/opt/airflow/dags/lakehouse_pipeline.py                           1           0  0.17s           2026-08-15T13:55:23
/opt/airflow/dags/maintenance_dag.py                              1           0  0.16s           2026-08-15T13:55:36
================================================================================
[2026-08-15T13:56:12.668+0000] {manager.py:878} INFO - 
================================================================================
DAG File Processing Stats

File Path                                PID    Runtime      # DAGs    # Errors  Last Runtime    Last Run
---------------------------------------  -----  ---------  --------  ----------  --------------  -------------------
/opt/airflow/dags/lakehouse_pipeline.py                           1           0  0.16s           2026-08-15T13:55:53
/opt/airflow/dags/maintenance_dag.py                              1           0  0.15s           2026-08-15T13:56:06
================================================================================
[2026-08-15T13:56:43.071+0000] {manager.py:878} INFO - 
================================================================================
DAG File Processing Stats

File Path                                PID    Runtime      # DAGs    # Errors  Last Runtime    Last Run
---------------------------------------  -----  ---------  --------  ----------  --------------  -------------------
/opt/airflow/dags/lakehouse_pipeline.py                           1           0  0.17s           2026-08-15T13:56:23
/opt/airflow/dags/maintenance_dag.py                              1           0  0.16s           2026-08-15T13:56:37
================================================================================
[2026-08-15T13:57:13.459+0000] {manager.py:878} INFO - 
================================================================================
DAG File Processing Stats

File Path                                PID    Runtime      # DAGs    # Errors  Last Runtime    Last Run
---------------------------------------  -----  ---------  --------  ----------  --------------  -------------------
/opt/airflow/dags/lakehouse_pipeline.py                           1           0  0.17s           2026-08-15T13:56:54
/opt/airflow/dags/maintenance_dag.py                              1           0  0.16s           2026-08-15T13:57:07
================================================================================
[2026-08-15T13:57:43.805+0000] {manager.py:878} INFO - 
================================================================================
DAG File Processing Stats

File Path                                PID    Runtime      # DAGs    # Errors  Last Runtime    Last Run
---------------------------------------  -----  ---------  --------  ----------  --------------  -------------------
/opt/airflow/dags/maintenance_dag.py                              1           0  0.18s           2026-08-15T13:57:37
/opt/airflow/dags/lakehouse_pipeline.py                           1           0  0.16s           2026-08-15T13:57:24
================================================================================
[2026-08-15T13:58:01.951+0000] {manager.py:737} INFO - Searching for files in /opt/airflow/dags
[2026-08-15T13:58:01.971+0000] {manager.py:740} INFO - There are 2 files in /opt/airflow/dags
[2026-08-15T13:58:14.176+0000] {manager.py:878} INFO - 
================================================================================
DAG File Processing Stats

File Path                                PID    Runtime      # DAGs    # Errors  Last Runtime    Last Run
---------------------------------------  -----  ---------  --------  ----------  --------------  -------------------
/opt/airflow/dags/lakehouse_pipeline.py                           1           0  0.17s           2026-08-15T13:57:55
/opt/airflow/dags/maintenance_dag.py                              1           0  0.16s           2026-08-15T13:58:08
================================================================================
[2026-08-15T13:58:44.550+0000] {manager.py:878} INFO - 
================================================================================
DAG File Processing Stats

File Path                                PID    Runtime      # DAGs    # Errors  Last Runtime    Last Run
---------------------------------------  -----  ---------  --------  ----------  --------------  -------------------
/opt/airflow/dags/lakehouse_pipeline.py                           1           0  0.18s           2026-08-15T13:58:25
/opt/airflow/dags/maintenance_dag.py                              1           0  0.18s           2026-08-15T13:58:38
================================================================================
[2026-08-15T13:59:14.914+0000] {manager.py:878} INFO - 
================================================================================
DAG File Processing Stats

File Path                                PID    Runtime      # DAGs    # Errors  Last Runtime    Last Run
---------------------------------------  -----  ---------  --------  ----------  --------------  -------------------
/opt/airflow/dags/maintenance_dag.py                              1           0  0.22s           2026-08-15T13:59:08
/opt/airflow/dags/lakehouse_pipeline.py                           1           0  0.17s           2026-08-15T13:58:55
================================================================================
[2026-08-15T13:59:45.307+0000] {manager.py:878} INFO - 
================================================================================
DAG File Processing Stats

File Path                                PID    Runtime      # DAGs    # Errors  Last Runtime    Last Run
---------------------------------------  -----  ---------  --------  ----------  --------------  -------------------
/opt/airflow/dags/lakehouse_pipeline.py                           1           0  0.18s           2026-08-15T13:59:26
/opt/airflow/dags/maintenance_dag.py                              1           0  0.18s           2026-08-15T13:59:39
================================================================================
[2026-08-15T14:00:15.693+0000] {manager.py:878} INFO - 
================================================================================
DAG File Processing Stats

File Path                                PID    Runtime      # DAGs    # Errors  Last Runtime    Last Run
---------------------------------------  -----  ---------  --------  ----------  --------------  -------------------
/opt/airflow/dags/lakehouse_pipeline.py                           1           0  0.20s           2026-08-15T13:59:56
/opt/airflow/dags/maintenance_dag.py                              1           0  0.19s           2026-08-15T14:00:09
================================================================================
[2026-08-15T14:00:46.068+0000] {manager.py:878} INFO - 
================================================================================
DAG File Processing Stats

File Path                                PID    Runtime      # DAGs    # Errors  Last Runtime    Last Run
---------------------------------------  -----  ---------  --------  ----------  --------------  -------------------
/opt/airflow/dags/lakehouse_pipeline.py                           1           0  0.17s           2026-08-15T14:00:26
/opt/airflow/dags/maintenance_dag.py                              1           0  0.17s           2026-08-15T14:00:40
================================================================================
[2026-08-15T14:01:16.324+0000] {manager.py:878} INFO - 
================================================================================
DAG File Processing Stats

File Path                                PID    Runtime      # DAGs    # Errors  Last Runtime    Last Run
---------------------------------------  -----  ---------  --------  ----------  --------------  -------------------
/opt/airflow/dags/lakehouse_pipeline.py                           1           0  0.19s           2026-08-15T14:00:57
/opt/airflow/dags/maintenance_dag.py                              1           0  0.16s           2026-08-15T14:01:10
================================================================================
[2026-08-15T14:01:46.684+0000] {manager.py:878} INFO - 
================================================================================
DAG File Processing Stats

File Path                                PID    Runtime      # DAGs    # Errors  Last Runtime    Last Run
---------------------------------------  -----  ---------  --------  ----------  --------------  -------------------
/opt/airflow/dags/lakehouse_pipeline.py                           1           0  0.18s           2026-08-15T14:01:27
/opt/airflow/dags/maintenance_dag.py                              1           0  0.16s           2026-08-15T14:01:40
================================================================================
[2026-08-15T14:02:17.047+0000] {manager.py:878} INFO - 
================================================================================
DAG File Processing Stats

File Path                                PID    Runtime      # DAGs    # Errors  Last Runtime    Last Run
---------------------------------------  -----  ---------  --------  ----------  --------------  -------------------
/opt/airflow/dags/lakehouse_pipeline.py                           1           0  0.16s           2026-08-15T14:01:57
/opt/airflow/dags/maintenance_dag.py                              1           0  0.16s           2026-08-15T14:02:11
================================================================================
[2026-08-15T14:02:47.482+0000] {manager.py:878} INFO - 
================================================================================
DAG File Processing Stats

File Path                                PID    Runtime      # DAGs    # Errors  Last Runtime    Last Run
---------------------------------------  -----  ---------  --------  ----------  --------------  -------------------
/opt/airflow/dags/maintenance_dag.py                              1           0  0.17s           2026-08-15T14:02:41
/opt/airflow/dags/lakehouse_pipeline.py                           1           0  0.17s           2026-08-15T14:02:28
================================================================================
[2026-08-15T14:03:02.689+0000] {manager.py:737} INFO - Searching for files in /opt/airflow/dags
[2026-08-15T14:03:02.709+0000] {manager.py:740} INFO - There are 2 files in /opt/airflow/dags
[2026-08-15T14:03:17.882+0000] {manager.py:878} INFO - 
================================================================================
DAG File Processing Stats

File Path                                PID    Runtime      # DAGs    # Errors  Last Runtime    Last Run
---------------------------------------  -----  ---------  --------  ----------  --------------  -------------------
/opt/airflow/dags/lakehouse_pipeline.py                           1           0  0.21s           2026-08-15T14:02:58
/opt/airflow/dags/maintenance_dag.py                              1           0  0.19s           2026-08-15T14:03:11
================================================================================
[2026-08-15T14:03:48.297+0000] {manager.py:878} INFO - 
================================================================================
DAG File Processing Stats

File Path                                PID    Runtime      # DAGs    # Errors  Last Runtime    Last Run
---------------------------------------  -----  ---------  --------  ----------  --------------  -------------------
/opt/airflow/dags/lakehouse_pipeline.py                           1           0  0.23s           2026-08-15T14:03:29
/opt/airflow/dags/maintenance_dag.py                              1           0  0.22s           2026-08-15T14:03:42
================================================================================
[2026-08-15T14:04:18.673+0000] {manager.py:878} INFO - 
================================================================================
DAG File Processing Stats

File Path                                PID    Runtime      # DAGs    # Errors  Last Runtime    Last Run
---------------------------------------  -----  ---------  --------  ----------  --------------  -------------------
/opt/airflow/dags/lakehouse_pipeline.py                           1           0  0.19s           2026-08-15T14:03:59
/opt/airflow/dags/maintenance_dag.py                              1           0  0.19s           2026-08-15T14:04:12
================================================================================
[2026-08-15T14:04:49.042+0000] {manager.py:878} INFO - 
================================================================================
DAG File Processing Stats

File Path                                PID    Runtime      # DAGs    # Errors  Last Runtime    Last Run
---------------------------------------  -----  ---------  --------  ----------  --------------  -------------------
/opt/airflow/dags/maintenance_dag.py                              1           0  0.21s           2026-08-15T14:04:43
/opt/airflow/dags/lakehouse_pipeline.py                           1           0  0.19s           2026-08-15T14:04:29
================================================================================
[2026-08-15T14:05:19.414+0000] {manager.py:878} INFO - 
================================================================================
DAG File Processing Stats

File Path                                PID    Runtime      # DAGs    # Errors  Last Runtime    Last Run
---------------------------------------  -----  ---------  --------  ----------  --------------  -------------------
/opt/airflow/dags/maintenance_dag.py                              1           0  0.20s           2026-08-15T14:05:13
/opt/airflow/dags/lakehouse_pipeline.py                           1           0  0.18s           2026-08-15T14:05:00
================================================================================
[2026-08-15T14:05:49.788+0000] {manager.py:878} INFO - 
================================================================================
DAG File Processing Stats

File Path                                PID    Runtime      # DAGs    # Errors  Last Runtime    Last Run
---------------------------------------  -----  ---------  --------  ----------  --------------  -------------------
/opt/airflow/dags/lakehouse_pipeline.py                           1           0  0.20s           2026-08-15T14:05:30
/opt/airflow/dags/maintenance_dag.py                              1           0  0.18s           2026-08-15T14:05:43
================================================================================
[2026-08-15T14:06:20.152+0000] {manager.py:878} INFO - 
================================================================================
DAG File Processing Stats

File Path                                PID    Runtime      # DAGs    # Errors  Last Runtime    Last Run
---------------------------------------  -----  ---------  --------  ----------  --------------  -------------------
/opt/airflow/dags/lakehouse_pipeline.py                           1           0  0.19s           2026-08-15T14:06:01
/opt/airflow/dags/maintenance_dag.py                              1           0  0.18s           2026-08-15T14:06:14
================================================================================
[2026-08-15T14:06:50.499+0000] {manager.py:878} INFO - 
================================================================================
DAG File Processing Stats

File Path                                PID    Runtime      # DAGs    # Errors  Last Runtime    Last Run
---------------------------------------  -----  ---------  --------  ----------  --------------  -------------------
/opt/airflow/dags/maintenance_dag.py                              1           0  0.18s           2026-08-15T14:06:44
/opt/airflow/dags/lakehouse_pipeline.py                           1           0  0.18s           2026-08-15T14:06:31
================================================================================
[2026-08-15T14:07:20.859+0000] {manager.py:878} INFO - 
================================================================================
DAG File Processing Stats

File Path                                PID    Runtime      # DAGs    # Errors  Last Runtime    Last Run
---------------------------------------  -----  ---------  --------  ----------  --------------  -------------------
/opt/airflow/dags/maintenance_dag.py                              1           0  0.18s           2026-08-15T14:07:14
/opt/airflow/dags/lakehouse_pipeline.py                           1           0  0.18s           2026-08-15T14:07:01
================================================================================
[2026-08-15T14:07:51.225+0000] {manager.py:878} INFO - 
================================================================================
DAG File Processing Stats

File Path                                PID    Runtime      # DAGs    # Errors  Last Runtime    Last Run
---------------------------------------  -----  ---------  --------  ----------  --------------  -------------------
/opt/airflow/dags/maintenance_dag.py                              1           0  0.25s           2026-08-15T14:07:45
/opt/airflow/dags/lakehouse_pipeline.py                           1           0  0.18s           2026-08-15T14:07:32
================================================================================
[2026-08-15T14:08:03.455+0000] {manager.py:737} INFO - Searching for files in /opt/airflow/dags
[2026-08-15T14:08:03.479+0000] {manager.py:740} INFO - There are 2 files in /opt/airflow/dags
[2026-08-15T14:08:21.617+0000] {manager.py:878} INFO - 
================================================================================
DAG File Processing Stats

File Path                                PID    Runtime      # DAGs    # Errors  Last Runtime    Last Run
---------------------------------------  -----  ---------  --------  ----------  --------------  -------------------
/opt/airflow/dags/lakehouse_pipeline.py                           1           0  0.19s           2026-08-15T14:08:02
/opt/airflow/dags/maintenance_dag.py                              1           0  0.17s           2026-08-15T14:08:15
================================================================================
[2026-08-15T14:08:51.971+0000] {manager.py:878} INFO - 
================================================================================
DAG File Processing Stats

File Path                                PID    Runtime      # DAGs    # Errors  Last Runtime    Last Run
---------------------------------------  -----  ---------  --------  ----------  --------------  -------------------
/opt/airflow/dags/lakehouse_pipeline.py                           1           0  0.18s           2026-08-15T14:08:32
/opt/airflow/dags/maintenance_dag.py                              1           0  0.17s           2026-08-15T14:08:46
================================================================================
[2026-08-15T14:09:22.380+0000] {manager.py:878} INFO - 
================================================================================
DAG File Processing Stats

File Path                                PID    Runtime      # DAGs    # Errors  Last Runtime    Last Run
---------------------------------------  -----  ---------  --------  ----------  --------------  -------------------
/opt/airflow/dags/lakehouse_pipeline.py                           1           0  0.23s           2026-08-15T14:09:03
/opt/airflow/dags/maintenance_dag.py                              1           0  0.18s           2026-08-15T14:09:16
================================================================================
[2026-08-15T14:09:52.739+0000] {manager.py:878} INFO - 
================================================================================
DAG File Processing Stats

File Path                                PID    Runtime      # DAGs    # Errors  Last Runtime    Last Run
---------------------------------------  -----  ---------  --------  ----------  --------------  -------------------
/opt/airflow/dags/lakehouse_pipeline.py                           1           0  0.19s           2026-08-15T14:09:33
/opt/airflow/dags/maintenance_dag.py                              1           0  0.18s           2026-08-15T14:09:46
================================================================================
[2026-08-15T14:10:23.102+0000] {manager.py:878} INFO - 
================================================================================
DAG File Processing Stats

File Path                                PID    Runtime      # DAGs    # Errors  Last Runtime    Last Run
---------------------------------------  -----  ---------  --------  ----------  --------------  -------------------
/opt/airflow/dags/maintenance_dag.py                              1           0  0.20s           2026-08-15T14:10:17
/opt/airflow/dags/lakehouse_pipeline.py                           1           0  0.17s           2026-08-15T14:10:03
================================================================================
[2026-08-15T16:31:36.208+0000] {manager.py:470} INFO - Processing files using up to 2 processes at a time 
[2026-08-15T16:31:36.211+0000] {manager.py:471} INFO - Process each file at most once every 30 seconds
[2026-08-15T16:31:36.214+0000] {manager.py:472} INFO - Checking for new files in /opt/airflow/dags every 300 seconds
[2026-08-15T16:31:36.217+0000] {manager.py:737} INFO - Searching for files in /opt/airflow/dags
[2026-08-15T16:31:36.268+0000] {manager.py:740} INFO - There are 2 files in /opt/airflow/dags
[2026-08-15T16:31:38.463+0000] {manager.py:878} INFO - 
================================================================================
DAG File Processing Stats

File Path                                  PID  Runtime      # DAGs    # Errors  Last Runtime    Last Run
---------------------------------------  -----  ---------  --------  ----------  --------------  ----------
/opt/airflow/dags/lakehouse_pipeline.py    175  0.04s             0           0
/opt/airflow/dags/maintenance_dag.py       172  0.10s             0           0
================================================================================
[2026-08-15T16:32:08.794+0000] {manager.py:878} INFO - 
================================================================================
DAG File Processing Stats

File Path                                  PID  Runtime      # DAGs    # Errors  Last Runtime    Last Run
---------------------------------------  -----  ---------  --------  ----------  --------------  -------------------
/opt/airflow/dags/maintenance_dag.py       182  0.04s             1           0  0.29s           2026-08-15T16:31:38
/opt/airflow/dags/lakehouse_pipeline.py    185  0.01s             1           0  0.23s           2026-08-15T16:31:38
================================================================================
[2026-08-15T16:32:39.529+0000] {manager.py:878} INFO - 
================================================================================
DAG File Processing Stats

File Path                                  PID  Runtime      # DAGs    # Errors  Last Runtime    Last Run
---------------------------------------  -----  ---------  --------  ----------  --------------  -------------------
/opt/airflow/dags/maintenance_dag.py       192  0.03s             1           0  0.46s           2026-08-15T16:32:09
/opt/airflow/dags/lakehouse_pipeline.py    195  0.01s             1           0  0.44s           2026-08-15T16:32:09
================================================================================
[2026-08-15T16:33:09.880+0000] {manager.py:878} INFO - 
================================================================================
DAG File Processing Stats

File Path                                  PID  Runtime      # DAGs    # Errors  Last Runtime    Last Run
---------------------------------------  -----  ---------  --------  ----------  --------------  -------------------
/opt/airflow/dags/maintenance_dag.py       202  0.04s             1           0  0.18s           2026-08-15T16:32:39
/opt/airflow/dags/lakehouse_pipeline.py    205  0.01s             1           0  0.17s           2026-08-15T16:32:39
================================================================================
[2026-08-15T16:33:40.273+0000] {manager.py:878} INFO - 
================================================================================
DAG File Processing Stats

File Path                                  PID  Runtime      # DAGs    # Errors  Last Runtime    Last Run
---------------------------------------  -----  ---------  --------  ----------  --------------  -------------------
/opt/airflow/dags/maintenance_dag.py       212  0.04s             1           0  0.32s           2026-08-15T16:33:10
/opt/airflow/dags/lakehouse_pipeline.py    215  0.02s             1           0  0.28s           2026-08-15T16:33:10
================================================================================
[2026-08-15T16:34:10.890+0000] {manager.py:878} INFO - 
================================================================================
DAG File Processing Stats

File Path                                  PID  Runtime      # DAGs    # Errors  Last Runtime    Last Run
---------------------------------------  -----  ---------  --------  ----------  --------------  -------------------
/opt/airflow/dags/lakehouse_pipeline.py    231  0.01s             1           0  0.33s           2026-08-15T16:33:40
/opt/airflow/dags/maintenance_dag.py       228  0.04s             1           0  0.32s           2026-08-15T16:33:40
================================================================================
[2026-08-15T16:34:41.235+0000] {manager.py:878} INFO - 
================================================================================
DAG File Processing Stats

File Path                                  PID  Runtime      # DAGs    # Errors  Last Runtime    Last Run
---------------------------------------  -----  ---------  --------  ----------  --------------  -------------------
/opt/airflow/dags/maintenance_dag.py       238  0.04s             1           0  0.31s           2026-08-15T16:34:11
/opt/airflow/dags/lakehouse_pipeline.py    241  0.02s             1           0  0.28s           2026-08-15T16:34:11
================================================================================
[2026-08-15T16:35:11.831+0000] {manager.py:878} INFO - 
================================================================================
DAG File Processing Stats

File Path                                  PID  Runtime      # DAGs    # Errors  Last Runtime    Last Run
---------------------------------------  -----  ---------  --------  ----------  --------------  -------------------
/opt/airflow/dags/lakehouse_pipeline.py    251  0.01s             1           0  0.28s           2026-08-15T16:34:41
/opt/airflow/dags/maintenance_dag.py       248  0.04s             1           0  0.27s           2026-08-15T16:34:41
================================================================================
[2026-08-15T16:35:42.401+0000] {manager.py:878} INFO - 
================================================================================
DAG File Processing Stats

File Path                                  PID  Runtime      # DAGs    # Errors  Last Runtime    Last Run
---------------------------------------  -----  ---------  --------  ----------  --------------  -------------------
/opt/airflow/dags/maintenance_dag.py       258  0.03s             1           0  0.30s           2026-08-15T16:35:12
/opt/airflow/dags/lakehouse_pipeline.py    261  0.01s             1           0  0.27s           2026-08-15T16:35:12
================================================================================
[2026-08-15T16:36:12.993+0000] {manager.py:878} INFO - 
================================================================================
DAG File Processing Stats

File Path                                  PID  Runtime      # DAGs    # Errors  Last Runtime    Last Run
---------------------------------------  -----  ---------  --------  ----------  --------------  -------------------
/opt/airflow/dags/lakehouse_pipeline.py    271  0.01s             1           0  0.32s           2026-08-15T16:35:42
/opt/airflow/dags/maintenance_dag.py       268  0.03s             1           0  0.29s           2026-08-15T16:35:42
================================================================================
[2026-08-15T16:36:36.464+0000] {manager.py:737} INFO - Searching for files in /opt/airflow/dags
[2026-08-15T16:36:36.501+0000] {manager.py:740} INFO - There are 2 files in /opt/airflow/dags
[2026-08-15T16:36:43.633+0000] {manager.py:878} INFO - 
================================================================================
DAG File Processing Stats

File Path                                  PID  Runtime      # DAGs    # Errors  Last Runtime    Last Run
---------------------------------------  -----  ---------  --------  ----------  --------------  -------------------
/opt/airflow/dags/maintenance_dag.py       278  0.04s             1           0  0.30s           2026-08-15T16:36:13
/opt/airflow/dags/lakehouse_pipeline.py    281  0.01s             1           0  0.30s           2026-08-15T16:36:13
================================================================================
[2026-08-15T16:37:13.890+0000] {manager.py:878} INFO - 
================================================================================
DAG File Processing Stats

File Path                                PID    Runtime      # DAGs    # Errors  Last Runtime    Last Run
---------------------------------------  -----  ---------  --------  ----------  --------------  -------------------
/opt/airflow/dags/maintenance_dag.py                              1           0  0.33s           2026-08-15T16:36:43
/opt/airflow/dags/lakehouse_pipeline.py                           1           0  0.31s           2026-08-15T16:36:43
================================================================================
[2026-08-15T16:37:43.992+0000] {manager.py:878} INFO - 
================================================================================
DAG File Processing Stats

File Path                                PID    Runtime      # DAGs    # Errors  Last Runtime    Last Run
---------------------------------------  -----  ---------  --------  ----------  --------------  -------------------
/opt/airflow/dags/lakehouse_pipeline.py                           1           0  0.48s           2026-08-15T16:37:14
/opt/airflow/dags/maintenance_dag.py                              1           0  0.47s           2026-08-15T16:37:14
================================================================================
[2026-08-15T16:38:14.299+0000] {manager.py:878} INFO - 
================================================================================
DAG File Processing Stats

File Path                                PID    Runtime      # DAGs    # Errors  Last Runtime    Last Run
---------------------------------------  -----  ---------  --------  ----------  --------------  -------------------
/opt/airflow/dags/maintenance_dag.py                              1           0  0.31s           2026-08-15T16:37:45
/opt/airflow/dags/lakehouse_pipeline.py                           1           0  0.28s           2026-08-15T16:37:45
================================================================================
[2026-08-15T16:38:45.210+0000] {manager.py:878} INFO - 
================================================================================
DAG File Processing Stats

File Path                                PID    Runtime      # DAGs    # Errors  Last Runtime    Last Run
---------------------------------------  -----  ---------  --------  ----------  --------------  -------------------
/opt/airflow/dags/maintenance_dag.py                              1           0  0.38s           2026-08-15T16:38:15
/opt/airflow/dags/lakehouse_pipeline.py                           1           0  0.38s           2026-08-15T16:38:15
================================================================================
[2026-08-15T16:39:16.026+0000] {manager.py:878} INFO - 
================================================================================
DAG File Processing Stats

File Path                                PID    Runtime      # DAGs    # Errors  Last Runtime    Last Run
---------------------------------------  -----  ---------  --------  ----------  --------------  -------------------
/opt/airflow/dags/maintenance_dag.py                              1           0  0.48s           2026-08-15T16:38:46
/opt/airflow/dags/lakehouse_pipeline.py                           1           0  0.48s           2026-08-15T16:38:46
================================================================================
[2026-08-15T16:39:46.403+0000] {manager.py:878} INFO - 
================================================================================
DAG File Processing Stats

File Path                                PID    Runtime      # DAGs    # Errors  Last Runtime    Last Run
---------------------------------------  -----  ---------  --------  ----------  --------------  -------------------
/opt/airflow/dags/maintenance_dag.py                              1           0  0.37s           2026-08-15T16:39:17
/opt/airflow/dags/lakehouse_pipeline.py                           1           0  0.34s           2026-08-15T16:39:17
================================================================================
[2026-08-15T16:40:16.452+0000] {manager.py:878} INFO - 
================================================================================
DAG File Processing Stats

File Path                                PID    Runtime      # DAGs    # Errors  Last Runtime    Last Run
---------------------------------------  -----  ---------  --------  ----------  --------------  -------------------
/opt/airflow/dags/maintenance_dag.py                              1           0  0.48s           2026-08-15T16:39:48
/opt/airflow/dags/lakehouse_pipeline.py                           1           0  0.37s           2026-08-15T16:39:47
================================================================================
[2026-08-15T16:40:46.946+0000] {manager.py:878} INFO - 
================================================================================
DAG File Processing Stats

File Path                                PID    Runtime      # DAGs    # Errors  Last Runtime    Last Run
---------------------------------------  -----  ---------  --------  ----------  --------------  -------------------
/opt/airflow/dags/lakehouse_pipeline.py                           1           0  0.57s           2026-08-15T16:40:18
/opt/airflow/dags/maintenance_dag.py                              1           0  0.44s           2026-08-15T16:40:18
================================================================================
[2026-08-15T16:41:17.442+0000] {manager.py:878} INFO - 
================================================================================
DAG File Processing Stats

File Path                                PID    Runtime      # DAGs    # Errors  Last Runtime    Last Run
---------------------------------------  -----  ---------  --------  ----------  --------------  -------------------
/opt/airflow/dags/maintenance_dag.py                              1           0  0.29s           2026-08-15T16:40:49
/opt/airflow/dags/lakehouse_pipeline.py                           1           0  0.26s           2026-08-15T16:40:49
================================================================================
[2026-08-15T16:41:37.052+0000] {manager.py:737} INFO - Searching for files in /opt/airflow/dags
[2026-08-15T16:41:37.104+0000] {manager.py:740} INFO - There are 2 files in /opt/airflow/dags
[2026-08-15T16:41:48.246+0000] {manager.py:878} INFO - 
================================================================================
DAG File Processing Stats

File Path                                PID    Runtime      # DAGs    # Errors  Last Runtime    Last Run
---------------------------------------  -----  ---------  --------  ----------  --------------  -------------------
/opt/airflow/dags/maintenance_dag.py                              1           0  0.37s           2026-08-15T16:41:19
/opt/airflow/dags/lakehouse_pipeline.py                           1           0  0.36s           2026-08-15T16:41:19
================================================================================
[2026-08-15T16:42:18.884+0000] {manager.py:878} INFO - 
================================================================================
DAG File Processing Stats

File Path                                PID    Runtime      # DAGs    # Errors  Last Runtime    Last Run
---------------------------------------  -----  ---------  --------  ----------  --------------  -------------------
/opt/airflow/dags/maintenance_dag.py                              1           0  0.34s           2026-08-15T16:41:50
/opt/airflow/dags/lakehouse_pipeline.py                           1           0  0.31s           2026-08-15T16:41:50
================================================================================
[2026-08-15T16:42:49.575+0000] {manager.py:878} INFO - 
================================================================================
DAG File Processing Stats

File Path                                PID    Runtime      # DAGs    # Errors  Last Runtime    Last Run
---------------------------------------  -----  ---------  --------  ----------  --------------  -------------------
/opt/airflow/dags/maintenance_dag.py                              1           0  0.38s           2026-08-15T16:42:21
/opt/airflow/dags/lakehouse_pipeline.py                           1           0  0.34s           2026-08-15T16:42:21
================================================================================
[2026-08-15T16:43:19.946+0000] {manager.py:878} INFO - 
================================================================================
DAG File Processing Stats

File Path                                PID    Runtime      # DAGs    # Errors  Last Runtime    Last Run
---------------------------------------  -----  ---------  --------  ----------  --------------  -------------------
/opt/airflow/dags/maintenance_dag.py                              1           0  0.31s           2026-08-15T16:42:51
/opt/airflow/dags/lakehouse_pipeline.py                           1           0  0.29s           2026-08-15T16:42:51
================================================================================
[2026-08-15T16:43:50.658+0000] {manager.py:878} INFO - 
================================================================================
DAG File Processing Stats

File Path                                PID    Runtime      # DAGs    # Errors  Last Runtime    Last Run
---------------------------------------  -----  ---------  --------  ----------  --------------  -------------------
/opt/airflow/dags/maintenance_dag.py                              1           0  0.35s           2026-08-15T16:43:22
/opt/airflow/dags/lakehouse_pipeline.py                           1           0  0.33s           2026-08-15T16:43:22
================================================================================
[2026-08-15T16:44:21.358+0000] {manager.py:878} INFO - 
================================================================================
DAG File Processing Stats

File Path                                PID    Runtime      # DAGs    # Errors  Last Runtime    Last Run
---------------------------------------  -----  ---------  --------  ----------  --------------  -------------------
/opt/airflow/dags/lakehouse_pipeline.py                           1           0  0.38s           2026-08-15T16:43:53
/opt/airflow/dags/maintenance_dag.py                              1           0  0.37s           2026-08-15T16:43:53
================================================================================
[2026-08-15T16:44:52.084+0000] {manager.py:878} INFO - 
================================================================================
DAG File Processing Stats

File Path                                PID    Runtime      # DAGs    # Errors  Last Runtime    Last Run
---------------------------------------  -----  ---------  --------  ----------  --------------  -------------------
/opt/airflow/dags/maintenance_dag.py                              1           0  0.40s           2026-08-15T16:44:23
/opt/airflow/dags/lakehouse_pipeline.py                           1           0  0.37s           2026-08-15T16:44:23
================================================================================
[2026-08-15T16:45:22.446+0000] {manager.py:878} INFO - 
================================================================================
DAG File Processing Stats

File Path                                PID    Runtime      # DAGs    # Errors  Last Runtime    Last Run
---------------------------------------  -----  ---------  --------  ----------  --------------  -------------------
/opt/airflow/dags/maintenance_dag.py                              1           0  0.39s           2026-08-15T16:44:54
/opt/airflow/dags/lakehouse_pipeline.py                           1           0  0.36s           2026-08-15T16:44:54
================================================================================
[2026-08-15T16:45:52.460+0000] {manager.py:878} INFO - 
================================================================================
DAG File Processing Stats

File Path                                PID    Runtime      # DAGs    # Errors  Last Runtime    Last Run
---------------------------------------  -----  ---------  --------  ----------  --------------  -------------------
/opt/airflow/dags/lakehouse_pipeline.py                           1           0  0.35s           2026-08-15T16:45:25
/opt/airflow/dags/maintenance_dag.py                              1           0  0.35s           2026-08-15T16:45:25
================================================================================
[2026-08-15T16:46:22.842+0000] {manager.py:878} INFO - 
================================================================================
DAG File Processing Stats

File Path                                PID    Runtime      # DAGs    # Errors  Last Runtime    Last Run
---------------------------------------  -----  ---------  --------  ----------  --------------  -------------------
/opt/airflow/dags/maintenance_dag.py                              1           0  0.34s           2026-08-15T16:45:55
/opt/airflow/dags/lakehouse_pipeline.py                           1           0  0.34s           2026-08-15T16:45:55
================================================================================
[2026-08-15T16:46:37.331+0000] {manager.py:737} INFO - Searching for files in /opt/airflow/dags
[2026-08-15T16:46:37.412+0000] {manager.py:740} INFO - There are 2 files in /opt/airflow/dags
[2026-08-15T16:46:53.585+0000] {manager.py:878} INFO - 
================================================================================
DAG File Processing Stats

File Path                                PID    Runtime      # DAGs    # Errors  Last Runtime    Last Run
---------------------------------------  -----  ---------  --------  ----------  --------------  -------------------
/opt/airflow/dags/lakehouse_pipeline.py                           1           0  0.35s           2026-08-15T16:46:26
/opt/airflow/dags/maintenance_dag.py                              1           0  0.34s           2026-08-15T16:46:26
================================================================================
[2026-08-15T16:47:23.923+0000] {manager.py:878} INFO - 
================================================================================
DAG File Processing Stats

File Path                                PID    Runtime      # DAGs    # Errors  Last Runtime    Last Run
---------------------------------------  -----  ---------  --------  ----------  --------------  -------------------
/opt/airflow/dags/maintenance_dag.py                              1           0  0.39s           2026-08-15T16:46:57
/opt/airflow/dags/lakehouse_pipeline.py                           1           0  0.37s           2026-08-15T16:46:57
================================================================================
[2026-08-15T16:47:53.953+0000] {manager.py:878} INFO - 
================================================================================
DAG File Processing Stats

File Path                                PID    Runtime      # DAGs    # Errors  Last Runtime    Last Run
---------------------------------------  -----  ---------  --------  ----------  --------------  -------------------
/opt/airflow/dags/maintenance_dag.py                              1           0  0.35s           2026-08-15T16:47:27
/opt/airflow/dags/lakehouse_pipeline.py                           1           0  0.32s           2026-08-15T16:47:27
================================================================================
[2026-08-15T16:48:24.268+0000] {manager.py:878} INFO - 
================================================================================
DAG File Processing Stats

File Path                                PID    Runtime      # DAGs    # Errors  Last Runtime    Last Run
---------------------------------------  -----  ---------  --------  ----------  --------------  -------------------
/opt/airflow/dags/maintenance_dag.py                              1           0  0.34s           2026-08-15T16:47:58
/opt/airflow/dags/lakehouse_pipeline.py                           1           0  0.32s           2026-08-15T16:47:58
================================================================================
[2026-08-15T16:48:54.657+0000] {manager.py:878} INFO - 
================================================================================
DAG File Processing Stats

File Path                                PID    Runtime      # DAGs    # Errors  Last Runtime    Last Run
---------------------------------------  -----  ---------  --------  ----------  --------------  -------------------
/opt/airflow/dags/maintenance_dag.py                              1           0  0.33s           2026-08-15T16:48:28
/opt/airflow/dags/lakehouse_pipeline.py                           1           0  0.31s           2026-08-15T16:48:28
================================================================================
[2026-08-15T16:49:25.310+0000] {manager.py:878} INFO - 
================================================================================
DAG File Processing Stats

File Path                                PID    Runtime      # DAGs    # Errors  Last Runtime    Last Run
---------------------------------------  -----  ---------  --------  ----------  --------------  -------------------
/opt/airflow/dags/maintenance_dag.py                              1           0  0.34s           2026-08-15T16:48:59
/opt/airflow/dags/lakehouse_pipeline.py                           1           0  0.31s           2026-08-15T16:48:59
================================================================================
[2026-08-15T16:49:55.958+0000] {manager.py:878} INFO - 
================================================================================
DAG File Processing Stats

File Path                                PID    Runtime      # DAGs    # Errors  Last Runtime    Last Run
---------------------------------------  -----  ---------  --------  ----------  --------------  -------------------
/opt/airflow/dags/lakehouse_pipeline.py                           1           0  0.35s           2026-08-15T16:49:29
/opt/airflow/dags/maintenance_dag.py                              1           0  0.33s           2026-08-15T16:49:29
================================================================================
[2026-08-15T16:50:26.331+0000] {manager.py:878} INFO - 
================================================================================
DAG File Processing Stats

File Path                                PID    Runtime      # DAGs    # Errors  Last Runtime    Last Run
---------------------------------------  -----  ---------  --------  ----------  --------------  -------------------
/opt/airflow/dags/maintenance_dag.py                              1           0  0.38s           2026-08-15T16:50:00
/opt/airflow/dags/lakehouse_pipeline.py                           1           0  0.34s           2026-08-15T16:50:00
================================================================================
[2026-08-15T16:50:56.989+0000] {manager.py:878} INFO - 
================================================================================
DAG File Processing Stats

File Path                                PID    Runtime      # DAGs    # Errors  Last Runtime    Last Run
---------------------------------------  -----  ---------  --------  ----------  --------------  -------------------
/opt/airflow/dags/maintenance_dag.py                              1           0  0.34s           2026-08-15T16:50:31
/opt/airflow/dags/lakehouse_pipeline.py                           1           0  0.31s           2026-08-15T16:50:31
================================================================================
[2026-08-15T16:51:27.783+0000] {manager.py:878} INFO - 
================================================================================
DAG File Processing Stats

File Path                                PID    Runtime      # DAGs    # Errors  Last Runtime    Last Run
---------------------------------------  -----  ---------  --------  ----------  --------------  -------------------
/opt/airflow/dags/maintenance_dag.py                              1           0  0.28s           2026-08-15T16:51:01
/opt/airflow/dags/lakehouse_pipeline.py                           1           0  0.28s           2026-08-15T16:51:01
================================================================================
[2026-08-15T16:51:38.163+0000] {manager.py:737} INFO - Searching for files in /opt/airflow/dags
[2026-08-15T16:51:38.201+0000] {manager.py:740} INFO - There are 2 files in /opt/airflow/dags
[2026-08-15T16:51:58.376+0000] {manager.py:878} INFO - 
================================================================================
DAG File Processing Stats

File Path                                PID    Runtime      # DAGs    # Errors  Last Runtime    Last Run
---------------------------------------  -----  ---------  --------  ----------  --------------  -------------------
/opt/airflow/dags/maintenance_dag.py                              1           0  0.28s           2026-08-15T16:51:32
/opt/airflow/dags/lakehouse_pipeline.py                           1           0  0.27s           2026-08-15T16:51:32
================================================================================
[2026-08-15T16:52:28.758+0000] {manager.py:878} INFO - 
================================================================================
DAG File Processing Stats

File Path                                PID    Runtime      # DAGs    # Errors  Last Runtime    Last Run
---------------------------------------  -----  ---------  --------  ----------  --------------  -------------------
/opt/airflow/dags/maintenance_dag.py                              1           0  0.37s           2026-08-15T16:52:02
/opt/airflow/dags/lakehouse_pipeline.py                           1           0  0.33s           2026-08-15T16:52:02
================================================================================
[2026-08-15T16:52:58.861+0000] {manager.py:878} INFO - 
================================================================================
DAG File Processing Stats

File Path                                PID    Runtime      # DAGs    # Errors  Last Runtime    Last Run
---------------------------------------  -----  ---------  --------  ----------  --------------  -------------------
/opt/airflow/dags/maintenance_dag.py                              1           0  0.47s           2026-08-15T16:52:33
/opt/airflow/dags/lakehouse_pipeline.py                           1           0  0.43s           2026-08-15T16:52:33
================================================================================
[2026-08-15T16:53:29.239+0000] {manager.py:878} INFO - 
================================================================================
DAG File Processing Stats

File Path                                PID    Runtime      # DAGs    # Errors  Last Runtime    Last Run
---------------------------------------  -----  ---------  --------  ----------  --------------  -------------------
/opt/airflow/dags/maintenance_dag.py                              1           0  0.32s           2026-08-15T16:53:04
/opt/airflow/dags/lakehouse_pipeline.py                           1           0  0.28s           2026-08-15T16:53:04
================================================================================
[2026-08-15T16:53:59.963+0000] {manager.py:878} INFO - 
================================================================================
DAG File Processing Stats

File Path                                PID    Runtime      # DAGs    # Errors  Last Runtime    Last Run
---------------------------------------  -----  ---------  --------  ----------  --------------  -------------------
/opt/airflow/dags/maintenance_dag.py                              1           0  0.40s           2026-08-15T16:53:34
/opt/airflow/dags/lakehouse_pipeline.py                           1           0  0.39s           2026-08-15T16:53:34
================================================================================
[2026-08-15T16:54:30.334+0000] {manager.py:878} INFO - 
================================================================================
DAG File Processing Stats

File Path                                PID    Runtime      # DAGs    # Errors  Last Runtime    Last Run
---------------------------------------  -----  ---------  --------  ----------  --------------  -------------------
/opt/airflow/dags/maintenance_dag.py                              1           0  0.31s           2026-08-15T16:54:05
/opt/airflow/dags/lakehouse_pipeline.py                           1           0  0.29s           2026-08-15T16:54:05
================================================================================
[2026-08-15T16:55:01.022+0000] {manager.py:878} INFO - 
================================================================================
DAG File Processing Stats

File Path                                PID    Runtime      # DAGs    # Errors  Last Runtime    Last Run
---------------------------------------  -----  ---------  --------  ----------  --------------  -------------------
/opt/airflow/dags/maintenance_dag.py                              1           0  0.35s           2026-08-15T16:54:35
/opt/airflow/dags/lakehouse_pipeline.py                           1           0  0.33s           2026-08-15T16:54:35
================================================================================
[2026-08-15T16:55:31.429+0000] {manager.py:878} INFO - 
================================================================================
DAG File Processing Stats

File Path                                PID    Runtime      # DAGs    # Errors  Last Runtime    Last Run
---------------------------------------  -----  ---------  --------  ----------  --------------  -------------------
/opt/airflow/dags/maintenance_dag.py                              1           0  0.38s           2026-08-15T16:55:06
/opt/airflow/dags/lakehouse_pipeline.py                           1           0  0.33s           2026-08-15T16:55:06
================================================================================
[2026-08-15T16:56:01.438+0000] {manager.py:878} INFO - 
================================================================================
DAG File Processing Stats

File Path                                PID    Runtime      # DAGs    # Errors  Last Runtime    Last Run
---------------------------------------  -----  ---------  --------  ----------  --------------  -------------------
/opt/airflow/dags/lakehouse_pipeline.py                           1           0  0.33s           2026-08-15T16:55:37
/opt/airflow/dags/maintenance_dag.py                              1           0  0.31s           2026-08-15T16:55:37
================================================================================
[2026-08-15T16:56:32.152+0000] {manager.py:878} INFO - 
================================================================================
DAG File Processing Stats

File Path                                PID    Runtime      # DAGs    # Errors  Last Runtime    Last Run
---------------------------------------  -----  ---------  --------  ----------  --------------  -------------------
/opt/airflow/dags/maintenance_dag.py                              1           0  0.37s           2026-08-15T16:56:07
/opt/airflow/dags/lakehouse_pipeline.py                           1           0  0.35s           2026-08-15T16:56:07
================================================================================
[2026-08-15T16:56:38.210+0000] {manager.py:737} INFO - Searching for files in /opt/airflow/dags
[2026-08-15T16:56:38.282+0000] {manager.py:740} INFO - There are 2 files in /opt/airflow/dags
[2026-08-15T16:57:02.604+0000] {manager.py:878} INFO - 
================================================================================
DAG File Processing Stats

File Path                                PID    Runtime      # DAGs    # Errors  Last Runtime    Last Run
---------------------------------------  -----  ---------  --------  ----------  --------------  -------------------
/opt/airflow/dags/maintenance_dag.py                              1           0  0.42s           2026-08-15T16:56:38
/opt/airflow/dags/lakehouse_pipeline.py                           1           0  0.38s           2026-08-15T16:56:38
================================================================================
[2026-08-15T16:57:32.633+0000] {manager.py:878} INFO - 
================================================================================
DAG File Processing Stats

File Path                                PID    Runtime      # DAGs    # Errors  Last Runtime    Last Run
---------------------------------------  -----  ---------  --------  ----------  --------------  -------------------
/opt/airflow/dags/maintenance_dag.py                              1           0  0.35s           2026-08-15T16:57:09
/opt/airflow/dags/lakehouse_pipeline.py                           1           0  0.34s           2026-08-15T16:57:09
================================================================================
[2026-08-15T16:58:03.266+0000] {manager.py:878} INFO - 
================================================================================
DAG File Processing Stats

File Path                                PID    Runtime      # DAGs    # Errors  Last Runtime    Last Run
---------------------------------------  -----  ---------  --------  ----------  --------------  -------------------
/opt/airflow/dags/lakehouse_pipeline.py                           1           0  0.32s           2026-08-15T16:57:40
/opt/airflow/dags/maintenance_dag.py                              1           0  0.32s           2026-08-15T16:57:40
================================================================================
[2026-08-15T16:58:33.882+0000] {manager.py:878} INFO - 
================================================================================
DAG File Processing Stats

File Path                                PID    Runtime      # DAGs    # Errors  Last Runtime    Last Run
---------------------------------------  -----  ---------  --------  ----------  --------------  -------------------
/opt/airflow/dags/lakehouse_pipeline.py                           1           0  0.30s           2026-08-15T16:58:10
/opt/airflow/dags/maintenance_dag.py                              1           0  0.29s           2026-08-15T16:58:10
================================================================================
[2026-08-15T16:59:04.241+0000] {manager.py:878} INFO - 
================================================================================
DAG File Processing Stats

File Path                                PID    Runtime      # DAGs    # Errors  Last Runtime    Last Run
---------------------------------------  -----  ---------  --------  ----------  --------------  -------------------
/opt/airflow/dags/maintenance_dag.py                              1           0  0.39s           2026-08-15T16:58:41
/opt/airflow/dags/lakehouse_pipeline.py                           1           0  0.37s           2026-08-15T16:58:41
================================================================================
[2026-08-15T16:59:34.345+0000] {manager.py:878} INFO - 
================================================================================
DAG File Processing Stats

File Path                                PID    Runtime      # DAGs    # Errors  Last Runtime    Last Run
---------------------------------------  -----  ---------  --------  ----------  --------------  -------------------
/opt/airflow/dags/maintenance_dag.py                              1           0  0.38s           2026-08-15T16:59:12
/opt/airflow/dags/lakehouse_pipeline.py                           1           0  0.35s           2026-08-15T16:59:12
================================================================================
[2026-08-15T17:00:05.012+0000] {manager.py:878} INFO - 
================================================================================
DAG File Processing Stats

File Path                                PID    Runtime      # DAGs    # Errors  Last Runtime    Last Run
---------------------------------------  -----  ---------  --------  ----------  --------------  -------------------
/opt/airflow/dags/maintenance_dag.py                              1           0  0.33s           2026-08-15T16:59:42
/opt/airflow/dags/lakehouse_pipeline.py                           1           0  0.33s           2026-08-15T16:59:42
================================================================================
[2026-08-15T17:00:35.656+0000] {manager.py:878} INFO - 
================================================================================
DAG File Processing Stats

File Path                                PID    Runtime      # DAGs    # Errors  Last Runtime    Last Run
---------------------------------------  -----  ---------  --------  ----------  --------------  -------------------
/opt/airflow/dags/maintenance_dag.py                              1           0  0.32s           2026-08-15T17:00:13
/opt/airflow/dags/lakehouse_pipeline.py                           1           0  0.32s           2026-08-15T17:00:13
================================================================================
[2026-08-15T17:01:06.386+0000] {manager.py:878} INFO - 
================================================================================
DAG File Processing Stats

File Path                                PID    Runtime      # DAGs    # Errors  Last Runtime    Last Run
---------------------------------------  -----  ---------  --------  ----------  --------------  -------------------
/opt/airflow/dags/lakehouse_pipeline.py                           1           0  0.37s           2026-08-15T17:00:44
/opt/airflow/dags/maintenance_dag.py                              1           0  0.37s           2026-08-15T17:00:44
================================================================================
[2026-08-15T17:01:36.827+0000] {manager.py:878} INFO - 
================================================================================
DAG File Processing Stats

File Path                                PID    Runtime      # DAGs    # Errors  Last Runtime    Last Run
---------------------------------------  -----  ---------  --------  ----------  --------------  -------------------
/opt/airflow/dags/maintenance_dag.py                              1           0  0.40s           2026-08-15T17:01:14
/opt/airflow/dags/lakehouse_pipeline.py                           1           0  0.36s           2026-08-15T17:01:14
================================================================================
[2026-08-15T17:01:38.847+0000] {manager.py:737} INFO - Searching for files in /opt/airflow/dags
[2026-08-15T17:01:38.909+0000] {manager.py:740} INFO - There are 2 files in /opt/airflow/dags
[2026-08-15T17:02:07.398+0000] {manager.py:878} INFO - 
================================================================================
DAG File Processing Stats

File Path                                PID    Runtime      # DAGs    # Errors  Last Runtime    Last Run
---------------------------------------  -----  ---------  --------  ----------  --------------  -------------------
/opt/airflow/dags/maintenance_dag.py                              1           0  0.34s           2026-08-15T17:01:45
/opt/airflow/dags/lakehouse_pipeline.py                           1           0  0.30s           2026-08-15T17:01:45
================================================================================
[2026-08-15T17:02:38.095+0000] {manager.py:878} INFO - 
================================================================================
DAG File Processing Stats

File Path                                PID    Runtime      # DAGs    # Errors  Last Runtime    Last Run
---------------------------------------  -----  ---------  --------  ----------  --------------  -------------------
/opt/airflow/dags/maintenance_dag.py                              1           0  0.34s           2026-08-15T17:02:15
/opt/airflow/dags/lakehouse_pipeline.py                           1           0  0.33s           2026-08-15T17:02:15
================================================================================
[2026-08-15T17:03:08.466+0000] {manager.py:878} INFO - 
================================================================================
DAG File Processing Stats

File Path                                PID    Runtime      # DAGs    # Errors  Last Runtime    Last Run
---------------------------------------  -----  ---------  --------  ----------  --------------  -------------------
/opt/airflow/dags/maintenance_dag.py                              1           0  0.34s           2026-08-15T17:02:46
/opt/airflow/dags/lakehouse_pipeline.py                           1           0  0.32s           2026-08-15T17:02:46
================================================================================
[2026-08-15T17:03:39.204+0000] {manager.py:878} INFO - 
================================================================================
DAG File Processing Stats

File Path                                PID    Runtime      # DAGs    # Errors  Last Runtime    Last Run
---------------------------------------  -----  ---------  --------  ----------  --------------  -------------------
/opt/airflow/dags/maintenance_dag.py                              1           0  0.39s           2026-08-15T17:03:16
/opt/airflow/dags/lakehouse_pipeline.py                           1           0  0.37s           2026-08-15T17:03:16
================================================================================
[2026-08-15T17:04:09.578+0000] {manager.py:878} INFO - 
================================================================================
DAG File Processing Stats

File Path                                PID    Runtime      # DAGs    # Errors  Last Runtime    Last Run
---------------------------------------  -----  ---------  --------  ----------  --------------  -------------------
/opt/airflow/dags/maintenance_dag.py                              1           0  0.40s           2026-08-15T17:03:47
/opt/airflow/dags/lakehouse_pipeline.py                           1           0  0.36s           2026-08-15T17:03:47
================================================================================
[2026-08-15T17:04:39.583+0000] {manager.py:878} INFO - 
================================================================================
DAG File Processing Stats

File Path                                PID    Runtime      # DAGs    # Errors  Last Runtime    Last Run
---------------------------------------  -----  ---------  --------  ----------  --------------  -------------------
/opt/airflow/dags/maintenance_dag.py                              1           0  0.35s           2026-08-15T17:04:18
/opt/airflow/dags/lakehouse_pipeline.py                           1           0  0.33s           2026-08-15T17:04:18
================================================================================
[2026-08-15T17:05:09.978+0000] {manager.py:878} INFO - 
================================================================================
DAG File Processing Stats

File Path                                PID    Runtime      # DAGs    # Errors  Last Runtime    Last Run
---------------------------------------  -----  ---------  --------  ----------  --------------  -------------------
/opt/airflow/dags/maintenance_dag.py                              1           0  0.34s           2026-08-15T17:04:49
/opt/airflow/dags/lakehouse_pipeline.py                           1           0  0.32s           2026-08-15T17:04:49
================================================================================
[2026-08-15T17:05:40.548+0000] {manager.py:878} INFO - 
================================================================================
DAG File Processing Stats

File Path                                PID    Runtime      # DAGs    # Errors  Last Runtime    Last Run
---------------------------------------  -----  ---------  --------  ----------  --------------  -------------------
/opt/airflow/dags/maintenance_dag.py                              1           0  0.34s           2026-08-15T17:05:19
/opt/airflow/dags/lakehouse_pipeline.py                           1           0  0.31s           2026-08-15T17:05:19
================================================================================
[2026-08-15T17:06:11.181+0000] {manager.py:878} INFO - 
================================================================================
DAG File Processing Stats

File Path                                PID    Runtime      # DAGs    # Errors  Last Runtime    Last Run
---------------------------------------  -----  ---------  --------  ----------  --------------  -------------------
/opt/airflow/dags/lakehouse_pipeline.py                           1           0  0.33s           2026-08-15T17:05:50
/opt/airflow/dags/maintenance_dag.py                              1           0  0.33s           2026-08-15T17:05:49
================================================================================
[2026-08-15T17:06:39.797+0000] {manager.py:737} INFO - Searching for files in /opt/airflow/dags
[2026-08-15T17:06:39.854+0000] {manager.py:740} INFO - There are 2 files in /opt/airflow/dags
[2026-08-15T17:06:41.899+0000] {manager.py:878} INFO - 
================================================================================
DAG File Processing Stats

File Path                                PID    Runtime      # DAGs    # Errors  Last Runtime    Last Run
---------------------------------------  -----  ---------  --------  ----------  --------------  -------------------
/opt/airflow/dags/maintenance_dag.py                              1           0  0.33s           2026-08-15T17:06:20
/opt/airflow/dags/lakehouse_pipeline.py                           1           0  0.33s           2026-08-15T17:06:20
================================================================================
[2026-08-15T17:07:12.535+0000] {manager.py:878} INFO - 
================================================================================
DAG File Processing Stats

File Path                                PID    Runtime      # DAGs    # Errors  Last Runtime    Last Run
---------------------------------------  -----  ---------  --------  ----------  --------------  -------------------
/opt/airflow/dags/lakehouse_pipeline.py                           1           0  0.32s           2026-08-15T17:06:51
/opt/airflow/dags/maintenance_dag.py                              1           0  0.31s           2026-08-15T17:06:51
================================================================================
[2026-08-15T17:07:42.888+0000] {manager.py:878} INFO - 
================================================================================
DAG File Processing Stats

File Path                                PID    Runtime      # DAGs    # Errors  Last Runtime    Last Run
---------------------------------------  -----  ---------  --------  ----------  --------------  -------------------
/opt/airflow/dags/maintenance_dag.py                              1           0  0.33s           2026-08-15T17:07:21
/opt/airflow/dags/lakehouse_pipeline.py                           1           0  0.31s           2026-08-15T17:07:21
================================================================================
[2026-08-15T17:08:13.690+0000] {manager.py:878} INFO - 
================================================================================
DAG File Processing Stats

File Path                                PID    Runtime      # DAGs    # Errors  Last Runtime    Last Run
---------------------------------------  -----  ---------  --------  ----------  --------------  -------------------
/opt/airflow/dags/maintenance_dag.py                              1           0  0.43s           2026-08-15T17:07:52
/opt/airflow/dags/lakehouse_pipeline.py                           1           0  0.42s           2026-08-15T17:07:52
================================================================================
[2026-08-15T17:08:44.417+0000] {manager.py:878} INFO - 
================================================================================
DAG File Processing Stats

File Path                                PID    Runtime      # DAGs    # Errors  Last Runtime    Last Run
---------------------------------------  -----  ---------  --------  ----------  --------------  -------------------
/opt/airflow/dags/lakehouse_pipeline.py                           1           0  0.39s           2026-08-15T17:08:23
/opt/airflow/dags/maintenance_dag.py                              1           0  0.39s           2026-08-15T17:08:23
================================================================================
[2026-08-15T17:09:14.775+0000] {manager.py:878} INFO - 
================================================================================
DAG File Processing Stats

File Path                                PID    Runtime      # DAGs    # Errors  Last Runtime    Last Run
---------------------------------------  -----  ---------  --------  ----------  --------------  -------------------
/opt/airflow/dags/maintenance_dag.py                              1           0  0.39s           2026-08-15T17:08:53
/opt/airflow/dags/lakehouse_pipeline.py                           1           0  0.35s           2026-08-15T17:08:53
================================================================================
[2026-08-15T17:09:45.759+0000] {manager.py:878} INFO - 
================================================================================
DAG File Processing Stats

File Path                                PID    Runtime      # DAGs    # Errors  Last Runtime    Last Run
---------------------------------------  -----  ---------  --------  ----------  --------------  -------------------
/opt/airflow/dags/lakehouse_pipeline.py                           1           0  0.33s           2026-08-15T17:09:24
/opt/airflow/dags/maintenance_dag.py                              1           0  0.32s           2026-08-15T17:09:24
================================================================================
[2026-08-15T17:10:16.440+0000] {manager.py:878} INFO - 
================================================================================
DAG File Processing Stats

File Path                                PID    Runtime      # DAGs    # Errors  Last Runtime    Last Run
---------------------------------------  -----  ---------  --------  ----------  --------------  -------------------
/opt/airflow/dags/maintenance_dag.py                              1           0  0.34s           2026-08-15T17:09:55
/opt/airflow/dags/lakehouse_pipeline.py                           1           0  0.33s           2026-08-15T17:09:55
================================================================================
[2026-08-15T17:10:46.907+0000] {manager.py:878} INFO - 
================================================================================
DAG File Processing Stats

File Path                                PID    Runtime      # DAGs    # Errors  Last Runtime    Last Run
---------------------------------------  -----  ---------  --------  ----------  --------------  -------------------
/opt/airflow/dags/maintenance_dag.py                              1           0  0.39s           2026-08-15T17:10:25
/opt/airflow/dags/lakehouse_pipeline.py                           1           0  0.35s           2026-08-15T17:10:25
================================================================================
[2026-08-15T17:11:17.503+0000] {manager.py:878} INFO - 
================================================================================
DAG File Processing Stats

File Path                                PID    Runtime      # DAGs    # Errors  Last Runtime    Last Run
---------------------------------------  -----  ---------  --------  ----------  --------------  -------------------
/opt/airflow/dags/maintenance_dag.py                              1           0  0.35s           2026-08-15T17:10:56
/opt/airflow/dags/lakehouse_pipeline.py                           1           0  0.31s           2026-08-15T17:10:56
================================================================================
[2026-08-15T17:11:39.827+0000] {manager.py:737} INFO - Searching for files in /opt/airflow/dags
[2026-08-15T17:11:39.889+0000] {manager.py:740} INFO - There are 2 files in /opt/airflow/dags
[2026-08-15T17:11:47.993+0000] {manager.py:878} INFO - 
================================================================================
DAG File Processing Stats

File Path                                PID    Runtime      # DAGs    # Errors  Last Runtime    Last Run
---------------------------------------  -----  ---------  --------  ----------  --------------  -------------------
/opt/airflow/dags/maintenance_dag.py                              1           0  0.42s           2026-08-15T17:11:27
/opt/airflow/dags/lakehouse_pipeline.py                           1           0  0.37s           2026-08-15T17:11:27
================================================================================
[2026-08-15T17:12:18.745+0000] {manager.py:878} INFO - 
================================================================================
DAG File Processing Stats

File Path                                PID    Runtime      # DAGs    # Errors  Last Runtime    Last Run
---------------------------------------  -----  ---------  --------  ----------  --------------  -------------------
/opt/airflow/dags/maintenance_dag.py                              1           0  0.39s           2026-08-15T17:11:57
/opt/airflow/dags/lakehouse_pipeline.py                           1           0  0.38s           2026-08-15T17:11:57
================================================================================
[2026-08-15T17:12:49.102+0000] {manager.py:878} INFO - 
================================================================================
DAG File Processing Stats

File Path                                PID    Runtime      # DAGs    # Errors  Last Runtime    Last Run
---------------------------------------  -----  ---------  --------  ----------  --------------  -------------------
/opt/airflow/dags/maintenance_dag.py                              1           0  0.36s           2026-08-15T17:12:28
/opt/airflow/dags/lakehouse_pipeline.py                           1           0  0.34s           2026-08-15T17:12:28
================================================================================
[2026-08-15T17:13:20.061+0000] {manager.py:878} INFO - 
================================================================================
DAG File Processing Stats

File Path                                PID    Runtime      # DAGs    # Errors  Last Runtime    Last Run
---------------------------------------  -----  ---------  --------  ----------  --------------  -------------------
/opt/airflow/dags/maintenance_dag.py                              1           0  0.35s           2026-08-15T17:12:58
/opt/airflow/dags/lakehouse_pipeline.py                           1           0  0.30s           2026-08-15T17:12:58
================================================================================
[2026-08-15T17:13:50.442+0000] {manager.py:878} INFO - 
================================================================================
DAG File Processing Stats

File Path                                PID    Runtime      # DAGs    # Errors  Last Runtime    Last Run
---------------------------------------  -----  ---------  --------  ----------  --------------  -------------------
/opt/airflow/dags/maintenance_dag.py                              1           0  0.34s           2026-08-15T17:13:29
/opt/airflow/dags/lakehouse_pipeline.py                           1           0  0.31s           2026-08-15T17:13:29
================================================================================
[2026-08-15T17:14:21.207+0000] {manager.py:878} INFO - 
================================================================================
DAG File Processing Stats

File Path                                PID    Runtime      # DAGs    # Errors  Last Runtime    Last Run
---------------------------------------  -----  ---------  --------  ----------  --------------  -------------------
/opt/airflow/dags/maintenance_dag.py                              1           0  0.37s           2026-08-15T17:13:59
/opt/airflow/dags/lakehouse_pipeline.py                           1           0  0.36s           2026-08-15T17:13:59
================================================================================
[2026-08-15T17:14:51.597+0000] {manager.py:878} INFO - 
================================================================================
DAG File Processing Stats

File Path                                PID    Runtime      # DAGs    # Errors  Last Runtime    Last Run
---------------------------------------  -----  ---------  --------  ----------  --------------  -------------------
/opt/airflow/dags/maintenance_dag.py                              1           0  0.37s           2026-08-15T17:14:30
/opt/airflow/dags/lakehouse_pipeline.py                           1           0  0.33s           2026-08-15T17:14:30
================================================================================
[2026-08-15T17:15:22.320+0000] {manager.py:878} INFO - 
================================================================================
DAG File Processing Stats

File Path                                PID    Runtime      # DAGs    # Errors  Last Runtime    Last Run
---------------------------------------  -----  ---------  --------  ----------  --------------  -------------------
/opt/airflow/dags/lakehouse_pipeline.py                           1           0  0.39s           2026-08-15T17:15:01
/opt/airflow/dags/maintenance_dag.py                              1           0  0.35s           2026-08-15T17:15:01
================================================================================
[2026-08-15T17:15:52.970+0000] {manager.py:878} INFO - 
================================================================================
DAG File Processing Stats

File Path                                PID    Runtime      # DAGs    # Errors  Last Runtime    Last Run
---------------------------------------  -----  ---------  --------  ----------  --------------  -------------------
/opt/airflow/dags/maintenance_dag.py                              1           0  0.34s           2026-08-15T17:15:31
/opt/airflow/dags/lakehouse_pipeline.py                           1           0  0.33s           2026-08-15T17:15:31
================================================================================
[2026-08-15T17:16:23.644+0000] {manager.py:878} INFO - 
================================================================================
DAG File Processing Stats

File Path                                PID    Runtime      # DAGs    # Errors  Last Runtime    Last Run
---------------------------------------  -----  ---------  --------  ----------  --------------  -------------------
/opt/airflow/dags/maintenance_dag.py                              1           0  0.32s           2026-08-15T17:16:02
/opt/airflow/dags/lakehouse_pipeline.py                           1           0  0.31s           2026-08-15T17:16:02
================================================================================
[2026-08-15T17:16:40.183+0000] {manager.py:737} INFO - Searching for files in /opt/airflow/dags
[2026-08-15T17:16:40.248+0000] {manager.py:740} INFO - There are 2 files in /opt/airflow/dags
[2026-08-15T17:16:54.438+0000] {manager.py:878} INFO - 
================================================================================
DAG File Processing Stats

File Path                                PID    Runtime      # DAGs    # Errors  Last Runtime    Last Run
---------------------------------------  -----  ---------  --------  ----------  --------------  -------------------
/opt/airflow/dags/lakehouse_pipeline.py                           1           0  0.36s           2026-08-15T17:16:33
/opt/airflow/dags/maintenance_dag.py                              1           0  0.36s           2026-08-15T17:16:33
================================================================================
[2026-08-15T17:17:25.292+0000] {manager.py:878} INFO - 
================================================================================
DAG File Processing Stats

File Path                                PID    Runtime      # DAGs    # Errors  Last Runtime    Last Run
---------------------------------------  -----  ---------  --------  ----------  --------------  -------------------
/opt/airflow/dags/maintenance_dag.py                              1           0  0.47s           2026-08-15T17:17:04
/opt/airflow/dags/lakehouse_pipeline.py                           1           0  0.43s           2026-08-15T17:17:04
================================================================================
[2026-08-15T17:17:55.719+0000] {manager.py:878} INFO - 
================================================================================
DAG File Processing Stats

File Path                                PID    Runtime      # DAGs    # Errors  Last Runtime    Last Run
---------------------------------------  -----  ---------  --------  ----------  --------------  -------------------
/opt/airflow/dags/maintenance_dag.py                              1           0  0.38s           2026-08-15T17:17:34
/opt/airflow/dags/lakehouse_pipeline.py                           1           0  0.33s           2026-08-15T17:17:34
================================================================================
[2026-08-15T17:18:26.329+0000] {manager.py:878} INFO - 
================================================================================
DAG File Processing Stats

File Path                                PID    Runtime      # DAGs    # Errors  Last Runtime    Last Run
---------------------------------------  -----  ---------  --------  ----------  --------------  -------------------
/opt/airflow/dags/maintenance_dag.py                              1           0  0.39s           2026-08-15T17:18:05
/opt/airflow/dags/lakehouse_pipeline.py                           1           0  0.36s           2026-08-15T17:18:05
================================================================================
[2026-08-15T17:18:56.789+0000] {manager.py:878} INFO - 
================================================================================
DAG File Processing Stats

File Path                                PID    Runtime      # DAGs    # Errors  Last Runtime    Last Run
---------------------------------------  -----  ---------  --------  ----------  --------------  -------------------
/opt/airflow/dags/maintenance_dag.py                              1           0  0.35s           2026-08-15T17:18:35
/opt/airflow/dags/lakehouse_pipeline.py                           1           0  0.33s           2026-08-15T17:18:35
================================================================================
[2026-08-15T17:19:27.497+0000] {manager.py:878} INFO - 
================================================================================
DAG File Processing Stats

File Path                                PID    Runtime      # DAGs    # Errors  Last Runtime    Last Run
---------------------------------------  -----  ---------  --------  ----------  --------------  -------------------
/opt/airflow/dags/maintenance_dag.py                              1           0  0.37s           2026-08-15T17:19:06
/opt/airflow/dags/lakehouse_pipeline.py                           1           0  0.35s           2026-08-15T17:19:06
================================================================================
[2026-08-15T17:19:58.255+0000] {manager.py:878} INFO - 
================================================================================
DAG File Processing Stats

File Path                                PID    Runtime      # DAGs    # Errors  Last Runtime    Last Run
---------------------------------------  -----  ---------  --------  ----------  --------------  -------------------
/opt/airflow/dags/lakehouse_pipeline.py                           1           0  0.41s           2026-08-15T17:19:37
/opt/airflow/dags/maintenance_dag.py                              1           0  0.40s           2026-08-15T17:19:36
================================================================================
[2026-08-15T17:20:28.652+0000] {manager.py:878} INFO - 
================================================================================
DAG File Processing Stats

File Path                                PID    Runtime      # DAGs    # Errors  Last Runtime    Last Run
---------------------------------------  -----  ---------  --------  ----------  --------------  -------------------
/opt/airflow/dags/maintenance_dag.py                              1           0  0.37s           2026-08-15T17:20:07
/opt/airflow/dags/lakehouse_pipeline.py                           1           0  0.34s           2026-08-15T17:20:07
================================================================================
[2026-08-15T17:20:59.359+0000] {manager.py:878} INFO - 
================================================================================
DAG File Processing Stats

File Path                                PID    Runtime      # DAGs    # Errors  Last Runtime    Last Run
---------------------------------------  -----  ---------  --------  ----------  --------------  -------------------
/opt/airflow/dags/maintenance_dag.py                              1           0  0.36s           2026-08-15T17:20:38
/opt/airflow/dags/lakehouse_pipeline.py                           1           0  0.35s           2026-08-15T17:20:38
================================================================================
[2026-08-15T17:21:30.080+0000] {manager.py:878} INFO - 
================================================================================
DAG File Processing Stats

File Path                                PID    Runtime      # DAGs    # Errors  Last Runtime    Last Run
---------------------------------------  -----  ---------  --------  ----------  --------------  -------------------
/opt/airflow/dags/maintenance_dag.py                              1           0  0.36s           2026-08-15T17:21:08
/opt/airflow/dags/lakehouse_pipeline.py                           1           0  0.36s           2026-08-15T17:21:08
================================================================================
[2026-08-15T17:21:40.556+0000] {manager.py:737} INFO - Searching for files in /opt/airflow/dags
[2026-08-15T17:21:40.640+0000] {manager.py:740} INFO - There are 2 files in /opt/airflow/dags
[2026-08-15T17:22:00.897+0000] {manager.py:878} INFO - 
================================================================================
DAG File Processing Stats

File Path                                PID    Runtime      # DAGs    # Errors  Last Runtime    Last Run
---------------------------------------  -----  ---------  --------  ----------  --------------  -------------------
/opt/airflow/dags/maintenance_dag.py                              1           0  0.35s           2026-08-15T17:21:39
/opt/airflow/dags/lakehouse_pipeline.py                           1           0  0.32s           2026-08-15T17:21:39
================================================================================
[2026-08-15T17:22:31.566+0000] {manager.py:878} INFO - 
================================================================================
DAG File Processing Stats

File Path                                PID    Runtime      # DAGs    # Errors  Last Runtime    Last Run
---------------------------------------  -----  ---------  --------  ----------  --------------  -------------------
/opt/airflow/dags/maintenance_dag.py                              1           0  0.30s           2026-08-15T17:22:10
/opt/airflow/dags/lakehouse_pipeline.py                           1           0  0.30s           2026-08-15T17:22:10
================================================================================
[2026-08-15T17:23:01.949+0000] {manager.py:878} INFO - 
================================================================================
DAG File Processing Stats

File Path                                PID    Runtime      # DAGs    # Errors  Last Runtime    Last Run
---------------------------------------  -----  ---------  --------  ----------  --------------  -------------------
/opt/airflow/dags/maintenance_dag.py                              1           0  0.34s           2026-08-15T17:22:41
/opt/airflow/dags/lakehouse_pipeline.py                           1           0  0.32s           2026-08-15T17:22:41
================================================================================
[2026-08-15T17:23:32.542+0000] {manager.py:878} INFO - 
================================================================================
DAG File Processing Stats

File Path                                PID    Runtime      # DAGs    # Errors  Last Runtime    Last Run
---------------------------------------  -----  ---------  --------  ----------  --------------  -------------------
/opt/airflow/dags/maintenance_dag.py                              1           0  0.42s           2026-08-15T17:23:11
/opt/airflow/dags/lakehouse_pipeline.py                           1           0  0.40s           2026-08-15T17:23:11
================================================================================
[2026-08-15T17:24:03.033+0000] {manager.py:878} INFO - 
================================================================================
DAG File Processing Stats

File Path                                PID    Runtime      # DAGs    # Errors  Last Runtime    Last Run
---------------------------------------  -----  ---------  --------  ----------  --------------  -------------------
/opt/airflow/dags/maintenance_dag.py                              1           0  0.50s           2026-08-15T17:23:42
/opt/airflow/dags/lakehouse_pipeline.py                           1           0  0.46s           2026-08-15T17:23:42
================================================================================
[2026-08-15T17:24:33.144+0000] {manager.py:878} INFO - 
================================================================================
DAG File Processing Stats

File Path                                PID    Runtime      # DAGs    # Errors  Last Runtime    Last Run
---------------------------------------  -----  ---------  --------  ----------  --------------  -------------------
/opt/airflow/dags/maintenance_dag.py                              1           0  0.47s           2026-08-15T17:24:12
/opt/airflow/dags/lakehouse_pipeline.py                           1           0  0.42s           2026-08-15T17:24:12
================================================================================
[2026-08-15T17:25:03.787+0000] {manager.py:878} INFO - 
================================================================================
DAG File Processing Stats

File Path                                PID    Runtime      # DAGs    # Errors  Last Runtime    Last Run
---------------------------------------  -----  ---------  --------  ----------  --------------  -------------------
/opt/airflow/dags/maintenance_dag.py                              1           0  0.31s           2026-08-15T17:24:43
/opt/airflow/dags/lakehouse_pipeline.py                           1           0  0.29s           2026-08-15T17:24:43
================================================================================
[2026-08-15T17:25:34.431+0000] {manager.py:878} INFO - 
================================================================================
DAG File Processing Stats

File Path                                PID    Runtime      # DAGs    # Errors  Last Runtime    Last Run
---------------------------------------  -----  ---------  --------  ----------  --------------  -------------------
/opt/airflow/dags/lakehouse_pipeline.py                           1           0  0.35s           2026-08-15T17:25:14
/opt/airflow/dags/maintenance_dag.py                              1           0  0.32s           2026-08-15T17:25:14
================================================================================
[2026-08-15T17:26:04.827+0000] {manager.py:878} INFO - 
================================================================================
DAG File Processing Stats

File Path                                PID    Runtime      # DAGs    # Errors  Last Runtime    Last Run
---------------------------------------  -----  ---------  --------  ----------  --------------  -------------------
/opt/airflow/dags/maintenance_dag.py                              1           0  0.40s           2026-08-15T17:25:44
/opt/airflow/dags/lakehouse_pipeline.py                           1           0  0.36s           2026-08-15T17:25:44
================================================================================
[2026-08-15T17:26:35.476+0000] {manager.py:878} INFO - 
================================================================================
DAG File Processing Stats

File Path                                PID    Runtime      # DAGs    # Errors  Last Runtime    Last Run
---------------------------------------  -----  ---------  --------  ----------  --------------  -------------------
/opt/airflow/dags/maintenance_dag.py                              1           0  0.36s           2026-08-15T17:26:15
/opt/airflow/dags/lakehouse_pipeline.py                           1           0  0.33s           2026-08-15T17:26:15
================================================================================
[2026-08-15T17:26:40.829+0000] {manager.py:737} INFO - Searching for files in /opt/airflow/dags
[2026-08-15T17:26:40.871+0000] {manager.py:740} INFO - There are 2 files in /opt/airflow/dags
[2026-08-15T17:27:06.116+0000] {manager.py:878} INFO - 
================================================================================
DAG File Processing Stats

File Path                                PID    Runtime      # DAGs    # Errors  Last Runtime    Last Run
---------------------------------------  -----  ---------  --------  ----------  --------------  -------------------
/opt/airflow/dags/maintenance_dag.py                              1           0  0.33s           2026-08-15T17:26:46
/opt/airflow/dags/lakehouse_pipeline.py                           1           0  0.30s           2026-08-15T17:26:46
================================================================================
[2026-08-15T17:27:37.089+0000] {manager.py:878} INFO - 
================================================================================
DAG File Processing Stats

File Path                                PID    Runtime      # DAGs    # Errors  Last Runtime    Last Run
---------------------------------------  -----  ---------  --------  ----------  --------------  -------------------
/opt/airflow/dags/maintenance_dag.py                              1           0  0.36s           2026-08-15T17:27:16
/opt/airflow/dags/lakehouse_pipeline.py                           1           0  0.34s           2026-08-15T17:27:16
================================================================================
[2026-08-15T17:28:07.702+0000] {manager.py:878} INFO - 
================================================================================
DAG File Processing Stats

File Path                                PID    Runtime      # DAGs    # Errors  Last Runtime    Last Run
---------------------------------------  -----  ---------  --------  ----------  --------------  -------------------
/opt/airflow/dags/lakehouse_pipeline.py                           1           0  0.34s           2026-08-15T17:27:47
/opt/airflow/dags/maintenance_dag.py                              1           0  0.33s           2026-08-15T17:27:47
================================================================================
[2026-08-15T17:28:38.492+0000] {manager.py:878} INFO - 
================================================================================
DAG File Processing Stats

File Path                                PID    Runtime      # DAGs    # Errors  Last Runtime    Last Run
---------------------------------------  -----  ---------  --------  ----------  --------------  -------------------
/opt/airflow/dags/maintenance_dag.py                              1           0  0.46s           2026-08-15T17:28:18
/opt/airflow/dags/lakehouse_pipeline.py                           1           0  0.46s           2026-08-15T17:28:18
================================================================================
[2026-08-15T17:29:08.886+0000] {manager.py:878} INFO - 
================================================================================
DAG File Processing Stats

File Path                                PID    Runtime      # DAGs    # Errors  Last Runtime    Last Run
---------------------------------------  -----  ---------  --------  ----------  --------------  -------------------
/opt/airflow/dags/maintenance_dag.py                              1           0  0.45s           2026-08-15T17:28:49
/opt/airflow/dags/lakehouse_pipeline.py                           1           0  0.41s           2026-08-15T17:28:49
================================================================================
[2026-08-15T17:29:39.116+0000] {manager.py:878} INFO - 
================================================================================
DAG File Processing Stats

File Path                                PID    Runtime      # DAGs    # Errors  Last Runtime    Last Run
---------------------------------------  -----  ---------  --------  ----------  --------------  -------------------
/opt/airflow/dags/maintenance_dag.py                              1           0  0.52s           2026-08-15T17:29:19
/opt/airflow/dags/lakehouse_pipeline.py                           1           0  0.50s           2026-08-15T17:29:19
================================================================================
[2026-08-15T17:30:09.741+0000] {manager.py:878} INFO - 
================================================================================
DAG File Processing Stats

File Path                                PID    Runtime      # DAGs    # Errors  Last Runtime    Last Run
---------------------------------------  -----  ---------  --------  ----------  --------------  -------------------
/opt/airflow/dags/lakehouse_pipeline.py                           1           0  0.35s           2026-08-15T17:29:50
/opt/airflow/dags/maintenance_dag.py                              1           0  0.34s           2026-08-15T17:29:50
================================================================================
[2026-08-15T17:30:20.003+0000] {manager.py:452} INFO - Exiting gracefully upon receiving signal 15
[2026-08-15T17:31:11.189+0000] {manager.py:470} INFO - Processing files using up to 2 processes at a time 
[2026-08-15T17:31:11.192+0000] {manager.py:471} INFO - Process each file at most once every 30 seconds
[2026-08-15T17:31:11.194+0000] {manager.py:472} INFO - Checking for new files in /opt/airflow/dags every 300 seconds
[2026-08-15T17:31:11.197+0000] {manager.py:737} INFO - Searching for files in /opt/airflow/dags
[2026-08-15T17:31:11.252+0000] {manager.py:740} INFO - There are 2 files in /opt/airflow/dags
[2026-08-15T17:31:13.896+0000] {manager.py:878} INFO - 
================================================================================
DAG File Processing Stats

File Path                                  PID  Runtime      # DAGs    # Errors  Last Runtime    Last Run
---------------------------------------  -----  ---------  --------  ----------  --------------  ----------
/opt/airflow/dags/lakehouse_pipeline.py    177  0.07s             0           0
/opt/airflow/dags/maintenance_dag.py       174  0.13s             0           0
================================================================================
[2026-08-15T17:31:43.907+0000] {manager.py:878} INFO - 
================================================================================
DAG File Processing Stats

File Path                                PID    Runtime      # DAGs    # Errors  Last Runtime    Last Run
---------------------------------------  -----  ---------  --------  ----------  --------------  -------------------
/opt/airflow/dags/maintenance_dag.py                              1           0  0.90s           2026-08-15T17:31:14
/opt/airflow/dags/lakehouse_pipeline.py                           1           0  0.81s           2026-08-15T17:31:14
================================================================================
[2026-08-15T17:32:14.271+0000] {manager.py:878} INFO - 
================================================================================
DAG File Processing Stats

File Path                                PID    Runtime      # DAGs    # Errors  Last Runtime    Last Run
---------------------------------------  -----  ---------  --------  ----------  --------------  -------------------
/opt/airflow/dags/maintenance_dag.py                              1           0  0.40s           2026-08-15T17:31:45
/opt/airflow/dags/lakehouse_pipeline.py                           1           0  0.36s           2026-08-15T17:31:45
================================================================================
[2026-08-15T17:32:44.323+0000] {manager.py:878} INFO - 
================================================================================
DAG File Processing Stats

File Path                                PID    Runtime      # DAGs    # Errors  Last Runtime    Last Run
---------------------------------------  -----  ---------  --------  ----------  --------------  -------------------
/opt/airflow/dags/maintenance_dag.py                              1           0  0.36s           2026-08-15T17:32:15
/opt/airflow/dags/lakehouse_pipeline.py                           1           0  0.35s           2026-08-15T17:32:16
================================================================================
[2026-08-15T17:33:14.991+0000] {manager.py:878} INFO - 
================================================================================
DAG File Processing Stats

File Path                                PID    Runtime      # DAGs    # Errors  Last Runtime    Last Run
---------------------------------------  -----  ---------  --------  ----------  --------------  -------------------
/opt/airflow/dags/maintenance_dag.py                              1           0  0.32s           2026-08-15T17:32:46
/opt/airflow/dags/lakehouse_pipeline.py                           1           0  0.31s           2026-08-15T17:32:46
================================================================================
[2026-08-15T17:33:45.676+0000] {manager.py:878} INFO - 
================================================================================
DAG File Processing Stats

File Path                                PID    Runtime      # DAGs    # Errors  Last Runtime    Last Run
---------------------------------------  -----  ---------  --------  ----------  --------------  -------------------
/opt/airflow/dags/maintenance_dag.py                              1           0  0.37s           2026-08-15T17:33:17
/opt/airflow/dags/lakehouse_pipeline.py                           1           0  0.36s           2026-08-15T17:33:17
================================================================================
[2026-08-15T17:34:16.252+0000] {manager.py:878} INFO - 
================================================================================
DAG File Processing Stats

File Path                                PID    Runtime      # DAGs    # Errors  Last Runtime    Last Run
---------------------------------------  -----  ---------  --------  ----------  --------------  -------------------
/opt/airflow/dags/lakehouse_pipeline.py                           1           0  0.30s           2026-08-15T17:33:48
/opt/airflow/dags/maintenance_dag.py                              1           0  0.29s           2026-08-15T17:33:48
================================================================================
[2026-08-15T17:34:46.584+0000] {manager.py:878} INFO - 
================================================================================
DAG File Processing Stats

File Path                                PID    Runtime      # DAGs    # Errors  Last Runtime    Last Run
---------------------------------------  -----  ---------  --------  ----------  --------------  -------------------
/opt/airflow/dags/maintenance_dag.py                              1           0  0.49s           2026-08-15T17:34:18
/opt/airflow/dags/lakehouse_pipeline.py                           1           0  0.46s           2026-08-15T17:34:18
================================================================================
[2026-08-15T17:35:16.613+0000] {manager.py:878} INFO - 
================================================================================
DAG File Processing Stats

File Path                                PID    Runtime      # DAGs    # Errors  Last Runtime    Last Run
---------------------------------------  -----  ---------  --------  ----------  --------------  -------------------
/opt/airflow/dags/maintenance_dag.py                              1           0  0.39s           2026-08-15T17:34:49
/opt/airflow/dags/lakehouse_pipeline.py                           1           0  0.38s           2026-08-15T17:34:49
================================================================================
[2026-08-15T17:35:46.942+0000] {manager.py:878} INFO - 
================================================================================
DAG File Processing Stats

File Path                                PID    Runtime      # DAGs    # Errors  Last Runtime    Last Run
---------------------------------------  -----  ---------  --------  ----------  --------------  -------------------
/opt/airflow/dags/maintenance_dag.py                              1           0  0.35s           2026-08-15T17:35:19
/opt/airflow/dags/lakehouse_pipeline.py                           1           0  0.32s           2026-08-15T17:35:19
================================================================================
[2026-08-15T17:36:11.730+0000] {manager.py:737} INFO - Searching for files in /opt/airflow/dags
[2026-08-15T17:36:11.807+0000] {manager.py:740} INFO - There are 2 files in /opt/airflow/dags
[2026-08-15T17:36:17.902+0000] {manager.py:878} INFO - 
================================================================================
DAG File Processing Stats

File Path                                PID    Runtime      # DAGs    # Errors  Last Runtime    Last Run
---------------------------------------  -----  ---------  --------  ----------  --------------  -------------------
/opt/airflow/dags/lakehouse_pipeline.py                           1           0  0.27s           2026-08-15T17:35:50
/opt/airflow/dags/maintenance_dag.py                              1           0  0.27s           2026-08-15T17:35:50
================================================================================
[2026-08-15T17:36:48.615+0000] {manager.py:878} INFO - 
================================================================================
DAG File Processing Stats

File Path                                PID    Runtime      # DAGs    # Errors  Last Runtime    Last Run
---------------------------------------  -----  ---------  --------  ----------  --------------  -------------------
/opt/airflow/dags/maintenance_dag.py                              1           0  0.39s           2026-08-15T17:36:21
/opt/airflow/dags/lakehouse_pipeline.py                           1           0  0.37s           2026-08-15T17:36:21
================================================================================
[2026-08-15T17:37:19.201+0000] {manager.py:878} INFO - 
================================================================================
DAG File Processing Stats

File Path                                PID    Runtime      # DAGs    # Errors  Last Runtime    Last Run
---------------------------------------  -----  ---------  --------  ----------  --------------  -------------------
/opt/airflow/dags/lakehouse_pipeline.py                           1           0  0.31s           2026-08-15T17:36:51
/opt/airflow/dags/maintenance_dag.py                              1           0  0.30s           2026-08-15T17:36:51
================================================================================
[2026-08-15T17:37:49.412+0000] {manager.py:878} INFO - 
================================================================================
DAG File Processing Stats

File Path                                PID    Runtime      # DAGs    # Errors  Last Runtime    Last Run
---------------------------------------  -----  ---------  --------  ----------  --------------  -------------------
/opt/airflow/dags/maintenance_dag.py                              1           0  0.20s           2026-08-15T17:37:22
/opt/airflow/dags/lakehouse_pipeline.py                           1           0  0.19s           2026-08-15T17:37:22
================================================================================
[2026-08-15T17:38:19.780+0000] {manager.py:878} INFO - 
================================================================================
DAG File Processing Stats

File Path                                PID    Runtime      # DAGs    # Errors  Last Runtime    Last Run
---------------------------------------  -----  ---------  --------  ----------  --------------  -------------------
/opt/airflow/dags/lakehouse_pipeline.py                           1           0  0.18s           2026-08-15T17:37:52
/opt/airflow/dags/maintenance_dag.py                              1           0  0.17s           2026-08-15T17:37:52
================================================================================
[2026-08-15T17:38:49.990+0000] {manager.py:878} INFO - 
================================================================================
DAG File Processing Stats

File Path                                PID    Runtime      # DAGs    # Errors  Last Runtime    Last Run
---------------------------------------  -----  ---------  --------  ----------  --------------  -------------------
/opt/airflow/dags/maintenance_dag.py                              1           0  0.20s           2026-08-15T17:38:23
/opt/airflow/dags/lakehouse_pipeline.py                           1           0  0.19s           2026-08-15T17:38:23
================================================================================
[2026-08-15T17:39:20.523+0000] {manager.py:878} INFO - 
================================================================================
DAG File Processing Stats

File Path                                PID    Runtime      # DAGs    # Errors  Last Runtime    Last Run
---------------------------------------  -----  ---------  --------  ----------  --------------  -------------------
/opt/airflow/dags/lakehouse_pipeline.py                           1           0  0.21s           2026-08-15T17:38:53
/opt/airflow/dags/maintenance_dag.py                              1           0  0.19s           2026-08-15T17:38:53
================================================================================
[2026-08-15T17:39:50.917+0000] {manager.py:878} INFO - 
================================================================================
DAG File Processing Stats

File Path                                PID    Runtime      # DAGs    # Errors  Last Runtime    Last Run
---------------------------------------  -----  ---------  --------  ----------  --------------  -------------------
/opt/airflow/dags/lakehouse_pipeline.py                           1           0  0.22s           2026-08-15T17:39:23
/opt/airflow/dags/maintenance_dag.py                              1           0  0.21s           2026-08-15T17:39:23
================================================================================
[2026-08-15T17:40:21.119+0000] {manager.py:878} INFO - 
================================================================================
DAG File Processing Stats

File Path                                PID    Runtime      # DAGs    # Errors  Last Runtime    Last Run
---------------------------------------  -----  ---------  --------  ----------  --------------  -------------------
/opt/airflow/dags/maintenance_dag.py                              1           0  0.19s           2026-08-15T17:39:54
/opt/airflow/dags/lakehouse_pipeline.py                           1           0  0.18s           2026-08-15T17:39:54
================================================================================
[2026-08-15T17:40:51.483+0000] {manager.py:878} INFO - 
================================================================================
DAG File Processing Stats

File Path                                PID    Runtime      # DAGs    # Errors  Last Runtime    Last Run
---------------------------------------  -----  ---------  --------  ----------  --------------  -------------------
/opt/airflow/dags/maintenance_dag.py                              1           0  0.19s           2026-08-15T17:40:24
/opt/airflow/dags/lakehouse_pipeline.py                           1           0  0.18s           2026-08-15T17:40:24
================================================================================
[2026-08-15T17:41:11.832+0000] {manager.py:737} INFO - Searching for files in /opt/airflow/dags
[2026-08-15T17:41:11.856+0000] {manager.py:740} INFO - There are 2 files in /opt/airflow/dags
[2026-08-15T17:41:21.947+0000] {manager.py:878} INFO - 
================================================================================
DAG File Processing Stats

File Path                                PID    Runtime      # DAGs    # Errors  Last Runtime    Last Run
---------------------------------------  -----  ---------  --------  ----------  --------------  -------------------
/opt/airflow/dags/maintenance_dag.py                              1           0  0.23s           2026-08-15T17:40:54
/opt/airflow/dags/lakehouse_pipeline.py                           1           0  0.13s           2026-08-15T17:41:18
================================================================================
[2026-08-15T17:41:52.335+0000] {manager.py:878} INFO - 
================================================================================
DAG File Processing Stats

File Path                                PID    Runtime      # DAGs    # Errors  Last Runtime    Last Run
---------------------------------------  -----  ---------  --------  ----------  --------------  -------------------
/opt/airflow/dags/maintenance_dag.py                              1           0  0.23s           2026-08-15T17:41:25
/opt/airflow/dags/lakehouse_pipeline.py                           1           0  0.18s           2026-08-15T17:41:48
================================================================================
[2026-08-15T17:42:22.678+0000] {manager.py:878} INFO - 
================================================================================
DAG File Processing Stats

File Path                                PID    Runtime      # DAGs    # Errors  Last Runtime    Last Run
---------------------------------------  -----  ---------  --------  ----------  --------------  -------------------
/opt/airflow/dags/lakehouse_pipeline.py                           1           0  0.23s           2026-08-15T17:42:18
/opt/airflow/dags/maintenance_dag.py                              1           0  0.18s           2026-08-15T17:41:55
================================================================================
[2026-08-15T17:42:53.020+0000] {manager.py:878} INFO - 
================================================================================
DAG File Processing Stats

File Path                                PID    Runtime      # DAGs    # Errors  Last Runtime    Last Run
---------------------------------------  -----  ---------  --------  ----------  --------------  -------------------
/opt/airflow/dags/lakehouse_pipeline.py                           1           0  0.23s           2026-08-15T17:42:49
/opt/airflow/dags/maintenance_dag.py                              1           0  0.18s           2026-08-15T17:42:25
================================================================================
[2026-08-15T17:43:23.424+0000] {manager.py:878} INFO - 
================================================================================
DAG File Processing Stats

File Path                                PID    Runtime      # DAGs    # Errors  Last Runtime    Last Run
---------------------------------------  -----  ---------  --------  ----------  --------------  -------------------
/opt/airflow/dags/maintenance_dag.py                              1           0  0.22s           2026-08-15T17:42:56
/opt/airflow/dags/lakehouse_pipeline.py                           1           0  0.17s           2026-08-15T17:43:19
================================================================================
[2026-08-15T17:43:53.776+0000] {manager.py:878} INFO - 
================================================================================
DAG File Processing Stats

File Path                                PID    Runtime      # DAGs    # Errors  Last Runtime    Last Run
---------------------------------------  -----  ---------  --------  ----------  --------------  -------------------
/opt/airflow/dags/maintenance_dag.py                              1           0  0.19s           2026-08-15T17:43:26
/opt/airflow/dags/lakehouse_pipeline.py                           1           0  0.18s           2026-08-15T17:43:49
================================================================================
[2026-08-15T17:44:24.147+0000] {manager.py:878} INFO - 
================================================================================
DAG File Processing Stats

File Path                                PID    Runtime      # DAGs    # Errors  Last Runtime    Last Run
---------------------------------------  -----  ---------  --------  ----------  --------------  -------------------
/opt/airflow/dags/lakehouse_pipeline.py                           1           0  0.22s           2026-08-15T17:44:20
/opt/airflow/dags/maintenance_dag.py                              1           0  0.18s           2026-08-15T17:43:56
================================================================================
[2026-08-15T17:44:54.547+0000] {manager.py:878} INFO - 
================================================================================
DAG File Processing Stats

File Path                                PID    Runtime      # DAGs    # Errors  Last Runtime    Last Run
---------------------------------------  -----  ---------  --------  ----------  --------------  -------------------
/opt/airflow/dags/maintenance_dag.py                              1           0  0.21s           2026-08-15T17:44:27
/opt/airflow/dags/lakehouse_pipeline.py                           1           0  0.19s           2026-08-15T17:44:50
================================================================================
[2026-08-15T17:45:24.931+0000] {manager.py:878} INFO - 
================================================================================
DAG File Processing Stats

File Path                                PID    Runtime      # DAGs    # Errors  Last Runtime    Last Run
---------------------------------------  -----  ---------  --------  ----------  --------------  -------------------
/opt/airflow/dags/maintenance_dag.py                              1           0  0.20s           2026-08-15T17:44:57
/opt/airflow/dags/lakehouse_pipeline.py                           1           0  0.19s           2026-08-15T17:45:21
================================================================================
[2026-08-15T17:45:55.315+0000] {manager.py:878} INFO - 
================================================================================
DAG File Processing Stats

File Path                                PID    Runtime      # DAGs    # Errors  Last Runtime    Last Run
---------------------------------------  -----  ---------  --------  ----------  --------------  -------------------
/opt/airflow/dags/lakehouse_pipeline.py                           1           0  0.27s           2026-08-15T17:45:51
/opt/airflow/dags/maintenance_dag.py                              1           0  0.18s           2026-08-15T17:45:28
================================================================================
[2026-08-15T17:46:12.449+0000] {manager.py:737} INFO - Searching for files in /opt/airflow/dags
[2026-08-15T17:46:12.470+0000] {manager.py:740} INFO - There are 2 files in /opt/airflow/dags
[2026-08-15T17:46:25.715+0000] {manager.py:878} INFO - 
================================================================================
DAG File Processing Stats

File Path                                PID    Runtime      # DAGs    # Errors  Last Runtime    Last Run
---------------------------------------  -----  ---------  --------  ----------  --------------  -------------------
/opt/airflow/dags/maintenance_dag.py                              1           0  0.21s           2026-08-15T17:45:58
/opt/airflow/dags/lakehouse_pipeline.py                           1           0  0.20s           2026-08-15T17:46:21
================================================================================
[2026-08-15T17:46:56.161+0000] {manager.py:878} INFO - 
================================================================================
DAG File Processing Stats

File Path                                PID    Runtime      # DAGs    # Errors  Last Runtime    Last Run
---------------------------------------  -----  ---------  --------  ----------  --------------  -------------------
/opt/airflow/dags/maintenance_dag.py                              1           0  0.28s           2026-08-15T17:46:29
/opt/airflow/dags/lakehouse_pipeline.py                           1           0  0.24s           2026-08-15T17:46:52
================================================================================
[2026-08-15T17:47:26.546+0000] {manager.py:878} INFO - 
================================================================================
DAG File Processing Stats

File Path                                PID    Runtime      # DAGs    # Errors  Last Runtime    Last Run
---------------------------------------  -----  ---------  --------  ----------  --------------  -------------------
/opt/airflow/dags/lakehouse_pipeline.py                           1           0  0.22s           2026-08-15T17:47:22
/opt/airflow/dags/maintenance_dag.py                              1           0  0.21s           2026-08-15T17:46:59
================================================================================
[2026-08-15T17:47:56.923+0000] {manager.py:878} INFO - 
================================================================================
DAG File Processing Stats

File Path                                PID    Runtime      # DAGs    # Errors  Last Runtime    Last Run
---------------------------------------  -----  ---------  --------  ----------  --------------  -------------------
/opt/airflow/dags/lakehouse_pipeline.py                           1           0  0.21s           2026-08-15T17:47:52
/opt/airflow/dags/maintenance_dag.py                              1           0  0.20s           2026-08-15T17:47:29
================================================================================
[2026-08-15T17:48:27.299+0000] {manager.py:878} INFO - 
================================================================================
DAG File Processing Stats

File Path                                PID    Runtime      # DAGs    # Errors  Last Runtime    Last Run
---------------------------------------  -----  ---------  --------  ----------  --------------  -------------------
/opt/airflow/dags/maintenance_dag.py                              1           0  0.20s           2026-08-15T17:48:00
/opt/airflow/dags/lakehouse_pipeline.py                           1           0  0.19s           2026-08-15T17:48:23
================================================================================
[2026-08-15T17:48:57.671+0000] {manager.py:878} INFO - 
================================================================================
DAG File Processing Stats

File Path                                PID    Runtime      # DAGs    # Errors  Last Runtime    Last Run
---------------------------------------  -----  ---------  --------  ----------  --------------  -------------------
/opt/airflow/dags/lakehouse_pipeline.py                           1           0  0.21s           2026-08-15T17:48:53
/opt/airflow/dags/maintenance_dag.py                              1           0  0.20s           2026-08-15T17:48:30
================================================================================
[2026-08-15T17:49:28.047+0000] {manager.py:878} INFO - 
================================================================================
DAG File Processing Stats

File Path                                PID    Runtime      # DAGs    # Errors  Last Runtime    Last Run
---------------------------------------  -----  ---------  --------  ----------  --------------  -------------------
/opt/airflow/dags/maintenance_dag.py                              1           0  0.21s           2026-08-15T17:49:00
/opt/airflow/dags/lakehouse_pipeline.py                           1           0  0.19s           2026-08-15T17:49:24
================================================================================
[2026-08-15T17:49:58.428+0000] {manager.py:878} INFO - 
================================================================================
DAG File Processing Stats

File Path                                PID    Runtime      # DAGs    # Errors  Last Runtime    Last Run
---------------------------------------  -----  ---------  --------  ----------  --------------  -------------------
/opt/airflow/dags/lakehouse_pipeline.py                           1           0  0.21s           2026-08-15T17:49:54
/opt/airflow/dags/maintenance_dag.py                              1           0  0.20s           2026-08-15T17:49:31
================================================================================
[2026-08-15T17:50:28.471+0000] {manager.py:878} INFO - 
================================================================================
DAG File Processing Stats

File Path                                PID    Runtime      # DAGs    # Errors  Last Runtime    Last Run
---------------------------------------  -----  ---------  --------  ----------  --------------  -------------------
/opt/airflow/dags/lakehouse_pipeline.py                           1           0  0.36s           2026-08-15T17:50:25
/opt/airflow/dags/maintenance_dag.py                              1           0  0.18s           2026-08-15T17:50:01
================================================================================
[2026-08-15T17:50:58.976+0000] {manager.py:878} INFO - 
================================================================================
DAG File Processing Stats

File Path                                PID    Runtime      # DAGs    # Errors  Last Runtime    Last Run
---------------------------------------  -----  ---------  --------  ----------  --------------  -------------------
/opt/airflow/dags/lakehouse_pipeline.py                           1           0  0.50s           2026-08-15T17:50:56
/opt/airflow/dags/maintenance_dag.py                              1           0  0.45s           2026-08-15T17:50:32
================================================================================
[2026-08-15T17:51:12.469+0000] {manager.py:737} INFO - Searching for files in /opt/airflow/dags
[2026-08-15T17:51:12.526+0000] {manager.py:740} INFO - There are 2 files in /opt/airflow/dags
[2026-08-15T17:51:29.075+0000] {manager.py:878} INFO - 
================================================================================
DAG File Processing Stats

File Path                                PID    Runtime      # DAGs    # Errors  Last Runtime    Last Run
---------------------------------------  -----  ---------  --------  ----------  --------------  -------------------
/opt/airflow/dags/maintenance_dag.py                              1           0  0.41s           2026-08-15T17:51:03
/opt/airflow/dags/lakehouse_pipeline.py                           1           0  0.32s           2026-08-15T17:51:27
================================================================================
[2026-08-15T17:51:59.514+0000] {manager.py:878} INFO - 
================================================================================
DAG File Processing Stats

File Path                                PID    Runtime      # DAGs    # Errors  Last Runtime    Last Run
---------------------------------------  -----  ---------  --------  ----------  --------------  -------------------
/opt/airflow/dags/lakehouse_pipeline.py                           1           0  0.45s           2026-08-15T17:51:57
/opt/airflow/dags/maintenance_dag.py                              1           0  0.43s           2026-08-15T17:51:34
================================================================================
[2026-08-15T17:52:29.695+0000] {manager.py:878} INFO - 
================================================================================
DAG File Processing Stats

File Path                                PID    Runtime      # DAGs    # Errors  Last Runtime    Last Run
---------------------------------------  -----  ---------  --------  ----------  --------------  -------------------
/opt/airflow/dags/lakehouse_pipeline.py                           1           0  0.50s           2026-08-15T17:52:28
/opt/airflow/dags/maintenance_dag.py                              1           0  0.48s           2026-08-15T17:52:05
================================================================================
[2026-08-15T17:53:00.162+0000] {manager.py:878} INFO - 
================================================================================
DAG File Processing Stats

File Path                                PID    Runtime      # DAGs    # Errors  Last Runtime    Last Run
---------------------------------------  -----  ---------  --------  ----------  --------------  -------------------
/opt/airflow/dags/maintenance_dag.py                              1           0  0.46s           2026-08-15T17:52:35
/opt/airflow/dags/lakehouse_pipeline.py                           1           0  0.45s           2026-08-15T17:52:59
================================================================================
[2026-08-15T17:53:30.194+0000] {manager.py:878} INFO - 
================================================================================
DAG File Processing Stats

File Path                                PID    Runtime      # DAGs    # Errors  Last Runtime    Last Run
---------------------------------------  -----  ---------  --------  ----------  --------------  -------------------
/opt/airflow/dags/maintenance_dag.py                              1           0  0.38s           2026-08-15T17:53:06
/opt/airflow/dags/lakehouse_pipeline.py                           1           0  0.33s           2026-08-15T17:53:30
================================================================================
[2026-08-15T17:54:00.555+0000] {manager.py:878} INFO - 
================================================================================
DAG File Processing Stats

File Path                                  PID  Runtime      # DAGs    # Errors  Last Runtime    Last Run
---------------------------------------  -----  ---------  --------  ----------  --------------  -------------------
/opt/airflow/dags/maintenance_dag.py                              1           0  0.43s           2026-08-15T17:53:37
/opt/airflow/dags/lakehouse_pipeline.py    867  0.01s             1           0  0.33s           2026-08-15T17:53:30
================================================================================
[2026-08-15T17:54:31.217+0000] {manager.py:878} INFO - 
================================================================================
DAG File Processing Stats

File Path                                  PID  Runtime      # DAGs    # Errors  Last Runtime    Last Run
---------------------------------------  -----  ---------  --------  ----------  --------------  -------------------
/opt/airflow/dags/maintenance_dag.py                              1           0  0.48s           2026-08-15T17:54:08
/opt/airflow/dags/lakehouse_pipeline.py    940  0.01s             1           0  0.35s           2026-08-15T17:54:00
================================================================================
[2026-08-15T17:55:01.886+0000] {manager.py:878} INFO - 
================================================================================
DAG File Processing Stats

File Path                                  PID  Runtime      # DAGs    # Errors  Last Runtime    Last Run
---------------------------------------  -----  ---------  --------  ----------  --------------  -------------------
/opt/airflow/dags/maintenance_dag.py                              1           0  0.36s           2026-08-15T17:54:38
/opt/airflow/dags/lakehouse_pipeline.py    978  0.01s             1           0  0.35s           2026-08-15T17:54:31
================================================================================
[2026-08-15T17:55:31.951+0000] {manager.py:878} INFO - 
================================================================================
DAG File Processing Stats

File Path                                PID    Runtime      # DAGs    # Errors  Last Runtime    Last Run
---------------------------------------  -----  ---------  --------  ----------  --------------  -------------------
/opt/airflow/dags/maintenance_dag.py                              1           0  0.51s           2026-08-15T17:55:09
/opt/airflow/dags/lakehouse_pipeline.py                           1           0  0.49s           2026-08-15T17:55:02
================================================================================
[2026-08-15T17:56:02.414+0000] {manager.py:878} INFO - 
================================================================================
DAG File Processing Stats

File Path                                PID    Runtime      # DAGs    # Errors  Last Runtime    Last Run
---------------------------------------  -----  ---------  --------  ----------  --------------  -------------------
/opt/airflow/dags/lakehouse_pipeline.py                           1           0  0.40s           2026-08-15T17:55:33
/opt/airflow/dags/maintenance_dag.py                              1           0  0.33s           2026-08-15T17:55:40
================================================================================
[2026-08-15T17:56:12.901+0000] {manager.py:737} INFO - Searching for files in /opt/airflow/dags
[2026-08-15T17:56:12.982+0000] {manager.py:740} INFO - There are 2 files in /opt/airflow/dags
[2026-08-15T17:56:33.231+0000] {manager.py:878} INFO - 
================================================================================
DAG File Processing Stats

File Path                                PID    Runtime      # DAGs    # Errors  Last Runtime    Last Run
---------------------------------------  -----  ---------  --------  ----------  --------------  -------------------
/opt/airflow/dags/maintenance_dag.py                              1           0  0.43s           2026-08-15T17:56:11
/opt/airflow/dags/lakehouse_pipeline.py                           1           0  0.36s           2026-08-15T17:56:03
================================================================================
[2026-08-15T17:57:03.999+0000] {manager.py:878} INFO - 
================================================================================
DAG File Processing Stats

File Path                                PID    Runtime      # DAGs    # Errors  Last Runtime    Last Run
---------------------------------------  -----  ---------  --------  ----------  --------------  -------------------
/opt/airflow/dags/lakehouse_pipeline.py                           1           0  0.41s           2026-08-15T17:56:34
/opt/airflow/dags/maintenance_dag.py                              1           0  0.37s           2026-08-15T17:56:41
================================================================================
[2026-08-15T17:57:34.689+0000] {manager.py:878} INFO - 
================================================================================
DAG File Processing Stats

File Path                                PID    Runtime      # DAGs    # Errors  Last Runtime    Last Run
---------------------------------------  -----  ---------  --------  ----------  --------------  -------------------
/opt/airflow/dags/maintenance_dag.py                              1           0  0.38s           2026-08-15T17:57:12
/opt/airflow/dags/lakehouse_pipeline.py                           1           0  0.34s           2026-08-15T17:57:05
================================================================================
[2026-08-15T17:58:05.372+0000] {manager.py:878} INFO - 
================================================================================
DAG File Processing Stats

File Path                                PID    Runtime      # DAGs    # Errors  Last Runtime    Last Run
---------------------------------------  -----  ---------  --------  ----------  --------------  -------------------
/opt/airflow/dags/maintenance_dag.py                              1           0  0.42s           2026-08-15T17:57:43
/opt/airflow/dags/lakehouse_pipeline.py                           1           0  0.34s           2026-08-15T17:57:36
================================================================================
[2026-08-15T17:58:36.070+0000] {manager.py:878} INFO - 
================================================================================
DAG File Processing Stats

File Path                                PID    Runtime      # DAGs    # Errors  Last Runtime    Last Run
---------------------------------------  -----  ---------  --------  ----------  --------------  -------------------
/opt/airflow/dags/lakehouse_pipeline.py                           1           0  0.38s           2026-08-15T17:58:06
/opt/airflow/dags/maintenance_dag.py                              1           0  0.34s           2026-08-15T17:58:13
================================================================================
[2026-08-15T17:59:06.735+0000] {manager.py:878} INFO - 
================================================================================
DAG File Processing Stats

File Path                                PID    Runtime      # DAGs    # Errors  Last Runtime    Last Run
---------------------------------------  -----  ---------  --------  ----------  --------------  -------------------
/opt/airflow/dags/maintenance_dag.py                              1           0  0.37s           2026-08-15T17:58:44
/opt/airflow/dags/lakehouse_pipeline.py                           1           0  0.34s           2026-08-15T17:58:37
================================================================================
[2026-08-15T17:59:37.461+0000] {manager.py:878} INFO - 
================================================================================
DAG File Processing Stats

File Path                                PID    Runtime      # DAGs    # Errors  Last Runtime    Last Run
---------------------------------------  -----  ---------  --------  ----------  --------------  -------------------
/opt/airflow/dags/maintenance_dag.py                              1           0  0.41s           2026-08-15T17:59:15
/opt/airflow/dags/lakehouse_pipeline.py                           1           0  0.39s           2026-08-15T17:59:08
================================================================================
[2026-08-15T18:00:08.152+0000] {manager.py:878} INFO - 
================================================================================
DAG File Processing Stats

File Path                                PID    Runtime      # DAGs    # Errors  Last Runtime    Last Run
---------------------------------------  -----  ---------  --------  ----------  --------------  -------------------
/opt/airflow/dags/maintenance_dag.py                              1           0  0.45s           2026-08-15T17:59:46
/opt/airflow/dags/lakehouse_pipeline.py                           1           0  0.36s           2026-08-15T17:59:38
================================================================================
[2026-08-15T18:00:38.997+0000] {manager.py:878} INFO - 
================================================================================
DAG File Processing Stats

File Path                                PID    Runtime      # DAGs    # Errors  Last Runtime    Last Run
---------------------------------------  -----  ---------  --------  ----------  --------------  -------------------
/opt/airflow/dags/lakehouse_pipeline.py                           1           0  0.49s           2026-08-15T18:00:09
/opt/airflow/dags/maintenance_dag.py                              1           0  0.35s           2026-08-15T18:00:16
================================================================================
[2026-08-15T18:01:09.754+0000] {manager.py:878} INFO - 
================================================================================
DAG File Processing Stats

File Path                                PID    Runtime      # DAGs    # Errors  Last Runtime    Last Run
---------------------------------------  -----  ---------  --------  ----------  --------------  -------------------
/opt/airflow/dags/maintenance_dag.py                              1           0  0.41s           2026-08-15T18:00:47
/opt/airflow/dags/lakehouse_pipeline.py                           1           0  0.40s           2026-08-15T18:00:40
================================================================================
[2026-08-15T18:01:13.149+0000] {manager.py:737} INFO - Searching for files in /opt/airflow/dags
[2026-08-15T18:01:13.219+0000] {manager.py:740} INFO - There are 2 files in /opt/airflow/dags
[2026-08-15T18:01:40.159+0000] {manager.py:878} INFO - 
================================================================================
DAG File Processing Stats

File Path                                PID    Runtime      # DAGs    # Errors  Last Runtime    Last Run
---------------------------------------  -----  ---------  --------  ----------  --------------  -------------------
/opt/airflow/dags/lakehouse_pipeline.py                           1           0  0.34s           2026-08-15T18:01:11
/opt/airflow/dags/maintenance_dag.py                              1           0  0.34s           2026-08-15T18:01:18
================================================================================
[2026-08-15T18:02:10.181+0000] {manager.py:878} INFO - 
================================================================================
DAG File Processing Stats

File Path                                PID    Runtime      # DAGs    # Errors  Last Runtime    Last Run
---------------------------------------  -----  ---------  --------  ----------  --------------  -------------------
/opt/airflow/dags/lakehouse_pipeline.py                           1           0  0.53s           2026-08-15T18:01:41
/opt/airflow/dags/maintenance_dag.py                              1           0  0.36s           2026-08-15T18:01:48
================================================================================
[2026-08-15T18:02:40.986+0000] {manager.py:878} INFO - 
================================================================================
DAG File Processing Stats

File Path                                PID    Runtime      # DAGs    # Errors  Last Runtime    Last Run
---------------------------------------  -----  ---------  --------  ----------  --------------  -------------------
/opt/airflow/dags/lakehouse_pipeline.py                           1           0  0.59s           2026-08-15T18:02:12
/opt/airflow/dags/maintenance_dag.py                              1           0  0.59s           2026-08-15T18:02:19
================================================================================
[2026-08-15T18:03:11.758+0000] {manager.py:878} INFO - 
================================================================================
DAG File Processing Stats

File Path                                PID    Runtime      # DAGs    # Errors  Last Runtime    Last Run
---------------------------------------  -----  ---------  --------  ----------  --------------  -------------------
/opt/airflow/dags/lakehouse_pipeline.py                           1           0  0.42s           2026-08-15T18:02:43
/opt/airflow/dags/maintenance_dag.py                              1           0  0.31s           2026-08-15T18:02:50
================================================================================
[2026-08-15T18:03:42.476+0000] {manager.py:878} INFO - 
================================================================================
DAG File Processing Stats

File Path                                PID    Runtime      # DAGs    # Errors  Last Runtime    Last Run
---------------------------------------  -----  ---------  --------  ----------  --------------  -------------------
/opt/airflow/dags/maintenance_dag.py                              1           0  0.50s           2026-08-15T18:03:21
/opt/airflow/dags/lakehouse_pipeline.py                           1           0  0.38s           2026-08-15T18:03:14
================================================================================
[2026-08-15T18:04:12.621+0000] {manager.py:878} INFO - 
================================================================================
DAG File Processing Stats

File Path                                PID    Runtime      # DAGs    # Errors  Last Runtime    Last Run
---------------------------------------  -----  ---------  --------  ----------  --------------  -------------------
/opt/airflow/dags/maintenance_dag.py                              1           0  0.67s           2026-08-15T18:03:52
/opt/airflow/dags/lakehouse_pipeline.py                           1           0  0.54s           2026-08-15T18:03:45
================================================================================
[2026-08-15T18:04:43.170+0000] {manager.py:878} INFO - 
================================================================================
DAG File Processing Stats

File Path                                PID    Runtime      # DAGs    # Errors  Last Runtime    Last Run
---------------------------------------  -----  ---------  --------  ----------  --------------  -------------------
/opt/airflow/dags/lakehouse_pipeline.py                           1           0  0.46s           2026-08-15T18:04:15
/opt/airflow/dags/maintenance_dag.py                              1           0  0.30s           2026-08-15T18:04:23
================================================================================
[2026-08-15T18:05:14.014+0000] {manager.py:878} INFO - 
================================================================================
DAG File Processing Stats

File Path                                PID    Runtime      # DAGs    # Errors  Last Runtime    Last Run
---------------------------------------  -----  ---------  --------  ----------  --------------  -------------------
/opt/airflow/dags/lakehouse_pipeline.py                           1           0  0.50s           2026-08-15T18:04:46
/opt/airflow/dags/maintenance_dag.py                              1           0  0.45s           2026-08-15T18:04:53
================================================================================
[2026-08-15T18:33:47.354+0000] {manager.py:737} INFO - Searching for files in /opt/airflow/dags
[2026-08-15T18:33:47.957+0000] {manager.py:740} INFO - There are 2 files in /opt/airflow/dags
[2026-08-15T18:34:04.488+0000] {manager.py:878} INFO - 
================================================================================
DAG File Processing Stats

File Path                                PID    Runtime      # DAGs    # Errors  Last Runtime    Last Run
---------------------------------------  -----  ---------  --------  ----------  --------------  -------------------
/opt/airflow/dags/maintenance_dag.py                              1           0  1.42s           2026-08-15T18:33:49
/opt/airflow/dags/lakehouse_pipeline.py                           1           0  1.34s           2026-08-15T18:33:49
================================================================================
[2026-08-15T18:34:34.865+0000] {manager.py:878} INFO - 
================================================================================
DAG File Processing Stats

File Path                                PID    Runtime      # DAGs    # Errors  Last Runtime    Last Run
---------------------------------------  -----  ---------  --------  ----------  --------------  -------------------
/opt/airflow/dags/lakehouse_pipeline.py                           1           0  0.27s           2026-08-15T18:34:19
/opt/airflow/dags/maintenance_dag.py                              1           0  0.25s           2026-08-15T18:34:19
================================================================================
[2026-08-15T18:35:05.235+0000] {manager.py:878} INFO - 
================================================================================
DAG File Processing Stats

File Path                                PID    Runtime      # DAGs    # Errors  Last Runtime    Last Run
---------------------------------------  -----  ---------  --------  ----------  --------------  -------------------
/opt/airflow/dags/lakehouse_pipeline.py                           1           0  0.19s           2026-08-15T18:34:50
/opt/airflow/dags/maintenance_dag.py                              1           0  0.19s           2026-08-15T18:34:50
================================================================================
[2026-08-15T18:35:35.614+0000] {manager.py:878} INFO - 
================================================================================
DAG File Processing Stats

File Path                                PID    Runtime      # DAGs    # Errors  Last Runtime    Last Run
---------------------------------------  -----  ---------  --------  ----------  --------------  -------------------
/opt/airflow/dags/maintenance_dag.py                              1           0  0.19s           2026-08-15T18:35:20
/opt/airflow/dags/lakehouse_pipeline.py                           1           0  0.19s           2026-08-15T18:35:20
================================================================================
[2026-08-15T18:36:05.811+0000] {manager.py:878} INFO - 
================================================================================
DAG File Processing Stats

File Path                                PID    Runtime      # DAGs    # Errors  Last Runtime    Last Run
---------------------------------------  -----  ---------  --------  ----------  --------------  -------------------
/opt/airflow/dags/lakehouse_pipeline.py                           1           0  0.20s           2026-08-15T18:35:50
/opt/airflow/dags/maintenance_dag.py                              1           0  0.18s           2026-08-15T18:35:50
================================================================================
[2026-08-15T18:36:36.353+0000] {manager.py:878} INFO - 
================================================================================
DAG File Processing Stats

File Path                                PID    Runtime      # DAGs    # Errors  Last Runtime    Last Run
---------------------------------------  -----  ---------  --------  ----------  --------------  -------------------
/opt/airflow/dags/maintenance_dag.py                              1           0  0.21s           2026-08-15T18:36:21
/opt/airflow/dags/lakehouse_pipeline.py                           1           0  0.20s           2026-08-15T18:36:21
================================================================================
[2026-08-31T10:48:48.920+0000] {manager.py:470} INFO - Processing files using up to 2 processes at a time 
[2026-08-31T10:48:48.923+0000] {manager.py:471} INFO - Process each file at most once every 30 seconds
[2026-08-31T10:48:48.924+0000] {manager.py:472} INFO - Checking for new files in /opt/airflow/dags every 300 seconds
[2026-08-31T10:48:48.926+0000] {manager.py:737} INFO - Searching for files in /opt/airflow/dags
[2026-08-31T10:48:48.983+0000] {manager.py:740} INFO - There are 3 files in /opt/airflow/dags
[2026-08-31T10:48:50.350+0000] {manager.py:878} INFO - 
================================================================================
DAG File Processing Stats

File Path                                  PID  Runtime      # DAGs    # Errors  Last Runtime    Last Run
---------------------------------------  -----  ---------  --------  ----------  --------------  ----------
/opt/airflow/dags/dag_config.py                                   0           0
/opt/airflow/dags/lakehouse_pipeline.py    176  0.03s             0           0
/opt/airflow/dags/maintenance_dag.py       173  0.06s             0           0
================================================================================
[2026-08-31T10:49:20.769+0000] {manager.py:878} INFO - 
================================================================================
DAG File Processing Stats

File Path                                  PID  Runtime      # DAGs    # Errors  Last Runtime    Last Run
---------------------------------------  -----  ---------  --------  ----------  --------------  -------------------
/opt/airflow/dags/maintenance_dag.py       221  0.02s             1           0  0.21s           2026-08-31T10:48:50
/opt/airflow/dags/lakehouse_pipeline.py    224  0.01s             1           0  0.20s           2026-08-31T10:48:50
/opt/airflow/dags/dag_config.py                                   0           0  0.09s           2026-08-31T10:48:50
================================================================================
[2026-08-31T10:49:51.311+0000] {manager.py:878} INFO - 
================================================================================
DAG File Processing Stats

File Path                                  PID  Runtime      # DAGs    # Errors  Last Runtime    Last Run
---------------------------------------  -----  ---------  --------  ----------  --------------  -------------------
/opt/airflow/dags/maintenance_dag.py       241  0.02s             1           0  0.30s           2026-08-31T10:49:21
/opt/airflow/dags/lakehouse_pipeline.py    244  0.01s             1           0  0.27s           2026-08-31T10:49:21
/opt/airflow/dags/dag_config.py                                   0           0  0.07s           2026-08-31T10:49:21
================================================================================
[2026-08-31T10:50:21.835+0000] {manager.py:878} INFO - 
================================================================================
DAG File Processing Stats

File Path                                  PID  Runtime      # DAGs    # Errors  Last Runtime    Last Run
---------------------------------------  -----  ---------  --------  ----------  --------------  -------------------
/opt/airflow/dags/lakehouse_pipeline.py    263  0.01s             1           0  0.25s           2026-08-31T10:49:51
/opt/airflow/dags/maintenance_dag.py       260  0.03s             1           0  0.25s           2026-08-31T10:49:51
/opt/airflow/dags/dag_config.py                                   0           0  0.08s           2026-08-31T10:49:51
================================================================================
[2026-08-31T10:50:52.401+0000] {manager.py:878} INFO - 
================================================================================
DAG File Processing Stats

File Path                                  PID  Runtime      # DAGs    # Errors  Last Runtime    Last Run
---------------------------------------  -----  ---------  --------  ----------  --------------  -------------------
/opt/airflow/dags/lakehouse_pipeline.py    283  0.01s             1           0  0.31s           2026-08-31T10:50:22
/opt/airflow/dags/maintenance_dag.py       280  0.02s             1           0  0.30s           2026-08-31T10:50:22
/opt/airflow/dags/dag_config.py                                   0           0  0.11s           2026-08-31T10:50:22
================================================================================
[2026-08-31T10:51:22.885+0000] {manager.py:878} INFO - 
================================================================================
DAG File Processing Stats

File Path                                  PID  Runtime      # DAGs    # Errors  Last Runtime    Last Run
---------------------------------------  -----  ---------  --------  ----------  --------------  -------------------
/opt/airflow/dags/maintenance_dag.py       297  0.02s             1           0  0.22s           2026-08-31T10:50:52
/opt/airflow/dags/lakehouse_pipeline.py    300  0.01s             1           0  0.22s           2026-08-31T10:50:52
/opt/airflow/dags/dag_config.py                                   0           0  0.06s           2026-08-31T10:50:52
================================================================================
[2026-08-31T10:51:53.464+0000] {manager.py:878} INFO - 
================================================================================
DAG File Processing Stats

File Path                                  PID  Runtime      # DAGs    # Errors  Last Runtime    Last Run
---------------------------------------  -----  ---------  --------  ----------  --------------  -------------------
/opt/airflow/dags/lakehouse_pipeline.py    318  0.01s             1           0  0.31s           2026-08-31T10:51:23
/opt/airflow/dags/maintenance_dag.py       315  0.03s             1           0  0.31s           2026-08-31T10:51:23
/opt/airflow/dags/dag_config.py                                   0           0  0.10s           2026-08-31T10:51:23
================================================================================
[2026-08-31T10:52:23.978+0000] {manager.py:878} INFO - 
================================================================================
DAG File Processing Stats

File Path                                  PID  Runtime      # DAGs    # Errors  Last Runtime    Last Run
---------------------------------------  -----  ---------  --------  ----------  --------------  -------------------
/opt/airflow/dags/maintenance_dag.py       365  0.02s             1           0  0.28s           2026-08-31T10:51:53
/opt/airflow/dags/lakehouse_pipeline.py    368  0.01s             1           0  0.26s           2026-08-31T10:51:53
/opt/airflow/dags/dag_config.py                                   0           0  0.07s           2026-08-31T10:51:53
================================================================================
[2026-08-31T10:52:54.510+0000] {manager.py:878} INFO - 
================================================================================
DAG File Processing Stats

File Path                                  PID  Runtime      # DAGs    # Errors  Last Runtime    Last Run
---------------------------------------  -----  ---------  --------  ----------  --------------  -------------------
/opt/airflow/dags/lakehouse_pipeline.py    387  0.01s             1           0  0.24s           2026-08-31T10:52:24
/opt/airflow/dags/maintenance_dag.py       384  0.04s             1           0  0.24s           2026-08-31T10:52:24
/opt/airflow/dags/dag_config.py                                   0           0  0.08s           2026-08-31T10:52:24
================================================================================
[2026-08-31T10:53:25.224+0000] {manager.py:878} INFO - 
================================================================================
DAG File Processing Stats

File Path                                  PID  Runtime      # DAGs    # Errors  Last Runtime    Last Run
---------------------------------------  -----  ---------  --------  ----------  --------------  -------------------
/opt/airflow/dags/maintenance_dag.py       402  0.03s             1           0  0.37s           2026-08-31T10:52:54
/opt/airflow/dags/lakehouse_pipeline.py    405  0.01s             1           0  0.32s           2026-08-31T10:52:54
/opt/airflow/dags/dag_config.py                                   0           0  0.11s           2026-08-31T10:52:54
================================================================================
[2026-08-31T10:53:49.803+0000] {manager.py:737} INFO - Searching for files in /opt/airflow/dags
[2026-08-31T10:53:49.883+0000] {manager.py:740} INFO - There are 3 files in /opt/airflow/dags
[2026-08-31T10:53:56.034+0000] {manager.py:878} INFO - 
================================================================================
DAG File Processing Stats

File Path                                  PID  Runtime      # DAGs    # Errors  Last Runtime    Last Run
---------------------------------------  -----  ---------  --------  ----------  --------------  -------------------
/opt/airflow/dags/lakehouse_pipeline.py    425  0.01s             1           0  0.33s           2026-08-31T10:53:25
/opt/airflow/dags/maintenance_dag.py       422  0.03s             1           0  0.33s           2026-08-31T10:53:25
/opt/airflow/dags/dag_config.py                                   0           0  0.11s           2026-08-31T10:53:25
================================================================================
[2026-08-31T10:54:26.707+0000] {manager.py:878} INFO - 
================================================================================
DAG File Processing Stats

File Path                                  PID  Runtime      # DAGs    # Errors  Last Runtime    Last Run
---------------------------------------  -----  ---------  --------  ----------  --------------  -------------------
/opt/airflow/dags/lakehouse_pipeline.py    442  0.01s             1           0  0.31s           2026-08-31T10:53:56
/opt/airflow/dags/maintenance_dag.py       439  0.03s             1           0  0.31s           2026-08-31T10:53:56
/opt/airflow/dags/dag_config.py                                   0           0  0.12s           2026-08-31T10:53:56
================================================================================
[2026-08-31T10:54:57.444+0000] {manager.py:878} INFO - 
================================================================================
DAG File Processing Stats

File Path                                  PID  Runtime      # DAGs    # Errors  Last Runtime    Last Run
---------------------------------------  -----  ---------  --------  ----------  --------------  -------------------
/opt/airflow/dags/lakehouse_pipeline.py    461  0.01s             1           0  0.40s           2026-08-31T10:54:27
/opt/airflow/dags/maintenance_dag.py       458  0.02s             1           0  0.40s           2026-08-31T10:54:27
/opt/airflow/dags/dag_config.py                                   0           0  0.11s           2026-08-31T10:54:27
================================================================================
[2026-08-31T10:55:27.880+0000] {manager.py:878} INFO - 
================================================================================
DAG File Processing Stats

File Path                                  PID  Runtime      # DAGs    # Errors  Last Runtime    Last Run
---------------------------------------  -----  ---------  --------  ----------  --------------  -------------------
/opt/airflow/dags/maintenance_dag.py       475  0.01s             1           0  0.23s           2026-08-31T10:54:57
/opt/airflow/dags/lakehouse_pipeline.py    478  0.00s             1           0  0.22s           2026-08-31T10:54:57
/opt/airflow/dags/dag_config.py                                   0           0  0.06s           2026-08-31T10:54:57
================================================================================
[2026-08-31T10:55:58.339+0000] {manager.py:878} INFO - 
================================================================================
DAG File Processing Stats

File Path                                  PID  Runtime      # DAGs    # Errors  Last Runtime    Last Run
---------------------------------------  -----  ---------  --------  ----------  --------------  -------------------
/opt/airflow/dags/lakehouse_pipeline.py    496  0.01s             1           0  0.23s           2026-08-31T10:55:28
/opt/airflow/dags/maintenance_dag.py       493  0.02s             1           0  0.22s           2026-08-31T10:55:28
/opt/airflow/dags/dag_config.py                                   0           0  0.08s           2026-08-31T10:55:28
================================================================================
[2026-08-31T10:56:28.775+0000] {manager.py:878} INFO - 
================================================================================
DAG File Processing Stats

File Path                                  PID  Runtime      # DAGs    # Errors  Last Runtime    Last Run
---------------------------------------  -----  ---------  --------  ----------  --------------  -------------------
/opt/airflow/dags/maintenance_dag.py       515  0.02s             1           0  0.21s           2026-08-31T10:55:58
/opt/airflow/dags/lakehouse_pipeline.py    518  0.01s             1           0  0.21s           2026-08-31T10:55:58
/opt/airflow/dags/dag_config.py                                   0           0  0.05s           2026-08-31T10:55:58
================================================================================
[2026-08-31T10:56:59.293+0000] {manager.py:878} INFO - 
================================================================================
DAG File Processing Stats

File Path                                  PID  Runtime      # DAGs    # Errors  Last Runtime    Last Run
---------------------------------------  -----  ---------  --------  ----------  --------------  -------------------
/opt/airflow/dags/maintenance_dag.py       601  0.02s             1           0  0.28s           2026-08-31T10:56:29
/opt/airflow/dags/lakehouse_pipeline.py    604  0.01s             1           0  0.27s           2026-08-31T10:56:29
/opt/airflow/dags/dag_config.py                                   0           0  0.07s           2026-08-31T10:56:29
================================================================================
[2026-08-31T10:57:29.731+0000] {manager.py:878} INFO - 
================================================================================
DAG File Processing Stats

File Path                                  PID  Runtime      # DAGs    # Errors  Last Runtime    Last Run
---------------------------------------  -----  ---------  --------  ----------  --------------  -------------------
/opt/airflow/dags/maintenance_dag.py       616  0.02s             1           0  0.24s           2026-08-31T10:56:59
/opt/airflow/dags/lakehouse_pipeline.py    619  0.01s             1           0  0.21s           2026-08-31T10:56:59
/opt/airflow/dags/dag_config.py                                   0           0  0.06s           2026-08-31T10:56:59
================================================================================
[2026-08-31T10:58:00.184+0000] {manager.py:878} INFO - 
================================================================================
DAG File Processing Stats

File Path                                  PID  Runtime      # DAGs    # Errors  Last Runtime    Last Run
---------------------------------------  -----  ---------  --------  ----------  --------------  -------------------
/opt/airflow/dags/maintenance_dag.py       631  0.02s             1           0  0.24s           2026-08-31T10:57:29
/opt/airflow/dags/lakehouse_pipeline.py    634  0.01s             1           0  0.22s           2026-08-31T10:57:29
/opt/airflow/dags/dag_config.py                                   0           0  0.06s           2026-08-31T10:57:30
================================================================================
[2026-08-31T10:58:30.628+0000] {manager.py:878} INFO - 
================================================================================
DAG File Processing Stats

File Path                                  PID  Runtime      # DAGs    # Errors  Last Runtime    Last Run
---------------------------------------  -----  ---------  --------  ----------  --------------  -------------------
/opt/airflow/dags/maintenance_dag.py       646  0.02s             1           0  0.23s           2026-08-31T10:58:00
/opt/airflow/dags/lakehouse_pipeline.py    649  0.00s             1           0  0.23s           2026-08-31T10:58:00
/opt/airflow/dags/dag_config.py                                   0           0  0.07s           2026-08-31T10:58:00
================================================================================
[2026-08-31T10:58:49.958+0000] {manager.py:737} INFO - Searching for files in /opt/airflow/dags
[2026-08-31T10:58:49.987+0000] {manager.py:740} INFO - There are 3 files in /opt/airflow/dags
[2026-08-31T10:59:01.089+0000] {manager.py:878} INFO - 
================================================================================
DAG File Processing Stats

File Path                                  PID  Runtime      # DAGs    # Errors  Last Runtime    Last Run
---------------------------------------  -----  ---------  --------  ----------  --------------  -------------------
/opt/airflow/dags/lakehouse_pipeline.py    664  0.00s             1           0  0.21s           2026-08-31T10:58:30
/opt/airflow/dags/maintenance_dag.py       661  0.01s             1           0  0.19s           2026-08-31T10:58:30
/opt/airflow/dags/dag_config.py                                   0           0  0.06s           2026-08-31T10:58:30
================================================================================
[2026-08-31T10:59:31.467+0000] {manager.py:878} INFO - 
================================================================================
DAG File Processing Stats

File Path                                  PID  Runtime      # DAGs    # Errors  Last Runtime    Last Run
---------------------------------------  -----  ---------  --------  ----------  --------------  -------------------
/opt/airflow/dags/maintenance_dag.py       676  0.02s             1           0  0.19s           2026-08-31T10:59:01
/opt/airflow/dags/lakehouse_pipeline.py    679  0.01s             1           0  0.17s           2026-08-31T10:59:01
/opt/airflow/dags/dag_config.py                                   0           0  0.05s           2026-08-31T10:59:01
================================================================================
[2026-08-31T11:00:01.897+0000] {manager.py:878} INFO - 
================================================================================
DAG File Processing Stats

File Path                                  PID  Runtime      # DAGs    # Errors  Last Runtime    Last Run
---------------------------------------  -----  ---------  --------  ----------  --------------  -------------------
/opt/airflow/dags/lakehouse_pipeline.py    694  0.00s             1           0  0.23s           2026-08-31T10:59:31
/opt/airflow/dags/maintenance_dag.py       691  0.02s             1           0  0.22s           2026-08-31T10:59:31
/opt/airflow/dags/dag_config.py                                   0           0  0.06s           2026-08-31T10:59:31
================================================================================
[2026-08-31T11:00:32.294+0000] {manager.py:878} INFO - 
================================================================================
DAG File Processing Stats

File Path                                  PID  Runtime      # DAGs    # Errors  Last Runtime    Last Run
---------------------------------------  -----  ---------  --------  ----------  --------------  -------------------
/opt/airflow/dags/maintenance_dag.py       706  0.01s             1           0  0.20s           2026-08-31T11:00:02
/opt/airflow/dags/lakehouse_pipeline.py    709  0.00s             1           0  0.18s           2026-08-31T11:00:02
/opt/airflow/dags/dag_config.py                                   0           0  0.06s           2026-08-31T11:00:02
================================================================================
[2026-08-31T11:01:02.678+0000] {manager.py:878} INFO - 
================================================================================
DAG File Processing Stats

File Path                                  PID  Runtime      # DAGs    # Errors  Last Runtime    Last Run
---------------------------------------  -----  ---------  --------  ----------  --------------  -------------------
/opt/airflow/dags/maintenance_dag.py       721  0.01s             1           0  0.19s           2026-08-31T11:00:32
/opt/airflow/dags/lakehouse_pipeline.py    724  0.00s             1           0  0.17s           2026-08-31T11:00:32
/opt/airflow/dags/dag_config.py                                   0           0  0.06s           2026-08-31T11:00:32
================================================================================
[2026-08-31T11:01:33.099+0000] {manager.py:878} INFO - 
================================================================================
DAG File Processing Stats

File Path                                  PID  Runtime      # DAGs    # Errors  Last Runtime    Last Run
---------------------------------------  -----  ---------  --------  ----------  --------------  -------------------
/opt/airflow/dags/lakehouse_pipeline.py    739  0.01s             1           0  0.21s           2026-08-31T11:01:02
/opt/airflow/dags/maintenance_dag.py       736  0.02s             1           0  0.21s           2026-08-31T11:01:02
/opt/airflow/dags/dag_config.py                                   0           0  0.06s           2026-08-31T11:01:02
================================================================================
[2026-08-31T11:02:03.527+0000] {manager.py:878} INFO - 
================================================================================
DAG File Processing Stats

File Path                                  PID  Runtime      # DAGs    # Errors  Last Runtime    Last Run
---------------------------------------  -----  ---------  --------  ----------  --------------  -------------------
/opt/airflow/dags/maintenance_dag.py       751  0.02s             1           0  0.22s           2026-08-31T11:01:33
/opt/airflow/dags/lakehouse_pipeline.py    754  0.01s             1           0  0.20s           2026-08-31T11:01:33
/opt/airflow/dags/dag_config.py                                   0           0  0.06s           2026-08-31T11:01:33
================================================================================
[2026-08-31T11:02:34.047+0000] {manager.py:878} INFO - 
================================================================================
DAG File Processing Stats

File Path                                  PID  Runtime      # DAGs    # Errors  Last Runtime    Last Run
---------------------------------------  -----  ---------  --------  ----------  --------------  -------------------
/opt/airflow/dags/lakehouse_pipeline.py    843  0.00s             1           0  0.30s           2026-08-31T11:02:03
/opt/airflow/dags/maintenance_dag.py       840  0.02s             1           0  0.27s           2026-08-31T11:02:03
/opt/airflow/dags/dag_config.py                                   0           0  0.11s           2026-08-31T11:02:03
================================================================================
[2026-08-31T11:03:04.463+0000] {manager.py:878} INFO - 
================================================================================
DAG File Processing Stats

File Path                                  PID  Runtime      # DAGs    # Errors  Last Runtime    Last Run
---------------------------------------  -----  ---------  --------  ----------  --------------  -------------------
/opt/airflow/dags/lakehouse_pipeline.py    892  0.01s             1           0  0.19s           2026-08-31T11:02:34
/opt/airflow/dags/maintenance_dag.py       889  0.02s             1           0  0.19s           2026-08-31T11:02:34
/opt/airflow/dags/dag_config.py                                   0           0  0.05s           2026-08-31T11:02:34
================================================================================
[2026-08-31T11:03:34.911+0000] {manager.py:878} INFO - 
================================================================================
DAG File Processing Stats

File Path                                  PID  Runtime      # DAGs    # Errors  Last Runtime    Last Run
---------------------------------------  -----  ---------  --------  ----------  --------------  -------------------
/opt/airflow/dags/maintenance_dag.py       908  0.02s             1           0  0.23s           2026-08-31T11:03:04
/opt/airflow/dags/lakehouse_pipeline.py    911  0.01s             1           0  0.21s           2026-08-31T11:03:04
/opt/airflow/dags/dag_config.py                                   0           0  0.06s           2026-08-31T11:03:04
================================================================================
[2026-08-31T11:03:50.213+0000] {manager.py:737} INFO - Searching for files in /opt/airflow/dags
[2026-08-31T11:03:50.236+0000] {manager.py:740} INFO - There are 3 files in /opt/airflow/dags
[2026-08-31T11:04:05.369+0000] {manager.py:878} INFO - 
================================================================================
DAG File Processing Stats

File Path                                  PID  Runtime      # DAGs    # Errors  Last Runtime    Last Run
---------------------------------------  -----  ---------  --------  ----------  --------------  -------------------
/opt/airflow/dags/maintenance_dag.py       925  0.02s             1           0  0.21s           2026-08-31T11:03:35
/opt/airflow/dags/lakehouse_pipeline.py    928  0.01s             1           0  0.19s           2026-08-31T11:03:35
/opt/airflow/dags/dag_config.py                                   0           0  0.06s           2026-08-31T11:03:35
================================================================================
[2026-08-31T11:04:35.791+0000] {manager.py:878} INFO - 
================================================================================
DAG File Processing Stats

File Path                                  PID  Runtime      # DAGs    # Errors  Last Runtime    Last Run
---------------------------------------  -----  ---------  --------  ----------  --------------  -------------------
/opt/airflow/dags/lakehouse_pipeline.py    946  0.01s             1           0  0.22s           2026-08-31T11:04:05
/opt/airflow/dags/maintenance_dag.py       943  0.02s             1           0  0.21s           2026-08-31T11:04:05
/opt/airflow/dags/dag_config.py                                   0           0  0.06s           2026-08-31T11:04:05
================================================================================
[2026-08-31T11:05:06.162+0000] {manager.py:878} INFO - 
================================================================================
DAG File Processing Stats

File Path                                  PID  Runtime      # DAGs    # Errors  Last Runtime    Last Run
---------------------------------------  -----  ---------  --------  ----------  --------------  -------------------
/opt/airflow/dags/lakehouse_pipeline.py    963  0.01s             1           0  0.17s           2026-08-31T11:04:35
/opt/airflow/dags/maintenance_dag.py       960  0.02s             1           0  0.17s           2026-08-31T11:04:35
/opt/airflow/dags/dag_config.py                                   0           0  0.05s           2026-08-31T11:04:36
================================================================================
[2026-08-31T11:05:36.611+0000] {manager.py:878} INFO - 
================================================================================
DAG File Processing Stats

File Path                                  PID  Runtime      # DAGs    # Errors  Last Runtime    Last Run
---------------------------------------  -----  ---------  --------  ----------  --------------  -------------------
/opt/airflow/dags/lakehouse_pipeline.py    982  0.01s             1           0  0.25s           2026-08-31T11:05:06
/opt/airflow/dags/maintenance_dag.py       979  0.02s             1           0  0.24s           2026-08-31T11:05:06
/opt/airflow/dags/dag_config.py                                   0           0  0.08s           2026-08-31T11:05:06
================================================================================
[2026-08-31T11:06:07.006+0000] {manager.py:878} INFO - 
================================================================================
DAG File Processing Stats

File Path                                  PID  Runtime      # DAGs    # Errors  Last Runtime    Last Run
---------------------------------------  -----  ---------  --------  ----------  --------------  -------------------
/opt/airflow/dags/lakehouse_pipeline.py    999  0.01s             1           0  0.19s           2026-08-31T11:05:36
/opt/airflow/dags/maintenance_dag.py       996  0.02s             1           0  0.18s           2026-08-31T11:05:36
/opt/airflow/dags/dag_config.py                                   0           0  0.06s           2026-08-31T11:05:36
================================================================================
[2026-08-31T11:06:37.413+0000] {manager.py:878} INFO - 
================================================================================
DAG File Processing Stats

File Path                                  PID  Runtime      # DAGs    # Errors  Last Runtime    Last Run
---------------------------------------  -----  ---------  --------  ----------  --------------  -------------------
/opt/airflow/dags/lakehouse_pipeline.py   1018  0.01s             1           0  0.18s           2026-08-31T11:06:07
/opt/airflow/dags/maintenance_dag.py      1015  0.03s             1           0  0.18s           2026-08-31T11:06:07
/opt/airflow/dags/dag_config.py                                   0           0  0.06s           2026-08-31T11:06:07
================================================================================
[2026-08-31T11:07:07.813+0000] {manager.py:878} INFO - 
================================================================================
DAG File Processing Stats

File Path                                  PID  Runtime      # DAGs    # Errors  Last Runtime    Last Run
---------------------------------------  -----  ---------  --------  ----------  --------------  -------------------
/opt/airflow/dags/maintenance_dag.py      1031  0.01s             1           0  0.21s           2026-08-31T11:06:37
/opt/airflow/dags/lakehouse_pipeline.py   1034  0.00s             1           0  0.21s           2026-08-31T11:06:37
/opt/airflow/dags/dag_config.py                                   0           0  0.06s           2026-08-31T11:06:37
================================================================================
[2026-08-31T11:07:38.180+0000] {manager.py:878} INFO - 
================================================================================
DAG File Processing Stats

File Path                                  PID  Runtime      # DAGs    # Errors  Last Runtime    Last Run
---------------------------------------  -----  ---------  --------  ----------  --------------  -------------------
/opt/airflow/dags/lakehouse_pipeline.py   1081  0.00s             1           0  0.17s           2026-08-31T11:07:07
/opt/airflow/dags/maintenance_dag.py      1078  0.01s             1           0  0.17s           2026-08-31T11:07:07
/opt/airflow/dags/dag_config.py                                   0           0  0.06s           2026-08-31T11:07:08
================================================================================
[2026-08-31T11:08:08.597+0000] {manager.py:878} INFO - 
================================================================================
DAG File Processing Stats

File Path                                  PID  Runtime      # DAGs    # Errors  Last Runtime    Last Run
---------------------------------------  -----  ---------  --------  ----------  --------------  -------------------
/opt/airflow/dags/maintenance_dag.py      1097  0.02s             1           0  0.21s           2026-08-31T11:07:38
/opt/airflow/dags/lakehouse_pipeline.py   1100  0.01s             1           0  0.19s           2026-08-31T11:07:38
/opt/airflow/dags/dag_config.py                                   0           0  0.07s           2026-08-31T11:07:38
================================================================================
[2026-08-31T11:08:39.008+0000] {manager.py:878} INFO - 
================================================================================
DAG File Processing Stats

File Path                                  PID  Runtime      # DAGs    # Errors  Last Runtime    Last Run
---------------------------------------  -----  ---------  --------  ----------  --------------  -------------------
/opt/airflow/dags/maintenance_dag.py      1119  0.02s             1           0  0.22s           2026-08-31T11:08:08
/opt/airflow/dags/lakehouse_pipeline.py   1122  0.01s             1           0  0.20s           2026-08-31T11:08:08
/opt/airflow/dags/dag_config.py                                   0           0  0.06s           2026-08-31T11:08:08
================================================================================
[2026-08-31T11:08:50.287+0000] {manager.py:737} INFO - Searching for files in /opt/airflow/dags
[2026-08-31T11:08:50.315+0000] {manager.py:740} INFO - There are 3 files in /opt/airflow/dags
[2026-08-31T11:09:09.481+0000] {manager.py:878} INFO - 
================================================================================
DAG File Processing Stats

File Path                                  PID  Runtime      # DAGs    # Errors  Last Runtime    Last Run
---------------------------------------  -----  ---------  --------  ----------  --------------  -------------------
/opt/airflow/dags/lakehouse_pipeline.py   1140  0.01s             1           0  0.21s           2026-08-31T11:08:39
/opt/airflow/dags/maintenance_dag.py      1137  0.02s             1           0  0.21s           2026-08-31T11:08:39
/opt/airflow/dags/dag_config.py                                   0           0  0.06s           2026-08-31T11:08:39
================================================================================
[2026-08-31T11:09:39.923+0000] {manager.py:878} INFO - 
================================================================================
DAG File Processing Stats

File Path                                  PID  Runtime      # DAGs    # Errors  Last Runtime    Last Run
---------------------------------------  -----  ---------  --------  ----------  --------------  -------------------
/opt/airflow/dags/lakehouse_pipeline.py   1160  0.01s             1           0  0.21s           2026-08-31T11:09:09
/opt/airflow/dags/maintenance_dag.py      1157  0.02s             1           0  0.20s           2026-08-31T11:09:09
/opt/airflow/dags/dag_config.py                                   0           0  0.06s           2026-08-31T11:09:09
================================================================================
[2026-08-31T11:10:10.390+0000] {manager.py:878} INFO - 
================================================================================
DAG File Processing Stats

File Path                                  PID  Runtime      # DAGs    # Errors  Last Runtime    Last Run
---------------------------------------  -----  ---------  --------  ----------  --------------  -------------------
/opt/airflow/dags/lakehouse_pipeline.py   1180  0.00s             1           0  0.22s           2026-08-31T11:09:40
/opt/airflow/dags/maintenance_dag.py      1177  0.02s             1           0  0.22s           2026-08-31T11:09:40
/opt/airflow/dags/dag_config.py                                   0           0  0.06s           2026-08-31T11:09:40
================================================================================
[2026-08-31T11:10:40.812+0000] {manager.py:878} INFO - 
================================================================================
DAG File Processing Stats

File Path                                  PID  Runtime      # DAGs    # Errors  Last Runtime    Last Run
---------------------------------------  -----  ---------  --------  ----------  --------------  -------------------
/opt/airflow/dags/lakehouse_pipeline.py   1198  0.01s             1           0  0.20s           2026-08-31T11:10:10
/opt/airflow/dags/maintenance_dag.py      1195  0.02s             1           0  0.20s           2026-08-31T11:10:10
/opt/airflow/dags/dag_config.py                                   0           0  0.06s           2026-08-31T11:10:10
================================================================================
[2026-08-31T11:11:11.202+0000] {manager.py:878} INFO - 
================================================================================
DAG File Processing Stats

File Path                                  PID  Runtime      # DAGs    # Errors  Last Runtime    Last Run
---------------------------------------  -----  ---------  --------  ----------  --------------  -------------------
/opt/airflow/dags/maintenance_dag.py      1233  0.02s             1           0  0.18s           2026-08-31T11:10:40
/opt/airflow/dags/lakehouse_pipeline.py   1236  0.00s             1           0  0.18s           2026-08-31T11:10:40
/opt/airflow/dags/dag_config.py                                   0           0  0.06s           2026-08-31T11:10:41
================================================================================
[2026-08-31T11:11:41.608+0000] {manager.py:878} INFO - 
================================================================================
DAG File Processing Stats

File Path                                  PID  Runtime      # DAGs    # Errors  Last Runtime    Last Run
---------------------------------------  -----  ---------  --------  ----------  --------------  -------------------
/opt/airflow/dags/lakehouse_pipeline.py   1326  0.00s             1           0  0.21s           2026-08-31T11:11:11
/opt/airflow/dags/maintenance_dag.py      1323  0.01s             1           0  0.21s           2026-08-31T11:11:11
/opt/airflow/dags/dag_config.py                                   0           0  0.07s           2026-08-31T11:11:11
================================================================================
[2026-08-31T11:12:12.032+0000] {manager.py:878} INFO - 
================================================================================
DAG File Processing Stats

File Path                                  PID  Runtime      # DAGs    # Errors  Last Runtime    Last Run
---------------------------------------  -----  ---------  --------  ----------  --------------  -------------------
/opt/airflow/dags/lakehouse_pipeline.py   1341  0.01s             1           0  0.21s           2026-08-31T11:11:41
/opt/airflow/dags/maintenance_dag.py      1338  0.02s             1           0  0.21s           2026-08-31T11:11:41
/opt/airflow/dags/dag_config.py                                   0           0  0.05s           2026-08-31T11:11:41
================================================================================
[2026-08-31T11:12:42.430+0000] {manager.py:878} INFO - 
================================================================================
DAG File Processing Stats

File Path                                  PID  Runtime      # DAGs    # Errors  Last Runtime    Last Run
---------------------------------------  -----  ---------  --------  ----------  --------------  -------------------
/opt/airflow/dags/maintenance_dag.py      1353  0.02s             1           0  0.19s           2026-08-31T11:12:12
/opt/airflow/dags/lakehouse_pipeline.py   1356  0.01s             1           0  0.16s           2026-08-31T11:12:12
/opt/airflow/dags/dag_config.py                                   0           0  0.06s           2026-08-31T11:12:12
================================================================================
[2026-08-31T11:13:12.866+0000] {manager.py:878} INFO - 
================================================================================
DAG File Processing Stats

File Path                                  PID  Runtime      # DAGs    # Errors  Last Runtime    Last Run
---------------------------------------  -----  ---------  --------  ----------  --------------  -------------------
/opt/airflow/dags/maintenance_dag.py      1368  0.02s             1           0  0.23s           2026-08-31T11:12:42
/opt/airflow/dags/lakehouse_pipeline.py   1371  0.01s             1           0  0.20s           2026-08-31T11:12:42
/opt/airflow/dags/dag_config.py                                   0           0  0.06s           2026-08-31T11:12:42
================================================================================
[2026-08-31T11:13:43.333+0000] {manager.py:878} INFO - 
================================================================================
DAG File Processing Stats

File Path                                  PID  Runtime      # DAGs    # Errors  Last Runtime    Last Run
---------------------------------------  -----  ---------  --------  ----------  --------------  -------------------
/opt/airflow/dags/lakehouse_pipeline.py   1386  0.01s             1           0  0.26s           2026-08-31T11:13:13
/opt/airflow/dags/maintenance_dag.py      1383  0.02s             1           0  0.26s           2026-08-31T11:13:13
/opt/airflow/dags/dag_config.py                                   0           0  0.06s           2026-08-31T11:13:13
================================================================================
[2026-08-31T11:13:50.581+0000] {manager.py:737} INFO - Searching for files in /opt/airflow/dags
[2026-08-31T11:13:50.614+0000] {manager.py:740} INFO - There are 3 files in /opt/airflow/dags
[2026-08-31T11:14:13.805+0000] {manager.py:878} INFO - 
================================================================================
DAG File Processing Stats

File Path                                  PID  Runtime      # DAGs    # Errors  Last Runtime    Last Run
---------------------------------------  -----  ---------  --------  ----------  --------------  -------------------
/opt/airflow/dags/maintenance_dag.py      1398  0.02s             1           0  0.22s           2026-08-31T11:13:43
/opt/airflow/dags/lakehouse_pipeline.py   1401  0.01s             1           0  0.20s           2026-08-31T11:13:43
/opt/airflow/dags/dag_config.py                                   0           0  0.06s           2026-08-31T11:13:43
================================================================================
[2026-08-31T11:14:44.270+0000] {manager.py:878} INFO - 
================================================================================
DAG File Processing Stats

File Path                                  PID  Runtime      # DAGs    # Errors  Last Runtime    Last Run
---------------------------------------  -----  ---------  --------  ----------  --------------  -------------------
/opt/airflow/dags/lakehouse_pipeline.py   1416  0.01s             1           0  0.24s           2026-08-31T11:14:14
/opt/airflow/dags/maintenance_dag.py      1413  0.02s             1           0  0.23s           2026-08-31T11:14:14
/opt/airflow/dags/dag_config.py                                   0           0  0.10s           2026-08-31T11:14:14
================================================================================
[2026-08-31T11:15:14.738+0000] {manager.py:878} INFO - 
================================================================================
DAG File Processing Stats

File Path                                  PID  Runtime      # DAGs    # Errors  Last Runtime    Last Run
---------------------------------------  -----  ---------  --------  ----------  --------------  -------------------
/opt/airflow/dags/lakehouse_pipeline.py   1431  0.01s             1           0  0.24s           2026-08-31T11:14:44
/opt/airflow/dags/maintenance_dag.py      1428  0.02s             1           0  0.23s           2026-08-31T11:14:44
/opt/airflow/dags/dag_config.py                                   0           0  0.06s           2026-08-31T11:14:44
================================================================================
[2026-08-31T11:15:45.189+0000] {manager.py:878} INFO - 
================================================================================
DAG File Processing Stats

File Path                                  PID  Runtime      # DAGs    # Errors  Last Runtime    Last Run
---------------------------------------  -----  ---------  --------  ----------  --------------  -------------------
/opt/airflow/dags/lakehouse_pipeline.py   1446  0.01s             1           0  0.23s           2026-08-31T11:15:14
/opt/airflow/dags/maintenance_dag.py      1443  0.02s             1           0  0.23s           2026-08-31T11:15:14
/opt/airflow/dags/dag_config.py                                   0           0  0.07s           2026-08-31T11:15:15
================================================================================
[2026-08-31T11:16:15.637+0000] {manager.py:878} INFO - 
================================================================================
DAG File Processing Stats

File Path                                  PID  Runtime      # DAGs    # Errors  Last Runtime    Last Run
---------------------------------------  -----  ---------  --------  ----------  --------------  -------------------
/opt/airflow/dags/maintenance_dag.py      1458  0.01s             1           0  0.23s           2026-08-31T11:15:45
/opt/airflow/dags/lakehouse_pipeline.py   1461  0.00s             1           0  0.23s           2026-08-31T11:15:45
/opt/airflow/dags/dag_config.py                                   0           0  0.06s           2026-08-31T11:15:45
================================================================================
[2026-08-31T11:16:46.049+0000] {manager.py:878} INFO - 
================================================================================
DAG File Processing Stats

File Path                                  PID  Runtime      # DAGs    # Errors  Last Runtime    Last Run
---------------------------------------  -----  ---------  --------  ----------  --------------  -------------------
/opt/airflow/dags/maintenance_dag.py      1475  0.02s             1           0  0.18s           2026-08-31T11:16:15
/opt/airflow/dags/lakehouse_pipeline.py   1478  0.00s             1           0  0.16s           2026-08-31T11:16:15
/opt/airflow/dags/dag_config.py                                   0           0  0.05s           2026-08-31T11:16:15
================================================================================
[2026-08-31T11:17:16.474+0000] {manager.py:878} INFO - 
================================================================================
DAG File Processing Stats

File Path                                  PID  Runtime      # DAGs    # Errors  Last Runtime    Last Run
---------------------------------------  -----  ---------  --------  ----------  --------------  -------------------
/opt/airflow/dags/maintenance_dag.py      1566  0.01s             1           0  0.24s           2026-08-31T11:16:46
/opt/airflow/dags/lakehouse_pipeline.py   1569  0.00s             1           0  0.22s           2026-08-31T11:16:46
/opt/airflow/dags/dag_config.py                                   0           0  0.06s           2026-08-31T11:16:46
================================================================================
[2026-08-31T11:17:46.878+0000] {manager.py:878} INFO - 
================================================================================
DAG File Processing Stats

File Path                                  PID  Runtime      # DAGs    # Errors  Last Runtime    Last Run
---------------------------------------  -----  ---------  --------  ----------  --------------  -------------------
/opt/airflow/dags/lakehouse_pipeline.py   1618  0.00s             1           0  0.18s           2026-08-31T11:17:16
/opt/airflow/dags/maintenance_dag.py      1615  0.02s             1           0  0.18s           2026-08-31T11:17:16
/opt/airflow/dags/dag_config.py                                   0           0  0.05s           2026-08-31T11:17:16
================================================================================
[2026-08-31T11:18:17.282+0000] {manager.py:878} INFO - 
================================================================================
DAG File Processing Stats

File Path                                  PID  Runtime      # DAGs    # Errors  Last Runtime    Last Run
---------------------------------------  -----  ---------  --------  ----------  --------------  -------------------
/opt/airflow/dags/lakehouse_pipeline.py   1635  0.00s             1           0  0.18s           2026-08-31T11:17:47
/opt/airflow/dags/maintenance_dag.py      1632  0.02s             1           0  0.18s           2026-08-31T11:17:47
/opt/airflow/dags/dag_config.py                                   0           0  0.05s           2026-08-31T11:17:47
================================================================================
[2026-08-31T11:18:47.674+0000] {manager.py:878} INFO - 
================================================================================
DAG File Processing Stats

File Path                                  PID  Runtime      # DAGs    # Errors  Last Runtime    Last Run
---------------------------------------  -----  ---------  --------  ----------  --------------  -------------------
/opt/airflow/dags/lakehouse_pipeline.py   1652  0.00s             1           0  0.20s           2026-08-31T11:18:17
/opt/airflow/dags/maintenance_dag.py      1649  0.01s             1           0  0.20s           2026-08-31T11:18:17
/opt/airflow/dags/dag_config.py                                   0           0  0.06s           2026-08-31T11:18:17
================================================================================
[2026-08-31T11:18:50.906+0000] {manager.py:737} INFO - Searching for files in /opt/airflow/dags
[2026-08-31T11:18:50.931+0000] {manager.py:740} INFO - There are 3 files in /opt/airflow/dags
[2026-08-31T11:19:18.132+0000] {manager.py:878} INFO - 
================================================================================
DAG File Processing Stats

File Path                                  PID  Runtime      # DAGs    # Errors  Last Runtime    Last Run
---------------------------------------  -----  ---------  --------  ----------  --------------  -------------------
/opt/airflow/dags/maintenance_dag.py      1666  0.02s             1           0  0.23s           2026-08-31T11:18:47
/opt/airflow/dags/lakehouse_pipeline.py   1669  0.01s             1           0  0.20s           2026-08-31T11:18:47
/opt/airflow/dags/dag_config.py                                   0           0  0.06s           2026-08-31T11:18:47
================================================================================
[2026-08-31T11:19:48.522+0000] {manager.py:878} INFO - 
================================================================================
DAG File Processing Stats

File Path                                  PID  Runtime      # DAGs    # Errors  Last Runtime    Last Run
---------------------------------------  -----  ---------  --------  ----------  --------------  -------------------
/opt/airflow/dags/maintenance_dag.py      1685  0.02s             1           0  0.19s           2026-08-31T11:19:18
/opt/airflow/dags/lakehouse_pipeline.py   1688  0.01s             1           0  0.18s           2026-08-31T11:19:18
/opt/airflow/dags/dag_config.py                                   0           0  0.05s           2026-08-31T11:19:18
================================================================================
[2026-08-31T11:20:18.890+0000] {manager.py:878} INFO - 
================================================================================
DAG File Processing Stats

File Path                                  PID  Runtime      # DAGs    # Errors  Last Runtime    Last Run
---------------------------------------  -----  ---------  --------  ----------  --------------  -------------------
/opt/airflow/dags/maintenance_dag.py      1702  0.01s             1           0  0.19s           2026-08-31T11:19:48
/opt/airflow/dags/lakehouse_pipeline.py   1705  0.00s             1           0  0.16s           2026-08-31T11:19:48
/opt/airflow/dags/dag_config.py                                   0           0  0.05s           2026-08-31T11:19:48
================================================================================
[2026-08-31T11:20:49.274+0000] {manager.py:878} INFO - 
================================================================================
DAG File Processing Stats

File Path                                  PID  Runtime      # DAGs    # Errors  Last Runtime    Last Run
---------------------------------------  -----  ---------  --------  ----------  --------------  -------------------
/opt/airflow/dags/maintenance_dag.py      1719  0.02s             1           0  0.18s           2026-08-31T11:20:19
/opt/airflow/dags/lakehouse_pipeline.py   1722  0.01s             1           0  0.15s           2026-08-31T11:20:19
/opt/airflow/dags/dag_config.py                                   0           0  0.05s           2026-08-31T11:20:19
================================================================================
[2026-08-31T11:21:19.641+0000] {manager.py:878} INFO - 
================================================================================
DAG File Processing Stats

File Path                                  PID  Runtime      # DAGs    # Errors  Last Runtime    Last Run
---------------------------------------  -----  ---------  --------  ----------  --------------  -------------------
/opt/airflow/dags/lakehouse_pipeline.py   1771  0.01s             1           0  0.17s           2026-08-31T11:20:49
/opt/airflow/dags/maintenance_dag.py      1768  0.02s             1           0  0.17s           2026-08-31T11:20:49
/opt/airflow/dags/dag_config.py                                   0           0  0.05s           2026-08-31T11:20:49
================================================================================
[2026-08-31T11:21:50.039+0000] {manager.py:878} INFO - 
================================================================================
DAG File Processing Stats

File Path                                  PID  Runtime      # DAGs    # Errors  Last Runtime    Last Run
---------------------------------------  -----  ---------  --------  ----------  --------------  -------------------
/opt/airflow/dags/lakehouse_pipeline.py   1788  0.00s             1           0  0.19s           2026-08-31T11:21:19
/opt/airflow/dags/maintenance_dag.py      1785  0.02s             1           0  0.19s           2026-08-31T11:21:19
/opt/airflow/dags/dag_config.py                                   0           0  0.05s           2026-08-31T11:21:19
================================================================================
[2026-08-31T11:22:20.420+0000] {manager.py:878} INFO - 
================================================================================
DAG File Processing Stats

File Path                                  PID  Runtime      # DAGs    # Errors  Last Runtime    Last Run
---------------------------------------  -----  ---------  --------  ----------  --------------  -------------------
/opt/airflow/dags/maintenance_dag.py      1806  0.02s             1           0  0.20s           2026-08-31T11:21:50
/opt/airflow/dags/lakehouse_pipeline.py   1809  0.00s             1           0  0.17s           2026-08-31T11:21:50
/opt/airflow/dags/dag_config.py                                   0           0  0.05s           2026-08-31T11:21:50
================================================================================
[2026-08-31T11:22:50.795+0000] {manager.py:878} INFO - 
================================================================================
DAG File Processing Stats

File Path                                  PID  Runtime      # DAGs    # Errors  Last Runtime    Last Run
---------------------------------------  -----  ---------  --------  ----------  --------------  -------------------
/opt/airflow/dags/lakehouse_pipeline.py   1825  0.00s             1           0  0.17s           2026-08-31T11:22:20
/opt/airflow/dags/maintenance_dag.py      1822  0.01s             1           0  0.17s           2026-08-31T11:22:20
/opt/airflow/dags/dag_config.py                                   0           0  0.05s           2026-08-31T11:22:20
================================================================================
[2026-08-31T11:23:21.203+0000] {manager.py:878} INFO - 
================================================================================
DAG File Processing Stats

File Path                                  PID  Runtime      # DAGs    # Errors  Last Runtime    Last Run
---------------------------------------  -----  ---------  --------  ----------  --------------  -------------------
/opt/airflow/dags/maintenance_dag.py      1840  0.02s             1           0  0.21s           2026-08-31T11:22:50
/opt/airflow/dags/lakehouse_pipeline.py   1843  0.00s             1           0  0.19s           2026-08-31T11:22:50
/opt/airflow/dags/dag_config.py                                   0           0  0.05s           2026-08-31T11:22:51
================================================================================
[2026-08-31T11:23:51.555+0000] {manager.py:737} INFO - Searching for files in /opt/airflow/dags
[2026-08-31T11:23:51.579+0000] {manager.py:740} INFO - There are 3 files in /opt/airflow/dags
[2026-08-31T11:23:51.610+0000] {manager.py:878} INFO - 
================================================================================
DAG File Processing Stats

File Path                                  PID  Runtime      # DAGs    # Errors  Last Runtime    Last Run
---------------------------------------  -----  ---------  --------  ----------  --------------  -------------------
/opt/airflow/dags/maintenance_dag.py      1857  0.02s             1           0  0.18s           2026-08-31T11:23:21
/opt/airflow/dags/lakehouse_pipeline.py   1860  0.00s             1           0  0.17s           2026-08-31T11:23:21
/opt/airflow/dags/dag_config.py                                   0           0  0.05s           2026-08-31T11:23:21
================================================================================
[2026-08-31T11:24:21.996+0000] {manager.py:878} INFO - 
================================================================================
DAG File Processing Stats

File Path                                  PID  Runtime      # DAGs    # Errors  Last Runtime    Last Run
---------------------------------------  -----  ---------  --------  ----------  --------------  -------------------
/opt/airflow/dags/lakehouse_pipeline.py   1879  0.00s             1           0  0.17s           2026-08-31T11:23:51
/opt/airflow/dags/maintenance_dag.py      1876  0.01s             1           0  0.17s           2026-08-31T11:23:51
/opt/airflow/dags/dag_config.py                                   0           0  0.06s           2026-08-31T11:23:51
================================================================================
[2026-08-31T11:24:52.361+0000] {manager.py:878} INFO - 
================================================================================
DAG File Processing Stats

File Path                                  PID  Runtime      # DAGs    # Errors  Last Runtime    Last Run
---------------------------------------  -----  ---------  --------  ----------  --------------  -------------------
/opt/airflow/dags/maintenance_dag.py      1968  0.02s             1           0  0.19s           2026-08-31T11:24:22
/opt/airflow/dags/lakehouse_pipeline.py   1971  0.01s             1           0  0.16s           2026-08-31T11:24:22
/opt/airflow/dags/dag_config.py                                   0           0  0.05s           2026-08-31T11:24:22
================================================================================
[2026-08-31T11:25:22.757+0000] {manager.py:878} INFO - 
================================================================================
DAG File Processing Stats

File Path                                  PID  Runtime      # DAGs    # Errors  Last Runtime    Last Run
---------------------------------------  -----  ---------  --------  ----------  --------------  -------------------
/opt/airflow/dags/maintenance_dag.py      1983  0.01s             1           0  0.19s           2026-08-31T11:24:52
/opt/airflow/dags/lakehouse_pipeline.py   1986  0.00s             1           0  0.18s           2026-08-31T11:24:52
/opt/airflow/dags/dag_config.py                                   0           0  0.06s           2026-08-31T11:24:52
================================================================================
[2026-08-31T11:25:53.138+0000] {manager.py:878} INFO - 
================================================================================
DAG File Processing Stats

File Path                                  PID  Runtime      # DAGs    # Errors  Last Runtime    Last Run
---------------------------------------  -----  ---------  --------  ----------  --------------  -------------------
/opt/airflow/dags/maintenance_dag.py      1998  0.02s             1           0  0.17s           2026-08-31T11:25:22
/opt/airflow/dags/lakehouse_pipeline.py   2001  0.00s             1           0  0.17s           2026-08-31T11:25:22
/opt/airflow/dags/dag_config.py                                   0           0  0.05s           2026-08-31T11:25:22
================================================================================
[2026-08-31T11:26:23.533+0000] {manager.py:878} INFO - 
================================================================================
DAG File Processing Stats

File Path                                  PID  Runtime      # DAGs    # Errors  Last Runtime    Last Run
---------------------------------------  -----  ---------  --------  ----------  --------------  -------------------
/opt/airflow/dags/maintenance_dag.py      2013  0.02s             1           0  0.20s           2026-08-31T11:25:53
/opt/airflow/dags/lakehouse_pipeline.py   2016  0.00s             1           0  0.18s           2026-08-31T11:25:53
/opt/airflow/dags/dag_config.py                                   0           0  0.05s           2026-08-31T11:25:53
================================================================================
[2026-08-31T11:26:53.925+0000] {manager.py:878} INFO - 
================================================================================
DAG File Processing Stats

File Path                                  PID  Runtime      # DAGs    # Errors  Last Runtime    Last Run
---------------------------------------  -----  ---------  --------  ----------  --------------  -------------------
/opt/airflow/dags/maintenance_dag.py      2028  0.02s             1           0  0.20s           2026-08-31T11:26:23
/opt/airflow/dags/lakehouse_pipeline.py   2031  0.00s             1           0  0.18s           2026-08-31T11:26:23
/opt/airflow/dags/dag_config.py                                   0           0  0.05s           2026-08-31T11:26:23
================================================================================
[2026-08-31T11:27:24.346+0000] {manager.py:878} INFO - 
================================================================================
DAG File Processing Stats

File Path                                  PID  Runtime      # DAGs    # Errors  Last Runtime    Last Run
---------------------------------------  -----  ---------  --------  ----------  --------------  -------------------
/opt/airflow/dags/lakehouse_pipeline.py   2046  0.01s             1           0  0.21s           2026-08-31T11:26:54
/opt/airflow/dags/maintenance_dag.py      2043  0.02s             1           0  0.20s           2026-08-31T11:26:54
/opt/airflow/dags/dag_config.py                                   0           0  0.05s           2026-08-31T11:26:54
================================================================================
[2026-08-31T11:27:54.761+0000] {manager.py:878} INFO - 
================================================================================
DAG File Processing Stats

File Path                                  PID  Runtime      # DAGs    # Errors  Last Runtime    Last Run
---------------------------------------  -----  ---------  --------  ----------  --------------  -------------------
/opt/airflow/dags/lakehouse_pipeline.py   2061  0.00s             1           0  0.21s           2026-08-31T11:27:24
/opt/airflow/dags/maintenance_dag.py      2058  0.01s             1           0  0.19s           2026-08-31T11:27:24
/opt/airflow/dags/dag_config.py                                   0           0  0.06s           2026-08-31T11:27:24
================================================================================
[2026-08-31T11:28:25.174+0000] {manager.py:878} INFO - 
================================================================================
DAG File Processing Stats

File Path                                  PID  Runtime      # DAGs    # Errors  Last Runtime    Last Run
---------------------------------------  -----  ---------  --------  ----------  --------------  -------------------
/opt/airflow/dags/maintenance_dag.py      2073  0.02s             1           0  0.22s           2026-08-31T11:27:54
/opt/airflow/dags/lakehouse_pipeline.py   2076  0.01s             1           0  0.19s           2026-08-31T11:27:54
/opt/airflow/dags/dag_config.py                                   0           0  0.06s           2026-08-31T11:27:55
================================================================================
[2026-08-31T11:28:52.505+0000] {manager.py:737} INFO - Searching for files in /opt/airflow/dags
[2026-08-31T11:28:52.529+0000] {manager.py:740} INFO - There are 3 files in /opt/airflow/dags
[2026-08-31T11:28:55.576+0000] {manager.py:878} INFO - 
================================================================================
DAG File Processing Stats

File Path                                  PID  Runtime      # DAGs    # Errors  Last Runtime    Last Run
---------------------------------------  -----  ---------  --------  ----------  --------------  -------------------
/opt/airflow/dags/maintenance_dag.py      2088  0.02s             1           0  0.17s           2026-08-31T11:28:25
/opt/airflow/dags/lakehouse_pipeline.py   2091  0.00s             1           0  0.17s           2026-08-31T11:28:25
/opt/airflow/dags/dag_config.py                                   0           0  0.05s           2026-08-31T11:28:25
================================================================================
[2026-08-31T11:29:25.965+0000] {manager.py:878} INFO - 
================================================================================
DAG File Processing Stats

File Path                                  PID  Runtime      # DAGs    # Errors  Last Runtime    Last Run
---------------------------------------  -----  ---------  --------  ----------  --------------  -------------------
/opt/airflow/dags/maintenance_dag.py      2103  0.01s             1           0  0.20s           2026-08-31T11:28:55
/opt/airflow/dags/lakehouse_pipeline.py   2106  0.00s             1           0  0.17s           2026-08-31T11:28:55
/opt/airflow/dags/dag_config.py                                   0           0  0.05s           2026-08-31T11:28:55
================================================================================
[2026-08-31T11:29:56.361+0000] {manager.py:878} INFO - 
================================================================================
DAG File Processing Stats

File Path                                  PID  Runtime      # DAGs    # Errors  Last Runtime    Last Run
---------------------------------------  -----  ---------  --------  ----------  --------------  -------------------
/opt/airflow/dags/maintenance_dag.py      2121  0.02s             1           0  0.19s           2026-08-31T11:29:26
/opt/airflow/dags/lakehouse_pipeline.py   2124  0.01s             1           0  0.17s           2026-08-31T11:29:26
/opt/airflow/dags/dag_config.py                                   0           0  0.05s           2026-08-31T11:29:26
================================================================================
[2026-08-31T11:30:26.753+0000] {manager.py:878} INFO - 
================================================================================
DAG File Processing Stats

File Path                                  PID  Runtime      # DAGs    # Errors  Last Runtime    Last Run
---------------------------------------  -----  ---------  --------  ----------  --------------  -------------------
/opt/airflow/dags/maintenance_dag.py      2211  0.02s             1           0  0.21s           2026-08-31T11:29:56
/opt/airflow/dags/lakehouse_pipeline.py   2214  0.01s             1           0  0.19s           2026-08-31T11:29:56
/opt/airflow/dags/dag_config.py                                   0           0  0.06s           2026-08-31T11:29:56
================================================================================
[2026-08-31T11:30:57.166+0000] {manager.py:878} INFO - 
================================================================================
DAG File Processing Stats

File Path                                  PID  Runtime      # DAGs    # Errors  Last Runtime    Last Run
---------------------------------------  -----  ---------  --------  ----------  --------------  -------------------
/opt/airflow/dags/maintenance_dag.py      2226  0.02s             1           0  0.21s           2026-08-31T11:30:26
/opt/airflow/dags/lakehouse_pipeline.py   2229  0.01s             1           0  0.19s           2026-08-31T11:30:26
/opt/airflow/dags/dag_config.py                                   0           0  0.07s           2026-08-31T11:30:27
================================================================================
[2026-08-31T11:31:27.589+0000] {manager.py:878} INFO - 
================================================================================
DAG File Processing Stats

File Path                                  PID  Runtime      # DAGs    # Errors  Last Runtime    Last Run
---------------------------------------  -----  ---------  --------  ----------  --------------  -------------------
/opt/airflow/dags/lakehouse_pipeline.py   2244  0.00s             1           0  0.20s           2026-08-31T11:30:57
/opt/airflow/dags/maintenance_dag.py      2241  0.02s             1           0  0.20s           2026-08-31T11:30:57
/opt/airflow/dags/dag_config.py                                   0           0  0.05s           2026-08-31T11:30:57
================================================================================
[2026-08-31T11:31:57.995+0000] {manager.py:878} INFO - 
================================================================================
DAG File Processing Stats

File Path                                  PID  Runtime      # DAGs    # Errors  Last Runtime    Last Run
---------------------------------------  -----  ---------  --------  ----------  --------------  -------------------
/opt/airflow/dags/lakehouse_pipeline.py   2259  0.00s             1           0  0.20s           2026-08-31T11:31:27
/opt/airflow/dags/maintenance_dag.py      2256  0.02s             1           0  0.20s           2026-08-31T11:31:27
/opt/airflow/dags/dag_config.py                                   0           0  0.06s           2026-08-31T11:31:27
================================================================================
[2026-08-31T11:32:28.413+0000] {manager.py:878} INFO - 
================================================================================
DAG File Processing Stats

File Path                                  PID  Runtime      # DAGs    # Errors  Last Runtime    Last Run
---------------------------------------  -----  ---------  --------  ----------  --------------  -------------------
/opt/airflow/dags/maintenance_dag.py      2271  0.02s             1           0  0.22s           2026-08-31T11:31:58
/opt/airflow/dags/lakehouse_pipeline.py   2274  0.00s             1           0  0.20s           2026-08-31T11:31:58
/opt/airflow/dags/dag_config.py                                   0           0  0.07s           2026-08-31T11:31:58
================================================================================
[2026-08-31T11:32:58.819+0000] {manager.py:878} INFO - 
================================================================================
DAG File Processing Stats

File Path                                  PID  Runtime      # DAGs    # Errors  Last Runtime    Last Run
---------------------------------------  -----  ---------  --------  ----------  --------------  -------------------
/opt/airflow/dags/lakehouse_pipeline.py   2289  0.00s             1           0  0.20s           2026-08-31T11:32:28
/opt/airflow/dags/maintenance_dag.py      2286  0.01s             1           0  0.19s           2026-08-31T11:32:28
/opt/airflow/dags/dag_config.py                                   0           0  0.06s           2026-08-31T11:32:28
================================================================================
[2026-08-31T11:33:29.211+0000] {manager.py:878} INFO - 
================================================================================
DAG File Processing Stats

File Path                                  PID  Runtime      # DAGs    # Errors  Last Runtime    Last Run
---------------------------------------  -----  ---------  --------  ----------  --------------  -------------------
/opt/airflow/dags/lakehouse_pipeline.py   2304  0.01s             1           0  0.25s           2026-08-31T11:32:59
/opt/airflow/dags/maintenance_dag.py      2301  0.02s             1           0  0.18s           2026-08-31T11:32:58
/opt/airflow/dags/dag_config.py                                   0           0  0.06s           2026-08-31T11:32:59
================================================================================
[2026-08-31T11:33:52.540+0000] {manager.py:737} INFO - Searching for files in /opt/airflow/dags
[2026-08-31T11:33:52.564+0000] {manager.py:740} INFO - There are 3 files in /opt/airflow/dags
[2026-08-31T11:33:59.638+0000] {manager.py:878} INFO - 
================================================================================
DAG File Processing Stats

File Path                                  PID  Runtime      # DAGs    # Errors  Last Runtime    Last Run
---------------------------------------  -----  ---------  --------  ----------  --------------  -------------------
/opt/airflow/dags/lakehouse_pipeline.py   2319  0.00s             1           0  0.19s           2026-08-31T11:33:29
/opt/airflow/dags/maintenance_dag.py      2316  0.02s             1           0  0.19s           2026-08-31T11:33:29
/opt/airflow/dags/dag_config.py                                   0           0  0.06s           2026-08-31T11:33:29
================================================================================
[2026-08-31T11:34:30.065+0000] {manager.py:878} INFO - 
================================================================================
DAG File Processing Stats

File Path                                  PID  Runtime      # DAGs    # Errors  Last Runtime    Last Run
---------------------------------------  -----  ---------  --------  ----------  --------------  -------------------
/opt/airflow/dags/lakehouse_pipeline.py   2334  0.00s             1           0  0.21s           2026-08-31T11:33:59
/opt/airflow/dags/maintenance_dag.py      2331  0.02s             1           0  0.21s           2026-08-31T11:33:59
/opt/airflow/dags/dag_config.py                                   0           0  0.06s           2026-08-31T11:33:59
================================================================================
[2026-08-31T11:35:00.457+0000] {manager.py:878} INFO - 
================================================================================
DAG File Processing Stats

File Path                                  PID  Runtime      # DAGs    # Errors  Last Runtime    Last Run
---------------------------------------  -----  ---------  --------  ----------  --------------  -------------------
/opt/airflow/dags/lakehouse_pipeline.py   2349  0.01s             1           0  0.19s           2026-08-31T11:34:30
/opt/airflow/dags/maintenance_dag.py      2346  0.02s             1           0  0.19s           2026-08-31T11:34:30
/opt/airflow/dags/dag_config.py                                   0           0  0.06s           2026-08-31T11:34:30
================================================================================
[2026-08-31T11:35:30.862+0000] {manager.py:878} INFO - 
================================================================================
DAG File Processing Stats

File Path                                  PID  Runtime      # DAGs    # Errors  Last Runtime    Last Run
---------------------------------------  -----  ---------  --------  ----------  --------------  -------------------
/opt/airflow/dags/maintenance_dag.py      2361  0.01s             1           0  0.21s           2026-08-31T11:35:00
/opt/airflow/dags/lakehouse_pipeline.py   2364  0.00s             1           0  0.19s           2026-08-31T11:35:00
/opt/airflow/dags/dag_config.py                                   0           0  0.06s           2026-08-31T11:35:00
================================================================================
[2026-08-31T11:36:01.244+0000] {manager.py:878} INFO - 
================================================================================
DAG File Processing Stats

File Path                                  PID  Runtime      # DAGs    # Errors  Last Runtime    Last Run
---------------------------------------  -----  ---------  --------  ----------  --------------  -------------------
/opt/airflow/dags/lakehouse_pipeline.py   2379  0.01s             1           0  0.19s           2026-08-31T11:35:31
/opt/airflow/dags/maintenance_dag.py      2376  0.02s             1           0  0.18s           2026-08-31T11:35:31
/opt/airflow/dags/dag_config.py                                   0           0  0.05s           2026-08-31T11:35:31
================================================================================
[2026-08-31T11:36:31.643+0000] {manager.py:878} INFO - 
================================================================================
DAG File Processing Stats

File Path                                  PID  Runtime      # DAGs    # Errors  Last Runtime    Last Run
---------------------------------------  -----  ---------  --------  ----------  --------------  -------------------
/opt/airflow/dags/lakehouse_pipeline.py   2394  0.00s             1           0  0.20s           2026-08-31T11:36:01
/opt/airflow/dags/maintenance_dag.py      2391  0.01s             1           0  0.20s           2026-08-31T11:36:01
/opt/airflow/dags/dag_config.py                                   0           0  0.06s           2026-08-31T11:36:01
================================================================================
[2026-08-31T11:37:02.027+0000] {manager.py:878} INFO - 
================================================================================
DAG File Processing Stats

File Path                                  PID  Runtime      # DAGs    # Errors  Last Runtime    Last Run
---------------------------------------  -----  ---------  --------  ----------  --------------  -------------------
/opt/airflow/dags/lakehouse_pipeline.py   2409  0.01s             1           0  0.18s           2026-08-31T11:36:31
/opt/airflow/dags/maintenance_dag.py      2406  0.02s             1           0  0.18s           2026-08-31T11:36:31
/opt/airflow/dags/dag_config.py                                   0           0  0.06s           2026-08-31T11:36:31
================================================================================
[2026-08-31T11:37:32.445+0000] {manager.py:878} INFO - 
================================================================================
DAG File Processing Stats

File Path                                  PID  Runtime      # DAGs    # Errors  Last Runtime    Last Run
---------------------------------------  -----  ---------  --------  ----------  --------------  -------------------
/opt/airflow/dags/lakehouse_pipeline.py   2424  0.01s             1           0  0.21s           2026-08-31T11:37:02
/opt/airflow/dags/maintenance_dag.py      2421  0.02s             1           0  0.21s           2026-08-31T11:37:02
/opt/airflow/dags/dag_config.py                                   0           0  0.07s           2026-08-31T11:37:02
================================================================================
[2026-08-31T11:38:02.842+0000] {manager.py:878} INFO - 
================================================================================
DAG File Processing Stats

File Path                                  PID  Runtime      # DAGs    # Errors  Last Runtime    Last Run
---------------------------------------  -----  ---------  --------  ----------  --------------  -------------------
/opt/airflow/dags/lakehouse_pipeline.py   2439  0.00s             1           0  0.20s           2026-08-31T11:37:32
/opt/airflow/dags/maintenance_dag.py      2436  0.01s             1           0  0.19s           2026-08-31T11:37:32
/opt/airflow/dags/dag_config.py                                   0           0  0.06s           2026-08-31T11:37:32
================================================================================
[2026-08-31T11:38:33.232+0000] {manager.py:878} INFO - 
================================================================================
DAG File Processing Stats

File Path                                  PID  Runtime      # DAGs    # Errors  Last Runtime    Last Run
---------------------------------------  -----  ---------  --------  ----------  --------------  -------------------
/opt/airflow/dags/maintenance_dag.py      2451  0.02s             1           0  0.18s           2026-08-31T11:38:03
/opt/airflow/dags/lakehouse_pipeline.py   2454  0.01s             1           0  0.16s           2026-08-31T11:38:02
/opt/airflow/dags/dag_config.py                                   0           0  0.05s           2026-08-31T11:38:03
================================================================================
[2026-08-31T11:38:52.595+0000] {manager.py:737} INFO - Searching for files in /opt/airflow/dags
[2026-08-31T11:38:52.622+0000] {manager.py:740} INFO - There are 3 files in /opt/airflow/dags
[2026-08-31T11:39:03.729+0000] {manager.py:878} INFO - 
================================================================================
DAG File Processing Stats

File Path                                  PID  Runtime      # DAGs    # Errors  Last Runtime    Last Run
---------------------------------------  -----  ---------  --------  ----------  --------------  -------------------
/opt/airflow/dags/lakehouse_pipeline.py   2469  0.01s             1           0  0.24s           2026-08-31T11:38:33
/opt/airflow/dags/maintenance_dag.py      2466  0.02s             1           0  0.23s           2026-08-31T11:38:33
/opt/airflow/dags/dag_config.py                                   0           0  0.06s           2026-08-31T11:38:33
================================================================================
[2026-08-31T11:39:34.120+0000] {manager.py:878} INFO - 
================================================================================
DAG File Processing Stats

File Path                                  PID  Runtime      # DAGs    # Errors  Last Runtime    Last Run
---------------------------------------  -----  ---------  --------  ----------  --------------  -------------------
/opt/airflow/dags/maintenance_dag.py      2481  0.01s             1           0  0.20s           2026-08-31T11:39:03
/opt/airflow/dags/lakehouse_pipeline.py   2484  0.00s             1           0  0.18s           2026-08-31T11:39:03
/opt/airflow/dags/dag_config.py                                   0           0  0.05s           2026-08-31T11:39:03
================================================================================
[2026-08-31T11:40:04.515+0000] {manager.py:878} INFO - 
================================================================================
DAG File Processing Stats

File Path                                  PID  Runtime      # DAGs    # Errors  Last Runtime    Last Run
---------------------------------------  -----  ---------  --------  ----------  --------------  -------------------
/opt/airflow/dags/maintenance_dag.py      2496  0.02s             1           0  0.20s           2026-08-31T11:39:34
/opt/airflow/dags/lakehouse_pipeline.py   2499  0.01s             1           0  0.17s           2026-08-31T11:39:34
/opt/airflow/dags/dag_config.py                                   0           0  0.05s           2026-08-31T11:39:34
================================================================================
[2026-08-31T11:40:34.934+0000] {manager.py:878} INFO - 
================================================================================
DAG File Processing Stats

File Path                                  PID  Runtime      # DAGs    # Errors  Last Runtime    Last Run
---------------------------------------  -----  ---------  --------  ----------  --------------  -------------------
/opt/airflow/dags/lakehouse_pipeline.py   2514  0.01s             1           0  0.21s           2026-08-31T11:40:04
/opt/airflow/dags/maintenance_dag.py      2511  0.02s             1           0  0.21s           2026-08-31T11:40:04
/opt/airflow/dags/dag_config.py                                   0           0  0.06s           2026-08-31T11:40:04
================================================================================
[2026-08-31T11:41:05.364+0000] {manager.py:878} INFO - 
================================================================================
DAG File Processing Stats

File Path                                  PID  Runtime      # DAGs    # Errors  Last Runtime    Last Run
---------------------------------------  -----  ---------  --------  ----------  --------------  -------------------
/opt/airflow/dags/lakehouse_pipeline.py   2529  0.01s             1           0  0.22s           2026-08-31T11:40:35
/opt/airflow/dags/maintenance_dag.py      2526  0.02s             1           0  0.21s           2026-08-31T11:40:35
/opt/airflow/dags/dag_config.py                                   0           0  0.06s           2026-08-31T11:40:35
================================================================================
[2026-08-31T11:41:35.878+0000] {manager.py:878} INFO - 
================================================================================
DAG File Processing Stats

File Path                                  PID  Runtime      # DAGs    # Errors  Last Runtime    Last Run
---------------------------------------  -----  ---------  --------  ----------  --------------  -------------------
/opt/airflow/dags/maintenance_dag.py      2541  0.02s             1           0  0.30s           2026-08-31T11:41:05
/opt/airflow/dags/lakehouse_pipeline.py   2544  0.01s             1           0  0.30s           2026-08-31T11:41:05
/opt/airflow/dags/dag_config.py                                   0           0  0.05s           2026-08-31T11:41:05
================================================================================
[2026-08-31T11:42:06.318+0000] {manager.py:878} INFO - 
================================================================================
DAG File Processing Stats

File Path                                  PID  Runtime      # DAGs    # Errors  Last Runtime    Last Run
---------------------------------------  -----  ---------  --------  ----------  --------------  -------------------
/opt/airflow/dags/maintenance_dag.py      2556  0.02s             1           0  0.22s           2026-08-31T11:41:36
/opt/airflow/dags/lakehouse_pipeline.py   2559  0.00s             1           0  0.22s           2026-08-31T11:41:36
/opt/airflow/dags/dag_config.py                                   0           0  0.06s           2026-08-31T11:41:36
================================================================================
[2026-08-31T11:42:36.738+0000] {manager.py:878} INFO - 
================================================================================
DAG File Processing Stats

File Path                                  PID  Runtime      # DAGs    # Errors  Last Runtime    Last Run
---------------------------------------  -----  ---------  --------  ----------  --------------  -------------------
/opt/airflow/dags/lakehouse_pipeline.py   2574  0.00s             1           0  0.19s           2026-08-31T11:42:06
/opt/airflow/dags/maintenance_dag.py      2571  0.02s             1           0  0.19s           2026-08-31T11:42:06
/opt/airflow/dags/dag_config.py                                   0           0  0.06s           2026-08-31T11:42:06
================================================================================
[2026-08-31T11:43:07.157+0000] {manager.py:878} INFO - 
================================================================================
DAG File Processing Stats

File Path                                  PID  Runtime      # DAGs    # Errors  Last Runtime    Last Run
---------------------------------------  -----  ---------  --------  ----------  --------------  -------------------
/opt/airflow/dags/lakehouse_pipeline.py   2589  0.01s             1           0  0.20s           2026-08-31T11:42:36
/opt/airflow/dags/maintenance_dag.py      2586  0.02s             1           0  0.20s           2026-08-31T11:42:36
/opt/airflow/dags/dag_config.py                                   0           0  0.06s           2026-08-31T11:42:36
================================================================================
[2026-08-31T11:43:37.623+0000] {manager.py:878} INFO - 
================================================================================
DAG File Processing Stats

File Path                                  PID  Runtime      # DAGs    # Errors  Last Runtime    Last Run
---------------------------------------  -----  ---------  --------  ----------  --------------  -------------------
/opt/airflow/dags/maintenance_dag.py      2601  0.02s             1           0  0.24s           2026-08-31T11:43:07
/opt/airflow/dags/lakehouse_pipeline.py   2604  0.01s             1           0  0.24s           2026-08-31T11:43:07
/opt/airflow/dags/dag_config.py                                   0           0  0.06s           2026-08-31T11:43:07
================================================================================
[2026-08-31T11:43:52.919+0000] {manager.py:737} INFO - Searching for files in /opt/airflow/dags
[2026-08-31T11:43:52.949+0000] {manager.py:740} INFO - There are 3 files in /opt/airflow/dags
[2026-08-31T11:44:08.076+0000] {manager.py:878} INFO - 
================================================================================
DAG File Processing Stats

File Path                                  PID  Runtime      # DAGs    # Errors  Last Runtime    Last Run
---------------------------------------  -----  ---------  --------  ----------  --------------  -------------------
/opt/airflow/dags/maintenance_dag.py      2616  0.02s             1           0  0.23s           2026-08-31T11:43:37
/opt/airflow/dags/lakehouse_pipeline.py   2619  0.01s             1           0  0.20s           2026-08-31T11:43:37
/opt/airflow/dags/dag_config.py                                   0           0  0.08s           2026-08-31T11:43:37
================================================================================
[2026-08-31T11:44:38.498+0000] {manager.py:878} INFO - 
================================================================================
DAG File Processing Stats

File Path                                  PID  Runtime      # DAGs    # Errors  Last Runtime    Last Run
---------------------------------------  -----  ---------  --------  ----------  --------------  -------------------
/opt/airflow/dags/maintenance_dag.py      2631  0.02s             1           0  0.22s           2026-08-31T11:44:08
/opt/airflow/dags/lakehouse_pipeline.py   2634  0.01s             1           0  0.20s           2026-08-31T11:44:08
/opt/airflow/dags/dag_config.py                                   0           0  0.06s           2026-08-31T11:44:08
================================================================================
[2026-08-31T11:45:08.956+0000] {manager.py:878} INFO - 
================================================================================
DAG File Processing Stats

File Path                                  PID  Runtime      # DAGs    # Errors  Last Runtime    Last Run
---------------------------------------  -----  ---------  --------  ----------  --------------  -------------------
/opt/airflow/dags/maintenance_dag.py      2646  0.02s             1           0  0.26s           2026-08-31T11:44:38
/opt/airflow/dags/lakehouse_pipeline.py   2649  0.01s             1           0  0.24s           2026-08-31T11:44:38
/opt/airflow/dags/dag_config.py                                   0           0  0.06s           2026-08-31T11:44:38
================================================================================
[2026-08-31T11:45:39.357+0000] {manager.py:878} INFO - 
================================================================================
DAG File Processing Stats

File Path                                  PID  Runtime      # DAGs    # Errors  Last Runtime    Last Run
---------------------------------------  -----  ---------  --------  ----------  --------------  -------------------
/opt/airflow/dags/maintenance_dag.py      2661  0.02s             1           0  0.22s           2026-08-31T11:45:09
/opt/airflow/dags/lakehouse_pipeline.py   2664  0.01s             1           0  0.20s           2026-08-31T11:45:09
/opt/airflow/dags/dag_config.py                                   0           0  0.06s           2026-08-31T11:45:09
================================================================================
[2026-08-31T11:46:09.761+0000] {manager.py:878} INFO - 
================================================================================
DAG File Processing Stats

File Path                                  PID  Runtime      # DAGs    # Errors  Last Runtime    Last Run
---------------------------------------  -----  ---------  --------  ----------  --------------  -------------------
/opt/airflow/dags/maintenance_dag.py      2676  0.02s             1           0  0.20s           2026-08-31T11:45:39
/opt/airflow/dags/lakehouse_pipeline.py   2679  0.00s             1           0  0.18s           2026-08-31T11:45:39
/opt/airflow/dags/dag_config.py                                   0           0  0.06s           2026-08-31T11:45:39
================================================================================
[2026-08-31T11:46:40.215+0000] {manager.py:878} INFO - 
================================================================================
DAG File Processing Stats

File Path                                  PID  Runtime      # DAGs    # Errors  Last Runtime    Last Run
---------------------------------------  -----  ---------  --------  ----------  --------------  -------------------
/opt/airflow/dags/lakehouse_pipeline.py   2694  0.00s             1           0  0.21s           2026-08-31T11:46:09
/opt/airflow/dags/maintenance_dag.py      2691  0.02s             1           0  0.20s           2026-08-31T11:46:09
/opt/airflow/dags/dag_config.py                                   0           0  0.07s           2026-08-31T11:46:10
================================================================================
[2026-08-31T11:47:10.639+0000] {manager.py:878} INFO - 
================================================================================
DAG File Processing Stats

File Path                                  PID  Runtime      # DAGs    # Errors  Last Runtime    Last Run
---------------------------------------  -----  ---------  --------  ----------  --------------  -------------------
/opt/airflow/dags/lakehouse_pipeline.py   2709  0.00s             1           0  0.18s           2026-08-31T11:46:40
/opt/airflow/dags/maintenance_dag.py      2706  0.02s             1           0  0.18s           2026-08-31T11:46:40
/opt/airflow/dags/dag_config.py                                   0           0  0.05s           2026-08-31T11:46:40
================================================================================
[2026-08-31T11:47:41.075+0000] {manager.py:878} INFO - 
================================================================================
DAG File Processing Stats

File Path                                  PID  Runtime      # DAGs    # Errors  Last Runtime    Last Run
---------------------------------------  -----  ---------  --------  ----------  --------------  -------------------
/opt/airflow/dags/maintenance_dag.py      2721  0.01s             1           0  0.19s           2026-08-31T11:47:10
/opt/airflow/dags/lakehouse_pipeline.py   2724  0.00s             1           0  0.18s           2026-08-31T11:47:10
/opt/airflow/dags/dag_config.py                                   0           0  0.06s           2026-08-31T11:47:10
================================================================================
[2026-08-31T11:48:11.468+0000] {manager.py:878} INFO - 
================================================================================
DAG File Processing Stats

File Path                                  PID  Runtime      # DAGs    # Errors  Last Runtime    Last Run
---------------------------------------  -----  ---------  --------  ----------  --------------  -------------------
/opt/airflow/dags/lakehouse_pipeline.py   2739  0.01s             1           0  0.18s           2026-08-31T11:47:41
/opt/airflow/dags/maintenance_dag.py      2736  0.02s             1           0  0.18s           2026-08-31T11:47:41
/opt/airflow/dags/dag_config.py                                   0           0  0.05s           2026-08-31T11:47:41
================================================================================
[2026-08-31T11:48:41.887+0000] {manager.py:878} INFO - 
================================================================================
DAG File Processing Stats

File Path                                  PID  Runtime      # DAGs    # Errors  Last Runtime    Last Run
---------------------------------------  -----  ---------  --------  ----------  --------------  -------------------
/opt/airflow/dags/maintenance_dag.py      2751  0.02s             1           0  0.21s           2026-08-31T11:48:11
/opt/airflow/dags/lakehouse_pipeline.py   2754  0.00s             1           0  0.19s           2026-08-31T11:48:11
/opt/airflow/dags/dag_config.py                                   0           0  0.05s           2026-08-31T11:48:11
================================================================================
[2026-08-31T11:48:53.135+0000] {manager.py:737} INFO - Searching for files in /opt/airflow/dags
[2026-08-31T11:48:53.158+0000] {manager.py:740} INFO - There are 3 files in /opt/airflow/dags
[2026-08-31T11:49:12.344+0000] {manager.py:878} INFO - 
================================================================================
DAG File Processing Stats

File Path                                  PID  Runtime      # DAGs    # Errors  Last Runtime    Last Run
---------------------------------------  -----  ---------  --------  ----------  --------------  -------------------
/opt/airflow/dags/maintenance_dag.py      2766  0.02s             1           0  0.18s           2026-08-31T11:48:42
/opt/airflow/dags/lakehouse_pipeline.py   2769  0.01s             1           0  0.16s           2026-08-31T11:48:42
/opt/airflow/dags/dag_config.py                                   0           0  0.05s           2026-08-31T11:48:42
================================================================================
[2026-08-31T11:49:42.764+0000] {manager.py:878} INFO - 
================================================================================
DAG File Processing Stats

File Path                                  PID  Runtime      # DAGs    # Errors  Last Runtime    Last Run
---------------------------------------  -----  ---------  --------  ----------  --------------  -------------------
/opt/airflow/dags/lakehouse_pipeline.py   2784  0.00s             1           0  0.18s           2026-08-31T11:49:12
/opt/airflow/dags/maintenance_dag.py      2781  0.02s             1           0  0.18s           2026-08-31T11:49:12
/opt/airflow/dags/dag_config.py                                   0           0  0.06s           2026-08-31T11:49:12
================================================================================
[2026-08-31T11:50:13.163+0000] {manager.py:878} INFO - 
================================================================================
DAG File Processing Stats

File Path                                  PID  Runtime      # DAGs    # Errors  Last Runtime    Last Run
---------------------------------------  -----  ---------  --------  ----------  --------------  -------------------
/opt/airflow/dags/lakehouse_pipeline.py   2799  0.01s             1           0  0.17s           2026-08-31T11:49:42
/opt/airflow/dags/maintenance_dag.py      2796  0.02s             1           0  0.17s           2026-08-31T11:49:42
/opt/airflow/dags/dag_config.py                                   0           0  0.07s           2026-08-31T11:49:42
================================================================================
[2026-08-31T11:50:43.589+0000] {manager.py:878} INFO - 
================================================================================
DAG File Processing Stats

File Path                                  PID  Runtime      # DAGs    # Errors  Last Runtime    Last Run
---------------------------------------  -----  ---------  --------  ----------  --------------  -------------------
/opt/airflow/dags/lakehouse_pipeline.py   2814  0.01s             1           0  0.19s           2026-08-31T11:50:13
/opt/airflow/dags/maintenance_dag.py      2811  0.02s             1           0  0.19s           2026-08-31T11:50:13
/opt/airflow/dags/dag_config.py                                   0           0  0.06s           2026-08-31T11:50:13
================================================================================
[2026-08-31T11:51:14.002+0000] {manager.py:878} INFO - 
================================================================================
DAG File Processing Stats

File Path                                  PID  Runtime      # DAGs    # Errors  Last Runtime    Last Run
---------------------------------------  -----  ---------  --------  ----------  --------------  -------------------
/opt/airflow/dags/maintenance_dag.py      2826  0.02s             1           0  0.20s           2026-08-31T11:50:43
/opt/airflow/dags/lakehouse_pipeline.py   2829  0.01s             1           0  0.18s           2026-08-31T11:50:43
/opt/airflow/dags/dag_config.py                                   0           0  0.05s           2026-08-31T11:50:43
================================================================================
[2026-08-31T11:51:44.447+0000] {manager.py:878} INFO - 
================================================================================
DAG File Processing Stats

File Path                                  PID  Runtime      # DAGs    # Errors  Last Runtime    Last Run
---------------------------------------  -----  ---------  --------  ----------  --------------  -------------------
/opt/airflow/dags/lakehouse_pipeline.py   2844  0.01s             1           0  0.20s           2026-08-31T11:51:14
/opt/airflow/dags/maintenance_dag.py      2841  0.02s             1           0  0.20s           2026-08-31T11:51:14
/opt/airflow/dags/dag_config.py                                   0           0  0.06s           2026-08-31T11:51:14
================================================================================
[2026-08-31T11:52:14.891+0000] {manager.py:878} INFO - 
================================================================================
DAG File Processing Stats

File Path                                  PID  Runtime      # DAGs    # Errors  Last Runtime    Last Run
---------------------------------------  -----  ---------  --------  ----------  --------------  -------------------
/opt/airflow/dags/maintenance_dag.py      2856  0.02s             1           0  0.24s           2026-08-31T11:51:44
/opt/airflow/dags/lakehouse_pipeline.py   2859  0.01s             1           0  0.23s           2026-08-31T11:51:44
/opt/airflow/dags/dag_config.py                                   0           0  0.05s           2026-08-31T11:51:44
================================================================================
[2026-08-31T11:52:45.312+0000] {manager.py:878} INFO - 
================================================================================
DAG File Processing Stats

File Path                                  PID  Runtime      # DAGs    # Errors  Last Runtime    Last Run
---------------------------------------  -----  ---------  --------  ----------  --------------  -------------------
/opt/airflow/dags/lakehouse_pipeline.py   2874  0.01s             1           0  0.20s           2026-08-31T11:52:15
/opt/airflow/dags/maintenance_dag.py      2871  0.02s             1           0  0.20s           2026-08-31T11:52:15
/opt/airflow/dags/dag_config.py                                   0           0  0.06s           2026-08-31T11:52:15
================================================================================
[2026-08-31T11:53:15.750+0000] {manager.py:878} INFO - 
================================================================================
DAG File Processing Stats

File Path                                  PID  Runtime      # DAGs    # Errors  Last Runtime    Last Run
---------------------------------------  -----  ---------  --------  ----------  --------------  -------------------
/opt/airflow/dags/lakehouse_pipeline.py   2889  0.01s             1           0  0.22s           2026-08-31T11:52:45
/opt/airflow/dags/maintenance_dag.py      2886  0.02s             1           0  0.21s           2026-08-31T11:52:45
/opt/airflow/dags/dag_config.py                                   0           0  0.07s           2026-08-31T11:52:45
================================================================================
[2026-08-31T11:53:46.254+0000] {manager.py:878} INFO - 
================================================================================
DAG File Processing Stats

File Path                                  PID  Runtime      # DAGs    # Errors  Last Runtime    Last Run
---------------------------------------  -----  ---------  --------  ----------  --------------  -------------------
/opt/airflow/dags/maintenance_dag.py      2901  0.02s             1           0  0.29s           2026-08-31T11:53:16
/opt/airflow/dags/lakehouse_pipeline.py   2904  0.01s             1           0  0.29s           2026-08-31T11:53:16
/opt/airflow/dags/dag_config.py                                   0           0  0.06s           2026-08-31T11:53:16
================================================================================
[2026-08-31T11:53:53.524+0000] {manager.py:737} INFO - Searching for files in /opt/airflow/dags
[2026-08-31T11:53:53.550+0000] {manager.py:740} INFO - There are 3 files in /opt/airflow/dags
[2026-08-31T11:54:16.719+0000] {manager.py:878} INFO - 
================================================================================
DAG File Processing Stats

File Path                                  PID  Runtime      # DAGs    # Errors  Last Runtime    Last Run
---------------------------------------  -----  ---------  --------  ----------  --------------  -------------------
/opt/airflow/dags/maintenance_dag.py      2916  0.02s             1           0  0.23s           2026-08-31T11:53:46
/opt/airflow/dags/lakehouse_pipeline.py   2919  0.00s             1           0  0.23s           2026-08-31T11:53:46
/opt/airflow/dags/dag_config.py                                   0           0  0.05s           2026-08-31T11:53:46
================================================================================
[2026-08-31T11:54:47.130+0000] {manager.py:878} INFO - 
================================================================================
DAG File Processing Stats

File Path                                  PID  Runtime      # DAGs    # Errors  Last Runtime    Last Run
---------------------------------------  -----  ---------  --------  ----------  --------------  -------------------
/opt/airflow/dags/lakehouse_pipeline.py   2934  0.01s             1           0  0.21s           2026-08-31T11:54:16
/opt/airflow/dags/maintenance_dag.py      2931  0.02s             1           0  0.20s           2026-08-31T11:54:16
/opt/airflow/dags/dag_config.py                                   0           0  0.06s           2026-08-31T11:54:16
================================================================================
[2026-08-31T11:55:17.561+0000] {manager.py:878} INFO - 
================================================================================
DAG File Processing Stats

File Path                                  PID  Runtime      # DAGs    # Errors  Last Runtime    Last Run
---------------------------------------  -----  ---------  --------  ----------  --------------  -------------------
/opt/airflow/dags/lakehouse_pipeline.py   2949  0.01s             1           0  0.23s           2026-08-31T11:54:47
/opt/airflow/dags/maintenance_dag.py      2946  0.02s             1           0  0.23s           2026-08-31T11:54:47
/opt/airflow/dags/dag_config.py                                   0           0  0.06s           2026-08-31T11:54:47
================================================================================
[2026-08-31T11:55:47.955+0000] {manager.py:878} INFO - 
================================================================================
DAG File Processing Stats

File Path                                  PID  Runtime      # DAGs    # Errors  Last Runtime    Last Run
---------------------------------------  -----  ---------  --------  ----------  --------------  -------------------
/opt/airflow/dags/lakehouse_pipeline.py   2964  0.01s             1           0  0.19s           2026-08-31T11:55:17
/opt/airflow/dags/maintenance_dag.py      2961  0.02s             1           0  0.19s           2026-08-31T11:55:17
/opt/airflow/dags/dag_config.py                                   0           0  0.06s           2026-08-31T11:55:17
================================================================================
[2026-08-31T11:56:18.385+0000] {manager.py:878} INFO - 
================================================================================
DAG File Processing Stats

File Path                                  PID  Runtime      # DAGs    # Errors  Last Runtime    Last Run
---------------------------------------  -----  ---------  --------  ----------  --------------  -------------------
/opt/airflow/dags/lakehouse_pipeline.py   2979  0.01s             1           0  0.22s           2026-08-31T11:55:48
/opt/airflow/dags/maintenance_dag.py      2976  0.02s             1           0  0.22s           2026-08-31T11:55:48
/opt/airflow/dags/dag_config.py                                   0           0  0.06s           2026-08-31T11:55:48
================================================================================
[2026-08-31T11:56:48.810+0000] {manager.py:878} INFO - 
================================================================================
DAG File Processing Stats

File Path                                  PID  Runtime      # DAGs    # Errors  Last Runtime    Last Run
---------------------------------------  -----  ---------  --------  ----------  --------------  -------------------
/opt/airflow/dags/maintenance_dag.py      2991  0.02s             1           0  0.21s           2026-08-31T11:56:18
/opt/airflow/dags/lakehouse_pipeline.py   2994  0.01s             1           0  0.20s           2026-08-31T11:56:18
/opt/airflow/dags/dag_config.py                                   0           0  0.08s           2026-08-31T11:56:18
================================================================================
[2026-08-31T11:57:19.246+0000] {manager.py:878} INFO - 
================================================================================
DAG File Processing Stats

File Path                                  PID  Runtime      # DAGs    # Errors  Last Runtime    Last Run
---------------------------------------  -----  ---------  --------  ----------  --------------  -------------------
/opt/airflow/dags/maintenance_dag.py      3006  0.02s             1           0  0.24s           2026-08-31T11:56:49
/opt/airflow/dags/lakehouse_pipeline.py   3009  0.01s             1           0  0.21s           2026-08-31T11:56:49
/opt/airflow/dags/dag_config.py                                   0           0  0.07s           2026-08-31T11:56:49
================================================================================
[2026-08-31T11:57:49.638+0000] {manager.py:878} INFO - 
================================================================================
DAG File Processing Stats

File Path                                  PID  Runtime      # DAGs    # Errors  Last Runtime    Last Run
---------------------------------------  -----  ---------  --------  ----------  --------------  -------------------
/opt/airflow/dags/maintenance_dag.py      3021  0.02s             1           0  0.19s           2026-08-31T11:57:19
/opt/airflow/dags/lakehouse_pipeline.py   3024  0.01s             1           0  0.18s           2026-08-31T11:57:19
/opt/airflow/dags/dag_config.py                                   0           0  0.05s           2026-08-31T11:57:19
================================================================================
[2026-08-31T11:58:20.072+0000] {manager.py:878} INFO - 
================================================================================
DAG File Processing Stats

File Path                                  PID  Runtime      # DAGs    # Errors  Last Runtime    Last Run
---------------------------------------  -----  ---------  --------  ----------  --------------  -------------------
/opt/airflow/dags/lakehouse_pipeline.py   3039  0.01s             1           0  0.22s           2026-08-31T11:57:49
/opt/airflow/dags/maintenance_dag.py      3036  0.02s             1           0  0.21s           2026-08-31T11:57:49
/opt/airflow/dags/dag_config.py                                   0           0  0.06s           2026-08-31T11:57:49
================================================================================
[2026-08-31T11:58:50.481+0000] {manager.py:878} INFO - 
================================================================================
DAG File Processing Stats

File Path                                  PID  Runtime      # DAGs    # Errors  Last Runtime    Last Run
---------------------------------------  -----  ---------  --------  ----------  --------------  -------------------
/opt/airflow/dags/lakehouse_pipeline.py   3054  0.01s             1           0  0.19s           2026-08-31T11:58:20
/opt/airflow/dags/maintenance_dag.py      3051  0.02s             1           0  0.19s           2026-08-31T11:58:20
/opt/airflow/dags/dag_config.py                                   0           0  0.06s           2026-08-31T11:58:20
================================================================================
[2026-08-31T11:58:53.731+0000] {manager.py:737} INFO - Searching for files in /opt/airflow/dags
[2026-08-31T11:58:53.757+0000] {manager.py:740} INFO - There are 3 files in /opt/airflow/dags
[2026-08-31T11:59:20.954+0000] {manager.py:878} INFO - 
================================================================================
DAG File Processing Stats

File Path                                  PID  Runtime      # DAGs    # Errors  Last Runtime    Last Run
---------------------------------------  -----  ---------  --------  ----------  --------------  -------------------
/opt/airflow/dags/maintenance_dag.py      3066  0.02s             1           0  0.26s           2026-08-31T11:58:50
/opt/airflow/dags/lakehouse_pipeline.py   3069  0.01s             1           0  0.23s           2026-08-31T11:58:50
/opt/airflow/dags/dag_config.py                                   0           0  0.07s           2026-08-31T11:58:50
================================================================================
[2026-08-31T11:59:51.379+0000] {manager.py:878} INFO - 
================================================================================
DAG File Processing Stats

File Path                                  PID  Runtime      # DAGs    # Errors  Last Runtime    Last Run
---------------------------------------  -----  ---------  --------  ----------  --------------  -------------------
/opt/airflow/dags/lakehouse_pipeline.py   3084  0.01s             1           0  0.22s           2026-08-31T11:59:21
/opt/airflow/dags/maintenance_dag.py      3081  0.02s             1           0  0.22s           2026-08-31T11:59:21
/opt/airflow/dags/dag_config.py                                   0           0  0.07s           2026-08-31T11:59:21
================================================================================
[2026-08-31T12:00:21.798+0000] {manager.py:878} INFO - 
================================================================================
DAG File Processing Stats

File Path                                  PID  Runtime      # DAGs    # Errors  Last Runtime    Last Run
---------------------------------------  -----  ---------  --------  ----------  --------------  -------------------
/opt/airflow/dags/maintenance_dag.py      3096  0.02s             1           0  0.19s           2026-08-31T11:59:51
/opt/airflow/dags/lakehouse_pipeline.py   3099  0.01s             1           0  0.18s           2026-08-31T11:59:51
/opt/airflow/dags/dag_config.py                                   0           0  0.06s           2026-08-31T11:59:51
================================================================================
[2026-08-31T12:00:52.200+0000] {manager.py:878} INFO - 
================================================================================
DAG File Processing Stats

File Path                                  PID  Runtime      # DAGs    # Errors  Last Runtime    Last Run
---------------------------------------  -----  ---------  --------  ----------  --------------  -------------------
/opt/airflow/dags/lakehouse_pipeline.py   3114  0.01s             1           0  0.18s           2026-08-31T12:00:21
/opt/airflow/dags/maintenance_dag.py      3111  0.02s             1           0  0.18s           2026-08-31T12:00:21
/opt/airflow/dags/dag_config.py                                   0           0  0.06s           2026-08-31T12:00:22
================================================================================
[2026-08-31T12:01:22.619+0000] {manager.py:878} INFO - 
================================================================================
DAG File Processing Stats

File Path                                  PID  Runtime      # DAGs    # Errors  Last Runtime    Last Run
---------------------------------------  -----  ---------  --------  ----------  --------------  -------------------
/opt/airflow/dags/maintenance_dag.py      3126  0.02s             1           0  0.21s           2026-08-31T12:00:52
/opt/airflow/dags/lakehouse_pipeline.py   3129  0.01s             1           0  0.19s           2026-08-31T12:00:52
/opt/airflow/dags/dag_config.py                                   0           0  0.06s           2026-08-31T12:00:52
================================================================================
[2026-08-31T12:01:53.063+0000] {manager.py:878} INFO - 
================================================================================
DAG File Processing Stats

File Path                                  PID  Runtime      # DAGs    # Errors  Last Runtime    Last Run
---------------------------------------  -----  ---------  --------  ----------  --------------  -------------------
/opt/airflow/dags/maintenance_dag.py      3141  0.02s             1           0  0.24s           2026-08-31T12:01:22
/opt/airflow/dags/lakehouse_pipeline.py   3144  0.01s             1           0  0.24s           2026-08-31T12:01:22
/opt/airflow/dags/dag_config.py                                   0           0  0.06s           2026-08-31T12:01:22
================================================================================
[2026-08-31T12:02:23.460+0000] {manager.py:878} INFO - 
================================================================================
DAG File Processing Stats

File Path                                  PID  Runtime      # DAGs    # Errors  Last Runtime    Last Run
---------------------------------------  -----  ---------  --------  ----------  --------------  -------------------
/opt/airflow/dags/maintenance_dag.py      3156  0.02s             1           0  0.22s           2026-08-31T12:01:53
/opt/airflow/dags/lakehouse_pipeline.py   3159  0.01s             1           0  0.19s           2026-08-31T12:01:53
/opt/airflow/dags/dag_config.py                                   0           0  0.06s           2026-08-31T12:01:53
================================================================================
[2026-08-31T12:02:53.937+0000] {manager.py:878} INFO - 
================================================================================
DAG File Processing Stats

File Path                                  PID  Runtime      # DAGs    # Errors  Last Runtime    Last Run
---------------------------------------  -----  ---------  --------  ----------  --------------  -------------------
/opt/airflow/dags/lakehouse_pipeline.py   3174  0.01s             1           0  0.25s           2026-08-31T12:02:23
/opt/airflow/dags/maintenance_dag.py      3171  0.02s             1           0  0.25s           2026-08-31T12:02:23
/opt/airflow/dags/dag_config.py                                   0           0  0.09s           2026-08-31T12:02:23
================================================================================
[2026-08-31T12:03:24.413+0000] {manager.py:878} INFO - 
================================================================================
DAG File Processing Stats

File Path                                  PID  Runtime      # DAGs    # Errors  Last Runtime    Last Run
---------------------------------------  -----  ---------  --------  ----------  --------------  -------------------
/opt/airflow/dags/maintenance_dag.py      3186  0.02s             1           0  0.27s           2026-08-31T12:02:54
/opt/airflow/dags/lakehouse_pipeline.py   3189  0.01s             1           0  0.24s           2026-08-31T12:02:54
/opt/airflow/dags/dag_config.py                                   0           0  0.07s           2026-08-31T12:02:54
================================================================================
[2026-08-31T12:03:53.831+0000] {manager.py:737} INFO - Searching for files in /opt/airflow/dags
[2026-08-31T12:03:53.860+0000] {manager.py:740} INFO - There are 3 files in /opt/airflow/dags
[2026-08-31T12:03:54.900+0000] {manager.py:878} INFO - 
================================================================================
DAG File Processing Stats

File Path                                  PID  Runtime      # DAGs    # Errors  Last Runtime    Last Run
---------------------------------------  -----  ---------  --------  ----------  --------------  -------------------
/opt/airflow/dags/maintenance_dag.py      3201  0.02s             1           0  0.26s           2026-08-31T12:03:24
/opt/airflow/dags/lakehouse_pipeline.py   3204  0.01s             1           0  0.23s           2026-08-31T12:03:24
/opt/airflow/dags/dag_config.py                                   0           0  0.07s           2026-08-31T12:03:24
================================================================================
[2026-08-31T12:04:25.320+0000] {manager.py:878} INFO - 
================================================================================
DAG File Processing Stats

File Path                                  PID  Runtime      # DAGs    # Errors  Last Runtime    Last Run
---------------------------------------  -----  ---------  --------  ----------  --------------  -------------------
/opt/airflow/dags/lakehouse_pipeline.py   3219  0.01s             1           0  0.22s           2026-08-31T12:03:55
/opt/airflow/dags/maintenance_dag.py      3216  0.02s             1           0  0.22s           2026-08-31T12:03:55
/opt/airflow/dags/dag_config.py                                   0           0  0.06s           2026-08-31T12:03:55
================================================================================
[2026-08-31T12:04:55.736+0000] {manager.py:878} INFO - 
================================================================================
DAG File Processing Stats

File Path                                  PID  Runtime      # DAGs    # Errors  Last Runtime    Last Run
---------------------------------------  -----  ---------  --------  ----------  --------------  -------------------
/opt/airflow/dags/lakehouse_pipeline.py   3234  0.01s             1           0  0.22s           2026-08-31T12:04:25
/opt/airflow/dags/maintenance_dag.py      3231  0.02s             1           0  0.22s           2026-08-31T12:04:25
/opt/airflow/dags/dag_config.py                                   0           0  0.06s           2026-08-31T12:04:25
================================================================================
[2026-08-31T12:05:26.132+0000] {manager.py:878} INFO - 
================================================================================
DAG File Processing Stats

File Path                                  PID  Runtime      # DAGs    # Errors  Last Runtime    Last Run
---------------------------------------  -----  ---------  --------  ----------  --------------  -------------------
/opt/airflow/dags/lakehouse_pipeline.py   3249  0.01s             1           0  0.19s           2026-08-31T12:04:55
/opt/airflow/dags/maintenance_dag.py      3246  0.02s             1           0  0.19s           2026-08-31T12:04:55
/opt/airflow/dags/dag_config.py                                   0           0  0.07s           2026-08-31T12:04:55
================================================================================
[2026-08-31T12:05:56.534+0000] {manager.py:878} INFO - 
================================================================================
DAG File Processing Stats

File Path                                  PID  Runtime      # DAGs    # Errors  Last Runtime    Last Run
---------------------------------------  -----  ---------  --------  ----------  --------------  -------------------
/opt/airflow/dags/lakehouse_pipeline.py   3264  0.01s             1           0  0.19s           2026-08-31T12:05:26
/opt/airflow/dags/maintenance_dag.py      3261  0.02s             1           0  0.18s           2026-08-31T12:05:26
/opt/airflow/dags/dag_config.py                                   0           0  0.06s           2026-08-31T12:05:26
================================================================================
[2026-08-31T12:06:26.963+0000] {manager.py:878} INFO - 
================================================================================
DAG File Processing Stats

File Path                                  PID  Runtime      # DAGs    # Errors  Last Runtime    Last Run
---------------------------------------  -----  ---------  --------  ----------  --------------  -------------------
/opt/airflow/dags/lakehouse_pipeline.py   3279  0.00s             1           0  0.22s           2026-08-31T12:05:56
/opt/airflow/dags/maintenance_dag.py      3276  0.01s             1           0  0.22s           2026-08-31T12:05:56
/opt/airflow/dags/dag_config.py                                   0           0  0.06s           2026-08-31T12:05:56
================================================================================
[2026-08-31T12:06:57.366+0000] {manager.py:878} INFO - 
================================================================================
DAG File Processing Stats

File Path                                  PID  Runtime      # DAGs    # Errors  Last Runtime    Last Run
---------------------------------------  -----  ---------  --------  ----------  --------------  -------------------
/opt/airflow/dags/lakehouse_pipeline.py   3294  0.01s             1           0  0.19s           2026-08-31T12:06:27
/opt/airflow/dags/maintenance_dag.py      3291  0.02s             1           0  0.19s           2026-08-31T12:06:27
/opt/airflow/dags/dag_config.py                                   0           0  0.06s           2026-08-31T12:06:27
================================================================================
[2026-08-31T12:07:27.806+0000] {manager.py:878} INFO - 
================================================================================
DAG File Processing Stats

File Path                                  PID  Runtime      # DAGs    # Errors  Last Runtime    Last Run
---------------------------------------  -----  ---------  --------  ----------  --------------  -------------------
/opt/airflow/dags/lakehouse_pipeline.py   3309  0.00s             1           0  0.23s           2026-08-31T12:06:57
/opt/airflow/dags/maintenance_dag.py      3306  0.02s             1           0  0.22s           2026-08-31T12:06:57
/opt/airflow/dags/dag_config.py                                   0           0  0.07s           2026-08-31T12:06:57
================================================================================
[2026-08-31T12:07:58.216+0000] {manager.py:878} INFO - 
================================================================================
DAG File Processing Stats

File Path                                  PID  Runtime      # DAGs    # Errors  Last Runtime    Last Run
---------------------------------------  -----  ---------  --------  ----------  --------------  -------------------
/opt/airflow/dags/lakehouse_pipeline.py   3324  0.01s             1           0  0.19s           2026-08-31T12:07:27
/opt/airflow/dags/maintenance_dag.py      3321  0.02s             1           0  0.19s           2026-08-31T12:07:27
/opt/airflow/dags/dag_config.py                                   0           0  0.06s           2026-08-31T12:07:28
================================================================================
[2026-08-31T12:08:28.621+0000] {manager.py:878} INFO - 
================================================================================
DAG File Processing Stats

File Path                                  PID  Runtime      # DAGs    # Errors  Last Runtime    Last Run
---------------------------------------  -----  ---------  --------  ----------  --------------  -------------------
/opt/airflow/dags/maintenance_dag.py      3336  0.03s             1           0  0.18s           2026-08-31T12:07:58
/opt/airflow/dags/lakehouse_pipeline.py   3339  0.01s             1           0  0.17s           2026-08-31T12:07:58
/opt/airflow/dags/dag_config.py                                   0           0  0.06s           2026-08-31T12:07:58
================================================================================
[2026-08-31T12:08:53.961+0000] {manager.py:737} INFO - Searching for files in /opt/airflow/dags
[2026-08-31T12:08:53.985+0000] {manager.py:740} INFO - There are 3 files in /opt/airflow/dags
[2026-08-31T12:08:59.049+0000] {manager.py:878} INFO - 
================================================================================
DAG File Processing Stats

File Path                                  PID  Runtime      # DAGs    # Errors  Last Runtime    Last Run
---------------------------------------  -----  ---------  --------  ----------  --------------  -------------------
/opt/airflow/dags/maintenance_dag.py      3351  0.02s             1           0  0.18s           2026-08-31T12:08:28
/opt/airflow/dags/lakehouse_pipeline.py   3354  0.01s             1           0  0.18s           2026-08-31T12:08:28
/opt/airflow/dags/dag_config.py                                   0           0  0.06s           2026-08-31T12:08:28
================================================================================
[2026-08-31T12:09:29.440+0000] {manager.py:878} INFO - 
================================================================================
DAG File Processing Stats

File Path                                  PID  Runtime      # DAGs    # Errors  Last Runtime    Last Run
---------------------------------------  -----  ---------  --------  ----------  --------------  -------------------
/opt/airflow/dags/maintenance_dag.py      3366  0.02s             1           0  0.20s           2026-08-31T12:08:59
/opt/airflow/dags/lakehouse_pipeline.py   3369  0.01s             1           0  0.17s           2026-08-31T12:08:59
/opt/airflow/dags/dag_config.py                                   0           0  0.06s           2026-08-31T12:08:59
================================================================================
[2026-08-31T12:09:59.887+0000] {manager.py:878} INFO - 
================================================================================
DAG File Processing Stats

File Path                                  PID  Runtime      # DAGs    # Errors  Last Runtime    Last Run
---------------------------------------  -----  ---------  --------  ----------  --------------  -------------------
/opt/airflow/dags/lakehouse_pipeline.py   3384  0.01s             1           0  0.21s           2026-08-31T12:09:29
/opt/airflow/dags/maintenance_dag.py      3381  0.02s             1           0  0.20s           2026-08-31T12:09:29
/opt/airflow/dags/dag_config.py                                   0           0  0.06s           2026-08-31T12:09:29
================================================================================
[2026-08-31T12:10:30.366+0000] {manager.py:878} INFO - 
================================================================================
DAG File Processing Stats

File Path                                  PID  Runtime      # DAGs    # Errors  Last Runtime    Last Run
---------------------------------------  -----  ---------  --------  ----------  --------------  -------------------
/opt/airflow/dags/maintenance_dag.py      3396  0.02s             1           0  0.28s           2026-08-31T12:10:00
/opt/airflow/dags/lakehouse_pipeline.py   3399  0.00s             1           0  0.25s           2026-08-31T12:10:00
/opt/airflow/dags/dag_config.py                                   0           0  0.06s           2026-08-31T12:10:00
================================================================================
[2026-08-31T12:11:00.799+0000] {manager.py:878} INFO - 
================================================================================
DAG File Processing Stats

File Path                                  PID  Runtime      # DAGs    # Errors  Last Runtime    Last Run
---------------------------------------  -----  ---------  --------  ----------  --------------  -------------------
/opt/airflow/dags/maintenance_dag.py      3411  0.01s             1           0  0.24s           2026-08-31T12:10:30
/opt/airflow/dags/lakehouse_pipeline.py   3414  0.00s             1           0  0.21s           2026-08-31T12:10:30
/opt/airflow/dags/dag_config.py                                   0           0  0.07s           2026-08-31T12:10:30
================================================================================
[2026-08-31T12:11:31.188+0000] {manager.py:878} INFO - 
================================================================================
DAG File Processing Stats

File Path                                  PID  Runtime      # DAGs    # Errors  Last Runtime    Last Run
---------------------------------------  -----  ---------  --------  ----------  --------------  -------------------
/opt/airflow/dags/maintenance_dag.py      3426  0.02s             1           0  0.19s           2026-08-31T12:11:00
/opt/airflow/dags/lakehouse_pipeline.py   3429  0.01s             1           0  0.17s           2026-08-31T12:11:00
/opt/airflow/dags/dag_config.py                                   0           0  0.06s           2026-08-31T12:11:01
================================================================================
[2026-08-31T12:12:01.565+0000] {manager.py:878} INFO - 
================================================================================
DAG File Processing Stats

File Path                                  PID  Runtime      # DAGs    # Errors  Last Runtime    Last Run
---------------------------------------  -----  ---------  --------  ----------  --------------  -------------------
/opt/airflow/dags/lakehouse_pipeline.py   3444  0.01s             1           0  0.17s           2026-08-31T12:11:31
/opt/airflow/dags/maintenance_dag.py      3441  0.02s             1           0  0.17s           2026-08-31T12:11:31
/opt/airflow/dags/dag_config.py                                   0           0  0.05s           2026-08-31T12:11:31
================================================================================
[2026-08-31T12:12:31.954+0000] {manager.py:878} INFO - 
================================================================================
DAG File Processing Stats

File Path                                  PID  Runtime      # DAGs    # Errors  Last Runtime    Last Run
---------------------------------------  -----  ---------  --------  ----------  --------------  -------------------
/opt/airflow/dags/maintenance_dag.py      3456  0.02s             1           0  0.19s           2026-08-31T12:12:01
/opt/airflow/dags/lakehouse_pipeline.py   3459  0.00s             1           0  0.19s           2026-08-31T12:12:01
/opt/airflow/dags/dag_config.py                                   0           0  0.05s           2026-08-31T12:12:01
================================================================================
[2026-08-31T12:13:02.331+0000] {manager.py:878} INFO - 
================================================================================
DAG File Processing Stats

File Path                                  PID  Runtime      # DAGs    # Errors  Last Runtime    Last Run
---------------------------------------  -----  ---------  --------  ----------  --------------  -------------------
/opt/airflow/dags/lakehouse_pipeline.py   3474  0.01s             1           0  0.18s           2026-08-31T12:12:32
/opt/airflow/dags/maintenance_dag.py      3471  0.02s             1           0  0.17s           2026-08-31T12:12:32
/opt/airflow/dags/dag_config.py                                   0           0  0.06s           2026-08-31T12:12:32
================================================================================
[2026-08-31T12:13:32.706+0000] {manager.py:878} INFO - 
================================================================================
DAG File Processing Stats

File Path                                  PID  Runtime      # DAGs    # Errors  Last Runtime    Last Run
---------------------------------------  -----  ---------  --------  ----------  --------------  -------------------
/opt/airflow/dags/lakehouse_pipeline.py   3489  0.01s             1           0  0.18s           2026-08-31T12:13:02
/opt/airflow/dags/maintenance_dag.py      3486  0.02s             1           0  0.18s           2026-08-31T12:13:02
/opt/airflow/dags/dag_config.py                                   0           0  0.05s           2026-08-31T12:13:02
================================================================================
[2026-08-31T12:13:54.001+0000] {manager.py:737} INFO - Searching for files in /opt/airflow/dags
[2026-08-31T12:13:54.027+0000] {manager.py:740} INFO - There are 3 files in /opt/airflow/dags
[2026-08-31T12:14:03.125+0000] {manager.py:878} INFO - 
================================================================================
DAG File Processing Stats

File Path                                  PID  Runtime      # DAGs    # Errors  Last Runtime    Last Run
---------------------------------------  -----  ---------  --------  ----------  --------------  -------------------
/opt/airflow/dags/lakehouse_pipeline.py   3504  0.01s             1           0  0.17s           2026-08-31T12:13:32
/opt/airflow/dags/maintenance_dag.py      3501  0.02s             1           0  0.17s           2026-08-31T12:13:32
/opt/airflow/dags/dag_config.py                                   0           0  0.05s           2026-08-31T12:13:32
================================================================================
[2026-08-31T12:14:33.532+0000] {manager.py:878} INFO - 
================================================================================
DAG File Processing Stats

File Path                                  PID  Runtime      # DAGs    # Errors  Last Runtime    Last Run
---------------------------------------  -----  ---------  --------  ----------  --------------  -------------------
/opt/airflow/dags/lakehouse_pipeline.py   3519  0.01s             1           0  0.20s           2026-08-31T12:14:03
/opt/airflow/dags/maintenance_dag.py      3516  0.02s             1           0  0.18s           2026-08-31T12:14:03
/opt/airflow/dags/dag_config.py                                   0           0  0.06s           2026-08-31T12:14:03
================================================================================
[2026-08-31T12:15:03.972+0000] {manager.py:878} INFO - 
================================================================================
DAG File Processing Stats

File Path                                  PID  Runtime      # DAGs    # Errors  Last Runtime    Last Run
---------------------------------------  -----  ---------  --------  ----------  --------------  -------------------
/opt/airflow/dags/lakehouse_pipeline.py   3534  0.01s             1           0  0.21s           2026-08-31T12:14:33
/opt/airflow/dags/maintenance_dag.py      3531  0.02s             1           0  0.21s           2026-08-31T12:14:33
/opt/airflow/dags/dag_config.py                                   0           0  0.06s           2026-08-31T12:14:33
================================================================================
[2026-08-31T12:15:34.360+0000] {manager.py:878} INFO - 
================================================================================
DAG File Processing Stats

File Path                                  PID  Runtime      # DAGs    # Errors  Last Runtime    Last Run
---------------------------------------  -----  ---------  --------  ----------  --------------  -------------------
/opt/airflow/dags/lakehouse_pipeline.py   3549  0.01s             1           0  0.19s           2026-08-31T12:15:04
/opt/airflow/dags/maintenance_dag.py      3546  0.02s             1           0  0.19s           2026-08-31T12:15:04
/opt/airflow/dags/dag_config.py                                   0           0  0.06s           2026-08-31T12:15:04
================================================================================
[2026-08-31T12:16:04.777+0000] {manager.py:878} INFO - 
================================================================================
DAG File Processing Stats

File Path                                  PID  Runtime      # DAGs    # Errors  Last Runtime    Last Run
---------------------------------------  -----  ---------  --------  ----------  --------------  -------------------
/opt/airflow/dags/lakehouse_pipeline.py   3564  0.01s             1           0  0.20s           2026-08-31T12:15:34
/opt/airflow/dags/maintenance_dag.py      3561  0.02s             1           0  0.20s           2026-08-31T12:15:34
/opt/airflow/dags/dag_config.py                                   0           0  0.07s           2026-08-31T12:15:34
================================================================================
[2026-08-31T12:16:35.218+0000] {manager.py:878} INFO - 
================================================================================
DAG File Processing Stats

File Path                                  PID  Runtime      # DAGs    # Errors  Last Runtime    Last Run
---------------------------------------  -----  ---------  --------  ----------  --------------  -------------------
/opt/airflow/dags/maintenance_dag.py      3576  0.02s             1           0  0.21s           2026-08-31T12:16:04
/opt/airflow/dags/lakehouse_pipeline.py   3579  0.01s             1           0  0.20s           2026-08-31T12:16:04
/opt/airflow/dags/dag_config.py                                   0           0  0.06s           2026-08-31T12:16:05
================================================================================
[2026-08-31T12:17:05.621+0000] {manager.py:878} INFO - 
================================================================================
DAG File Processing Stats

File Path                                  PID  Runtime      # DAGs    # Errors  Last Runtime    Last Run
---------------------------------------  -----  ---------  --------  ----------  --------------  -------------------
/opt/airflow/dags/maintenance_dag.py      3591  0.02s             1           0  0.21s           2026-08-31T12:16:35
/opt/airflow/dags/lakehouse_pipeline.py   3594  0.01s             1           0  0.18s           2026-08-31T12:16:35
/opt/airflow/dags/dag_config.py                                   0           0  0.06s           2026-08-31T12:16:35
================================================================================
[2026-08-31T12:17:36.035+0000] {manager.py:878} INFO - 
================================================================================
DAG File Processing Stats

File Path                                  PID  Runtime      # DAGs    # Errors  Last Runtime    Last Run
---------------------------------------  -----  ---------  --------  ----------  --------------  -------------------
/opt/airflow/dags/maintenance_dag.py      3606  0.02s             1           0  0.20s           2026-08-31T12:17:05
/opt/airflow/dags/lakehouse_pipeline.py   3609  0.01s             1           0  0.19s           2026-08-31T12:17:05
/opt/airflow/dags/dag_config.py                                   0           0  0.05s           2026-08-31T12:17:05
================================================================================
[2026-08-31T12:18:06.471+0000] {manager.py:878} INFO - 
================================================================================
DAG File Processing Stats

File Path                                  PID  Runtime      # DAGs    # Errors  Last Runtime    Last Run
---------------------------------------  -----  ---------  --------  ----------  --------------  -------------------
/opt/airflow/dags/maintenance_dag.py      3621  0.02s             1           0  0.21s           2026-08-31T12:17:36
/opt/airflow/dags/lakehouse_pipeline.py   3624  0.00s             1           0  0.21s           2026-08-31T12:17:36
/opt/airflow/dags/dag_config.py                                   0           0  0.05s           2026-08-31T12:17:36
================================================================================
[2026-08-31T12:18:36.847+0000] {manager.py:878} INFO - 
================================================================================
DAG File Processing Stats

File Path                                  PID  Runtime      # DAGs    # Errors  Last Runtime    Last Run
---------------------------------------  -----  ---------  --------  ----------  --------------  -------------------
/opt/airflow/dags/lakehouse_pipeline.py   3639  0.01s             1           0  0.18s           2026-08-31T12:18:06
/opt/airflow/dags/maintenance_dag.py      3636  0.02s             1           0  0.18s           2026-08-31T12:18:06
/opt/airflow/dags/dag_config.py                                   0           0  0.06s           2026-08-31T12:18:06
================================================================================
[2026-08-31T12:18:54.197+0000] {manager.py:737} INFO - Searching for files in /opt/airflow/dags
[2026-08-31T12:18:54.222+0000] {manager.py:740} INFO - There are 3 files in /opt/airflow/dags
[2026-08-31T12:19:07.338+0000] {manager.py:878} INFO - 
================================================================================
DAG File Processing Stats

File Path                                  PID  Runtime      # DAGs    # Errors  Last Runtime    Last Run
---------------------------------------  -----  ---------  --------  ----------  --------------  -------------------
/opt/airflow/dags/lakehouse_pipeline.py   3654  0.00s             1           0  0.24s           2026-08-31T12:18:37
/opt/airflow/dags/maintenance_dag.py      3651  0.01s             1           0  0.23s           2026-08-31T12:18:37
/opt/airflow/dags/dag_config.py                                   0           0  0.05s           2026-08-31T12:18:37
================================================================================
[2026-08-31T12:19:37.725+0000] {manager.py:878} INFO - 
================================================================================
DAG File Processing Stats

File Path                                  PID  Runtime      # DAGs    # Errors  Last Runtime    Last Run
---------------------------------------  -----  ---------  --------  ----------  --------------  -------------------
/opt/airflow/dags/lakehouse_pipeline.py   3669  0.01s             1           0  0.17s           2026-08-31T12:19:07
/opt/airflow/dags/maintenance_dag.py      3666  0.02s             1           0  0.17s           2026-08-31T12:19:07
/opt/airflow/dags/dag_config.py                                   0           0  0.05s           2026-08-31T12:19:07
================================================================================
[2026-08-31T12:20:08.121+0000] {manager.py:878} INFO - 
================================================================================
DAG File Processing Stats

File Path                                  PID  Runtime      # DAGs    # Errors  Last Runtime    Last Run
---------------------------------------  -----  ---------  --------  ----------  --------------  -------------------
/opt/airflow/dags/lakehouse_pipeline.py   3684  0.01s             1           0  0.19s           2026-08-31T12:19:37
/opt/airflow/dags/maintenance_dag.py      3681  0.02s             1           0  0.19s           2026-08-31T12:19:37
/opt/airflow/dags/dag_config.py                                   0           0  0.07s           2026-08-31T12:19:37
================================================================================
[2026-08-31T12:20:38.525+0000] {manager.py:878} INFO - 
================================================================================
DAG File Processing Stats

File Path                                  PID  Runtime      # DAGs    # Errors  Last Runtime    Last Run
---------------------------------------  -----  ---------  --------  ----------  --------------  -------------------
/opt/airflow/dags/lakehouse_pipeline.py   3699  0.01s             1           0  0.19s           2026-08-31T12:20:08
/opt/airflow/dags/maintenance_dag.py      3696  0.02s             1           0  0.19s           2026-08-31T12:20:08
/opt/airflow/dags/dag_config.py                                   0           0  0.07s           2026-08-31T12:20:08
================================================================================
[2026-08-31T12:21:08.938+0000] {manager.py:878} INFO - 
================================================================================
DAG File Processing Stats

File Path                                  PID  Runtime      # DAGs    # Errors  Last Runtime    Last Run
---------------------------------------  -----  ---------  --------  ----------  --------------  -------------------
/opt/airflow/dags/maintenance_dag.py      3711  0.01s             1           0  0.19s           2026-08-31T12:20:38
/opt/airflow/dags/lakehouse_pipeline.py   3714  0.00s             1           0  0.17s           2026-08-31T12:20:38
/opt/airflow/dags/dag_config.py                                   0           0  0.05s           2026-08-31T12:20:38
================================================================================
[2026-08-31T12:21:39.331+0000] {manager.py:878} INFO - 
================================================================================
DAG File Processing Stats

File Path                                  PID  Runtime      # DAGs    # Errors  Last Runtime    Last Run
---------------------------------------  -----  ---------  --------  ----------  --------------  -------------------
/opt/airflow/dags/lakehouse_pipeline.py   3729  0.01s             1           0  0.18s           2026-08-31T12:21:09
/opt/airflow/dags/maintenance_dag.py      3726  0.02s             1           0  0.18s           2026-08-31T12:21:09
/opt/airflow/dags/dag_config.py                                   0           0  0.06s           2026-08-31T12:21:09
================================================================================
[2026-08-31T12:22:09.736+0000] {manager.py:878} INFO - 
================================================================================
DAG File Processing Stats

File Path                                  PID  Runtime      # DAGs    # Errors  Last Runtime    Last Run
---------------------------------------  -----  ---------  --------  ----------  --------------  -------------------
/opt/airflow/dags/lakehouse_pipeline.py   3744  0.00s             1           0  0.19s           2026-08-31T12:21:39
/opt/airflow/dags/maintenance_dag.py      3741  0.02s             1           0  0.18s           2026-08-31T12:21:39
/opt/airflow/dags/dag_config.py                                   0           0  0.06s           2026-08-31T12:21:39
================================================================================
[2026-08-31T12:22:40.141+0000] {manager.py:878} INFO - 
================================================================================
DAG File Processing Stats

File Path                                  PID  Runtime      # DAGs    # Errors  Last Runtime    Last Run
---------------------------------------  -----  ---------  --------  ----------  --------------  -------------------
/opt/airflow/dags/maintenance_dag.py      3756  0.02s             1           0  0.20s           2026-08-31T12:22:09
/opt/airflow/dags/lakehouse_pipeline.py   3759  0.01s             1           0  0.20s           2026-08-31T12:22:09
/opt/airflow/dags/dag_config.py                                   0           0  0.05s           2026-08-31T12:22:09
================================================================================
[2026-08-31T12:23:10.529+0000] {manager.py:878} INFO - 
================================================================================
DAG File Processing Stats

File Path                                  PID  Runtime      # DAGs    # Errors  Last Runtime    Last Run
---------------------------------------  -----  ---------  --------  ----------  --------------  -------------------
/opt/airflow/dags/lakehouse_pipeline.py   3774  0.01s             1           0  0.18s           2026-08-31T12:22:40
/opt/airflow/dags/maintenance_dag.py      3771  0.02s             1           0  0.18s           2026-08-31T12:22:40
/opt/airflow/dags/dag_config.py                                   0           0  0.06s           2026-08-31T12:22:40
================================================================================
[2026-08-31T12:23:40.921+0000] {manager.py:878} INFO - 
================================================================================
DAG File Processing Stats

File Path                                  PID  Runtime      # DAGs    # Errors  Last Runtime    Last Run
---------------------------------------  -----  ---------  --------  ----------  --------------  -------------------
/opt/airflow/dags/maintenance_dag.py      3786  0.02s             1           0  0.19s           2026-08-31T12:23:10
/opt/airflow/dags/lakehouse_pipeline.py   3789  0.01s             1           0  0.17s           2026-08-31T12:23:10
/opt/airflow/dags/dag_config.py                                   0           0  0.06s           2026-08-31T12:23:10
================================================================================
[2026-08-31T12:23:54.240+0000] {manager.py:737} INFO - Searching for files in /opt/airflow/dags
[2026-08-31T12:23:54.269+0000] {manager.py:740} INFO - There are 3 files in /opt/airflow/dags
[2026-08-31T12:24:11.326+0000] {manager.py:878} INFO - 
================================================================================
DAG File Processing Stats

File Path                                  PID  Runtime      # DAGs    # Errors  Last Runtime    Last Run
---------------------------------------  -----  ---------  --------  ----------  --------------  -------------------
/opt/airflow/dags/lakehouse_pipeline.py   3804  0.00s             1           0  0.20s           2026-08-31T12:23:41
/opt/airflow/dags/maintenance_dag.py      3801  0.02s             1           0  0.20s           2026-08-31T12:23:41
/opt/airflow/dags/dag_config.py                                   0           0  0.07s           2026-08-31T12:23:41
================================================================================
[2026-08-31T12:24:41.714+0000] {manager.py:878} INFO - 
================================================================================
DAG File Processing Stats

File Path                                  PID  Runtime      # DAGs    # Errors  Last Runtime    Last Run
---------------------------------------  -----  ---------  --------  ----------  --------------  -------------------
/opt/airflow/dags/lakehouse_pipeline.py   3819  0.01s             1           0  0.17s           2026-08-31T12:24:11
/opt/airflow/dags/maintenance_dag.py      3816  0.02s             1           0  0.17s           2026-08-31T12:24:11
/opt/airflow/dags/dag_config.py                                   0           0  0.05s           2026-08-31T12:24:11
================================================================================
[2026-08-31T12:25:12.118+0000] {manager.py:878} INFO - 
================================================================================
DAG File Processing Stats

File Path                                  PID  Runtime      # DAGs    # Errors  Last Runtime    Last Run
---------------------------------------  -----  ---------  --------  ----------  --------------  -------------------
/opt/airflow/dags/maintenance_dag.py      3831  0.02s             1           0  0.19s           2026-08-31T12:24:41
/opt/airflow/dags/lakehouse_pipeline.py   3834  0.01s             1           0  0.19s           2026-08-31T12:24:41
/opt/airflow/dags/dag_config.py                                   0           0  0.05s           2026-08-31T12:24:41
================================================================================
[2026-08-31T12:25:42.511+0000] {manager.py:878} INFO - 
================================================================================
DAG File Processing Stats

File Path                                  PID  Runtime      # DAGs    # Errors  Last Runtime    Last Run
---------------------------------------  -----  ---------  --------  ----------  --------------  -------------------
/opt/airflow/dags/maintenance_dag.py      3846  0.02s             1           0  0.20s           2026-08-31T12:25:12
/opt/airflow/dags/lakehouse_pipeline.py   3849  0.00s             1           0  0.18s           2026-08-31T12:25:12
/opt/airflow/dags/dag_config.py                                   0           0  0.06s           2026-08-31T12:25:12
================================================================================
[2026-08-31T12:26:12.893+0000] {manager.py:878} INFO - 
================================================================================
DAG File Processing Stats

File Path                                  PID  Runtime      # DAGs    # Errors  Last Runtime    Last Run
---------------------------------------  -----  ---------  --------  ----------  --------------  -------------------
/opt/airflow/dags/maintenance_dag.py      3861  0.02s             1           0  0.18s           2026-08-31T12:25:42
/opt/airflow/dags/lakehouse_pipeline.py   3864  0.01s             1           0  0.17s           2026-08-31T12:25:42
/opt/airflow/dags/dag_config.py                                   0           0  0.05s           2026-08-31T12:25:42
================================================================================
[2026-08-31T12:26:43.285+0000] {manager.py:878} INFO - 
================================================================================
DAG File Processing Stats

File Path                                  PID  Runtime      # DAGs    # Errors  Last Runtime    Last Run
---------------------------------------  -----  ---------  --------  ----------  --------------  -------------------
/opt/airflow/dags/lakehouse_pipeline.py   3879  0.01s             1           0  0.18s           2026-08-31T12:26:13
/opt/airflow/dags/maintenance_dag.py      3876  0.02s             1           0  0.18s           2026-08-31T12:26:13
/opt/airflow/dags/dag_config.py                                   0           0  0.05s           2026-08-31T12:26:13
================================================================================
[2026-08-31T12:27:13.703+0000] {manager.py:878} INFO - 
================================================================================
DAG File Processing Stats

File Path                                  PID  Runtime      # DAGs    # Errors  Last Runtime    Last Run
---------------------------------------  -----  ---------  --------  ----------  --------------  -------------------
/opt/airflow/dags/lakehouse_pipeline.py   3894  0.00s             1           0  0.21s           2026-08-31T12:26:43
/opt/airflow/dags/maintenance_dag.py      3891  0.01s             1           0  0.21s           2026-08-31T12:26:43
/opt/airflow/dags/dag_config.py                                   0           0  0.06s           2026-08-31T12:26:43
================================================================================
[2026-08-31T12:27:44.096+0000] {manager.py:878} INFO - 
================================================================================
DAG File Processing Stats

File Path                                  PID  Runtime      # DAGs    # Errors  Last Runtime    Last Run
---------------------------------------  -----  ---------  --------  ----------  --------------  -------------------
/opt/airflow/dags/maintenance_dag.py      3906  0.02s             1           0  0.20s           2026-08-31T12:27:13
/opt/airflow/dags/lakehouse_pipeline.py   3909  0.00s             1           0  0.17s           2026-08-31T12:27:13
/opt/airflow/dags/dag_config.py                                   0           0  0.08s           2026-08-31T12:27:13
================================================================================
[2026-08-31T12:28:14.514+0000] {manager.py:878} INFO - 
================================================================================
DAG File Processing Stats

File Path                                  PID  Runtime      # DAGs    # Errors  Last Runtime    Last Run
---------------------------------------  -----  ---------  --------  ----------  --------------  -------------------
/opt/airflow/dags/lakehouse_pipeline.py   3924  0.00s             1           0  0.20s           2026-08-31T12:27:44
/opt/airflow/dags/maintenance_dag.py      3921  0.02s             1           0  0.20s           2026-08-31T12:27:44
/opt/airflow/dags/dag_config.py                                   0           0  0.06s           2026-08-31T12:27:44
================================================================================
[2026-08-31T12:28:44.887+0000] {manager.py:878} INFO - 
================================================================================
DAG File Processing Stats

File Path                                  PID  Runtime      # DAGs    # Errors  Last Runtime    Last Run
---------------------------------------  -----  ---------  --------  ----------  --------------  -------------------
/opt/airflow/dags/lakehouse_pipeline.py   3939  0.01s             1           0  0.18s           2026-08-31T12:28:14
/opt/airflow/dags/maintenance_dag.py      3936  0.02s             1           0  0.18s           2026-08-31T12:28:14
/opt/airflow/dags/dag_config.py                                   0           0  0.07s           2026-08-31T12:28:14
================================================================================
[2026-08-31T12:28:55.135+0000] {manager.py:737} INFO - Searching for files in /opt/airflow/dags
[2026-08-31T12:28:55.163+0000] {manager.py:740} INFO - There are 3 files in /opt/airflow/dags
[2026-08-31T12:29:15.320+0000] {manager.py:878} INFO - 
================================================================================
DAG File Processing Stats

File Path                                  PID  Runtime      # DAGs    # Errors  Last Runtime    Last Run
---------------------------------------  -----  ---------  --------  ----------  --------------  -------------------
/opt/airflow/dags/maintenance_dag.py      3951  0.02s             1           0  0.21s           2026-08-31T12:28:45
/opt/airflow/dags/lakehouse_pipeline.py   3954  0.00s             1           0  0.18s           2026-08-31T12:28:45
/opt/airflow/dags/dag_config.py                                   0           0  0.06s           2026-08-31T12:28:45
================================================================================
[2026-08-31T12:29:45.735+0000] {manager.py:878} INFO - 
================================================================================
DAG File Processing Stats

File Path                                  PID  Runtime      # DAGs    # Errors  Last Runtime    Last Run
---------------------------------------  -----  ---------  --------  ----------  --------------  -------------------
/opt/airflow/dags/lakehouse_pipeline.py   3969  0.00s             1           0  0.21s           2026-08-31T12:29:15
/opt/airflow/dags/maintenance_dag.py      3966  0.02s             1           0  0.21s           2026-08-31T12:29:15
/opt/airflow/dags/dag_config.py                                   0           0  0.05s           2026-08-31T12:29:15
================================================================================
[2026-08-31T12:30:16.137+0000] {manager.py:878} INFO - 
================================================================================
DAG File Processing Stats

File Path                                  PID  Runtime      # DAGs    # Errors  Last Runtime    Last Run
---------------------------------------  -----  ---------  --------  ----------  --------------  -------------------
/opt/airflow/dags/maintenance_dag.py      3981  0.01s             1           0  0.20s           2026-08-31T12:29:45
/opt/airflow/dags/lakehouse_pipeline.py   3984  0.00s             1           0  0.18s           2026-08-31T12:29:45
/opt/airflow/dags/dag_config.py                                   0           0  0.06s           2026-08-31T12:29:45
================================================================================
[2026-08-31T12:30:46.534+0000] {manager.py:878} INFO - 
================================================================================
DAG File Processing Stats

File Path                                  PID  Runtime      # DAGs    # Errors  Last Runtime    Last Run
---------------------------------------  -----  ---------  --------  ----------  --------------  -------------------
/opt/airflow/dags/maintenance_dag.py      3996  0.02s             1           0  0.19s           2026-08-31T12:30:16
/opt/airflow/dags/lakehouse_pipeline.py   3999  0.01s             1           0  0.19s           2026-08-31T12:30:16
/opt/airflow/dags/dag_config.py                                   0           0  0.05s           2026-08-31T12:30:16
================================================================================
[2026-08-31T12:31:16.969+0000] {manager.py:878} INFO - 
================================================================================
DAG File Processing Stats

File Path                                  PID  Runtime      # DAGs    # Errors  Last Runtime    Last Run
---------------------------------------  -----  ---------  --------  ----------  --------------  -------------------
/opt/airflow/dags/maintenance_dag.py      4011  0.02s             1           0  0.21s           2026-08-31T12:30:46
/opt/airflow/dags/lakehouse_pipeline.py   4014  0.01s             1           0  0.20s           2026-08-31T12:30:46
/opt/airflow/dags/dag_config.py                                   0           0  0.05s           2026-08-31T12:30:46
================================================================================
[2026-08-31T12:31:47.352+0000] {manager.py:878} INFO - 
================================================================================
DAG File Processing Stats

File Path                                  PID  Runtime      # DAGs    # Errors  Last Runtime    Last Run
---------------------------------------  -----  ---------  --------  ----------  --------------  -------------------
/opt/airflow/dags/lakehouse_pipeline.py   4029  0.00s             1           0  0.19s           2026-08-31T12:31:17
/opt/airflow/dags/maintenance_dag.py      4026  0.02s             1           0  0.19s           2026-08-31T12:31:17
/opt/airflow/dags/dag_config.py                                   0           0  0.05s           2026-08-31T12:31:17
================================================================================
[2026-08-31T12:32:17.798+0000] {manager.py:878} INFO - 
================================================================================
DAG File Processing Stats

File Path                                  PID  Runtime      # DAGs    # Errors  Last Runtime    Last Run
---------------------------------------  -----  ---------  --------  ----------  --------------  -------------------
/opt/airflow/dags/lakehouse_pipeline.py   4044  0.01s             1           0  0.24s           2026-08-31T12:31:47
/opt/airflow/dags/maintenance_dag.py      4041  0.02s             1           0  0.23s           2026-08-31T12:31:47
/opt/airflow/dags/dag_config.py                                   0           0  0.06s           2026-08-31T12:31:47
================================================================================
