[2026-08-31T10:48:50.537+0000] {processor.py:161} INFO - Started process (PID=183) to work on /opt/airflow/dags/dag_config.py
[2026-08-31T10:48:50.539+0000] {processor.py:830} INFO - Processing file /opt/airflow/dags/dag_config.py for tasks to queue
[2026-08-31T10:48:50.542+0000] {logging_mixin.py:188} INFO - [2026-08-31T10:48:50.541+0000] {dagbag.py:545} INFO - Filling up the DagBag from /opt/airflow/dags/dag_config.py
[2026-08-31T10:48:50.558+0000] {processor.py:842} WARNING - No viable dags retrieved from /opt/airflow/dags/dag_config.py
[2026-08-31T10:48:50.583+0000] {processor.py:183} INFO - Processing /opt/airflow/dags/dag_config.py took 0.053 seconds
[2026-08-31T10:49:21.065+0000] {processor.py:161} INFO - Started process (PID=231) to work on /opt/airflow/dags/dag_config.py
[2026-08-31T10:49:21.067+0000] {processor.py:830} INFO - Processing file /opt/airflow/dags/dag_config.py for tasks to queue
[2026-08-31T10:49:21.069+0000] {logging_mixin.py:188} INFO - [2026-08-31T10:49:21.069+0000] {dagbag.py:545} INFO - Filling up the DagBag from /opt/airflow/dags/dag_config.py
[2026-08-31T10:49:21.080+0000] {processor.py:842} WARNING - No viable dags retrieved from /opt/airflow/dags/dag_config.py
[2026-08-31T10:49:21.098+0000] {processor.py:183} INFO - Processing /opt/airflow/dags/dag_config.py took 0.040 seconds
[2026-08-31T10:49:51.580+0000] {processor.py:161} INFO - Started process (PID=251) to work on /opt/airflow/dags/dag_config.py
[2026-08-31T10:49:51.581+0000] {processor.py:830} INFO - Processing file /opt/airflow/dags/dag_config.py for tasks to queue
[2026-08-31T10:49:51.584+0000] {logging_mixin.py:188} INFO - [2026-08-31T10:49:51.584+0000] {dagbag.py:545} INFO - Filling up the DagBag from /opt/airflow/dags/dag_config.py
[2026-08-31T10:49:51.599+0000] {processor.py:842} WARNING - No viable dags retrieved from /opt/airflow/dags/dag_config.py
[2026-08-31T10:49:51.621+0000] {processor.py:183} INFO - Processing /opt/airflow/dags/dag_config.py took 0.049 seconds
[2026-08-31T10:50:22.166+0000] {processor.py:161} INFO - Started process (PID=270) to work on /opt/airflow/dags/dag_config.py
[2026-08-31T10:50:22.168+0000] {processor.py:830} INFO - Processing file /opt/airflow/dags/dag_config.py for tasks to queue
[2026-08-31T10:50:22.172+0000] {logging_mixin.py:188} INFO - [2026-08-31T10:50:22.171+0000] {dagbag.py:545} INFO - Filling up the DagBag from /opt/airflow/dags/dag_config.py
[2026-08-31T10:50:22.193+0000] {processor.py:842} WARNING - No viable dags retrieved from /opt/airflow/dags/dag_config.py
[2026-08-31T10:50:22.219+0000] {processor.py:183} INFO - Processing /opt/airflow/dags/dag_config.py took 0.064 seconds
[2026-08-31T10:50:52.627+0000] {processor.py:161} INFO - Started process (PID=290) to work on /opt/airflow/dags/dag_config.py
[2026-08-31T10:50:52.629+0000] {processor.py:830} INFO - Processing file /opt/airflow/dags/dag_config.py for tasks to queue
[2026-08-31T10:50:52.631+0000] {logging_mixin.py:188} INFO - [2026-08-31T10:50:52.630+0000] {dagbag.py:545} INFO - Filling up the DagBag from /opt/airflow/dags/dag_config.py
[2026-08-31T10:50:52.642+0000] {processor.py:842} WARNING - No viable dags retrieved from /opt/airflow/dags/dag_config.py
[2026-08-31T10:50:52.657+0000] {processor.py:183} INFO - Processing /opt/airflow/dags/dag_config.py took 0.036 seconds
[2026-08-31T10:51:23.212+0000] {processor.py:161} INFO - Started process (PID=307) to work on /opt/airflow/dags/dag_config.py
[2026-08-31T10:51:23.214+0000] {processor.py:830} INFO - Processing file /opt/airflow/dags/dag_config.py for tasks to queue
[2026-08-31T10:51:23.218+0000] {logging_mixin.py:188} INFO - [2026-08-31T10:51:23.217+0000] {dagbag.py:545} INFO - Filling up the DagBag from /opt/airflow/dags/dag_config.py
[2026-08-31T10:51:23.234+0000] {processor.py:842} WARNING - No viable dags retrieved from /opt/airflow/dags/dag_config.py
[2026-08-31T10:51:23.269+0000] {processor.py:183} INFO - Processing /opt/airflow/dags/dag_config.py took 0.066 seconds
[2026-08-31T10:51:53.753+0000] {processor.py:161} INFO - Started process (PID=325) to work on /opt/airflow/dags/dag_config.py
[2026-08-31T10:51:53.755+0000] {processor.py:830} INFO - Processing file /opt/airflow/dags/dag_config.py for tasks to queue
[2026-08-31T10:51:53.757+0000] {logging_mixin.py:188} INFO - [2026-08-31T10:51:53.757+0000] {dagbag.py:545} INFO - Filling up the DagBag from /opt/airflow/dags/dag_config.py
[2026-08-31T10:51:53.768+0000] {processor.py:842} WARNING - No viable dags retrieved from /opt/airflow/dags/dag_config.py
[2026-08-31T10:51:53.787+0000] {processor.py:183} INFO - Processing /opt/airflow/dags/dag_config.py took 0.040 seconds
[2026-08-31T10:52:24.232+0000] {processor.py:161} INFO - Started process (PID=375) to work on /opt/airflow/dags/dag_config.py
[2026-08-31T10:52:24.234+0000] {processor.py:830} INFO - Processing file /opt/airflow/dags/dag_config.py for tasks to queue
[2026-08-31T10:52:24.237+0000] {logging_mixin.py:188} INFO - [2026-08-31T10:52:24.236+0000] {dagbag.py:545} INFO - Filling up the DagBag from /opt/airflow/dags/dag_config.py
[2026-08-31T10:52:24.248+0000] {processor.py:842} WARNING - No viable dags retrieved from /opt/airflow/dags/dag_config.py
[2026-08-31T10:52:24.272+0000] {processor.py:183} INFO - Processing /opt/airflow/dags/dag_config.py took 0.046 seconds
[2026-08-31T10:52:54.877+0000] {processor.py:161} INFO - Started process (PID=394) to work on /opt/airflow/dags/dag_config.py
[2026-08-31T10:52:54.879+0000] {processor.py:830} INFO - Processing file /opt/airflow/dags/dag_config.py for tasks to queue
[2026-08-31T10:52:54.882+0000] {logging_mixin.py:188} INFO - [2026-08-31T10:52:54.882+0000] {dagbag.py:545} INFO - Filling up the DagBag from /opt/airflow/dags/dag_config.py
[2026-08-31T10:52:54.903+0000] {processor.py:842} WARNING - No viable dags retrieved from /opt/airflow/dags/dag_config.py
[2026-08-31T10:52:54.931+0000] {processor.py:183} INFO - Processing /opt/airflow/dags/dag_config.py took 0.065 seconds
[2026-08-31T10:53:25.579+0000] {processor.py:161} INFO - Started process (PID=412) to work on /opt/airflow/dags/dag_config.py
[2026-08-31T10:53:25.582+0000] {processor.py:830} INFO - Processing file /opt/airflow/dags/dag_config.py for tasks to queue
[2026-08-31T10:53:25.585+0000] {logging_mixin.py:188} INFO - [2026-08-31T10:53:25.585+0000] {dagbag.py:545} INFO - Filling up the DagBag from /opt/airflow/dags/dag_config.py
[2026-08-31T10:53:25.606+0000] {processor.py:842} WARNING - No viable dags retrieved from /opt/airflow/dags/dag_config.py
[2026-08-31T10:53:25.633+0000] {processor.py:183} INFO - Processing /opt/airflow/dags/dag_config.py took 0.065 seconds
[2026-08-31T10:53:56.365+0000] {processor.py:161} INFO - Started process (PID=432) to work on /opt/airflow/dags/dag_config.py
[2026-08-31T10:53:56.367+0000] {processor.py:830} INFO - Processing file /opt/airflow/dags/dag_config.py for tasks to queue
[2026-08-31T10:53:56.371+0000] {logging_mixin.py:188} INFO - [2026-08-31T10:53:56.370+0000] {dagbag.py:545} INFO - Filling up the DagBag from /opt/airflow/dags/dag_config.py
[2026-08-31T10:53:56.395+0000] {processor.py:842} WARNING - No viable dags retrieved from /opt/airflow/dags/dag_config.py
[2026-08-31T10:53:56.427+0000] {processor.py:183} INFO - Processing /opt/airflow/dags/dag_config.py took 0.069 seconds
[2026-08-31T10:54:27.123+0000] {processor.py:161} INFO - Started process (PID=449) to work on /opt/airflow/dags/dag_config.py
[2026-08-31T10:54:27.125+0000] {processor.py:830} INFO - Processing file /opt/airflow/dags/dag_config.py for tasks to queue
[2026-08-31T10:54:27.130+0000] {logging_mixin.py:188} INFO - [2026-08-31T10:54:27.129+0000] {dagbag.py:545} INFO - Filling up the DagBag from /opt/airflow/dags/dag_config.py
[2026-08-31T10:54:27.154+0000] {processor.py:842} WARNING - No viable dags retrieved from /opt/airflow/dags/dag_config.py
[2026-08-31T10:54:27.178+0000] {processor.py:183} INFO - Processing /opt/airflow/dags/dag_config.py took 0.067 seconds
[2026-08-31T10:54:57.683+0000] {processor.py:161} INFO - Started process (PID=468) to work on /opt/airflow/dags/dag_config.py
[2026-08-31T10:54:57.684+0000] {processor.py:830} INFO - Processing file /opt/airflow/dags/dag_config.py for tasks to queue
[2026-08-31T10:54:57.687+0000] {logging_mixin.py:188} INFO - [2026-08-31T10:54:57.686+0000] {dagbag.py:545} INFO - Filling up the DagBag from /opt/airflow/dags/dag_config.py
[2026-08-31T10:54:57.696+0000] {processor.py:842} WARNING - No viable dags retrieved from /opt/airflow/dags/dag_config.py
[2026-08-31T10:54:57.712+0000] {processor.py:183} INFO - Processing /opt/airflow/dags/dag_config.py took 0.035 seconds
[2026-08-31T10:55:28.124+0000] {processor.py:161} INFO - Started process (PID=485) to work on /opt/airflow/dags/dag_config.py
[2026-08-31T10:55:28.126+0000] {processor.py:830} INFO - Processing file /opt/airflow/dags/dag_config.py for tasks to queue
[2026-08-31T10:55:28.129+0000] {logging_mixin.py:188} INFO - [2026-08-31T10:55:28.128+0000] {dagbag.py:545} INFO - Filling up the DagBag from /opt/airflow/dags/dag_config.py
[2026-08-31T10:55:28.142+0000] {processor.py:842} WARNING - No viable dags retrieved from /opt/airflow/dags/dag_config.py
[2026-08-31T10:55:28.162+0000] {processor.py:183} INFO - Processing /opt/airflow/dags/dag_config.py took 0.045 seconds
[2026-08-31T10:55:58.558+0000] {processor.py:161} INFO - Started process (PID=503) to work on /opt/airflow/dags/dag_config.py
[2026-08-31T10:55:58.560+0000] {processor.py:830} INFO - Processing file /opt/airflow/dags/dag_config.py for tasks to queue
[2026-08-31T10:55:58.562+0000] {logging_mixin.py:188} INFO - [2026-08-31T10:55:58.562+0000] {dagbag.py:545} INFO - Filling up the DagBag from /opt/airflow/dags/dag_config.py
[2026-08-31T10:55:58.570+0000] {processor.py:842} WARNING - No viable dags retrieved from /opt/airflow/dags/dag_config.py
[2026-08-31T10:55:58.584+0000] {processor.py:183} INFO - Processing /opt/airflow/dags/dag_config.py took 0.031 seconds
[2026-08-31T10:56:29.061+0000] {processor.py:161} INFO - Started process (PID=525) to work on /opt/airflow/dags/dag_config.py
[2026-08-31T10:56:29.063+0000] {processor.py:830} INFO - Processing file /opt/airflow/dags/dag_config.py for tasks to queue
[2026-08-31T10:56:29.066+0000] {logging_mixin.py:188} INFO - [2026-08-31T10:56:29.066+0000] {dagbag.py:545} INFO - Filling up the DagBag from /opt/airflow/dags/dag_config.py
[2026-08-31T10:56:29.078+0000] {processor.py:842} WARNING - No viable dags retrieved from /opt/airflow/dags/dag_config.py
[2026-08-31T10:56:29.098+0000] {processor.py:183} INFO - Processing /opt/airflow/dags/dag_config.py took 0.044 seconds
[2026-08-31T10:56:59.524+0000] {processor.py:161} INFO - Started process (PID=611) to work on /opt/airflow/dags/dag_config.py
[2026-08-31T10:56:59.526+0000] {processor.py:830} INFO - Processing file /opt/airflow/dags/dag_config.py for tasks to queue
[2026-08-31T10:56:59.528+0000] {logging_mixin.py:188} INFO - [2026-08-31T10:56:59.528+0000] {dagbag.py:545} INFO - Filling up the DagBag from /opt/airflow/dags/dag_config.py
[2026-08-31T10:56:59.537+0000] {processor.py:842} WARNING - No viable dags retrieved from /opt/airflow/dags/dag_config.py
[2026-08-31T10:56:59.553+0000] {processor.py:183} INFO - Processing /opt/airflow/dags/dag_config.py took 0.034 seconds
[2026-08-31T10:57:29.968+0000] {processor.py:161} INFO - Started process (PID=626) to work on /opt/airflow/dags/dag_config.py
[2026-08-31T10:57:29.969+0000] {processor.py:830} INFO - Processing file /opt/airflow/dags/dag_config.py for tasks to queue
[2026-08-31T10:57:29.971+0000] {logging_mixin.py:188} INFO - [2026-08-31T10:57:29.971+0000] {dagbag.py:545} INFO - Filling up the DagBag from /opt/airflow/dags/dag_config.py
[2026-08-31T10:57:29.980+0000] {processor.py:842} WARNING - No viable dags retrieved from /opt/airflow/dags/dag_config.py
[2026-08-31T10:57:29.995+0000] {processor.py:183} INFO - Processing /opt/airflow/dags/dag_config.py took 0.032 seconds
[2026-08-31T10:58:00.419+0000] {processor.py:161} INFO - Started process (PID=641) to work on /opt/airflow/dags/dag_config.py
[2026-08-31T10:58:00.421+0000] {processor.py:830} INFO - Processing file /opt/airflow/dags/dag_config.py for tasks to queue
[2026-08-31T10:58:00.423+0000] {logging_mixin.py:188} INFO - [2026-08-31T10:58:00.423+0000] {dagbag.py:545} INFO - Filling up the DagBag from /opt/airflow/dags/dag_config.py
[2026-08-31T10:58:00.435+0000] {processor.py:842} WARNING - No viable dags retrieved from /opt/airflow/dags/dag_config.py
[2026-08-31T10:58:00.458+0000] {processor.py:183} INFO - Processing /opt/airflow/dags/dag_config.py took 0.045 seconds
[2026-08-31T10:58:30.834+0000] {processor.py:161} INFO - Started process (PID=654) to work on /opt/airflow/dags/dag_config.py
[2026-08-31T10:58:30.835+0000] {processor.py:830} INFO - Processing file /opt/airflow/dags/dag_config.py for tasks to queue
[2026-08-31T10:58:30.838+0000] {logging_mixin.py:188} INFO - [2026-08-31T10:58:30.837+0000] {dagbag.py:545} INFO - Filling up the DagBag from /opt/airflow/dags/dag_config.py
[2026-08-31T10:58:30.847+0000] {processor.py:842} WARNING - No viable dags retrieved from /opt/airflow/dags/dag_config.py
[2026-08-31T10:58:30.862+0000] {processor.py:183} INFO - Processing /opt/airflow/dags/dag_config.py took 0.035 seconds
[2026-08-31T10:59:01.276+0000] {processor.py:161} INFO - Started process (PID=671) to work on /opt/airflow/dags/dag_config.py
[2026-08-31T10:59:01.277+0000] {processor.py:830} INFO - Processing file /opt/airflow/dags/dag_config.py for tasks to queue
[2026-08-31T10:59:01.280+0000] {logging_mixin.py:188} INFO - [2026-08-31T10:59:01.279+0000] {dagbag.py:545} INFO - Filling up the DagBag from /opt/airflow/dags/dag_config.py
[2026-08-31T10:59:01.288+0000] {processor.py:842} WARNING - No viable dags retrieved from /opt/airflow/dags/dag_config.py
[2026-08-31T10:59:01.301+0000] {processor.py:183} INFO - Processing /opt/airflow/dags/dag_config.py took 0.030 seconds
[2026-08-31T10:59:31.700+0000] {processor.py:161} INFO - Started process (PID=686) to work on /opt/airflow/dags/dag_config.py
[2026-08-31T10:59:31.701+0000] {processor.py:830} INFO - Processing file /opt/airflow/dags/dag_config.py for tasks to queue
[2026-08-31T10:59:31.703+0000] {logging_mixin.py:188} INFO - [2026-08-31T10:59:31.703+0000] {dagbag.py:545} INFO - Filling up the DagBag from /opt/airflow/dags/dag_config.py
[2026-08-31T10:59:31.714+0000] {processor.py:842} WARNING - No viable dags retrieved from /opt/airflow/dags/dag_config.py
[2026-08-31T10:59:31.729+0000] {processor.py:183} INFO - Processing /opt/airflow/dags/dag_config.py took 0.035 seconds
[2026-08-31T11:00:02.101+0000] {processor.py:161} INFO - Started process (PID=701) to work on /opt/airflow/dags/dag_config.py
[2026-08-31T11:00:02.102+0000] {processor.py:830} INFO - Processing file /opt/airflow/dags/dag_config.py for tasks to queue
[2026-08-31T11:00:02.104+0000] {logging_mixin.py:188} INFO - [2026-08-31T11:00:02.104+0000] {dagbag.py:545} INFO - Filling up the DagBag from /opt/airflow/dags/dag_config.py
[2026-08-31T11:00:02.112+0000] {processor.py:842} WARNING - No viable dags retrieved from /opt/airflow/dags/dag_config.py
[2026-08-31T11:00:02.126+0000] {processor.py:183} INFO - Processing /opt/airflow/dags/dag_config.py took 0.031 seconds
[2026-08-31T11:00:32.481+0000] {processor.py:161} INFO - Started process (PID=716) to work on /opt/airflow/dags/dag_config.py
[2026-08-31T11:00:32.483+0000] {processor.py:830} INFO - Processing file /opt/airflow/dags/dag_config.py for tasks to queue
[2026-08-31T11:00:32.484+0000] {logging_mixin.py:188} INFO - [2026-08-31T11:00:32.484+0000] {dagbag.py:545} INFO - Filling up the DagBag from /opt/airflow/dags/dag_config.py
[2026-08-31T11:00:32.493+0000] {processor.py:842} WARNING - No viable dags retrieved from /opt/airflow/dags/dag_config.py
[2026-08-31T11:00:32.512+0000] {processor.py:183} INFO - Processing /opt/airflow/dags/dag_config.py took 0.036 seconds
[2026-08-31T11:01:02.900+0000] {processor.py:161} INFO - Started process (PID=731) to work on /opt/airflow/dags/dag_config.py
[2026-08-31T11:01:02.901+0000] {processor.py:830} INFO - Processing file /opt/airflow/dags/dag_config.py for tasks to queue
[2026-08-31T11:01:02.903+0000] {logging_mixin.py:188} INFO - [2026-08-31T11:01:02.903+0000] {dagbag.py:545} INFO - Filling up the DagBag from /opt/airflow/dags/dag_config.py
[2026-08-31T11:01:02.912+0000] {processor.py:842} WARNING - No viable dags retrieved from /opt/airflow/dags/dag_config.py
[2026-08-31T11:01:02.928+0000] {processor.py:183} INFO - Processing /opt/airflow/dags/dag_config.py took 0.034 seconds
[2026-08-31T11:01:33.320+0000] {processor.py:161} INFO - Started process (PID=746) to work on /opt/airflow/dags/dag_config.py
[2026-08-31T11:01:33.321+0000] {processor.py:830} INFO - Processing file /opt/airflow/dags/dag_config.py for tasks to queue
[2026-08-31T11:01:33.323+0000] {logging_mixin.py:188} INFO - [2026-08-31T11:01:33.323+0000] {dagbag.py:545} INFO - Filling up the DagBag from /opt/airflow/dags/dag_config.py
[2026-08-31T11:01:33.331+0000] {processor.py:842} WARNING - No viable dags retrieved from /opt/airflow/dags/dag_config.py
[2026-08-31T11:01:33.347+0000] {processor.py:183} INFO - Processing /opt/airflow/dags/dag_config.py took 0.032 seconds
[2026-08-31T11:02:03.831+0000] {processor.py:161} INFO - Started process (PID=759) to work on /opt/airflow/dags/dag_config.py
[2026-08-31T11:02:03.833+0000] {processor.py:830} INFO - Processing file /opt/airflow/dags/dag_config.py for tasks to queue
[2026-08-31T11:02:03.839+0000] {logging_mixin.py:188} INFO - [2026-08-31T11:02:03.839+0000] {dagbag.py:545} INFO - Filling up the DagBag from /opt/airflow/dags/dag_config.py
[2026-08-31T11:02:03.860+0000] {processor.py:842} WARNING - No viable dags retrieved from /opt/airflow/dags/dag_config.py
[2026-08-31T11:02:03.889+0000] {processor.py:183} INFO - Processing /opt/airflow/dags/dag_config.py took 0.073 seconds
[2026-08-31T11:02:34.250+0000] {processor.py:161} INFO - Started process (PID=850) to work on /opt/airflow/dags/dag_config.py
[2026-08-31T11:02:34.251+0000] {processor.py:830} INFO - Processing file /opt/airflow/dags/dag_config.py for tasks to queue
[2026-08-31T11:02:34.253+0000] {logging_mixin.py:188} INFO - [2026-08-31T11:02:34.253+0000] {dagbag.py:545} INFO - Filling up the DagBag from /opt/airflow/dags/dag_config.py
[2026-08-31T11:02:34.260+0000] {processor.py:842} WARNING - No viable dags retrieved from /opt/airflow/dags/dag_config.py
[2026-08-31T11:02:34.275+0000] {processor.py:183} INFO - Processing /opt/airflow/dags/dag_config.py took 0.030 seconds
[2026-08-31T11:03:04.691+0000] {processor.py:161} INFO - Started process (PID=899) to work on /opt/airflow/dags/dag_config.py
[2026-08-31T11:03:04.692+0000] {processor.py:830} INFO - Processing file /opt/airflow/dags/dag_config.py for tasks to queue
[2026-08-31T11:03:04.694+0000] {logging_mixin.py:188} INFO - [2026-08-31T11:03:04.693+0000] {dagbag.py:545} INFO - Filling up the DagBag from /opt/airflow/dags/dag_config.py
[2026-08-31T11:03:04.701+0000] {processor.py:842} WARNING - No viable dags retrieved from /opt/airflow/dags/dag_config.py
[2026-08-31T11:03:04.717+0000] {processor.py:183} INFO - Processing /opt/airflow/dags/dag_config.py took 0.031 seconds
[2026-08-31T11:03:35.116+0000] {processor.py:161} INFO - Started process (PID=918) to work on /opt/airflow/dags/dag_config.py
[2026-08-31T11:03:35.118+0000] {processor.py:830} INFO - Processing file /opt/airflow/dags/dag_config.py for tasks to queue
[2026-08-31T11:03:35.119+0000] {logging_mixin.py:188} INFO - [2026-08-31T11:03:35.119+0000] {dagbag.py:545} INFO - Filling up the DagBag from /opt/airflow/dags/dag_config.py
[2026-08-31T11:03:35.130+0000] {processor.py:842} WARNING - No viable dags retrieved from /opt/airflow/dags/dag_config.py
[2026-08-31T11:03:35.145+0000] {processor.py:183} INFO - Processing /opt/airflow/dags/dag_config.py took 0.034 seconds
[2026-08-31T11:04:05.587+0000] {processor.py:161} INFO - Started process (PID=933) to work on /opt/airflow/dags/dag_config.py
[2026-08-31T11:04:05.589+0000] {processor.py:830} INFO - Processing file /opt/airflow/dags/dag_config.py for tasks to queue
[2026-08-31T11:04:05.592+0000] {logging_mixin.py:188} INFO - [2026-08-31T11:04:05.591+0000] {dagbag.py:545} INFO - Filling up the DagBag from /opt/airflow/dags/dag_config.py
[2026-08-31T11:04:05.601+0000] {processor.py:842} WARNING - No viable dags retrieved from /opt/airflow/dags/dag_config.py
[2026-08-31T11:04:05.617+0000] {processor.py:183} INFO - Processing /opt/airflow/dags/dag_config.py took 0.038 seconds
[2026-08-31T11:04:35.970+0000] {processor.py:161} INFO - Started process (PID=953) to work on /opt/airflow/dags/dag_config.py
[2026-08-31T11:04:35.971+0000] {processor.py:830} INFO - Processing file /opt/airflow/dags/dag_config.py for tasks to queue
[2026-08-31T11:04:35.973+0000] {logging_mixin.py:188} INFO - [2026-08-31T11:04:35.973+0000] {dagbag.py:545} INFO - Filling up the DagBag from /opt/airflow/dags/dag_config.py
[2026-08-31T11:04:35.980+0000] {processor.py:842} WARNING - No viable dags retrieved from /opt/airflow/dags/dag_config.py
[2026-08-31T11:04:35.994+0000] {processor.py:183} INFO - Processing /opt/airflow/dags/dag_config.py took 0.029 seconds
[2026-08-31T11:05:06.424+0000] {processor.py:161} INFO - Started process (PID=970) to work on /opt/airflow/dags/dag_config.py
[2026-08-31T11:05:06.425+0000] {processor.py:830} INFO - Processing file /opt/airflow/dags/dag_config.py for tasks to queue
[2026-08-31T11:05:06.428+0000] {logging_mixin.py:188} INFO - [2026-08-31T11:05:06.428+0000] {dagbag.py:545} INFO - Filling up the DagBag from /opt/airflow/dags/dag_config.py
[2026-08-31T11:05:06.441+0000] {processor.py:842} WARNING - No viable dags retrieved from /opt/airflow/dags/dag_config.py
[2026-08-31T11:05:06.463+0000] {processor.py:183} INFO - Processing /opt/airflow/dags/dag_config.py took 0.047 seconds
[2026-08-31T11:05:36.804+0000] {processor.py:161} INFO - Started process (PID=989) to work on /opt/airflow/dags/dag_config.py
[2026-08-31T11:05:36.805+0000] {processor.py:830} INFO - Processing file /opt/airflow/dags/dag_config.py for tasks to queue
[2026-08-31T11:05:36.807+0000] {logging_mixin.py:188} INFO - [2026-08-31T11:05:36.807+0000] {dagbag.py:545} INFO - Filling up the DagBag from /opt/airflow/dags/dag_config.py
[2026-08-31T11:05:36.815+0000] {processor.py:842} WARNING - No viable dags retrieved from /opt/airflow/dags/dag_config.py
[2026-08-31T11:05:36.829+0000] {processor.py:183} INFO - Processing /opt/airflow/dags/dag_config.py took 0.031 seconds
[2026-08-31T11:06:07.197+0000] {processor.py:161} INFO - Started process (PID=1006) to work on /opt/airflow/dags/dag_config.py
[2026-08-31T11:06:07.198+0000] {processor.py:830} INFO - Processing file /opt/airflow/dags/dag_config.py for tasks to queue
[2026-08-31T11:06:07.201+0000] {logging_mixin.py:188} INFO - [2026-08-31T11:06:07.200+0000] {dagbag.py:545} INFO - Filling up the DagBag from /opt/airflow/dags/dag_config.py
[2026-08-31T11:06:07.211+0000] {processor.py:842} WARNING - No viable dags retrieved from /opt/airflow/dags/dag_config.py
[2026-08-31T11:06:07.227+0000] {processor.py:183} INFO - Processing /opt/airflow/dags/dag_config.py took 0.036 seconds
[2026-08-31T11:06:37.628+0000] {processor.py:161} INFO - Started process (PID=1025) to work on /opt/airflow/dags/dag_config.py
[2026-08-31T11:06:37.629+0000] {processor.py:830} INFO - Processing file /opt/airflow/dags/dag_config.py for tasks to queue
[2026-08-31T11:06:37.631+0000] {logging_mixin.py:188} INFO - [2026-08-31T11:06:37.631+0000] {dagbag.py:545} INFO - Filling up the DagBag from /opt/airflow/dags/dag_config.py
[2026-08-31T11:06:37.638+0000] {processor.py:842} WARNING - No viable dags retrieved from /opt/airflow/dags/dag_config.py
[2026-08-31T11:06:37.657+0000] {processor.py:183} INFO - Processing /opt/airflow/dags/dag_config.py took 0.035 seconds
[2026-08-31T11:07:07.993+0000] {processor.py:161} INFO - Started process (PID=1041) to work on /opt/airflow/dags/dag_config.py
[2026-08-31T11:07:07.994+0000] {processor.py:830} INFO - Processing file /opt/airflow/dags/dag_config.py for tasks to queue
[2026-08-31T11:07:07.996+0000] {logging_mixin.py:188} INFO - [2026-08-31T11:07:07.996+0000] {dagbag.py:545} INFO - Filling up the DagBag from /opt/airflow/dags/dag_config.py
[2026-08-31T11:07:08.004+0000] {processor.py:842} WARNING - No viable dags retrieved from /opt/airflow/dags/dag_config.py
[2026-08-31T11:07:08.021+0000] {processor.py:183} INFO - Processing /opt/airflow/dags/dag_config.py took 0.033 seconds
[2026-08-31T11:07:38.394+0000] {processor.py:161} INFO - Started process (PID=1088) to work on /opt/airflow/dags/dag_config.py
[2026-08-31T11:07:38.396+0000] {processor.py:830} INFO - Processing file /opt/airflow/dags/dag_config.py for tasks to queue
[2026-08-31T11:07:38.399+0000] {logging_mixin.py:188} INFO - [2026-08-31T11:07:38.399+0000] {dagbag.py:545} INFO - Filling up the DagBag from /opt/airflow/dags/dag_config.py
[2026-08-31T11:07:38.411+0000] {processor.py:842} WARNING - No viable dags retrieved from /opt/airflow/dags/dag_config.py
[2026-08-31T11:07:38.429+0000] {processor.py:183} INFO - Processing /opt/airflow/dags/dag_config.py took 0.041 seconds
[2026-08-31T11:08:08.816+0000] {processor.py:161} INFO - Started process (PID=1107) to work on /opt/airflow/dags/dag_config.py
[2026-08-31T11:08:08.817+0000] {processor.py:830} INFO - Processing file /opt/airflow/dags/dag_config.py for tasks to queue
[2026-08-31T11:08:08.819+0000] {logging_mixin.py:188} INFO - [2026-08-31T11:08:08.818+0000] {dagbag.py:545} INFO - Filling up the DagBag from /opt/airflow/dags/dag_config.py
[2026-08-31T11:08:08.827+0000] {processor.py:842} WARNING - No viable dags retrieved from /opt/airflow/dags/dag_config.py
[2026-08-31T11:08:08.842+0000] {processor.py:183} INFO - Processing /opt/airflow/dags/dag_config.py took 0.032 seconds
[2026-08-31T11:08:39.235+0000] {processor.py:161} INFO - Started process (PID=1129) to work on /opt/airflow/dags/dag_config.py
[2026-08-31T11:08:39.236+0000] {processor.py:830} INFO - Processing file /opt/airflow/dags/dag_config.py for tasks to queue
[2026-08-31T11:08:39.238+0000] {logging_mixin.py:188} INFO - [2026-08-31T11:08:39.237+0000] {dagbag.py:545} INFO - Filling up the DagBag from /opt/airflow/dags/dag_config.py
[2026-08-31T11:08:39.246+0000] {processor.py:842} WARNING - No viable dags retrieved from /opt/airflow/dags/dag_config.py
[2026-08-31T11:08:39.261+0000] {processor.py:183} INFO - Processing /opt/airflow/dags/dag_config.py took 0.031 seconds
[2026-08-31T11:09:09.689+0000] {processor.py:161} INFO - Started process (PID=1147) to work on /opt/airflow/dags/dag_config.py
[2026-08-31T11:09:09.690+0000] {processor.py:830} INFO - Processing file /opt/airflow/dags/dag_config.py for tasks to queue
[2026-08-31T11:09:09.692+0000] {logging_mixin.py:188} INFO - [2026-08-31T11:09:09.692+0000] {dagbag.py:545} INFO - Filling up the DagBag from /opt/airflow/dags/dag_config.py
[2026-08-31T11:09:09.702+0000] {processor.py:842} WARNING - No viable dags retrieved from /opt/airflow/dags/dag_config.py
[2026-08-31T11:09:09.718+0000] {processor.py:183} INFO - Processing /opt/airflow/dags/dag_config.py took 0.034 seconds
[2026-08-31T11:09:40.156+0000] {processor.py:161} INFO - Started process (PID=1167) to work on /opt/airflow/dags/dag_config.py
[2026-08-31T11:09:40.158+0000] {processor.py:830} INFO - Processing file /opt/airflow/dags/dag_config.py for tasks to queue
[2026-08-31T11:09:40.160+0000] {logging_mixin.py:188} INFO - [2026-08-31T11:09:40.160+0000] {dagbag.py:545} INFO - Filling up the DagBag from /opt/airflow/dags/dag_config.py
[2026-08-31T11:09:40.170+0000] {processor.py:842} WARNING - No viable dags retrieved from /opt/airflow/dags/dag_config.py
[2026-08-31T11:09:40.186+0000] {processor.py:183} INFO - Processing /opt/airflow/dags/dag_config.py took 0.035 seconds
[2026-08-31T11:10:10.600+0000] {processor.py:161} INFO - Started process (PID=1187) to work on /opt/airflow/dags/dag_config.py
[2026-08-31T11:10:10.601+0000] {processor.py:830} INFO - Processing file /opt/airflow/dags/dag_config.py for tasks to queue
[2026-08-31T11:10:10.603+0000] {logging_mixin.py:188} INFO - [2026-08-31T11:10:10.603+0000] {dagbag.py:545} INFO - Filling up the DagBag from /opt/airflow/dags/dag_config.py
[2026-08-31T11:10:10.611+0000] {processor.py:842} WARNING - No viable dags retrieved from /opt/airflow/dags/dag_config.py
[2026-08-31T11:10:10.628+0000] {processor.py:183} INFO - Processing /opt/airflow/dags/dag_config.py took 0.034 seconds
[2026-08-31T11:10:41.006+0000] {processor.py:161} INFO - Started process (PID=1206) to work on /opt/airflow/dags/dag_config.py
[2026-08-31T11:10:41.007+0000] {processor.py:830} INFO - Processing file /opt/airflow/dags/dag_config.py for tasks to queue
[2026-08-31T11:10:41.010+0000] {logging_mixin.py:188} INFO - [2026-08-31T11:10:41.009+0000] {dagbag.py:545} INFO - Filling up the DagBag from /opt/airflow/dags/dag_config.py
[2026-08-31T11:10:41.019+0000] {processor.py:842} WARNING - No viable dags retrieved from /opt/airflow/dags/dag_config.py
[2026-08-31T11:10:41.034+0000] {processor.py:183} INFO - Processing /opt/airflow/dags/dag_config.py took 0.034 seconds
[2026-08-31T11:11:11.430+0000] {processor.py:161} INFO - Started process (PID=1243) to work on /opt/airflow/dags/dag_config.py
[2026-08-31T11:11:11.431+0000] {processor.py:830} INFO - Processing file /opt/airflow/dags/dag_config.py for tasks to queue
[2026-08-31T11:11:11.434+0000] {logging_mixin.py:188} INFO - [2026-08-31T11:11:11.433+0000] {dagbag.py:545} INFO - Filling up the DagBag from /opt/airflow/dags/dag_config.py
[2026-08-31T11:11:11.442+0000] {processor.py:842} WARNING - No viable dags retrieved from /opt/airflow/dags/dag_config.py
[2026-08-31T11:11:11.461+0000] {processor.py:183} INFO - Processing /opt/airflow/dags/dag_config.py took 0.037 seconds
[2026-08-31T11:11:41.831+0000] {processor.py:161} INFO - Started process (PID=1333) to work on /opt/airflow/dags/dag_config.py
[2026-08-31T11:11:41.832+0000] {processor.py:830} INFO - Processing file /opt/airflow/dags/dag_config.py for tasks to queue
[2026-08-31T11:11:41.834+0000] {logging_mixin.py:188} INFO - [2026-08-31T11:11:41.834+0000] {dagbag.py:545} INFO - Filling up the DagBag from /opt/airflow/dags/dag_config.py
[2026-08-31T11:11:41.842+0000] {processor.py:842} WARNING - No viable dags retrieved from /opt/airflow/dags/dag_config.py
[2026-08-31T11:11:41.856+0000] {processor.py:183} INFO - Processing /opt/airflow/dags/dag_config.py took 0.029 seconds
[2026-08-31T11:12:12.218+0000] {processor.py:161} INFO - Started process (PID=1348) to work on /opt/airflow/dags/dag_config.py
[2026-08-31T11:12:12.219+0000] {processor.py:830} INFO - Processing file /opt/airflow/dags/dag_config.py for tasks to queue
[2026-08-31T11:12:12.221+0000] {logging_mixin.py:188} INFO - [2026-08-31T11:12:12.220+0000] {dagbag.py:545} INFO - Filling up the DagBag from /opt/airflow/dags/dag_config.py
[2026-08-31T11:12:12.229+0000] {processor.py:842} WARNING - No viable dags retrieved from /opt/airflow/dags/dag_config.py
[2026-08-31T11:12:12.245+0000] {processor.py:183} INFO - Processing /opt/airflow/dags/dag_config.py took 0.032 seconds
[2026-08-31T11:12:42.657+0000] {processor.py:161} INFO - Started process (PID=1363) to work on /opt/airflow/dags/dag_config.py
[2026-08-31T11:12:42.658+0000] {processor.py:830} INFO - Processing file /opt/airflow/dags/dag_config.py for tasks to queue
[2026-08-31T11:12:42.660+0000] {logging_mixin.py:188} INFO - [2026-08-31T11:12:42.660+0000] {dagbag.py:545} INFO - Filling up the DagBag from /opt/airflow/dags/dag_config.py
[2026-08-31T11:12:42.670+0000] {processor.py:842} WARNING - No viable dags retrieved from /opt/airflow/dags/dag_config.py
[2026-08-31T11:12:42.687+0000] {processor.py:183} INFO - Processing /opt/airflow/dags/dag_config.py took 0.036 seconds
[2026-08-31T11:13:13.143+0000] {processor.py:161} INFO - Started process (PID=1378) to work on /opt/airflow/dags/dag_config.py
[2026-08-31T11:13:13.144+0000] {processor.py:830} INFO - Processing file /opt/airflow/dags/dag_config.py for tasks to queue
[2026-08-31T11:13:13.146+0000] {logging_mixin.py:188} INFO - [2026-08-31T11:13:13.145+0000] {dagbag.py:545} INFO - Filling up the DagBag from /opt/airflow/dags/dag_config.py
[2026-08-31T11:13:13.154+0000] {processor.py:842} WARNING - No viable dags retrieved from /opt/airflow/dags/dag_config.py
[2026-08-31T11:13:13.169+0000] {processor.py:183} INFO - Processing /opt/airflow/dags/dag_config.py took 0.032 seconds
[2026-08-31T11:13:43.556+0000] {processor.py:161} INFO - Started process (PID=1393) to work on /opt/airflow/dags/dag_config.py
[2026-08-31T11:13:43.558+0000] {processor.py:830} INFO - Processing file /opt/airflow/dags/dag_config.py for tasks to queue
[2026-08-31T11:13:43.560+0000] {logging_mixin.py:188} INFO - [2026-08-31T11:13:43.560+0000] {dagbag.py:545} INFO - Filling up the DagBag from /opt/airflow/dags/dag_config.py
[2026-08-31T11:13:43.571+0000] {processor.py:842} WARNING - No viable dags retrieved from /opt/airflow/dags/dag_config.py
[2026-08-31T11:13:43.588+0000] {processor.py:183} INFO - Processing /opt/airflow/dags/dag_config.py took 0.037 seconds
[2026-08-31T11:14:14.051+0000] {processor.py:161} INFO - Started process (PID=1408) to work on /opt/airflow/dags/dag_config.py
[2026-08-31T11:14:14.052+0000] {processor.py:830} INFO - Processing file /opt/airflow/dags/dag_config.py for tasks to queue
[2026-08-31T11:14:14.054+0000] {logging_mixin.py:188} INFO - [2026-08-31T11:14:14.054+0000] {dagbag.py:545} INFO - Filling up the DagBag from /opt/airflow/dags/dag_config.py
[2026-08-31T11:14:14.069+0000] {processor.py:842} WARNING - No viable dags retrieved from /opt/airflow/dags/dag_config.py
[2026-08-31T11:14:14.101+0000] {processor.py:183} INFO - Processing /opt/airflow/dags/dag_config.py took 0.056 seconds
[2026-08-31T11:14:44.514+0000] {processor.py:161} INFO - Started process (PID=1423) to work on /opt/airflow/dags/dag_config.py
[2026-08-31T11:14:44.515+0000] {processor.py:830} INFO - Processing file /opt/airflow/dags/dag_config.py for tasks to queue
[2026-08-31T11:14:44.517+0000] {logging_mixin.py:188} INFO - [2026-08-31T11:14:44.516+0000] {dagbag.py:545} INFO - Filling up the DagBag from /opt/airflow/dags/dag_config.py
[2026-08-31T11:14:44.525+0000] {processor.py:842} WARNING - No viable dags retrieved from /opt/airflow/dags/dag_config.py
[2026-08-31T11:14:44.539+0000] {processor.py:183} INFO - Processing /opt/airflow/dags/dag_config.py took 0.030 seconds
[2026-08-31T11:15:14.981+0000] {processor.py:161} INFO - Started process (PID=1438) to work on /opt/airflow/dags/dag_config.py
[2026-08-31T11:15:14.982+0000] {processor.py:830} INFO - Processing file /opt/airflow/dags/dag_config.py for tasks to queue
[2026-08-31T11:15:14.985+0000] {logging_mixin.py:188} INFO - [2026-08-31T11:15:14.984+0000] {dagbag.py:545} INFO - Filling up the DagBag from /opt/airflow/dags/dag_config.py
[2026-08-31T11:15:14.994+0000] {processor.py:842} WARNING - No viable dags retrieved from /opt/airflow/dags/dag_config.py
[2026-08-31T11:15:15.011+0000] {processor.py:183} INFO - Processing /opt/airflow/dags/dag_config.py took 0.037 seconds
[2026-08-31T11:15:45.432+0000] {processor.py:161} INFO - Started process (PID=1453) to work on /opt/airflow/dags/dag_config.py
[2026-08-31T11:15:45.433+0000] {processor.py:830} INFO - Processing file /opt/airflow/dags/dag_config.py for tasks to queue
[2026-08-31T11:15:45.435+0000] {logging_mixin.py:188} INFO - [2026-08-31T11:15:45.435+0000] {dagbag.py:545} INFO - Filling up the DagBag from /opt/airflow/dags/dag_config.py
[2026-08-31T11:15:45.444+0000] {processor.py:842} WARNING - No viable dags retrieved from /opt/airflow/dags/dag_config.py
[2026-08-31T11:15:45.460+0000] {processor.py:183} INFO - Processing /opt/airflow/dags/dag_config.py took 0.033 seconds
[2026-08-31T11:16:15.816+0000] {processor.py:161} INFO - Started process (PID=1468) to work on /opt/airflow/dags/dag_config.py
[2026-08-31T11:16:15.817+0000] {processor.py:830} INFO - Processing file /opt/airflow/dags/dag_config.py for tasks to queue
[2026-08-31T11:16:15.819+0000] {logging_mixin.py:188} INFO - [2026-08-31T11:16:15.819+0000] {dagbag.py:545} INFO - Filling up the DagBag from /opt/airflow/dags/dag_config.py
[2026-08-31T11:16:15.827+0000] {processor.py:842} WARNING - No viable dags retrieved from /opt/airflow/dags/dag_config.py
[2026-08-31T11:16:15.841+0000] {processor.py:183} INFO - Processing /opt/airflow/dags/dag_config.py took 0.030 seconds
[2026-08-31T11:16:46.290+0000] {processor.py:161} INFO - Started process (PID=1486) to work on /opt/airflow/dags/dag_config.py
[2026-08-31T11:16:46.291+0000] {processor.py:830} INFO - Processing file /opt/airflow/dags/dag_config.py for tasks to queue
[2026-08-31T11:16:46.293+0000] {logging_mixin.py:188} INFO - [2026-08-31T11:16:46.293+0000] {dagbag.py:545} INFO - Filling up the DagBag from /opt/airflow/dags/dag_config.py
[2026-08-31T11:16:46.302+0000] {processor.py:842} WARNING - No viable dags retrieved from /opt/airflow/dags/dag_config.py
[2026-08-31T11:16:46.319+0000] {processor.py:183} INFO - Processing /opt/airflow/dags/dag_config.py took 0.035 seconds
[2026-08-31T11:17:16.667+0000] {processor.py:161} INFO - Started process (PID=1576) to work on /opt/airflow/dags/dag_config.py
[2026-08-31T11:17:16.668+0000] {processor.py:830} INFO - Processing file /opt/airflow/dags/dag_config.py for tasks to queue
[2026-08-31T11:17:16.670+0000] {logging_mixin.py:188} INFO - [2026-08-31T11:17:16.670+0000] {dagbag.py:545} INFO - Filling up the DagBag from /opt/airflow/dags/dag_config.py
[2026-08-31T11:17:16.678+0000] {processor.py:842} WARNING - No viable dags retrieved from /opt/airflow/dags/dag_config.py
[2026-08-31T11:17:16.693+0000] {processor.py:183} INFO - Processing /opt/airflow/dags/dag_config.py took 0.030 seconds
[2026-08-31T11:17:47.065+0000] {processor.py:161} INFO - Started process (PID=1625) to work on /opt/airflow/dags/dag_config.py
[2026-08-31T11:17:47.067+0000] {processor.py:830} INFO - Processing file /opt/airflow/dags/dag_config.py for tasks to queue
[2026-08-31T11:17:47.069+0000] {logging_mixin.py:188} INFO - [2026-08-31T11:17:47.068+0000] {dagbag.py:545} INFO - Filling up the DagBag from /opt/airflow/dags/dag_config.py
[2026-08-31T11:17:47.076+0000] {processor.py:842} WARNING - No viable dags retrieved from /opt/airflow/dags/dag_config.py
[2026-08-31T11:17:47.091+0000] {processor.py:183} INFO - Processing /opt/airflow/dags/dag_config.py took 0.031 seconds
[2026-08-31T11:18:17.493+0000] {processor.py:161} INFO - Started process (PID=1642) to work on /opt/airflow/dags/dag_config.py
[2026-08-31T11:18:17.494+0000] {processor.py:830} INFO - Processing file /opt/airflow/dags/dag_config.py for tasks to queue
[2026-08-31T11:18:17.497+0000] {logging_mixin.py:188} INFO - [2026-08-31T11:18:17.496+0000] {dagbag.py:545} INFO - Filling up the DagBag from /opt/airflow/dags/dag_config.py
[2026-08-31T11:18:17.507+0000] {processor.py:842} WARNING - No viable dags retrieved from /opt/airflow/dags/dag_config.py
[2026-08-31T11:18:17.525+0000] {processor.py:183} INFO - Processing /opt/airflow/dags/dag_config.py took 0.037 seconds
[2026-08-31T11:18:47.899+0000] {processor.py:161} INFO - Started process (PID=1659) to work on /opt/airflow/dags/dag_config.py
[2026-08-31T11:18:47.900+0000] {processor.py:830} INFO - Processing file /opt/airflow/dags/dag_config.py for tasks to queue
[2026-08-31T11:18:47.903+0000] {logging_mixin.py:188} INFO - [2026-08-31T11:18:47.903+0000] {dagbag.py:545} INFO - Filling up the DagBag from /opt/airflow/dags/dag_config.py
[2026-08-31T11:18:47.913+0000] {processor.py:842} WARNING - No viable dags retrieved from /opt/airflow/dags/dag_config.py
[2026-08-31T11:18:47.930+0000] {processor.py:183} INFO - Processing /opt/airflow/dags/dag_config.py took 0.037 seconds
[2026-08-31T11:19:18.327+0000] {processor.py:161} INFO - Started process (PID=1676) to work on /opt/airflow/dags/dag_config.py
[2026-08-31T11:19:18.328+0000] {processor.py:830} INFO - Processing file /opt/airflow/dags/dag_config.py for tasks to queue
[2026-08-31T11:19:18.330+0000] {logging_mixin.py:188} INFO - [2026-08-31T11:19:18.330+0000] {dagbag.py:545} INFO - Filling up the DagBag from /opt/airflow/dags/dag_config.py
[2026-08-31T11:19:18.338+0000] {processor.py:842} WARNING - No viable dags retrieved from /opt/airflow/dags/dag_config.py
[2026-08-31T11:19:18.352+0000] {processor.py:183} INFO - Processing /opt/airflow/dags/dag_config.py took 0.030 seconds
[2026-08-31T11:19:48.707+0000] {processor.py:161} INFO - Started process (PID=1695) to work on /opt/airflow/dags/dag_config.py
[2026-08-31T11:19:48.708+0000] {processor.py:830} INFO - Processing file /opt/airflow/dags/dag_config.py for tasks to queue
[2026-08-31T11:19:48.710+0000] {logging_mixin.py:188} INFO - [2026-08-31T11:19:48.709+0000] {dagbag.py:545} INFO - Filling up the DagBag from /opt/airflow/dags/dag_config.py
[2026-08-31T11:19:48.717+0000] {processor.py:842} WARNING - No viable dags retrieved from /opt/airflow/dags/dag_config.py
[2026-08-31T11:19:48.731+0000] {processor.py:183} INFO - Processing /opt/airflow/dags/dag_config.py took 0.029 seconds
[2026-08-31T11:20:19.065+0000] {processor.py:161} INFO - Started process (PID=1712) to work on /opt/airflow/dags/dag_config.py
[2026-08-31T11:20:19.066+0000] {processor.py:830} INFO - Processing file /opt/airflow/dags/dag_config.py for tasks to queue
[2026-08-31T11:20:19.068+0000] {logging_mixin.py:188} INFO - [2026-08-31T11:20:19.068+0000] {dagbag.py:545} INFO - Filling up the DagBag from /opt/airflow/dags/dag_config.py
[2026-08-31T11:20:19.076+0000] {processor.py:842} WARNING - No viable dags retrieved from /opt/airflow/dags/dag_config.py
[2026-08-31T11:20:19.090+0000] {processor.py:183} INFO - Processing /opt/airflow/dags/dag_config.py took 0.030 seconds
[2026-08-31T11:20:49.449+0000] {processor.py:161} INFO - Started process (PID=1729) to work on /opt/airflow/dags/dag_config.py
[2026-08-31T11:20:49.450+0000] {processor.py:830} INFO - Processing file /opt/airflow/dags/dag_config.py for tasks to queue
[2026-08-31T11:20:49.451+0000] {logging_mixin.py:188} INFO - [2026-08-31T11:20:49.451+0000] {dagbag.py:545} INFO - Filling up the DagBag from /opt/airflow/dags/dag_config.py
[2026-08-31T11:20:49.460+0000] {processor.py:842} WARNING - No viable dags retrieved from /opt/airflow/dags/dag_config.py
[2026-08-31T11:20:49.474+0000] {processor.py:183} INFO - Processing /opt/airflow/dags/dag_config.py took 0.030 seconds
[2026-08-31T11:21:19.839+0000] {processor.py:161} INFO - Started process (PID=1778) to work on /opt/airflow/dags/dag_config.py
[2026-08-31T11:21:19.840+0000] {processor.py:830} INFO - Processing file /opt/airflow/dags/dag_config.py for tasks to queue
[2026-08-31T11:21:19.842+0000] {logging_mixin.py:188} INFO - [2026-08-31T11:21:19.841+0000] {dagbag.py:545} INFO - Filling up the DagBag from /opt/airflow/dags/dag_config.py
[2026-08-31T11:21:19.849+0000] {processor.py:842} WARNING - No viable dags retrieved from /opt/airflow/dags/dag_config.py
[2026-08-31T11:21:19.864+0000] {processor.py:183} INFO - Processing /opt/airflow/dags/dag_config.py took 0.031 seconds
[2026-08-31T11:21:50.233+0000] {processor.py:161} INFO - Started process (PID=1795) to work on /opt/airflow/dags/dag_config.py
[2026-08-31T11:21:50.235+0000] {processor.py:830} INFO - Processing file /opt/airflow/dags/dag_config.py for tasks to queue
[2026-08-31T11:21:50.237+0000] {logging_mixin.py:188} INFO - [2026-08-31T11:21:50.236+0000] {dagbag.py:545} INFO - Filling up the DagBag from /opt/airflow/dags/dag_config.py
[2026-08-31T11:21:50.245+0000] {processor.py:842} WARNING - No viable dags retrieved from /opt/airflow/dags/dag_config.py
[2026-08-31T11:21:50.260+0000] {processor.py:183} INFO - Processing /opt/airflow/dags/dag_config.py took 0.031 seconds
[2026-08-31T11:22:20.599+0000] {processor.py:161} INFO - Started process (PID=1816) to work on /opt/airflow/dags/dag_config.py
[2026-08-31T11:22:20.600+0000] {processor.py:830} INFO - Processing file /opt/airflow/dags/dag_config.py for tasks to queue
[2026-08-31T11:22:20.603+0000] {logging_mixin.py:188} INFO - [2026-08-31T11:22:20.602+0000] {dagbag.py:545} INFO - Filling up the DagBag from /opt/airflow/dags/dag_config.py
[2026-08-31T11:22:20.610+0000] {processor.py:842} WARNING - No viable dags retrieved from /opt/airflow/dags/dag_config.py
[2026-08-31T11:22:20.626+0000] {processor.py:183} INFO - Processing /opt/airflow/dags/dag_config.py took 0.033 seconds
[2026-08-31T11:22:51.001+0000] {processor.py:161} INFO - Started process (PID=1832) to work on /opt/airflow/dags/dag_config.py
[2026-08-31T11:22:51.002+0000] {processor.py:830} INFO - Processing file /opt/airflow/dags/dag_config.py for tasks to queue
[2026-08-31T11:22:51.004+0000] {logging_mixin.py:188} INFO - [2026-08-31T11:22:51.004+0000] {dagbag.py:545} INFO - Filling up the DagBag from /opt/airflow/dags/dag_config.py
[2026-08-31T11:22:51.011+0000] {processor.py:842} WARNING - No viable dags retrieved from /opt/airflow/dags/dag_config.py
[2026-08-31T11:22:51.027+0000] {processor.py:183} INFO - Processing /opt/airflow/dags/dag_config.py took 0.031 seconds
[2026-08-31T11:23:21.389+0000] {processor.py:161} INFO - Started process (PID=1850) to work on /opt/airflow/dags/dag_config.py
[2026-08-31T11:23:21.390+0000] {processor.py:830} INFO - Processing file /opt/airflow/dags/dag_config.py for tasks to queue
[2026-08-31T11:23:21.392+0000] {logging_mixin.py:188} INFO - [2026-08-31T11:23:21.391+0000] {dagbag.py:545} INFO - Filling up the DagBag from /opt/airflow/dags/dag_config.py
[2026-08-31T11:23:21.399+0000] {processor.py:842} WARNING - No viable dags retrieved from /opt/airflow/dags/dag_config.py
[2026-08-31T11:23:21.413+0000] {processor.py:183} INFO - Processing /opt/airflow/dags/dag_config.py took 0.029 seconds
[2026-08-31T11:23:51.790+0000] {processor.py:161} INFO - Started process (PID=1867) to work on /opt/airflow/dags/dag_config.py
[2026-08-31T11:23:51.791+0000] {processor.py:830} INFO - Processing file /opt/airflow/dags/dag_config.py for tasks to queue
[2026-08-31T11:23:51.794+0000] {logging_mixin.py:188} INFO - [2026-08-31T11:23:51.794+0000] {dagbag.py:545} INFO - Filling up the DagBag from /opt/airflow/dags/dag_config.py
[2026-08-31T11:23:51.803+0000] {processor.py:842} WARNING - No viable dags retrieved from /opt/airflow/dags/dag_config.py
[2026-08-31T11:23:51.820+0000] {processor.py:183} INFO - Processing /opt/airflow/dags/dag_config.py took 0.036 seconds
[2026-08-31T11:24:22.181+0000] {processor.py:161} INFO - Started process (PID=1886) to work on /opt/airflow/dags/dag_config.py
[2026-08-31T11:24:22.182+0000] {processor.py:830} INFO - Processing file /opt/airflow/dags/dag_config.py for tasks to queue
[2026-08-31T11:24:22.184+0000] {logging_mixin.py:188} INFO - [2026-08-31T11:24:22.184+0000] {dagbag.py:545} INFO - Filling up the DagBag from /opt/airflow/dags/dag_config.py
[2026-08-31T11:24:22.192+0000] {processor.py:842} WARNING - No viable dags retrieved from /opt/airflow/dags/dag_config.py
[2026-08-31T11:24:22.206+0000] {processor.py:183} INFO - Processing /opt/airflow/dags/dag_config.py took 0.030 seconds
[2026-08-31T11:24:52.558+0000] {processor.py:161} INFO - Started process (PID=1978) to work on /opt/airflow/dags/dag_config.py
[2026-08-31T11:24:52.560+0000] {processor.py:830} INFO - Processing file /opt/airflow/dags/dag_config.py for tasks to queue
[2026-08-31T11:24:52.562+0000] {logging_mixin.py:188} INFO - [2026-08-31T11:24:52.561+0000] {dagbag.py:545} INFO - Filling up the DagBag from /opt/airflow/dags/dag_config.py
[2026-08-31T11:24:52.570+0000] {processor.py:842} WARNING - No viable dags retrieved from /opt/airflow/dags/dag_config.py
[2026-08-31T11:24:52.590+0000] {processor.py:183} INFO - Processing /opt/airflow/dags/dag_config.py took 0.037 seconds
[2026-08-31T11:25:22.943+0000] {processor.py:161} INFO - Started process (PID=1993) to work on /opt/airflow/dags/dag_config.py
[2026-08-31T11:25:22.944+0000] {processor.py:830} INFO - Processing file /opt/airflow/dags/dag_config.py for tasks to queue
[2026-08-31T11:25:22.946+0000] {logging_mixin.py:188} INFO - [2026-08-31T11:25:22.945+0000] {dagbag.py:545} INFO - Filling up the DagBag from /opt/airflow/dags/dag_config.py
[2026-08-31T11:25:22.953+0000] {processor.py:842} WARNING - No viable dags retrieved from /opt/airflow/dags/dag_config.py
[2026-08-31T11:25:22.967+0000] {processor.py:183} INFO - Processing /opt/airflow/dags/dag_config.py took 0.030 seconds
[2026-08-31T11:25:53.339+0000] {processor.py:161} INFO - Started process (PID=2008) to work on /opt/airflow/dags/dag_config.py
[2026-08-31T11:25:53.340+0000] {processor.py:830} INFO - Processing file /opt/airflow/dags/dag_config.py for tasks to queue
[2026-08-31T11:25:53.342+0000] {logging_mixin.py:188} INFO - [2026-08-31T11:25:53.342+0000] {dagbag.py:545} INFO - Filling up the DagBag from /opt/airflow/dags/dag_config.py
[2026-08-31T11:25:53.350+0000] {processor.py:842} WARNING - No viable dags retrieved from /opt/airflow/dags/dag_config.py
[2026-08-31T11:25:53.364+0000] {processor.py:183} INFO - Processing /opt/airflow/dags/dag_config.py took 0.029 seconds
[2026-08-31T11:26:23.733+0000] {processor.py:161} INFO - Started process (PID=2023) to work on /opt/airflow/dags/dag_config.py
[2026-08-31T11:26:23.734+0000] {processor.py:830} INFO - Processing file /opt/airflow/dags/dag_config.py for tasks to queue
[2026-08-31T11:26:23.736+0000] {logging_mixin.py:188} INFO - [2026-08-31T11:26:23.736+0000] {dagbag.py:545} INFO - Filling up the DagBag from /opt/airflow/dags/dag_config.py
[2026-08-31T11:26:23.744+0000] {processor.py:842} WARNING - No viable dags retrieved from /opt/airflow/dags/dag_config.py
[2026-08-31T11:26:23.757+0000] {processor.py:183} INFO - Processing /opt/airflow/dags/dag_config.py took 0.029 seconds
[2026-08-31T11:26:54.139+0000] {processor.py:161} INFO - Started process (PID=2038) to work on /opt/airflow/dags/dag_config.py
[2026-08-31T11:26:54.141+0000] {processor.py:830} INFO - Processing file /opt/airflow/dags/dag_config.py for tasks to queue
[2026-08-31T11:26:54.142+0000] {logging_mixin.py:188} INFO - [2026-08-31T11:26:54.142+0000] {dagbag.py:545} INFO - Filling up the DagBag from /opt/airflow/dags/dag_config.py
[2026-08-31T11:26:54.150+0000] {processor.py:842} WARNING - No viable dags retrieved from /opt/airflow/dags/dag_config.py
[2026-08-31T11:26:54.165+0000] {processor.py:183} INFO - Processing /opt/airflow/dags/dag_config.py took 0.031 seconds
[2026-08-31T11:27:24.550+0000] {processor.py:161} INFO - Started process (PID=2051) to work on /opt/airflow/dags/dag_config.py
[2026-08-31T11:27:24.551+0000] {processor.py:830} INFO - Processing file /opt/airflow/dags/dag_config.py for tasks to queue
[2026-08-31T11:27:24.553+0000] {logging_mixin.py:188} INFO - [2026-08-31T11:27:24.553+0000] {dagbag.py:545} INFO - Filling up the DagBag from /opt/airflow/dags/dag_config.py
[2026-08-31T11:27:24.562+0000] {processor.py:842} WARNING - No viable dags retrieved from /opt/airflow/dags/dag_config.py
[2026-08-31T11:27:24.576+0000] {processor.py:183} INFO - Processing /opt/airflow/dags/dag_config.py took 0.033 seconds
[2026-08-31T11:27:54.979+0000] {processor.py:161} INFO - Started process (PID=2068) to work on /opt/airflow/dags/dag_config.py
[2026-08-31T11:27:54.981+0000] {processor.py:830} INFO - Processing file /opt/airflow/dags/dag_config.py for tasks to queue
[2026-08-31T11:27:54.983+0000] {logging_mixin.py:188} INFO - [2026-08-31T11:27:54.982+0000] {dagbag.py:545} INFO - Filling up the DagBag from /opt/airflow/dags/dag_config.py
[2026-08-31T11:27:54.991+0000] {processor.py:842} WARNING - No viable dags retrieved from /opt/airflow/dags/dag_config.py
[2026-08-31T11:27:55.007+0000] {processor.py:183} INFO - Processing /opt/airflow/dags/dag_config.py took 0.034 seconds
[2026-08-31T11:28:25.354+0000] {processor.py:161} INFO - Started process (PID=2083) to work on /opt/airflow/dags/dag_config.py
[2026-08-31T11:28:25.356+0000] {processor.py:830} INFO - Processing file /opt/airflow/dags/dag_config.py for tasks to queue
[2026-08-31T11:28:25.357+0000] {logging_mixin.py:188} INFO - [2026-08-31T11:28:25.357+0000] {dagbag.py:545} INFO - Filling up the DagBag from /opt/airflow/dags/dag_config.py
[2026-08-31T11:28:25.365+0000] {processor.py:842} WARNING - No viable dags retrieved from /opt/airflow/dags/dag_config.py
[2026-08-31T11:28:25.379+0000] {processor.py:183} INFO - Processing /opt/airflow/dags/dag_config.py took 0.030 seconds
[2026-08-31T11:28:55.771+0000] {processor.py:161} INFO - Started process (PID=2098) to work on /opt/airflow/dags/dag_config.py
[2026-08-31T11:28:55.772+0000] {processor.py:830} INFO - Processing file /opt/airflow/dags/dag_config.py for tasks to queue
[2026-08-31T11:28:55.774+0000] {logging_mixin.py:188} INFO - [2026-08-31T11:28:55.774+0000] {dagbag.py:545} INFO - Filling up the DagBag from /opt/airflow/dags/dag_config.py
[2026-08-31T11:28:55.782+0000] {processor.py:842} WARNING - No viable dags retrieved from /opt/airflow/dags/dag_config.py
[2026-08-31T11:28:55.795+0000] {processor.py:183} INFO - Processing /opt/airflow/dags/dag_config.py took 0.030 seconds
[2026-08-31T11:29:26.156+0000] {processor.py:161} INFO - Started process (PID=2113) to work on /opt/airflow/dags/dag_config.py
[2026-08-31T11:29:26.157+0000] {processor.py:830} INFO - Processing file /opt/airflow/dags/dag_config.py for tasks to queue
[2026-08-31T11:29:26.159+0000] {logging_mixin.py:188} INFO - [2026-08-31T11:29:26.159+0000] {dagbag.py:545} INFO - Filling up the DagBag from /opt/airflow/dags/dag_config.py
[2026-08-31T11:29:26.168+0000] {processor.py:842} WARNING - No viable dags retrieved from /opt/airflow/dags/dag_config.py
[2026-08-31T11:29:26.183+0000] {processor.py:183} INFO - Processing /opt/airflow/dags/dag_config.py took 0.032 seconds
[2026-08-31T11:29:56.568+0000] {processor.py:161} INFO - Started process (PID=2131) to work on /opt/airflow/dags/dag_config.py
[2026-08-31T11:29:56.570+0000] {processor.py:830} INFO - Processing file /opt/airflow/dags/dag_config.py for tasks to queue
[2026-08-31T11:29:56.572+0000] {logging_mixin.py:188} INFO - [2026-08-31T11:29:56.571+0000] {dagbag.py:545} INFO - Filling up the DagBag from /opt/airflow/dags/dag_config.py
[2026-08-31T11:29:56.581+0000] {processor.py:842} WARNING - No viable dags retrieved from /opt/airflow/dags/dag_config.py
[2026-08-31T11:29:56.597+0000] {processor.py:183} INFO - Processing /opt/airflow/dags/dag_config.py took 0.034 seconds
[2026-08-31T11:30:26.970+0000] {processor.py:161} INFO - Started process (PID=2221) to work on /opt/airflow/dags/dag_config.py
[2026-08-31T11:30:26.971+0000] {processor.py:830} INFO - Processing file /opt/airflow/dags/dag_config.py for tasks to queue
[2026-08-31T11:30:26.974+0000] {logging_mixin.py:188} INFO - [2026-08-31T11:30:26.973+0000] {dagbag.py:545} INFO - Filling up the DagBag from /opt/airflow/dags/dag_config.py
[2026-08-31T11:30:26.985+0000] {processor.py:842} WARNING - No viable dags retrieved from /opt/airflow/dags/dag_config.py
[2026-08-31T11:30:27.005+0000] {processor.py:183} INFO - Processing /opt/airflow/dags/dag_config.py took 0.042 seconds
[2026-08-31T11:30:57.367+0000] {processor.py:161} INFO - Started process (PID=2236) to work on /opt/airflow/dags/dag_config.py
[2026-08-31T11:30:57.368+0000] {processor.py:830} INFO - Processing file /opt/airflow/dags/dag_config.py for tasks to queue
[2026-08-31T11:30:57.370+0000] {logging_mixin.py:188} INFO - [2026-08-31T11:30:57.370+0000] {dagbag.py:545} INFO - Filling up the DagBag from /opt/airflow/dags/dag_config.py
[2026-08-31T11:30:57.378+0000] {processor.py:842} WARNING - No viable dags retrieved from /opt/airflow/dags/dag_config.py
[2026-08-31T11:30:57.393+0000] {processor.py:183} INFO - Processing /opt/airflow/dags/dag_config.py took 0.032 seconds
[2026-08-31T11:31:27.804+0000] {processor.py:161} INFO - Started process (PID=2251) to work on /opt/airflow/dags/dag_config.py
[2026-08-31T11:31:27.805+0000] {processor.py:830} INFO - Processing file /opt/airflow/dags/dag_config.py for tasks to queue
[2026-08-31T11:31:27.808+0000] {logging_mixin.py:188} INFO - [2026-08-31T11:31:27.807+0000] {dagbag.py:545} INFO - Filling up the DagBag from /opt/airflow/dags/dag_config.py
[2026-08-31T11:31:27.816+0000] {processor.py:842} WARNING - No viable dags retrieved from /opt/airflow/dags/dag_config.py
[2026-08-31T11:31:27.830+0000] {processor.py:183} INFO - Processing /opt/airflow/dags/dag_config.py took 0.035 seconds
[2026-08-31T11:31:58.218+0000] {processor.py:161} INFO - Started process (PID=2266) to work on /opt/airflow/dags/dag_config.py
[2026-08-31T11:31:58.220+0000] {processor.py:830} INFO - Processing file /opt/airflow/dags/dag_config.py for tasks to queue
[2026-08-31T11:31:58.222+0000] {logging_mixin.py:188} INFO - [2026-08-31T11:31:58.222+0000] {dagbag.py:545} INFO - Filling up the DagBag from /opt/airflow/dags/dag_config.py
[2026-08-31T11:31:58.234+0000] {processor.py:842} WARNING - No viable dags retrieved from /opt/airflow/dags/dag_config.py
[2026-08-31T11:31:58.253+0000] {processor.py:183} INFO - Processing /opt/airflow/dags/dag_config.py took 0.041 seconds
[2026-08-31T11:32:28.613+0000] {processor.py:161} INFO - Started process (PID=2280) to work on /opt/airflow/dags/dag_config.py
[2026-08-31T11:32:28.614+0000] {processor.py:830} INFO - Processing file /opt/airflow/dags/dag_config.py for tasks to queue
[2026-08-31T11:32:28.616+0000] {logging_mixin.py:188} INFO - [2026-08-31T11:32:28.616+0000] {dagbag.py:545} INFO - Filling up the DagBag from /opt/airflow/dags/dag_config.py
[2026-08-31T11:32:28.624+0000] {processor.py:842} WARNING - No viable dags retrieved from /opt/airflow/dags/dag_config.py
[2026-08-31T11:32:28.640+0000] {processor.py:183} INFO - Processing /opt/airflow/dags/dag_config.py took 0.034 seconds
[2026-08-31T11:32:59.016+0000] {processor.py:161} INFO - Started process (PID=2294) to work on /opt/airflow/dags/dag_config.py
[2026-08-31T11:32:59.017+0000] {processor.py:830} INFO - Processing file /opt/airflow/dags/dag_config.py for tasks to queue
[2026-08-31T11:32:59.020+0000] {logging_mixin.py:188} INFO - [2026-08-31T11:32:59.019+0000] {dagbag.py:545} INFO - Filling up the DagBag from /opt/airflow/dags/dag_config.py
[2026-08-31T11:32:59.031+0000] {processor.py:842} WARNING - No viable dags retrieved from /opt/airflow/dags/dag_config.py
[2026-08-31T11:32:59.047+0000] {processor.py:183} INFO - Processing /opt/airflow/dags/dag_config.py took 0.038 seconds
[2026-08-31T11:33:29.408+0000] {processor.py:161} INFO - Started process (PID=2311) to work on /opt/airflow/dags/dag_config.py
[2026-08-31T11:33:29.409+0000] {processor.py:830} INFO - Processing file /opt/airflow/dags/dag_config.py for tasks to queue
[2026-08-31T11:33:29.411+0000] {logging_mixin.py:188} INFO - [2026-08-31T11:33:29.411+0000] {dagbag.py:545} INFO - Filling up the DagBag from /opt/airflow/dags/dag_config.py
[2026-08-31T11:33:29.420+0000] {processor.py:842} WARNING - No viable dags retrieved from /opt/airflow/dags/dag_config.py
[2026-08-31T11:33:29.436+0000] {processor.py:183} INFO - Processing /opt/airflow/dags/dag_config.py took 0.033 seconds
[2026-08-31T11:33:59.860+0000] {processor.py:161} INFO - Started process (PID=2326) to work on /opt/airflow/dags/dag_config.py
[2026-08-31T11:33:59.861+0000] {processor.py:830} INFO - Processing file /opt/airflow/dags/dag_config.py for tasks to queue
[2026-08-31T11:33:59.864+0000] {logging_mixin.py:188} INFO - [2026-08-31T11:33:59.863+0000] {dagbag.py:545} INFO - Filling up the DagBag from /opt/airflow/dags/dag_config.py
[2026-08-31T11:33:59.873+0000] {processor.py:842} WARNING - No viable dags retrieved from /opt/airflow/dags/dag_config.py
[2026-08-31T11:33:59.890+0000] {processor.py:183} INFO - Processing /opt/airflow/dags/dag_config.py took 0.036 seconds
[2026-08-31T11:34:30.263+0000] {processor.py:161} INFO - Started process (PID=2341) to work on /opt/airflow/dags/dag_config.py
[2026-08-31T11:34:30.265+0000] {processor.py:830} INFO - Processing file /opt/airflow/dags/dag_config.py for tasks to queue
[2026-08-31T11:34:30.267+0000] {logging_mixin.py:188} INFO - [2026-08-31T11:34:30.266+0000] {dagbag.py:545} INFO - Filling up the DagBag from /opt/airflow/dags/dag_config.py
[2026-08-31T11:34:30.276+0000] {processor.py:842} WARNING - No viable dags retrieved from /opt/airflow/dags/dag_config.py
[2026-08-31T11:34:30.291+0000] {processor.py:183} INFO - Processing /opt/airflow/dags/dag_config.py took 0.033 seconds
[2026-08-31T11:35:00.665+0000] {processor.py:161} INFO - Started process (PID=2356) to work on /opt/airflow/dags/dag_config.py
[2026-08-31T11:35:00.666+0000] {processor.py:830} INFO - Processing file /opt/airflow/dags/dag_config.py for tasks to queue
[2026-08-31T11:35:00.668+0000] {logging_mixin.py:188} INFO - [2026-08-31T11:35:00.668+0000] {dagbag.py:545} INFO - Filling up the DagBag from /opt/airflow/dags/dag_config.py
[2026-08-31T11:35:00.677+0000] {processor.py:842} WARNING - No viable dags retrieved from /opt/airflow/dags/dag_config.py
[2026-08-31T11:35:00.694+0000] {processor.py:183} INFO - Processing /opt/airflow/dags/dag_config.py took 0.034 seconds
[2026-08-31T11:35:31.056+0000] {processor.py:161} INFO - Started process (PID=2371) to work on /opt/airflow/dags/dag_config.py
[2026-08-31T11:35:31.057+0000] {processor.py:830} INFO - Processing file /opt/airflow/dags/dag_config.py for tasks to queue
[2026-08-31T11:35:31.059+0000] {logging_mixin.py:188} INFO - [2026-08-31T11:35:31.059+0000] {dagbag.py:545} INFO - Filling up the DagBag from /opt/airflow/dags/dag_config.py
[2026-08-31T11:35:31.066+0000] {processor.py:842} WARNING - No viable dags retrieved from /opt/airflow/dags/dag_config.py
[2026-08-31T11:35:31.082+0000] {processor.py:183} INFO - Processing /opt/airflow/dags/dag_config.py took 0.031 seconds
[2026-08-31T11:36:01.458+0000] {processor.py:161} INFO - Started process (PID=2386) to work on /opt/airflow/dags/dag_config.py
[2026-08-31T11:36:01.460+0000] {processor.py:830} INFO - Processing file /opt/airflow/dags/dag_config.py for tasks to queue
[2026-08-31T11:36:01.462+0000] {logging_mixin.py:188} INFO - [2026-08-31T11:36:01.462+0000] {dagbag.py:545} INFO - Filling up the DagBag from /opt/airflow/dags/dag_config.py
[2026-08-31T11:36:01.472+0000] {processor.py:842} WARNING - No viable dags retrieved from /opt/airflow/dags/dag_config.py
[2026-08-31T11:36:01.490+0000] {processor.py:183} INFO - Processing /opt/airflow/dags/dag_config.py took 0.037 seconds
[2026-08-31T11:36:31.830+0000] {processor.py:161} INFO - Started process (PID=2401) to work on /opt/airflow/dags/dag_config.py
[2026-08-31T11:36:31.831+0000] {processor.py:830} INFO - Processing file /opt/airflow/dags/dag_config.py for tasks to queue
[2026-08-31T11:36:31.833+0000] {logging_mixin.py:188} INFO - [2026-08-31T11:36:31.833+0000] {dagbag.py:545} INFO - Filling up the DagBag from /opt/airflow/dags/dag_config.py
[2026-08-31T11:36:31.842+0000] {processor.py:842} WARNING - No viable dags retrieved from /opt/airflow/dags/dag_config.py
[2026-08-31T11:36:31.859+0000] {processor.py:183} INFO - Processing /opt/airflow/dags/dag_config.py took 0.035 seconds
[2026-08-31T11:37:02.250+0000] {processor.py:161} INFO - Started process (PID=2416) to work on /opt/airflow/dags/dag_config.py
[2026-08-31T11:37:02.251+0000] {processor.py:830} INFO - Processing file /opt/airflow/dags/dag_config.py for tasks to queue
[2026-08-31T11:37:02.254+0000] {logging_mixin.py:188} INFO - [2026-08-31T11:37:02.253+0000] {dagbag.py:545} INFO - Filling up the DagBag from /opt/airflow/dags/dag_config.py
[2026-08-31T11:37:02.264+0000] {processor.py:842} WARNING - No viable dags retrieved from /opt/airflow/dags/dag_config.py
[2026-08-31T11:37:02.284+0000] {processor.py:183} INFO - Processing /opt/airflow/dags/dag_config.py took 0.042 seconds
[2026-08-31T11:37:32.648+0000] {processor.py:161} INFO - Started process (PID=2431) to work on /opt/airflow/dags/dag_config.py
[2026-08-31T11:37:32.649+0000] {processor.py:830} INFO - Processing file /opt/airflow/dags/dag_config.py for tasks to queue
[2026-08-31T11:37:32.651+0000] {logging_mixin.py:188} INFO - [2026-08-31T11:37:32.651+0000] {dagbag.py:545} INFO - Filling up the DagBag from /opt/airflow/dags/dag_config.py
[2026-08-31T11:37:32.661+0000] {processor.py:842} WARNING - No viable dags retrieved from /opt/airflow/dags/dag_config.py
[2026-08-31T11:37:32.677+0000] {processor.py:183} INFO - Processing /opt/airflow/dags/dag_config.py took 0.035 seconds
[2026-08-31T11:38:03.024+0000] {processor.py:161} INFO - Started process (PID=2446) to work on /opt/airflow/dags/dag_config.py
[2026-08-31T11:38:03.025+0000] {processor.py:830} INFO - Processing file /opt/airflow/dags/dag_config.py for tasks to queue
[2026-08-31T11:38:03.027+0000] {logging_mixin.py:188} INFO - [2026-08-31T11:38:03.026+0000] {dagbag.py:545} INFO - Filling up the DagBag from /opt/airflow/dags/dag_config.py
[2026-08-31T11:38:03.034+0000] {processor.py:842} WARNING - No viable dags retrieved from /opt/airflow/dags/dag_config.py
[2026-08-31T11:38:03.049+0000] {processor.py:183} INFO - Processing /opt/airflow/dags/dag_config.py took 0.030 seconds
[2026-08-31T11:38:33.471+0000] {processor.py:161} INFO - Started process (PID=2459) to work on /opt/airflow/dags/dag_config.py
[2026-08-31T11:38:33.472+0000] {processor.py:830} INFO - Processing file /opt/airflow/dags/dag_config.py for tasks to queue
[2026-08-31T11:38:33.474+0000] {logging_mixin.py:188} INFO - [2026-08-31T11:38:33.474+0000] {dagbag.py:545} INFO - Filling up the DagBag from /opt/airflow/dags/dag_config.py
[2026-08-31T11:38:33.484+0000] {processor.py:842} WARNING - No viable dags retrieved from /opt/airflow/dags/dag_config.py
[2026-08-31T11:38:33.500+0000] {processor.py:183} INFO - Processing /opt/airflow/dags/dag_config.py took 0.036 seconds
[2026-08-31T11:39:03.930+0000] {processor.py:161} INFO - Started process (PID=2476) to work on /opt/airflow/dags/dag_config.py
[2026-08-31T11:39:03.931+0000] {processor.py:830} INFO - Processing file /opt/airflow/dags/dag_config.py for tasks to queue
[2026-08-31T11:39:03.933+0000] {logging_mixin.py:188} INFO - [2026-08-31T11:39:03.933+0000] {dagbag.py:545} INFO - Filling up the DagBag from /opt/airflow/dags/dag_config.py
[2026-08-31T11:39:03.941+0000] {processor.py:842} WARNING - No viable dags retrieved from /opt/airflow/dags/dag_config.py
[2026-08-31T11:39:03.955+0000] {processor.py:183} INFO - Processing /opt/airflow/dags/dag_config.py took 0.030 seconds
[2026-08-31T11:39:34.315+0000] {processor.py:161} INFO - Started process (PID=2491) to work on /opt/airflow/dags/dag_config.py
[2026-08-31T11:39:34.316+0000] {processor.py:830} INFO - Processing file /opt/airflow/dags/dag_config.py for tasks to queue
[2026-08-31T11:39:34.318+0000] {logging_mixin.py:188} INFO - [2026-08-31T11:39:34.318+0000] {dagbag.py:545} INFO - Filling up the DagBag from /opt/airflow/dags/dag_config.py
[2026-08-31T11:39:34.325+0000] {processor.py:842} WARNING - No viable dags retrieved from /opt/airflow/dags/dag_config.py
[2026-08-31T11:39:34.340+0000] {processor.py:183} INFO - Processing /opt/airflow/dags/dag_config.py took 0.030 seconds
[2026-08-31T11:40:04.734+0000] {processor.py:161} INFO - Started process (PID=2506) to work on /opt/airflow/dags/dag_config.py
[2026-08-31T11:40:04.735+0000] {processor.py:830} INFO - Processing file /opt/airflow/dags/dag_config.py for tasks to queue
[2026-08-31T11:40:04.737+0000] {logging_mixin.py:188} INFO - [2026-08-31T11:40:04.737+0000] {dagbag.py:545} INFO - Filling up the DagBag from /opt/airflow/dags/dag_config.py
[2026-08-31T11:40:04.745+0000] {processor.py:842} WARNING - No viable dags retrieved from /opt/airflow/dags/dag_config.py
[2026-08-31T11:40:04.759+0000] {processor.py:183} INFO - Processing /opt/airflow/dags/dag_config.py took 0.031 seconds
[2026-08-31T11:40:35.161+0000] {processor.py:161} INFO - Started process (PID=2521) to work on /opt/airflow/dags/dag_config.py
[2026-08-31T11:40:35.163+0000] {processor.py:830} INFO - Processing file /opt/airflow/dags/dag_config.py for tasks to queue
[2026-08-31T11:40:35.165+0000] {logging_mixin.py:188} INFO - [2026-08-31T11:40:35.164+0000] {dagbag.py:545} INFO - Filling up the DagBag from /opt/airflow/dags/dag_config.py
[2026-08-31T11:40:35.174+0000] {processor.py:842} WARNING - No viable dags retrieved from /opt/airflow/dags/dag_config.py
[2026-08-31T11:40:35.190+0000] {processor.py:183} INFO - Processing /opt/airflow/dags/dag_config.py took 0.035 seconds
[2026-08-31T11:41:05.664+0000] {processor.py:161} INFO - Started process (PID=2536) to work on /opt/airflow/dags/dag_config.py
[2026-08-31T11:41:05.666+0000] {processor.py:830} INFO - Processing file /opt/airflow/dags/dag_config.py for tasks to queue
[2026-08-31T11:41:05.667+0000] {logging_mixin.py:188} INFO - [2026-08-31T11:41:05.667+0000] {dagbag.py:545} INFO - Filling up the DagBag from /opt/airflow/dags/dag_config.py
[2026-08-31T11:41:05.676+0000] {processor.py:842} WARNING - No viable dags retrieved from /opt/airflow/dags/dag_config.py
[2026-08-31T11:41:05.691+0000] {processor.py:183} INFO - Processing /opt/airflow/dags/dag_config.py took 0.032 seconds
[2026-08-31T11:41:36.109+0000] {processor.py:161} INFO - Started process (PID=2551) to work on /opt/airflow/dags/dag_config.py
[2026-08-31T11:41:36.111+0000] {processor.py:830} INFO - Processing file /opt/airflow/dags/dag_config.py for tasks to queue
[2026-08-31T11:41:36.113+0000] {logging_mixin.py:188} INFO - [2026-08-31T11:41:36.112+0000] {dagbag.py:545} INFO - Filling up the DagBag from /opt/airflow/dags/dag_config.py
[2026-08-31T11:41:36.121+0000] {processor.py:842} WARNING - No viable dags retrieved from /opt/airflow/dags/dag_config.py
[2026-08-31T11:41:36.136+0000] {processor.py:183} INFO - Processing /opt/airflow/dags/dag_config.py took 0.032 seconds
[2026-08-31T11:42:06.517+0000] {processor.py:161} INFO - Started process (PID=2566) to work on /opt/airflow/dags/dag_config.py
[2026-08-31T11:42:06.519+0000] {processor.py:830} INFO - Processing file /opt/airflow/dags/dag_config.py for tasks to queue
[2026-08-31T11:42:06.521+0000] {logging_mixin.py:188} INFO - [2026-08-31T11:42:06.521+0000] {dagbag.py:545} INFO - Filling up the DagBag from /opt/airflow/dags/dag_config.py
[2026-08-31T11:42:06.530+0000] {processor.py:842} WARNING - No viable dags retrieved from /opt/airflow/dags/dag_config.py
[2026-08-31T11:42:06.548+0000] {processor.py:183} INFO - Processing /opt/airflow/dags/dag_config.py took 0.037 seconds
[2026-08-31T11:42:36.948+0000] {processor.py:161} INFO - Started process (PID=2581) to work on /opt/airflow/dags/dag_config.py
[2026-08-31T11:42:36.949+0000] {processor.py:830} INFO - Processing file /opt/airflow/dags/dag_config.py for tasks to queue
[2026-08-31T11:42:36.951+0000] {logging_mixin.py:188} INFO - [2026-08-31T11:42:36.951+0000] {dagbag.py:545} INFO - Filling up the DagBag from /opt/airflow/dags/dag_config.py
[2026-08-31T11:42:36.959+0000] {processor.py:842} WARNING - No viable dags retrieved from /opt/airflow/dags/dag_config.py
[2026-08-31T11:42:36.973+0000] {processor.py:183} INFO - Processing /opt/airflow/dags/dag_config.py took 0.030 seconds
[2026-08-31T11:43:07.403+0000] {processor.py:161} INFO - Started process (PID=2596) to work on /opt/airflow/dags/dag_config.py
[2026-08-31T11:43:07.404+0000] {processor.py:830} INFO - Processing file /opt/airflow/dags/dag_config.py for tasks to queue
[2026-08-31T11:43:07.406+0000] {logging_mixin.py:188} INFO - [2026-08-31T11:43:07.406+0000] {dagbag.py:545} INFO - Filling up the DagBag from /opt/airflow/dags/dag_config.py
[2026-08-31T11:43:07.416+0000] {processor.py:842} WARNING - No viable dags retrieved from /opt/airflow/dags/dag_config.py
[2026-08-31T11:43:07.432+0000] {processor.py:183} INFO - Processing /opt/airflow/dags/dag_config.py took 0.035 seconds
[2026-08-31T11:43:37.852+0000] {processor.py:161} INFO - Started process (PID=2611) to work on /opt/airflow/dags/dag_config.py
[2026-08-31T11:43:37.853+0000] {processor.py:830} INFO - Processing file /opt/airflow/dags/dag_config.py for tasks to queue
[2026-08-31T11:43:37.857+0000] {logging_mixin.py:188} INFO - [2026-08-31T11:43:37.856+0000] {dagbag.py:545} INFO - Filling up the DagBag from /opt/airflow/dags/dag_config.py
[2026-08-31T11:43:37.868+0000] {processor.py:842} WARNING - No viable dags retrieved from /opt/airflow/dags/dag_config.py
[2026-08-31T11:43:37.889+0000] {processor.py:183} INFO - Processing /opt/airflow/dags/dag_config.py took 0.045 seconds
[2026-08-31T11:44:08.296+0000] {processor.py:161} INFO - Started process (PID=2626) to work on /opt/airflow/dags/dag_config.py
[2026-08-31T11:44:08.297+0000] {processor.py:830} INFO - Processing file /opt/airflow/dags/dag_config.py for tasks to queue
[2026-08-31T11:44:08.300+0000] {logging_mixin.py:188} INFO - [2026-08-31T11:44:08.299+0000] {dagbag.py:545} INFO - Filling up the DagBag from /opt/airflow/dags/dag_config.py
[2026-08-31T11:44:08.310+0000] {processor.py:842} WARNING - No viable dags retrieved from /opt/airflow/dags/dag_config.py
[2026-08-31T11:44:08.327+0000] {processor.py:183} INFO - Processing /opt/airflow/dags/dag_config.py took 0.038 seconds
[2026-08-31T11:44:38.754+0000] {processor.py:161} INFO - Started process (PID=2641) to work on /opt/airflow/dags/dag_config.py
[2026-08-31T11:44:38.755+0000] {processor.py:830} INFO - Processing file /opt/airflow/dags/dag_config.py for tasks to queue
[2026-08-31T11:44:38.758+0000] {logging_mixin.py:188} INFO - [2026-08-31T11:44:38.757+0000] {dagbag.py:545} INFO - Filling up the DagBag from /opt/airflow/dags/dag_config.py
[2026-08-31T11:44:38.766+0000] {processor.py:842} WARNING - No viable dags retrieved from /opt/airflow/dags/dag_config.py
[2026-08-31T11:44:38.782+0000] {processor.py:183} INFO - Processing /opt/airflow/dags/dag_config.py took 0.033 seconds
[2026-08-31T11:45:09.173+0000] {processor.py:161} INFO - Started process (PID=2656) to work on /opt/airflow/dags/dag_config.py
[2026-08-31T11:45:09.174+0000] {processor.py:830} INFO - Processing file /opt/airflow/dags/dag_config.py for tasks to queue
[2026-08-31T11:45:09.176+0000] {logging_mixin.py:188} INFO - [2026-08-31T11:45:09.176+0000] {dagbag.py:545} INFO - Filling up the DagBag from /opt/airflow/dags/dag_config.py
[2026-08-31T11:45:09.184+0000] {processor.py:842} WARNING - No viable dags retrieved from /opt/airflow/dags/dag_config.py
[2026-08-31T11:45:09.199+0000] {processor.py:183} INFO - Processing /opt/airflow/dags/dag_config.py took 0.032 seconds
[2026-08-31T11:45:39.560+0000] {processor.py:161} INFO - Started process (PID=2671) to work on /opt/airflow/dags/dag_config.py
[2026-08-31T11:45:39.561+0000] {processor.py:830} INFO - Processing file /opt/airflow/dags/dag_config.py for tasks to queue
[2026-08-31T11:45:39.563+0000] {logging_mixin.py:188} INFO - [2026-08-31T11:45:39.563+0000] {dagbag.py:545} INFO - Filling up the DagBag from /opt/airflow/dags/dag_config.py
[2026-08-31T11:45:39.573+0000] {processor.py:842} WARNING - No viable dags retrieved from /opt/airflow/dags/dag_config.py
[2026-08-31T11:45:39.587+0000] {processor.py:183} INFO - Processing /opt/airflow/dags/dag_config.py took 0.032 seconds
[2026-08-31T11:46:09.983+0000] {processor.py:161} INFO - Started process (PID=2686) to work on /opt/airflow/dags/dag_config.py
[2026-08-31T11:46:09.984+0000] {processor.py:830} INFO - Processing file /opt/airflow/dags/dag_config.py for tasks to queue
[2026-08-31T11:46:09.986+0000] {logging_mixin.py:188} INFO - [2026-08-31T11:46:09.986+0000] {dagbag.py:545} INFO - Filling up the DagBag from /opt/airflow/dags/dag_config.py
[2026-08-31T11:46:09.996+0000] {processor.py:842} WARNING - No viable dags retrieved from /opt/airflow/dags/dag_config.py
[2026-08-31T11:46:10.015+0000] {processor.py:183} INFO - Processing /opt/airflow/dags/dag_config.py took 0.039 seconds
[2026-08-31T11:46:40.403+0000] {processor.py:161} INFO - Started process (PID=2701) to work on /opt/airflow/dags/dag_config.py
[2026-08-31T11:46:40.404+0000] {processor.py:830} INFO - Processing file /opt/airflow/dags/dag_config.py for tasks to queue
[2026-08-31T11:46:40.406+0000] {logging_mixin.py:188} INFO - [2026-08-31T11:46:40.406+0000] {dagbag.py:545} INFO - Filling up the DagBag from /opt/airflow/dags/dag_config.py
[2026-08-31T11:46:40.414+0000] {processor.py:842} WARNING - No viable dags retrieved from /opt/airflow/dags/dag_config.py
[2026-08-31T11:46:40.429+0000] {processor.py:183} INFO - Processing /opt/airflow/dags/dag_config.py took 0.031 seconds
[2026-08-31T11:47:10.840+0000] {processor.py:161} INFO - Started process (PID=2716) to work on /opt/airflow/dags/dag_config.py
[2026-08-31T11:47:10.841+0000] {processor.py:830} INFO - Processing file /opt/airflow/dags/dag_config.py for tasks to queue
[2026-08-31T11:47:10.843+0000] {logging_mixin.py:188} INFO - [2026-08-31T11:47:10.842+0000] {dagbag.py:545} INFO - Filling up the DagBag from /opt/airflow/dags/dag_config.py
[2026-08-31T11:47:10.852+0000] {processor.py:842} WARNING - No viable dags retrieved from /opt/airflow/dags/dag_config.py
[2026-08-31T11:47:10.869+0000] {processor.py:183} INFO - Processing /opt/airflow/dags/dag_config.py took 0.034 seconds
[2026-08-31T11:47:41.259+0000] {processor.py:161} INFO - Started process (PID=2731) to work on /opt/airflow/dags/dag_config.py
[2026-08-31T11:47:41.261+0000] {processor.py:830} INFO - Processing file /opt/airflow/dags/dag_config.py for tasks to queue
[2026-08-31T11:47:41.262+0000] {logging_mixin.py:188} INFO - [2026-08-31T11:47:41.262+0000] {dagbag.py:545} INFO - Filling up the DagBag from /opt/airflow/dags/dag_config.py
[2026-08-31T11:47:41.271+0000] {processor.py:842} WARNING - No viable dags retrieved from /opt/airflow/dags/dag_config.py
[2026-08-31T11:47:41.285+0000] {processor.py:183} INFO - Processing /opt/airflow/dags/dag_config.py took 0.031 seconds
[2026-08-31T11:48:11.673+0000] {processor.py:161} INFO - Started process (PID=2746) to work on /opt/airflow/dags/dag_config.py
[2026-08-31T11:48:11.674+0000] {processor.py:830} INFO - Processing file /opt/airflow/dags/dag_config.py for tasks to queue
[2026-08-31T11:48:11.677+0000] {logging_mixin.py:188} INFO - [2026-08-31T11:48:11.676+0000] {dagbag.py:545} INFO - Filling up the DagBag from /opt/airflow/dags/dag_config.py
[2026-08-31T11:48:11.685+0000] {processor.py:842} WARNING - No viable dags retrieved from /opt/airflow/dags/dag_config.py
[2026-08-31T11:48:11.699+0000] {processor.py:183} INFO - Processing /opt/airflow/dags/dag_config.py took 0.031 seconds
[2026-08-31T11:48:42.068+0000] {processor.py:161} INFO - Started process (PID=2761) to work on /opt/airflow/dags/dag_config.py
[2026-08-31T11:48:42.069+0000] {processor.py:830} INFO - Processing file /opt/airflow/dags/dag_config.py for tasks to queue
[2026-08-31T11:48:42.071+0000] {logging_mixin.py:188} INFO - [2026-08-31T11:48:42.071+0000] {dagbag.py:545} INFO - Filling up the DagBag from /opt/airflow/dags/dag_config.py
[2026-08-31T11:48:42.078+0000] {processor.py:842} WARNING - No viable dags retrieved from /opt/airflow/dags/dag_config.py
[2026-08-31T11:48:42.093+0000] {processor.py:183} INFO - Processing /opt/airflow/dags/dag_config.py took 0.030 seconds
[2026-08-31T11:49:12.539+0000] {processor.py:161} INFO - Started process (PID=2776) to work on /opt/airflow/dags/dag_config.py
[2026-08-31T11:49:12.540+0000] {processor.py:830} INFO - Processing file /opt/airflow/dags/dag_config.py for tasks to queue
[2026-08-31T11:49:12.542+0000] {logging_mixin.py:188} INFO - [2026-08-31T11:49:12.542+0000] {dagbag.py:545} INFO - Filling up the DagBag from /opt/airflow/dags/dag_config.py
[2026-08-31T11:49:12.552+0000] {processor.py:842} WARNING - No viable dags retrieved from /opt/airflow/dags/dag_config.py
[2026-08-31T11:49:12.566+0000] {processor.py:183} INFO - Processing /opt/airflow/dags/dag_config.py took 0.033 seconds
[2026-08-31T11:49:42.952+0000] {processor.py:161} INFO - Started process (PID=2791) to work on /opt/airflow/dags/dag_config.py
[2026-08-31T11:49:42.954+0000] {processor.py:830} INFO - Processing file /opt/airflow/dags/dag_config.py for tasks to queue
[2026-08-31T11:49:42.957+0000] {logging_mixin.py:188} INFO - [2026-08-31T11:49:42.956+0000] {dagbag.py:545} INFO - Filling up the DagBag from /opt/airflow/dags/dag_config.py
[2026-08-31T11:49:42.968+0000] {processor.py:842} WARNING - No viable dags retrieved from /opt/airflow/dags/dag_config.py
[2026-08-31T11:49:42.987+0000] {processor.py:183} INFO - Processing /opt/airflow/dags/dag_config.py took 0.042 seconds
[2026-08-31T11:50:13.364+0000] {processor.py:161} INFO - Started process (PID=2806) to work on /opt/airflow/dags/dag_config.py
[2026-08-31T11:50:13.365+0000] {processor.py:830} INFO - Processing file /opt/airflow/dags/dag_config.py for tasks to queue
[2026-08-31T11:50:13.367+0000] {logging_mixin.py:188} INFO - [2026-08-31T11:50:13.367+0000] {dagbag.py:545} INFO - Filling up the DagBag from /opt/airflow/dags/dag_config.py
[2026-08-31T11:50:13.377+0000] {processor.py:842} WARNING - No viable dags retrieved from /opt/airflow/dags/dag_config.py
[2026-08-31T11:50:13.395+0000] {processor.py:183} INFO - Processing /opt/airflow/dags/dag_config.py took 0.037 seconds
[2026-08-31T11:50:43.785+0000] {processor.py:161} INFO - Started process (PID=2821) to work on /opt/airflow/dags/dag_config.py
[2026-08-31T11:50:43.787+0000] {processor.py:830} INFO - Processing file /opt/airflow/dags/dag_config.py for tasks to queue
[2026-08-31T11:50:43.788+0000] {logging_mixin.py:188} INFO - [2026-08-31T11:50:43.788+0000] {dagbag.py:545} INFO - Filling up the DagBag from /opt/airflow/dags/dag_config.py
[2026-08-31T11:50:43.796+0000] {processor.py:842} WARNING - No viable dags retrieved from /opt/airflow/dags/dag_config.py
[2026-08-31T11:50:43.809+0000] {processor.py:183} INFO - Processing /opt/airflow/dags/dag_config.py took 0.029 seconds
[2026-08-31T11:51:14.214+0000] {processor.py:161} INFO - Started process (PID=2836) to work on /opt/airflow/dags/dag_config.py
[2026-08-31T11:51:14.215+0000] {processor.py:830} INFO - Processing file /opt/airflow/dags/dag_config.py for tasks to queue
[2026-08-31T11:51:14.217+0000] {logging_mixin.py:188} INFO - [2026-08-31T11:51:14.217+0000] {dagbag.py:545} INFO - Filling up the DagBag from /opt/airflow/dags/dag_config.py
[2026-08-31T11:51:14.226+0000] {processor.py:842} WARNING - No viable dags retrieved from /opt/airflow/dags/dag_config.py
[2026-08-31T11:51:14.242+0000] {processor.py:183} INFO - Processing /opt/airflow/dags/dag_config.py took 0.034 seconds
[2026-08-31T11:51:44.692+0000] {processor.py:161} INFO - Started process (PID=2851) to work on /opt/airflow/dags/dag_config.py
[2026-08-31T11:51:44.693+0000] {processor.py:830} INFO - Processing file /opt/airflow/dags/dag_config.py for tasks to queue
[2026-08-31T11:51:44.695+0000] {logging_mixin.py:188} INFO - [2026-08-31T11:51:44.695+0000] {dagbag.py:545} INFO - Filling up the DagBag from /opt/airflow/dags/dag_config.py
[2026-08-31T11:51:44.704+0000] {processor.py:842} WARNING - No viable dags retrieved from /opt/airflow/dags/dag_config.py
[2026-08-31T11:51:44.718+0000] {processor.py:183} INFO - Processing /opt/airflow/dags/dag_config.py took 0.031 seconds
[2026-08-31T11:52:15.102+0000] {processor.py:161} INFO - Started process (PID=2866) to work on /opt/airflow/dags/dag_config.py
[2026-08-31T11:52:15.103+0000] {processor.py:830} INFO - Processing file /opt/airflow/dags/dag_config.py for tasks to queue
[2026-08-31T11:52:15.106+0000] {logging_mixin.py:188} INFO - [2026-08-31T11:52:15.105+0000] {dagbag.py:545} INFO - Filling up the DagBag from /opt/airflow/dags/dag_config.py
[2026-08-31T11:52:15.114+0000] {processor.py:842} WARNING - No viable dags retrieved from /opt/airflow/dags/dag_config.py
[2026-08-31T11:52:15.129+0000] {processor.py:183} INFO - Processing /opt/airflow/dags/dag_config.py took 0.032 seconds
[2026-08-31T11:52:45.537+0000] {processor.py:161} INFO - Started process (PID=2881) to work on /opt/airflow/dags/dag_config.py
[2026-08-31T11:52:45.538+0000] {processor.py:830} INFO - Processing file /opt/airflow/dags/dag_config.py for tasks to queue
[2026-08-31T11:52:45.540+0000] {logging_mixin.py:188} INFO - [2026-08-31T11:52:45.540+0000] {dagbag.py:545} INFO - Filling up the DagBag from /opt/airflow/dags/dag_config.py
[2026-08-31T11:52:45.551+0000] {processor.py:842} WARNING - No viable dags retrieved from /opt/airflow/dags/dag_config.py
[2026-08-31T11:52:45.567+0000] {processor.py:183} INFO - Processing /opt/airflow/dags/dag_config.py took 0.037 seconds
[2026-08-31T11:53:16.050+0000] {processor.py:161} INFO - Started process (PID=2896) to work on /opt/airflow/dags/dag_config.py
[2026-08-31T11:53:16.051+0000] {processor.py:830} INFO - Processing file /opt/airflow/dags/dag_config.py for tasks to queue
[2026-08-31T11:53:16.053+0000] {logging_mixin.py:188} INFO - [2026-08-31T11:53:16.053+0000] {dagbag.py:545} INFO - Filling up the DagBag from /opt/airflow/dags/dag_config.py
[2026-08-31T11:53:16.062+0000] {processor.py:842} WARNING - No viable dags retrieved from /opt/airflow/dags/dag_config.py
[2026-08-31T11:53:16.078+0000] {processor.py:183} INFO - Processing /opt/airflow/dags/dag_config.py took 0.033 seconds
[2026-08-31T11:53:46.494+0000] {processor.py:161} INFO - Started process (PID=2911) to work on /opt/airflow/dags/dag_config.py
[2026-08-31T11:53:46.495+0000] {processor.py:830} INFO - Processing file /opt/airflow/dags/dag_config.py for tasks to queue
[2026-08-31T11:53:46.497+0000] {logging_mixin.py:188} INFO - [2026-08-31T11:53:46.497+0000] {dagbag.py:545} INFO - Filling up the DagBag from /opt/airflow/dags/dag_config.py
[2026-08-31T11:53:46.505+0000] {processor.py:842} WARNING - No viable dags retrieved from /opt/airflow/dags/dag_config.py
[2026-08-31T11:53:46.520+0000] {processor.py:183} INFO - Processing /opt/airflow/dags/dag_config.py took 0.031 seconds
[2026-08-31T11:54:16.939+0000] {processor.py:161} INFO - Started process (PID=2926) to work on /opt/airflow/dags/dag_config.py
[2026-08-31T11:54:16.941+0000] {processor.py:830} INFO - Processing file /opt/airflow/dags/dag_config.py for tasks to queue
[2026-08-31T11:54:16.943+0000] {logging_mixin.py:188} INFO - [2026-08-31T11:54:16.942+0000] {dagbag.py:545} INFO - Filling up the DagBag from /opt/airflow/dags/dag_config.py
[2026-08-31T11:54:16.952+0000] {processor.py:842} WARNING - No viable dags retrieved from /opt/airflow/dags/dag_config.py
[2026-08-31T11:54:16.968+0000] {processor.py:183} INFO - Processing /opt/airflow/dags/dag_config.py took 0.036 seconds
[2026-08-31T11:54:47.365+0000] {processor.py:161} INFO - Started process (PID=2941) to work on /opt/airflow/dags/dag_config.py
[2026-08-31T11:54:47.366+0000] {processor.py:830} INFO - Processing file /opt/airflow/dags/dag_config.py for tasks to queue
[2026-08-31T11:54:47.368+0000] {logging_mixin.py:188} INFO - [2026-08-31T11:54:47.368+0000] {dagbag.py:545} INFO - Filling up the DagBag from /opt/airflow/dags/dag_config.py
[2026-08-31T11:54:47.378+0000] {processor.py:842} WARNING - No viable dags retrieved from /opt/airflow/dags/dag_config.py
[2026-08-31T11:54:47.393+0000] {processor.py:183} INFO - Processing /opt/airflow/dags/dag_config.py took 0.033 seconds
[2026-08-31T11:55:17.759+0000] {processor.py:161} INFO - Started process (PID=2956) to work on /opt/airflow/dags/dag_config.py
[2026-08-31T11:55:17.760+0000] {processor.py:830} INFO - Processing file /opt/airflow/dags/dag_config.py for tasks to queue
[2026-08-31T11:55:17.762+0000] {logging_mixin.py:188} INFO - [2026-08-31T11:55:17.762+0000] {dagbag.py:545} INFO - Filling up the DagBag from /opt/airflow/dags/dag_config.py
[2026-08-31T11:55:17.771+0000] {processor.py:842} WARNING - No viable dags retrieved from /opt/airflow/dags/dag_config.py
[2026-08-31T11:55:17.786+0000] {processor.py:183} INFO - Processing /opt/airflow/dags/dag_config.py took 0.032 seconds
[2026-08-31T11:55:48.193+0000] {processor.py:161} INFO - Started process (PID=2971) to work on /opt/airflow/dags/dag_config.py
[2026-08-31T11:55:48.195+0000] {processor.py:830} INFO - Processing file /opt/airflow/dags/dag_config.py for tasks to queue
[2026-08-31T11:55:48.197+0000] {logging_mixin.py:188} INFO - [2026-08-31T11:55:48.197+0000] {dagbag.py:545} INFO - Filling up the DagBag from /opt/airflow/dags/dag_config.py
[2026-08-31T11:55:48.206+0000] {processor.py:842} WARNING - No viable dags retrieved from /opt/airflow/dags/dag_config.py
[2026-08-31T11:55:48.221+0000] {processor.py:183} INFO - Processing /opt/airflow/dags/dag_config.py took 0.035 seconds
[2026-08-31T11:56:18.615+0000] {processor.py:161} INFO - Started process (PID=2986) to work on /opt/airflow/dags/dag_config.py
[2026-08-31T11:56:18.617+0000] {processor.py:830} INFO - Processing file /opt/airflow/dags/dag_config.py for tasks to queue
[2026-08-31T11:56:18.621+0000] {logging_mixin.py:188} INFO - [2026-08-31T11:56:18.621+0000] {dagbag.py:545} INFO - Filling up the DagBag from /opt/airflow/dags/dag_config.py
[2026-08-31T11:56:18.635+0000] {processor.py:842} WARNING - No viable dags retrieved from /opt/airflow/dags/dag_config.py
[2026-08-31T11:56:18.657+0000] {processor.py:183} INFO - Processing /opt/airflow/dags/dag_config.py took 0.049 seconds
[2026-08-31T11:56:49.053+0000] {processor.py:161} INFO - Started process (PID=3001) to work on /opt/airflow/dags/dag_config.py
[2026-08-31T11:56:49.054+0000] {processor.py:830} INFO - Processing file /opt/airflow/dags/dag_config.py for tasks to queue
[2026-08-31T11:56:49.057+0000] {logging_mixin.py:188} INFO - [2026-08-31T11:56:49.057+0000] {dagbag.py:545} INFO - Filling up the DagBag from /opt/airflow/dags/dag_config.py
[2026-08-31T11:56:49.068+0000] {processor.py:842} WARNING - No viable dags retrieved from /opt/airflow/dags/dag_config.py
[2026-08-31T11:56:49.090+0000] {processor.py:183} INFO - Processing /opt/airflow/dags/dag_config.py took 0.043 seconds
[2026-08-31T11:57:19.438+0000] {processor.py:161} INFO - Started process (PID=3016) to work on /opt/airflow/dags/dag_config.py
[2026-08-31T11:57:19.439+0000] {processor.py:830} INFO - Processing file /opt/airflow/dags/dag_config.py for tasks to queue
[2026-08-31T11:57:19.441+0000] {logging_mixin.py:188} INFO - [2026-08-31T11:57:19.441+0000] {dagbag.py:545} INFO - Filling up the DagBag from /opt/airflow/dags/dag_config.py
[2026-08-31T11:57:19.448+0000] {processor.py:842} WARNING - No viable dags retrieved from /opt/airflow/dags/dag_config.py
[2026-08-31T11:57:19.464+0000] {processor.py:183} INFO - Processing /opt/airflow/dags/dag_config.py took 0.031 seconds
[2026-08-31T11:57:49.864+0000] {processor.py:161} INFO - Started process (PID=3031) to work on /opt/airflow/dags/dag_config.py
[2026-08-31T11:57:49.865+0000] {processor.py:830} INFO - Processing file /opt/airflow/dags/dag_config.py for tasks to queue
[2026-08-31T11:57:49.867+0000] {logging_mixin.py:188} INFO - [2026-08-31T11:57:49.867+0000] {dagbag.py:545} INFO - Filling up the DagBag from /opt/airflow/dags/dag_config.py
[2026-08-31T11:57:49.875+0000] {processor.py:842} WARNING - No viable dags retrieved from /opt/airflow/dags/dag_config.py
[2026-08-31T11:57:49.891+0000] {processor.py:183} INFO - Processing /opt/airflow/dags/dag_config.py took 0.033 seconds
[2026-08-31T11:58:20.271+0000] {processor.py:161} INFO - Started process (PID=3046) to work on /opt/airflow/dags/dag_config.py
[2026-08-31T11:58:20.272+0000] {processor.py:830} INFO - Processing file /opt/airflow/dags/dag_config.py for tasks to queue
[2026-08-31T11:58:20.274+0000] {logging_mixin.py:188} INFO - [2026-08-31T11:58:20.274+0000] {dagbag.py:545} INFO - Filling up the DagBag from /opt/airflow/dags/dag_config.py
[2026-08-31T11:58:20.283+0000] {processor.py:842} WARNING - No viable dags retrieved from /opt/airflow/dags/dag_config.py
[2026-08-31T11:58:20.299+0000] {processor.py:183} INFO - Processing /opt/airflow/dags/dag_config.py took 0.034 seconds
[2026-08-31T11:58:50.733+0000] {processor.py:161} INFO - Started process (PID=3061) to work on /opt/airflow/dags/dag_config.py
[2026-08-31T11:58:50.735+0000] {processor.py:830} INFO - Processing file /opt/airflow/dags/dag_config.py for tasks to queue
[2026-08-31T11:58:50.737+0000] {logging_mixin.py:188} INFO - [2026-08-31T11:58:50.737+0000] {dagbag.py:545} INFO - Filling up the DagBag from /opt/airflow/dags/dag_config.py
[2026-08-31T11:58:50.749+0000] {processor.py:842} WARNING - No viable dags retrieved from /opt/airflow/dags/dag_config.py
[2026-08-31T11:58:50.769+0000] {processor.py:183} INFO - Processing /opt/airflow/dags/dag_config.py took 0.042 seconds
[2026-08-31T11:59:21.190+0000] {processor.py:161} INFO - Started process (PID=3076) to work on /opt/airflow/dags/dag_config.py
[2026-08-31T11:59:21.192+0000] {processor.py:830} INFO - Processing file /opt/airflow/dags/dag_config.py for tasks to queue
[2026-08-31T11:59:21.194+0000] {logging_mixin.py:188} INFO - [2026-08-31T11:59:21.194+0000] {dagbag.py:545} INFO - Filling up the DagBag from /opt/airflow/dags/dag_config.py
[2026-08-31T11:59:21.205+0000] {processor.py:842} WARNING - No viable dags retrieved from /opt/airflow/dags/dag_config.py
[2026-08-31T11:59:21.223+0000] {processor.py:183} INFO - Processing /opt/airflow/dags/dag_config.py took 0.039 seconds
[2026-08-31T11:59:51.579+0000] {processor.py:161} INFO - Started process (PID=3091) to work on /opt/airflow/dags/dag_config.py
[2026-08-31T11:59:51.580+0000] {processor.py:830} INFO - Processing file /opt/airflow/dags/dag_config.py for tasks to queue
[2026-08-31T11:59:51.582+0000] {logging_mixin.py:188} INFO - [2026-08-31T11:59:51.582+0000] {dagbag.py:545} INFO - Filling up the DagBag from /opt/airflow/dags/dag_config.py
[2026-08-31T11:59:51.591+0000] {processor.py:842} WARNING - No viable dags retrieved from /opt/airflow/dags/dag_config.py
[2026-08-31T11:59:51.607+0000] {processor.py:183} INFO - Processing /opt/airflow/dags/dag_config.py took 0.033 seconds
[2026-08-31T12:00:21.988+0000] {processor.py:161} INFO - Started process (PID=3106) to work on /opt/airflow/dags/dag_config.py
[2026-08-31T12:00:21.989+0000] {processor.py:830} INFO - Processing file /opt/airflow/dags/dag_config.py for tasks to queue
[2026-08-31T12:00:21.991+0000] {logging_mixin.py:188} INFO - [2026-08-31T12:00:21.991+0000] {dagbag.py:545} INFO - Filling up the DagBag from /opt/airflow/dags/dag_config.py
[2026-08-31T12:00:22.002+0000] {processor.py:842} WARNING - No viable dags retrieved from /opt/airflow/dags/dag_config.py
[2026-08-31T12:00:22.017+0000] {processor.py:183} INFO - Processing /opt/airflow/dags/dag_config.py took 0.034 seconds
[2026-08-31T12:00:52.409+0000] {processor.py:161} INFO - Started process (PID=3121) to work on /opt/airflow/dags/dag_config.py
[2026-08-31T12:00:52.410+0000] {processor.py:830} INFO - Processing file /opt/airflow/dags/dag_config.py for tasks to queue
[2026-08-31T12:00:52.412+0000] {logging_mixin.py:188} INFO - [2026-08-31T12:00:52.412+0000] {dagbag.py:545} INFO - Filling up the DagBag from /opt/airflow/dags/dag_config.py
[2026-08-31T12:00:52.421+0000] {processor.py:842} WARNING - No viable dags retrieved from /opt/airflow/dags/dag_config.py
[2026-08-31T12:00:52.436+0000] {processor.py:183} INFO - Processing /opt/airflow/dags/dag_config.py took 0.032 seconds
[2026-08-31T12:01:22.866+0000] {processor.py:161} INFO - Started process (PID=3136) to work on /opt/airflow/dags/dag_config.py
[2026-08-31T12:01:22.867+0000] {processor.py:830} INFO - Processing file /opt/airflow/dags/dag_config.py for tasks to queue
[2026-08-31T12:01:22.869+0000] {logging_mixin.py:188} INFO - [2026-08-31T12:01:22.869+0000] {dagbag.py:545} INFO - Filling up the DagBag from /opt/airflow/dags/dag_config.py
[2026-08-31T12:01:22.879+0000] {processor.py:842} WARNING - No viable dags retrieved from /opt/airflow/dags/dag_config.py
[2026-08-31T12:01:22.895+0000] {processor.py:183} INFO - Processing /opt/airflow/dags/dag_config.py took 0.034 seconds
[2026-08-31T12:01:53.272+0000] {processor.py:161} INFO - Started process (PID=3151) to work on /opt/airflow/dags/dag_config.py
[2026-08-31T12:01:53.274+0000] {processor.py:830} INFO - Processing file /opt/airflow/dags/dag_config.py for tasks to queue
[2026-08-31T12:01:53.276+0000] {logging_mixin.py:188} INFO - [2026-08-31T12:01:53.276+0000] {dagbag.py:545} INFO - Filling up the DagBag from /opt/airflow/dags/dag_config.py
[2026-08-31T12:01:53.285+0000] {processor.py:842} WARNING - No viable dags retrieved from /opt/airflow/dags/dag_config.py
[2026-08-31T12:01:53.302+0000] {processor.py:183} INFO - Processing /opt/airflow/dags/dag_config.py took 0.035 seconds
[2026-08-31T12:02:23.730+0000] {processor.py:161} INFO - Started process (PID=3166) to work on /opt/airflow/dags/dag_config.py
[2026-08-31T12:02:23.732+0000] {processor.py:830} INFO - Processing file /opt/airflow/dags/dag_config.py for tasks to queue
[2026-08-31T12:02:23.735+0000] {logging_mixin.py:188} INFO - [2026-08-31T12:02:23.734+0000] {dagbag.py:545} INFO - Filling up the DagBag from /opt/airflow/dags/dag_config.py
[2026-08-31T12:02:23.750+0000] {processor.py:842} WARNING - No viable dags retrieved from /opt/airflow/dags/dag_config.py
[2026-08-31T12:02:23.773+0000] {processor.py:183} INFO - Processing /opt/airflow/dags/dag_config.py took 0.051 seconds
[2026-08-31T12:02:54.198+0000] {processor.py:161} INFO - Started process (PID=3181) to work on /opt/airflow/dags/dag_config.py
[2026-08-31T12:02:54.201+0000] {processor.py:830} INFO - Processing file /opt/airflow/dags/dag_config.py for tasks to queue
[2026-08-31T12:02:54.203+0000] {logging_mixin.py:188} INFO - [2026-08-31T12:02:54.203+0000] {dagbag.py:545} INFO - Filling up the DagBag from /opt/airflow/dags/dag_config.py
[2026-08-31T12:02:54.216+0000] {processor.py:842} WARNING - No viable dags retrieved from /opt/airflow/dags/dag_config.py
[2026-08-31T12:02:54.238+0000] {processor.py:183} INFO - Processing /opt/airflow/dags/dag_config.py took 0.045 seconds
[2026-08-31T12:03:24.667+0000] {processor.py:161} INFO - Started process (PID=3196) to work on /opt/airflow/dags/dag_config.py
[2026-08-31T12:03:24.668+0000] {processor.py:830} INFO - Processing file /opt/airflow/dags/dag_config.py for tasks to queue
[2026-08-31T12:03:24.670+0000] {logging_mixin.py:188} INFO - [2026-08-31T12:03:24.670+0000] {dagbag.py:545} INFO - Filling up the DagBag from /opt/airflow/dags/dag_config.py
[2026-08-31T12:03:24.679+0000] {processor.py:842} WARNING - No viable dags retrieved from /opt/airflow/dags/dag_config.py
[2026-08-31T12:03:24.700+0000] {processor.py:183} INFO - Processing /opt/airflow/dags/dag_config.py took 0.039 seconds
[2026-08-31T12:03:55.126+0000] {processor.py:161} INFO - Started process (PID=3211) to work on /opt/airflow/dags/dag_config.py
[2026-08-31T12:03:55.128+0000] {processor.py:830} INFO - Processing file /opt/airflow/dags/dag_config.py for tasks to queue
[2026-08-31T12:03:55.131+0000] {logging_mixin.py:188} INFO - [2026-08-31T12:03:55.130+0000] {dagbag.py:545} INFO - Filling up the DagBag from /opt/airflow/dags/dag_config.py
[2026-08-31T12:03:55.141+0000] {processor.py:842} WARNING - No viable dags retrieved from /opt/airflow/dags/dag_config.py
[2026-08-31T12:03:55.158+0000] {processor.py:183} INFO - Processing /opt/airflow/dags/dag_config.py took 0.039 seconds
[2026-08-31T12:04:25.549+0000] {processor.py:161} INFO - Started process (PID=3226) to work on /opt/airflow/dags/dag_config.py
[2026-08-31T12:04:25.551+0000] {processor.py:830} INFO - Processing file /opt/airflow/dags/dag_config.py for tasks to queue
[2026-08-31T12:04:25.554+0000] {logging_mixin.py:188} INFO - [2026-08-31T12:04:25.553+0000] {dagbag.py:545} INFO - Filling up the DagBag from /opt/airflow/dags/dag_config.py
[2026-08-31T12:04:25.564+0000] {processor.py:842} WARNING - No viable dags retrieved from /opt/airflow/dags/dag_config.py
[2026-08-31T12:04:25.580+0000] {processor.py:183} INFO - Processing /opt/airflow/dags/dag_config.py took 0.037 seconds
[2026-08-31T12:04:55.938+0000] {processor.py:161} INFO - Started process (PID=3241) to work on /opt/airflow/dags/dag_config.py
[2026-08-31T12:04:55.940+0000] {processor.py:830} INFO - Processing file /opt/airflow/dags/dag_config.py for tasks to queue
[2026-08-31T12:04:55.942+0000] {logging_mixin.py:188} INFO - [2026-08-31T12:04:55.942+0000] {dagbag.py:545} INFO - Filling up the DagBag from /opt/airflow/dags/dag_config.py
[2026-08-31T12:04:55.954+0000] {processor.py:842} WARNING - No viable dags retrieved from /opt/airflow/dags/dag_config.py
[2026-08-31T12:04:55.974+0000] {processor.py:183} INFO - Processing /opt/airflow/dags/dag_config.py took 0.042 seconds
[2026-08-31T12:05:26.326+0000] {processor.py:161} INFO - Started process (PID=3256) to work on /opt/airflow/dags/dag_config.py
[2026-08-31T12:05:26.327+0000] {processor.py:830} INFO - Processing file /opt/airflow/dags/dag_config.py for tasks to queue
[2026-08-31T12:05:26.329+0000] {logging_mixin.py:188} INFO - [2026-08-31T12:05:26.329+0000] {dagbag.py:545} INFO - Filling up the DagBag from /opt/airflow/dags/dag_config.py
[2026-08-31T12:05:26.339+0000] {processor.py:842} WARNING - No viable dags retrieved from /opt/airflow/dags/dag_config.py
[2026-08-31T12:05:26.354+0000] {processor.py:183} INFO - Processing /opt/airflow/dags/dag_config.py took 0.034 seconds
[2026-08-31T12:05:56.762+0000] {processor.py:161} INFO - Started process (PID=3271) to work on /opt/airflow/dags/dag_config.py
[2026-08-31T12:05:56.764+0000] {processor.py:830} INFO - Processing file /opt/airflow/dags/dag_config.py for tasks to queue
[2026-08-31T12:05:56.766+0000] {logging_mixin.py:188} INFO - [2026-08-31T12:05:56.766+0000] {dagbag.py:545} INFO - Filling up the DagBag from /opt/airflow/dags/dag_config.py
[2026-08-31T12:05:56.776+0000] {processor.py:842} WARNING - No viable dags retrieved from /opt/airflow/dags/dag_config.py
[2026-08-31T12:05:56.792+0000] {processor.py:183} INFO - Processing /opt/airflow/dags/dag_config.py took 0.035 seconds
[2026-08-31T12:06:27.164+0000] {processor.py:161} INFO - Started process (PID=3286) to work on /opt/airflow/dags/dag_config.py
[2026-08-31T12:06:27.165+0000] {processor.py:830} INFO - Processing file /opt/airflow/dags/dag_config.py for tasks to queue
[2026-08-31T12:06:27.167+0000] {logging_mixin.py:188} INFO - [2026-08-31T12:06:27.167+0000] {dagbag.py:545} INFO - Filling up the DagBag from /opt/airflow/dags/dag_config.py
[2026-08-31T12:06:27.176+0000] {processor.py:842} WARNING - No viable dags retrieved from /opt/airflow/dags/dag_config.py
[2026-08-31T12:06:27.192+0000] {processor.py:183} INFO - Processing /opt/airflow/dags/dag_config.py took 0.034 seconds
[2026-08-31T12:06:57.598+0000] {processor.py:161} INFO - Started process (PID=3301) to work on /opt/airflow/dags/dag_config.py
[2026-08-31T12:06:57.599+0000] {processor.py:830} INFO - Processing file /opt/airflow/dags/dag_config.py for tasks to queue
[2026-08-31T12:06:57.602+0000] {logging_mixin.py:188} INFO - [2026-08-31T12:06:57.602+0000] {dagbag.py:545} INFO - Filling up the DagBag from /opt/airflow/dags/dag_config.py
[2026-08-31T12:06:57.615+0000] {processor.py:842} WARNING - No viable dags retrieved from /opt/airflow/dags/dag_config.py
[2026-08-31T12:06:57.634+0000] {processor.py:183} INFO - Processing /opt/airflow/dags/dag_config.py took 0.043 seconds
[2026-08-31T12:07:28.006+0000] {processor.py:161} INFO - Started process (PID=3316) to work on /opt/airflow/dags/dag_config.py
[2026-08-31T12:07:28.008+0000] {processor.py:830} INFO - Processing file /opt/airflow/dags/dag_config.py for tasks to queue
[2026-08-31T12:07:28.010+0000] {logging_mixin.py:188} INFO - [2026-08-31T12:07:28.009+0000] {dagbag.py:545} INFO - Filling up the DagBag from /opt/airflow/dags/dag_config.py
[2026-08-31T12:07:28.018+0000] {processor.py:842} WARNING - No viable dags retrieved from /opt/airflow/dags/dag_config.py
[2026-08-31T12:07:28.033+0000] {processor.py:183} INFO - Processing /opt/airflow/dags/dag_config.py took 0.032 seconds
[2026-08-31T12:07:58.412+0000] {processor.py:161} INFO - Started process (PID=3331) to work on /opt/airflow/dags/dag_config.py
[2026-08-31T12:07:58.413+0000] {processor.py:830} INFO - Processing file /opt/airflow/dags/dag_config.py for tasks to queue
[2026-08-31T12:07:58.415+0000] {logging_mixin.py:188} INFO - [2026-08-31T12:07:58.415+0000] {dagbag.py:545} INFO - Filling up the DagBag from /opt/airflow/dags/dag_config.py
[2026-08-31T12:07:58.423+0000] {processor.py:842} WARNING - No viable dags retrieved from /opt/airflow/dags/dag_config.py
[2026-08-31T12:07:58.438+0000] {processor.py:183} INFO - Processing /opt/airflow/dags/dag_config.py took 0.034 seconds
[2026-08-31T12:08:28.810+0000] {processor.py:161} INFO - Started process (PID=3346) to work on /opt/airflow/dags/dag_config.py
[2026-08-31T12:08:28.811+0000] {processor.py:830} INFO - Processing file /opt/airflow/dags/dag_config.py for tasks to queue
[2026-08-31T12:08:28.813+0000] {logging_mixin.py:188} INFO - [2026-08-31T12:08:28.813+0000] {dagbag.py:545} INFO - Filling up the DagBag from /opt/airflow/dags/dag_config.py
[2026-08-31T12:08:28.823+0000] {processor.py:842} WARNING - No viable dags retrieved from /opt/airflow/dags/dag_config.py
[2026-08-31T12:08:28.838+0000] {processor.py:183} INFO - Processing /opt/airflow/dags/dag_config.py took 0.034 seconds
[2026-08-31T12:08:59.244+0000] {processor.py:161} INFO - Started process (PID=3361) to work on /opt/airflow/dags/dag_config.py
[2026-08-31T12:08:59.245+0000] {processor.py:830} INFO - Processing file /opt/airflow/dags/dag_config.py for tasks to queue
[2026-08-31T12:08:59.247+0000] {logging_mixin.py:188} INFO - [2026-08-31T12:08:59.247+0000] {dagbag.py:545} INFO - Filling up the DagBag from /opt/airflow/dags/dag_config.py
[2026-08-31T12:08:59.255+0000] {processor.py:842} WARNING - No viable dags retrieved from /opt/airflow/dags/dag_config.py
[2026-08-31T12:08:59.270+0000] {processor.py:183} INFO - Processing /opt/airflow/dags/dag_config.py took 0.033 seconds
[2026-08-31T12:09:29.658+0000] {processor.py:161} INFO - Started process (PID=3376) to work on /opt/airflow/dags/dag_config.py
[2026-08-31T12:09:29.660+0000] {processor.py:830} INFO - Processing file /opt/airflow/dags/dag_config.py for tasks to queue
[2026-08-31T12:09:29.662+0000] {logging_mixin.py:188} INFO - [2026-08-31T12:09:29.661+0000] {dagbag.py:545} INFO - Filling up the DagBag from /opt/airflow/dags/dag_config.py
[2026-08-31T12:09:29.671+0000] {processor.py:842} WARNING - No viable dags retrieved from /opt/airflow/dags/dag_config.py
[2026-08-31T12:09:29.686+0000] {processor.py:183} INFO - Processing /opt/airflow/dags/dag_config.py took 0.033 seconds
[2026-08-31T12:10:00.158+0000] {processor.py:161} INFO - Started process (PID=3391) to work on /opt/airflow/dags/dag_config.py
[2026-08-31T12:10:00.159+0000] {processor.py:830} INFO - Processing file /opt/airflow/dags/dag_config.py for tasks to queue
[2026-08-31T12:10:00.161+0000] {logging_mixin.py:188} INFO - [2026-08-31T12:10:00.161+0000] {dagbag.py:545} INFO - Filling up the DagBag from /opt/airflow/dags/dag_config.py
[2026-08-31T12:10:00.171+0000] {processor.py:842} WARNING - No viable dags retrieved from /opt/airflow/dags/dag_config.py
[2026-08-31T12:10:00.188+0000] {processor.py:183} INFO - Processing /opt/airflow/dags/dag_config.py took 0.036 seconds
[2026-08-31T12:10:30.603+0000] {processor.py:161} INFO - Started process (PID=3406) to work on /opt/airflow/dags/dag_config.py
[2026-08-31T12:10:30.605+0000] {processor.py:830} INFO - Processing file /opt/airflow/dags/dag_config.py for tasks to queue
[2026-08-31T12:10:30.607+0000] {logging_mixin.py:188} INFO - [2026-08-31T12:10:30.607+0000] {dagbag.py:545} INFO - Filling up the DagBag from /opt/airflow/dags/dag_config.py
[2026-08-31T12:10:30.618+0000] {processor.py:842} WARNING - No viable dags retrieved from /opt/airflow/dags/dag_config.py
[2026-08-31T12:10:30.637+0000] {processor.py:183} INFO - Processing /opt/airflow/dags/dag_config.py took 0.039 seconds
[2026-08-31T12:11:00.985+0000] {processor.py:161} INFO - Started process (PID=3421) to work on /opt/airflow/dags/dag_config.py
[2026-08-31T12:11:00.986+0000] {processor.py:830} INFO - Processing file /opt/airflow/dags/dag_config.py for tasks to queue
[2026-08-31T12:11:00.988+0000] {logging_mixin.py:188} INFO - [2026-08-31T12:11:00.988+0000] {dagbag.py:545} INFO - Filling up the DagBag from /opt/airflow/dags/dag_config.py
[2026-08-31T12:11:00.998+0000] {processor.py:842} WARNING - No viable dags retrieved from /opt/airflow/dags/dag_config.py
[2026-08-31T12:11:01.014+0000] {processor.py:183} INFO - Processing /opt/airflow/dags/dag_config.py took 0.034 seconds
[2026-08-31T12:11:31.371+0000] {processor.py:161} INFO - Started process (PID=3436) to work on /opt/airflow/dags/dag_config.py
[2026-08-31T12:11:31.372+0000] {processor.py:830} INFO - Processing file /opt/airflow/dags/dag_config.py for tasks to queue
[2026-08-31T12:11:31.374+0000] {logging_mixin.py:188} INFO - [2026-08-31T12:11:31.374+0000] {dagbag.py:545} INFO - Filling up the DagBag from /opt/airflow/dags/dag_config.py
[2026-08-31T12:11:31.382+0000] {processor.py:842} WARNING - No viable dags retrieved from /opt/airflow/dags/dag_config.py
[2026-08-31T12:11:31.396+0000] {processor.py:183} INFO - Processing /opt/airflow/dags/dag_config.py took 0.030 seconds
[2026-08-31T12:12:01.760+0000] {processor.py:161} INFO - Started process (PID=3451) to work on /opt/airflow/dags/dag_config.py
[2026-08-31T12:12:01.761+0000] {processor.py:830} INFO - Processing file /opt/airflow/dags/dag_config.py for tasks to queue
[2026-08-31T12:12:01.763+0000] {logging_mixin.py:188} INFO - [2026-08-31T12:12:01.763+0000] {dagbag.py:545} INFO - Filling up the DagBag from /opt/airflow/dags/dag_config.py
[2026-08-31T12:12:01.771+0000] {processor.py:842} WARNING - No viable dags retrieved from /opt/airflow/dags/dag_config.py
[2026-08-31T12:12:01.786+0000] {processor.py:183} INFO - Processing /opt/airflow/dags/dag_config.py took 0.031 seconds
[2026-08-31T12:12:32.142+0000] {processor.py:161} INFO - Started process (PID=3466) to work on /opt/airflow/dags/dag_config.py
[2026-08-31T12:12:32.143+0000] {processor.py:830} INFO - Processing file /opt/airflow/dags/dag_config.py for tasks to queue
[2026-08-31T12:12:32.145+0000] {logging_mixin.py:188} INFO - [2026-08-31T12:12:32.145+0000] {dagbag.py:545} INFO - Filling up the DagBag from /opt/airflow/dags/dag_config.py
[2026-08-31T12:12:32.156+0000] {processor.py:842} WARNING - No viable dags retrieved from /opt/airflow/dags/dag_config.py
[2026-08-31T12:12:32.173+0000] {processor.py:183} INFO - Processing /opt/airflow/dags/dag_config.py took 0.036 seconds
[2026-08-31T12:13:02.517+0000] {processor.py:161} INFO - Started process (PID=3481) to work on /opt/airflow/dags/dag_config.py
[2026-08-31T12:13:02.519+0000] {processor.py:830} INFO - Processing file /opt/airflow/dags/dag_config.py for tasks to queue
[2026-08-31T12:13:02.521+0000] {logging_mixin.py:188} INFO - [2026-08-31T12:13:02.520+0000] {dagbag.py:545} INFO - Filling up the DagBag from /opt/airflow/dags/dag_config.py
[2026-08-31T12:13:02.528+0000] {processor.py:842} WARNING - No viable dags retrieved from /opt/airflow/dags/dag_config.py
[2026-08-31T12:13:02.543+0000] {processor.py:183} INFO - Processing /opt/airflow/dags/dag_config.py took 0.030 seconds
[2026-08-31T12:13:32.887+0000] {processor.py:161} INFO - Started process (PID=3496) to work on /opt/airflow/dags/dag_config.py
[2026-08-31T12:13:32.888+0000] {processor.py:830} INFO - Processing file /opt/airflow/dags/dag_config.py for tasks to queue
[2026-08-31T12:13:32.890+0000] {logging_mixin.py:188} INFO - [2026-08-31T12:13:32.890+0000] {dagbag.py:545} INFO - Filling up the DagBag from /opt/airflow/dags/dag_config.py
[2026-08-31T12:13:32.898+0000] {processor.py:842} WARNING - No viable dags retrieved from /opt/airflow/dags/dag_config.py
[2026-08-31T12:13:32.912+0000] {processor.py:183} INFO - Processing /opt/airflow/dags/dag_config.py took 0.030 seconds
[2026-08-31T12:14:03.323+0000] {processor.py:161} INFO - Started process (PID=3509) to work on /opt/airflow/dags/dag_config.py
[2026-08-31T12:14:03.324+0000] {processor.py:830} INFO - Processing file /opt/airflow/dags/dag_config.py for tasks to queue
[2026-08-31T12:14:03.327+0000] {logging_mixin.py:188} INFO - [2026-08-31T12:14:03.327+0000] {dagbag.py:545} INFO - Filling up the DagBag from /opt/airflow/dags/dag_config.py
[2026-08-31T12:14:03.336+0000] {processor.py:842} WARNING - No viable dags retrieved from /opt/airflow/dags/dag_config.py
[2026-08-31T12:14:03.353+0000] {processor.py:183} INFO - Processing /opt/airflow/dags/dag_config.py took 0.038 seconds
[2026-08-31T12:14:33.747+0000] {processor.py:161} INFO - Started process (PID=3526) to work on /opt/airflow/dags/dag_config.py
[2026-08-31T12:14:33.748+0000] {processor.py:830} INFO - Processing file /opt/airflow/dags/dag_config.py for tasks to queue
[2026-08-31T12:14:33.750+0000] {logging_mixin.py:188} INFO - [2026-08-31T12:14:33.750+0000] {dagbag.py:545} INFO - Filling up the DagBag from /opt/airflow/dags/dag_config.py
[2026-08-31T12:14:33.758+0000] {processor.py:842} WARNING - No viable dags retrieved from /opt/airflow/dags/dag_config.py
[2026-08-31T12:14:33.773+0000] {processor.py:183} INFO - Processing /opt/airflow/dags/dag_config.py took 0.031 seconds
[2026-08-31T12:15:04.170+0000] {processor.py:161} INFO - Started process (PID=3541) to work on /opt/airflow/dags/dag_config.py
[2026-08-31T12:15:04.171+0000] {processor.py:830} INFO - Processing file /opt/airflow/dags/dag_config.py for tasks to queue
[2026-08-31T12:15:04.173+0000] {logging_mixin.py:188} INFO - [2026-08-31T12:15:04.173+0000] {dagbag.py:545} INFO - Filling up the DagBag from /opt/airflow/dags/dag_config.py
[2026-08-31T12:15:04.184+0000] {processor.py:842} WARNING - No viable dags retrieved from /opt/airflow/dags/dag_config.py
[2026-08-31T12:15:04.199+0000] {processor.py:183} INFO - Processing /opt/airflow/dags/dag_config.py took 0.034 seconds
[2026-08-31T12:15:34.576+0000] {processor.py:161} INFO - Started process (PID=3556) to work on /opt/airflow/dags/dag_config.py
[2026-08-31T12:15:34.577+0000] {processor.py:830} INFO - Processing file /opt/airflow/dags/dag_config.py for tasks to queue
[2026-08-31T12:15:34.579+0000] {logging_mixin.py:188} INFO - [2026-08-31T12:15:34.579+0000] {dagbag.py:545} INFO - Filling up the DagBag from /opt/airflow/dags/dag_config.py
[2026-08-31T12:15:34.590+0000] {processor.py:842} WARNING - No viable dags retrieved from /opt/airflow/dags/dag_config.py
[2026-08-31T12:15:34.610+0000] {processor.py:183} INFO - Processing /opt/airflow/dags/dag_config.py took 0.043 seconds
[2026-08-31T12:16:04.997+0000] {processor.py:161} INFO - Started process (PID=3571) to work on /opt/airflow/dags/dag_config.py
[2026-08-31T12:16:04.998+0000] {processor.py:830} INFO - Processing file /opt/airflow/dags/dag_config.py for tasks to queue
[2026-08-31T12:16:05.000+0000] {logging_mixin.py:188} INFO - [2026-08-31T12:16:05.000+0000] {dagbag.py:545} INFO - Filling up the DagBag from /opt/airflow/dags/dag_config.py
[2026-08-31T12:16:05.008+0000] {processor.py:842} WARNING - No viable dags retrieved from /opt/airflow/dags/dag_config.py
[2026-08-31T12:16:05.023+0000] {processor.py:183} INFO - Processing /opt/airflow/dags/dag_config.py took 0.033 seconds
[2026-08-31T12:16:35.420+0000] {processor.py:161} INFO - Started process (PID=3586) to work on /opt/airflow/dags/dag_config.py
[2026-08-31T12:16:35.422+0000] {processor.py:830} INFO - Processing file /opt/airflow/dags/dag_config.py for tasks to queue
[2026-08-31T12:16:35.424+0000] {logging_mixin.py:188} INFO - [2026-08-31T12:16:35.423+0000] {dagbag.py:545} INFO - Filling up the DagBag from /opt/airflow/dags/dag_config.py
[2026-08-31T12:16:35.433+0000] {processor.py:842} WARNING - No viable dags retrieved from /opt/airflow/dags/dag_config.py
[2026-08-31T12:16:35.449+0000] {processor.py:183} INFO - Processing /opt/airflow/dags/dag_config.py took 0.034 seconds
[2026-08-31T12:17:05.833+0000] {processor.py:161} INFO - Started process (PID=3601) to work on /opt/airflow/dags/dag_config.py
[2026-08-31T12:17:05.834+0000] {processor.py:830} INFO - Processing file /opt/airflow/dags/dag_config.py for tasks to queue
[2026-08-31T12:17:05.836+0000] {logging_mixin.py:188} INFO - [2026-08-31T12:17:05.835+0000] {dagbag.py:545} INFO - Filling up the DagBag from /opt/airflow/dags/dag_config.py
[2026-08-31T12:17:05.844+0000] {processor.py:842} WARNING - No viable dags retrieved from /opt/airflow/dags/dag_config.py
[2026-08-31T12:17:05.858+0000] {processor.py:183} INFO - Processing /opt/airflow/dags/dag_config.py took 0.030 seconds
[2026-08-31T12:17:36.250+0000] {processor.py:161} INFO - Started process (PID=3616) to work on /opt/airflow/dags/dag_config.py
[2026-08-31T12:17:36.251+0000] {processor.py:830} INFO - Processing file /opt/airflow/dags/dag_config.py for tasks to queue
[2026-08-31T12:17:36.253+0000] {logging_mixin.py:188} INFO - [2026-08-31T12:17:36.252+0000] {dagbag.py:545} INFO - Filling up the DagBag from /opt/airflow/dags/dag_config.py
[2026-08-31T12:17:36.261+0000] {processor.py:842} WARNING - No viable dags retrieved from /opt/airflow/dags/dag_config.py
[2026-08-31T12:17:36.277+0000] {processor.py:183} INFO - Processing /opt/airflow/dags/dag_config.py took 0.032 seconds
[2026-08-31T12:18:06.659+0000] {processor.py:161} INFO - Started process (PID=3631) to work on /opt/airflow/dags/dag_config.py
[2026-08-31T12:18:06.661+0000] {processor.py:830} INFO - Processing file /opt/airflow/dags/dag_config.py for tasks to queue
[2026-08-31T12:18:06.663+0000] {logging_mixin.py:188} INFO - [2026-08-31T12:18:06.662+0000] {dagbag.py:545} INFO - Filling up the DagBag from /opt/airflow/dags/dag_config.py
[2026-08-31T12:18:06.672+0000] {processor.py:842} WARNING - No viable dags retrieved from /opt/airflow/dags/dag_config.py
[2026-08-31T12:18:06.688+0000] {processor.py:183} INFO - Processing /opt/airflow/dags/dag_config.py took 0.034 seconds
[2026-08-31T12:18:37.091+0000] {processor.py:161} INFO - Started process (PID=3646) to work on /opt/airflow/dags/dag_config.py
[2026-08-31T12:18:37.092+0000] {processor.py:830} INFO - Processing file /opt/airflow/dags/dag_config.py for tasks to queue
[2026-08-31T12:18:37.093+0000] {logging_mixin.py:188} INFO - [2026-08-31T12:18:37.093+0000] {dagbag.py:545} INFO - Filling up the DagBag from /opt/airflow/dags/dag_config.py
[2026-08-31T12:18:37.101+0000] {processor.py:842} WARNING - No viable dags retrieved from /opt/airflow/dags/dag_config.py
[2026-08-31T12:18:37.115+0000] {processor.py:183} INFO - Processing /opt/airflow/dags/dag_config.py took 0.029 seconds
[2026-08-31T12:19:07.521+0000] {processor.py:161} INFO - Started process (PID=3661) to work on /opt/airflow/dags/dag_config.py
[2026-08-31T12:19:07.522+0000] {processor.py:830} INFO - Processing file /opt/airflow/dags/dag_config.py for tasks to queue
[2026-08-31T12:19:07.524+0000] {logging_mixin.py:188} INFO - [2026-08-31T12:19:07.523+0000] {dagbag.py:545} INFO - Filling up the DagBag from /opt/airflow/dags/dag_config.py
[2026-08-31T12:19:07.532+0000] {processor.py:842} WARNING - No viable dags retrieved from /opt/airflow/dags/dag_config.py
[2026-08-31T12:19:07.546+0000] {processor.py:183} INFO - Processing /opt/airflow/dags/dag_config.py took 0.031 seconds
[2026-08-31T12:19:37.928+0000] {processor.py:161} INFO - Started process (PID=3676) to work on /opt/airflow/dags/dag_config.py
[2026-08-31T12:19:37.929+0000] {processor.py:830} INFO - Processing file /opt/airflow/dags/dag_config.py for tasks to queue
[2026-08-31T12:19:37.931+0000] {logging_mixin.py:188} INFO - [2026-08-31T12:19:37.931+0000] {dagbag.py:545} INFO - Filling up the DagBag from /opt/airflow/dags/dag_config.py
[2026-08-31T12:19:37.941+0000] {processor.py:842} WARNING - No viable dags retrieved from /opt/airflow/dags/dag_config.py
[2026-08-31T12:19:37.960+0000] {processor.py:183} INFO - Processing /opt/airflow/dags/dag_config.py took 0.038 seconds
[2026-08-31T12:20:08.324+0000] {processor.py:161} INFO - Started process (PID=3691) to work on /opt/airflow/dags/dag_config.py
[2026-08-31T12:20:08.326+0000] {processor.py:830} INFO - Processing file /opt/airflow/dags/dag_config.py for tasks to queue
[2026-08-31T12:20:08.328+0000] {logging_mixin.py:188} INFO - [2026-08-31T12:20:08.328+0000] {dagbag.py:545} INFO - Filling up the DagBag from /opt/airflow/dags/dag_config.py
[2026-08-31T12:20:08.340+0000] {processor.py:842} WARNING - No viable dags retrieved from /opt/airflow/dags/dag_config.py
[2026-08-31T12:20:08.356+0000] {processor.py:183} INFO - Processing /opt/airflow/dags/dag_config.py took 0.037 seconds
[2026-08-31T12:20:38.716+0000] {processor.py:161} INFO - Started process (PID=3706) to work on /opt/airflow/dags/dag_config.py
[2026-08-31T12:20:38.717+0000] {processor.py:830} INFO - Processing file /opt/airflow/dags/dag_config.py for tasks to queue
[2026-08-31T12:20:38.719+0000] {logging_mixin.py:188} INFO - [2026-08-31T12:20:38.718+0000] {dagbag.py:545} INFO - Filling up the DagBag from /opt/airflow/dags/dag_config.py
[2026-08-31T12:20:38.726+0000] {processor.py:842} WARNING - No viable dags retrieved from /opt/airflow/dags/dag_config.py
[2026-08-31T12:20:38.741+0000] {processor.py:183} INFO - Processing /opt/airflow/dags/dag_config.py took 0.030 seconds
[2026-08-31T12:21:09.126+0000] {processor.py:161} INFO - Started process (PID=3721) to work on /opt/airflow/dags/dag_config.py
[2026-08-31T12:21:09.128+0000] {processor.py:830} INFO - Processing file /opt/airflow/dags/dag_config.py for tasks to queue
[2026-08-31T12:21:09.130+0000] {logging_mixin.py:188} INFO - [2026-08-31T12:21:09.130+0000] {dagbag.py:545} INFO - Filling up the DagBag from /opt/airflow/dags/dag_config.py
[2026-08-31T12:21:09.140+0000] {processor.py:842} WARNING - No viable dags retrieved from /opt/airflow/dags/dag_config.py
[2026-08-31T12:21:09.154+0000] {processor.py:183} INFO - Processing /opt/airflow/dags/dag_config.py took 0.033 seconds
[2026-08-31T12:21:39.523+0000] {processor.py:161} INFO - Started process (PID=3736) to work on /opt/airflow/dags/dag_config.py
[2026-08-31T12:21:39.524+0000] {processor.py:830} INFO - Processing file /opt/airflow/dags/dag_config.py for tasks to queue
[2026-08-31T12:21:39.526+0000] {logging_mixin.py:188} INFO - [2026-08-31T12:21:39.526+0000] {dagbag.py:545} INFO - Filling up the DagBag from /opt/airflow/dags/dag_config.py
[2026-08-31T12:21:39.535+0000] {processor.py:842} WARNING - No viable dags retrieved from /opt/airflow/dags/dag_config.py
[2026-08-31T12:21:39.550+0000] {processor.py:183} INFO - Processing /opt/airflow/dags/dag_config.py took 0.033 seconds
[2026-08-31T12:22:09.945+0000] {processor.py:161} INFO - Started process (PID=3751) to work on /opt/airflow/dags/dag_config.py
[2026-08-31T12:22:09.946+0000] {processor.py:830} INFO - Processing file /opt/airflow/dags/dag_config.py for tasks to queue
[2026-08-31T12:22:09.947+0000] {logging_mixin.py:188} INFO - [2026-08-31T12:22:09.947+0000] {dagbag.py:545} INFO - Filling up the DagBag from /opt/airflow/dags/dag_config.py
[2026-08-31T12:22:09.955+0000] {processor.py:842} WARNING - No viable dags retrieved from /opt/airflow/dags/dag_config.py
[2026-08-31T12:22:09.970+0000] {processor.py:183} INFO - Processing /opt/airflow/dags/dag_config.py took 0.031 seconds
[2026-08-31T12:22:40.331+0000] {processor.py:161} INFO - Started process (PID=3766) to work on /opt/airflow/dags/dag_config.py
[2026-08-31T12:22:40.332+0000] {processor.py:830} INFO - Processing file /opt/airflow/dags/dag_config.py for tasks to queue
[2026-08-31T12:22:40.334+0000] {logging_mixin.py:188} INFO - [2026-08-31T12:22:40.333+0000] {dagbag.py:545} INFO - Filling up the DagBag from /opt/airflow/dags/dag_config.py
[2026-08-31T12:22:40.343+0000] {processor.py:842} WARNING - No viable dags retrieved from /opt/airflow/dags/dag_config.py
[2026-08-31T12:22:40.358+0000] {processor.py:183} INFO - Processing /opt/airflow/dags/dag_config.py took 0.032 seconds
[2026-08-31T12:23:10.721+0000] {processor.py:161} INFO - Started process (PID=3781) to work on /opt/airflow/dags/dag_config.py
[2026-08-31T12:23:10.722+0000] {processor.py:830} INFO - Processing file /opt/airflow/dags/dag_config.py for tasks to queue
[2026-08-31T12:23:10.724+0000] {logging_mixin.py:188} INFO - [2026-08-31T12:23:10.723+0000] {dagbag.py:545} INFO - Filling up the DagBag from /opt/airflow/dags/dag_config.py
[2026-08-31T12:23:10.733+0000] {processor.py:842} WARNING - No viable dags retrieved from /opt/airflow/dags/dag_config.py
[2026-08-31T12:23:10.748+0000] {processor.py:183} INFO - Processing /opt/airflow/dags/dag_config.py took 0.033 seconds
[2026-08-31T12:23:41.133+0000] {processor.py:161} INFO - Started process (PID=3796) to work on /opt/airflow/dags/dag_config.py
[2026-08-31T12:23:41.134+0000] {processor.py:830} INFO - Processing file /opt/airflow/dags/dag_config.py for tasks to queue
[2026-08-31T12:23:41.137+0000] {logging_mixin.py:188} INFO - [2026-08-31T12:23:41.136+0000] {dagbag.py:545} INFO - Filling up the DagBag from /opt/airflow/dags/dag_config.py
[2026-08-31T12:23:41.146+0000] {processor.py:842} WARNING - No viable dags retrieved from /opt/airflow/dags/dag_config.py
[2026-08-31T12:23:41.164+0000] {processor.py:183} INFO - Processing /opt/airflow/dags/dag_config.py took 0.037 seconds
[2026-08-31T12:24:11.507+0000] {processor.py:161} INFO - Started process (PID=3811) to work on /opt/airflow/dags/dag_config.py
[2026-08-31T12:24:11.508+0000] {processor.py:830} INFO - Processing file /opt/airflow/dags/dag_config.py for tasks to queue
[2026-08-31T12:24:11.510+0000] {logging_mixin.py:188} INFO - [2026-08-31T12:24:11.510+0000] {dagbag.py:545} INFO - Filling up the DagBag from /opt/airflow/dags/dag_config.py
[2026-08-31T12:24:11.518+0000] {processor.py:842} WARNING - No viable dags retrieved from /opt/airflow/dags/dag_config.py
[2026-08-31T12:24:11.532+0000] {processor.py:183} INFO - Processing /opt/airflow/dags/dag_config.py took 0.030 seconds
[2026-08-31T12:24:41.907+0000] {processor.py:161} INFO - Started process (PID=3826) to work on /opt/airflow/dags/dag_config.py
[2026-08-31T12:24:41.908+0000] {processor.py:830} INFO - Processing file /opt/airflow/dags/dag_config.py for tasks to queue
[2026-08-31T12:24:41.910+0000] {logging_mixin.py:188} INFO - [2026-08-31T12:24:41.910+0000] {dagbag.py:545} INFO - Filling up the DagBag from /opt/airflow/dags/dag_config.py
[2026-08-31T12:24:41.918+0000] {processor.py:842} WARNING - No viable dags retrieved from /opt/airflow/dags/dag_config.py
[2026-08-31T12:24:41.932+0000] {processor.py:183} INFO - Processing /opt/airflow/dags/dag_config.py took 0.030 seconds
[2026-08-31T12:25:12.315+0000] {processor.py:161} INFO - Started process (PID=3841) to work on /opt/airflow/dags/dag_config.py
[2026-08-31T12:25:12.316+0000] {processor.py:830} INFO - Processing file /opt/airflow/dags/dag_config.py for tasks to queue
[2026-08-31T12:25:12.318+0000] {logging_mixin.py:188} INFO - [2026-08-31T12:25:12.318+0000] {dagbag.py:545} INFO - Filling up the DagBag from /opt/airflow/dags/dag_config.py
[2026-08-31T12:25:12.326+0000] {processor.py:842} WARNING - No viable dags retrieved from /opt/airflow/dags/dag_config.py
[2026-08-31T12:25:12.341+0000] {processor.py:183} INFO - Processing /opt/airflow/dags/dag_config.py took 0.032 seconds
[2026-08-31T12:25:42.696+0000] {processor.py:161} INFO - Started process (PID=3856) to work on /opt/airflow/dags/dag_config.py
[2026-08-31T12:25:42.697+0000] {processor.py:830} INFO - Processing file /opt/airflow/dags/dag_config.py for tasks to queue
[2026-08-31T12:25:42.699+0000] {logging_mixin.py:188} INFO - [2026-08-31T12:25:42.699+0000] {dagbag.py:545} INFO - Filling up the DagBag from /opt/airflow/dags/dag_config.py
[2026-08-31T12:25:42.707+0000] {processor.py:842} WARNING - No viable dags retrieved from /opt/airflow/dags/dag_config.py
[2026-08-31T12:25:42.723+0000] {processor.py:183} INFO - Processing /opt/airflow/dags/dag_config.py took 0.032 seconds
[2026-08-31T12:26:13.081+0000] {processor.py:161} INFO - Started process (PID=3871) to work on /opt/airflow/dags/dag_config.py
[2026-08-31T12:26:13.082+0000] {processor.py:830} INFO - Processing file /opt/airflow/dags/dag_config.py for tasks to queue
[2026-08-31T12:26:13.084+0000] {logging_mixin.py:188} INFO - [2026-08-31T12:26:13.084+0000] {dagbag.py:545} INFO - Filling up the DagBag from /opt/airflow/dags/dag_config.py
[2026-08-31T12:26:13.092+0000] {processor.py:842} WARNING - No viable dags retrieved from /opt/airflow/dags/dag_config.py
[2026-08-31T12:26:13.106+0000] {processor.py:183} INFO - Processing /opt/airflow/dags/dag_config.py took 0.030 seconds
[2026-08-31T12:26:43.508+0000] {processor.py:161} INFO - Started process (PID=3886) to work on /opt/airflow/dags/dag_config.py
[2026-08-31T12:26:43.509+0000] {processor.py:830} INFO - Processing file /opt/airflow/dags/dag_config.py for tasks to queue
[2026-08-31T12:26:43.511+0000] {logging_mixin.py:188} INFO - [2026-08-31T12:26:43.510+0000] {dagbag.py:545} INFO - Filling up the DagBag from /opt/airflow/dags/dag_config.py
[2026-08-31T12:26:43.519+0000] {processor.py:842} WARNING - No viable dags retrieved from /opt/airflow/dags/dag_config.py
[2026-08-31T12:26:43.534+0000] {processor.py:183} INFO - Processing /opt/airflow/dags/dag_config.py took 0.031 seconds
[2026-08-31T12:27:13.905+0000] {processor.py:161} INFO - Started process (PID=3901) to work on /opt/airflow/dags/dag_config.py
[2026-08-31T12:27:13.906+0000] {processor.py:830} INFO - Processing file /opt/airflow/dags/dag_config.py for tasks to queue
[2026-08-31T12:27:13.909+0000] {logging_mixin.py:188} INFO - [2026-08-31T12:27:13.909+0000] {dagbag.py:545} INFO - Filling up the DagBag from /opt/airflow/dags/dag_config.py
[2026-08-31T12:27:13.919+0000] {processor.py:842} WARNING - No viable dags retrieved from /opt/airflow/dags/dag_config.py
[2026-08-31T12:27:13.938+0000] {processor.py:183} INFO - Processing /opt/airflow/dags/dag_config.py took 0.040 seconds
[2026-08-31T12:27:44.308+0000] {processor.py:161} INFO - Started process (PID=3916) to work on /opt/airflow/dags/dag_config.py
[2026-08-31T12:27:44.310+0000] {processor.py:830} INFO - Processing file /opt/airflow/dags/dag_config.py for tasks to queue
[2026-08-31T12:27:44.312+0000] {logging_mixin.py:188} INFO - [2026-08-31T12:27:44.312+0000] {dagbag.py:545} INFO - Filling up the DagBag from /opt/airflow/dags/dag_config.py
[2026-08-31T12:27:44.320+0000] {processor.py:842} WARNING - No viable dags retrieved from /opt/airflow/dags/dag_config.py
[2026-08-31T12:27:44.336+0000] {processor.py:183} INFO - Processing /opt/airflow/dags/dag_config.py took 0.033 seconds
[2026-08-31T12:28:14.705+0000] {processor.py:161} INFO - Started process (PID=3931) to work on /opt/airflow/dags/dag_config.py
[2026-08-31T12:28:14.706+0000] {processor.py:830} INFO - Processing file /opt/airflow/dags/dag_config.py for tasks to queue
[2026-08-31T12:28:14.709+0000] {logging_mixin.py:188} INFO - [2026-08-31T12:28:14.708+0000] {dagbag.py:545} INFO - Filling up the DagBag from /opt/airflow/dags/dag_config.py
[2026-08-31T12:28:14.721+0000] {processor.py:842} WARNING - No viable dags retrieved from /opt/airflow/dags/dag_config.py
[2026-08-31T12:28:14.740+0000] {processor.py:183} INFO - Processing /opt/airflow/dags/dag_config.py took 0.041 seconds
[2026-08-31T12:28:45.092+0000] {processor.py:161} INFO - Started process (PID=3946) to work on /opt/airflow/dags/dag_config.py
[2026-08-31T12:28:45.093+0000] {processor.py:830} INFO - Processing file /opt/airflow/dags/dag_config.py for tasks to queue
[2026-08-31T12:28:45.096+0000] {logging_mixin.py:188} INFO - [2026-08-31T12:28:45.095+0000] {dagbag.py:545} INFO - Filling up the DagBag from /opt/airflow/dags/dag_config.py
[2026-08-31T12:28:45.104+0000] {processor.py:842} WARNING - No viable dags retrieved from /opt/airflow/dags/dag_config.py
[2026-08-31T12:28:45.119+0000] {processor.py:183} INFO - Processing /opt/airflow/dags/dag_config.py took 0.032 seconds
[2026-08-31T12:29:15.542+0000] {processor.py:161} INFO - Started process (PID=3961) to work on /opt/airflow/dags/dag_config.py
[2026-08-31T12:29:15.544+0000] {processor.py:830} INFO - Processing file /opt/airflow/dags/dag_config.py for tasks to queue
[2026-08-31T12:29:15.546+0000] {logging_mixin.py:188} INFO - [2026-08-31T12:29:15.545+0000] {dagbag.py:545} INFO - Filling up the DagBag from /opt/airflow/dags/dag_config.py
[2026-08-31T12:29:15.554+0000] {processor.py:842} WARNING - No viable dags retrieved from /opt/airflow/dags/dag_config.py
[2026-08-31T12:29:15.568+0000] {processor.py:183} INFO - Processing /opt/airflow/dags/dag_config.py took 0.032 seconds
[2026-08-31T12:29:45.939+0000] {processor.py:161} INFO - Started process (PID=3976) to work on /opt/airflow/dags/dag_config.py
[2026-08-31T12:29:45.940+0000] {processor.py:830} INFO - Processing file /opt/airflow/dags/dag_config.py for tasks to queue
[2026-08-31T12:29:45.942+0000] {logging_mixin.py:188} INFO - [2026-08-31T12:29:45.941+0000] {dagbag.py:545} INFO - Filling up the DagBag from /opt/airflow/dags/dag_config.py
[2026-08-31T12:29:45.951+0000] {processor.py:842} WARNING - No viable dags retrieved from /opt/airflow/dags/dag_config.py
[2026-08-31T12:29:45.969+0000] {processor.py:183} INFO - Processing /opt/airflow/dags/dag_config.py took 0.036 seconds
[2026-08-31T12:30:16.342+0000] {processor.py:161} INFO - Started process (PID=3991) to work on /opt/airflow/dags/dag_config.py
[2026-08-31T12:30:16.343+0000] {processor.py:830} INFO - Processing file /opt/airflow/dags/dag_config.py for tasks to queue
[2026-08-31T12:30:16.345+0000] {logging_mixin.py:188} INFO - [2026-08-31T12:30:16.345+0000] {dagbag.py:545} INFO - Filling up the DagBag from /opt/airflow/dags/dag_config.py
[2026-08-31T12:30:16.352+0000] {processor.py:842} WARNING - No viable dags retrieved from /opt/airflow/dags/dag_config.py
[2026-08-31T12:30:16.366+0000] {processor.py:183} INFO - Processing /opt/airflow/dags/dag_config.py took 0.030 seconds
[2026-08-31T12:30:46.755+0000] {processor.py:161} INFO - Started process (PID=4006) to work on /opt/airflow/dags/dag_config.py
[2026-08-31T12:30:46.756+0000] {processor.py:830} INFO - Processing file /opt/airflow/dags/dag_config.py for tasks to queue
[2026-08-31T12:30:46.758+0000] {logging_mixin.py:188} INFO - [2026-08-31T12:30:46.757+0000] {dagbag.py:545} INFO - Filling up the DagBag from /opt/airflow/dags/dag_config.py
[2026-08-31T12:30:46.765+0000] {processor.py:842} WARNING - No viable dags retrieved from /opt/airflow/dags/dag_config.py
[2026-08-31T12:30:46.779+0000] {processor.py:183} INFO - Processing /opt/airflow/dags/dag_config.py took 0.030 seconds
[2026-08-31T12:31:17.166+0000] {processor.py:161} INFO - Started process (PID=4021) to work on /opt/airflow/dags/dag_config.py
[2026-08-31T12:31:17.167+0000] {processor.py:830} INFO - Processing file /opt/airflow/dags/dag_config.py for tasks to queue
[2026-08-31T12:31:17.169+0000] {logging_mixin.py:188} INFO - [2026-08-31T12:31:17.169+0000] {dagbag.py:545} INFO - Filling up the DagBag from /opt/airflow/dags/dag_config.py
[2026-08-31T12:31:17.178+0000] {processor.py:842} WARNING - No viable dags retrieved from /opt/airflow/dags/dag_config.py
[2026-08-31T12:31:17.192+0000] {processor.py:183} INFO - Processing /opt/airflow/dags/dag_config.py took 0.031 seconds
[2026-08-31T12:31:47.598+0000] {processor.py:161} INFO - Started process (PID=4036) to work on /opt/airflow/dags/dag_config.py
[2026-08-31T12:31:47.599+0000] {processor.py:830} INFO - Processing file /opt/airflow/dags/dag_config.py for tasks to queue
[2026-08-31T12:31:47.601+0000] {logging_mixin.py:188} INFO - [2026-08-31T12:31:47.601+0000] {dagbag.py:545} INFO - Filling up the DagBag from /opt/airflow/dags/dag_config.py
[2026-08-31T12:31:47.609+0000] {processor.py:842} WARNING - No viable dags retrieved from /opt/airflow/dags/dag_config.py
[2026-08-31T12:31:47.624+0000] {processor.py:183} INFO - Processing /opt/airflow/dags/dag_config.py took 0.032 seconds
[2026-08-31T12:32:18.009+0000] {processor.py:161} INFO - Started process (PID=4051) to work on /opt/airflow/dags/dag_config.py
[2026-08-31T12:32:18.010+0000] {processor.py:830} INFO - Processing file /opt/airflow/dags/dag_config.py for tasks to queue
[2026-08-31T12:32:18.012+0000] {logging_mixin.py:188} INFO - [2026-08-31T12:32:18.012+0000] {dagbag.py:545} INFO - Filling up the DagBag from /opt/airflow/dags/dag_config.py
[2026-08-31T12:32:18.023+0000] {processor.py:842} WARNING - No viable dags retrieved from /opt/airflow/dags/dag_config.py
[2026-08-31T12:32:18.043+0000] {processor.py:183} INFO - Processing /opt/airflow/dags/dag_config.py took 0.040 seconds
