[2026-08-31T10:48:50.349+0000] {processor.py:161} INFO - Started process (PID=176) to work on /opt/airflow/dags/lakehouse_pipeline.py
[2026-08-31T10:48:50.351+0000] {processor.py:830} INFO - Processing file /opt/airflow/dags/lakehouse_pipeline.py for tasks to queue
[2026-08-31T10:48:50.354+0000] {logging_mixin.py:188} INFO - [2026-08-31T10:48:50.353+0000] {dagbag.py:545} INFO - Filling up the DagBag from /opt/airflow/dags/lakehouse_pipeline.py
[2026-08-31T10:48:50.395+0000] {processor.py:840} INFO - DAG(s) 'hybrid_lakehouse_daily_pipeline' retrieved from /opt/airflow/dags/lakehouse_pipeline.py
[2026-08-31T10:48:50.416+0000] {logging_mixin.py:188} INFO - [2026-08-31T10:48:50.416+0000] {dag.py:3089} INFO - Sync 1 DAGs
[2026-08-31T10:48:50.487+0000] {processor.py:183} INFO - Processing /opt/airflow/dags/lakehouse_pipeline.py took 0.150 seconds
[2026-08-31T10:49:20.787+0000] {processor.py:161} INFO - Started process (PID=224) to work on /opt/airflow/dags/lakehouse_pipeline.py
[2026-08-31T10:49:20.788+0000] {processor.py:830} INFO - Processing file /opt/airflow/dags/lakehouse_pipeline.py for tasks to queue
[2026-08-31T10:49:20.790+0000] {logging_mixin.py:188} INFO - [2026-08-31T10:49:20.789+0000] {dagbag.py:545} INFO - Filling up the DagBag from /opt/airflow/dags/lakehouse_pipeline.py
[2026-08-31T10:49:20.822+0000] {processor.py:840} INFO - DAG(s) 'hybrid_lakehouse_daily_pipeline' retrieved from /opt/airflow/dags/lakehouse_pipeline.py
[2026-08-31T10:49:20.985+0000] {logging_mixin.py:188} INFO - [2026-08-31T10:49:20.985+0000] {dag.py:3089} INFO - Sync 1 DAGs
[2026-08-31T10:49:21.024+0000] {processor.py:183} INFO - Processing /opt/airflow/dags/lakehouse_pipeline.py took 0.245 seconds
[2026-08-31T10:49:51.330+0000] {processor.py:161} INFO - Started process (PID=244) to work on /opt/airflow/dags/lakehouse_pipeline.py
[2026-08-31T10:49:51.331+0000] {processor.py:830} INFO - Processing file /opt/airflow/dags/lakehouse_pipeline.py for tasks to queue
[2026-08-31T10:49:51.334+0000] {logging_mixin.py:188} INFO - [2026-08-31T10:49:51.334+0000] {dagbag.py:545} INFO - Filling up the DagBag from /opt/airflow/dags/lakehouse_pipeline.py
[2026-08-31T10:49:51.366+0000] {processor.py:840} INFO - DAG(s) 'hybrid_lakehouse_daily_pipeline' retrieved from /opt/airflow/dags/lakehouse_pipeline.py
[2026-08-31T10:49:51.484+0000] {logging_mixin.py:188} INFO - [2026-08-31T10:49:51.484+0000] {dag.py:3089} INFO - Sync 1 DAGs
[2026-08-31T10:49:51.524+0000] {processor.py:183} INFO - Processing /opt/airflow/dags/lakehouse_pipeline.py took 0.202 seconds
[2026-08-31T10:50:21.858+0000] {processor.py:161} INFO - Started process (PID=263) to work on /opt/airflow/dags/lakehouse_pipeline.py
[2026-08-31T10:50:21.860+0000] {processor.py:830} INFO - Processing file /opt/airflow/dags/lakehouse_pipeline.py for tasks to queue
[2026-08-31T10:50:21.862+0000] {logging_mixin.py:188} INFO - [2026-08-31T10:50:21.862+0000] {dagbag.py:545} INFO - Filling up the DagBag from /opt/airflow/dags/lakehouse_pipeline.py
[2026-08-31T10:50:21.896+0000] {processor.py:840} INFO - DAG(s) 'hybrid_lakehouse_daily_pipeline' retrieved from /opt/airflow/dags/lakehouse_pipeline.py
[2026-08-31T10:50:22.036+0000] {logging_mixin.py:188} INFO - [2026-08-31T10:50:22.036+0000] {dag.py:3089} INFO - Sync 1 DAGs
[2026-08-31T10:50:22.098+0000] {processor.py:183} INFO - Processing /opt/airflow/dags/lakehouse_pipeline.py took 0.250 seconds
[2026-08-31T10:50:52.416+0000] {processor.py:161} INFO - Started process (PID=283) to work on /opt/airflow/dags/lakehouse_pipeline.py
[2026-08-31T10:50:52.417+0000] {processor.py:830} INFO - Processing file /opt/airflow/dags/lakehouse_pipeline.py for tasks to queue
[2026-08-31T10:50:52.419+0000] {logging_mixin.py:188} INFO - [2026-08-31T10:50:52.419+0000] {dagbag.py:545} INFO - Filling up the DagBag from /opt/airflow/dags/lakehouse_pipeline.py
[2026-08-31T10:50:52.450+0000] {processor.py:840} INFO - DAG(s) 'hybrid_lakehouse_daily_pipeline' retrieved from /opt/airflow/dags/lakehouse_pipeline.py
[2026-08-31T10:50:52.550+0000] {logging_mixin.py:188} INFO - [2026-08-31T10:50:52.550+0000] {dag.py:3089} INFO - Sync 1 DAGs
[2026-08-31T10:50:52.585+0000] {processor.py:183} INFO - Processing /opt/airflow/dags/lakehouse_pipeline.py took 0.175 seconds
[2026-08-31T10:51:22.905+0000] {processor.py:161} INFO - Started process (PID=300) to work on /opt/airflow/dags/lakehouse_pipeline.py
[2026-08-31T10:51:22.906+0000] {processor.py:830} INFO - Processing file /opt/airflow/dags/lakehouse_pipeline.py for tasks to queue
[2026-08-31T10:51:22.910+0000] {logging_mixin.py:188} INFO - [2026-08-31T10:51:22.910+0000] {dagbag.py:545} INFO - Filling up the DagBag from /opt/airflow/dags/lakehouse_pipeline.py
[2026-08-31T10:51:22.952+0000] {processor.py:840} INFO - DAG(s) 'hybrid_lakehouse_daily_pipeline' retrieved from /opt/airflow/dags/lakehouse_pipeline.py
[2026-08-31T10:51:23.116+0000] {logging_mixin.py:188} INFO - [2026-08-31T10:51:23.115+0000] {dag.py:3089} INFO - Sync 1 DAGs
[2026-08-31T10:51:23.168+0000] {processor.py:183} INFO - Processing /opt/airflow/dags/lakehouse_pipeline.py took 0.273 seconds
[2026-08-31T10:51:53.486+0000] {processor.py:161} INFO - Started process (PID=318) to work on /opt/airflow/dags/lakehouse_pipeline.py
[2026-08-31T10:51:53.487+0000] {processor.py:830} INFO - Processing file /opt/airflow/dags/lakehouse_pipeline.py for tasks to queue
[2026-08-31T10:51:53.490+0000] {logging_mixin.py:188} INFO - [2026-08-31T10:51:53.490+0000] {dagbag.py:545} INFO - Filling up the DagBag from /opt/airflow/dags/lakehouse_pipeline.py
[2026-08-31T10:51:53.516+0000] {processor.py:840} INFO - DAG(s) 'hybrid_lakehouse_daily_pipeline' retrieved from /opt/airflow/dags/lakehouse_pipeline.py
[2026-08-31T10:51:53.637+0000] {logging_mixin.py:188} INFO - [2026-08-31T10:51:53.637+0000] {dag.py:3089} INFO - Sync 1 DAGs
[2026-08-31T10:51:53.697+0000] {processor.py:183} INFO - Processing /opt/airflow/dags/lakehouse_pipeline.py took 0.221 seconds
[2026-08-31T10:52:23.997+0000] {processor.py:161} INFO - Started process (PID=368) to work on /opt/airflow/dags/lakehouse_pipeline.py
[2026-08-31T10:52:23.998+0000] {processor.py:830} INFO - Processing file /opt/airflow/dags/lakehouse_pipeline.py for tasks to queue
[2026-08-31T10:52:24.001+0000] {logging_mixin.py:188} INFO - [2026-08-31T10:52:24.000+0000] {dagbag.py:545} INFO - Filling up the DagBag from /opt/airflow/dags/lakehouse_pipeline.py
[2026-08-31T10:52:24.027+0000] {processor.py:840} INFO - DAG(s) 'hybrid_lakehouse_daily_pipeline' retrieved from /opt/airflow/dags/lakehouse_pipeline.py
[2026-08-31T10:52:24.142+0000] {logging_mixin.py:188} INFO - [2026-08-31T10:52:24.142+0000] {dag.py:3089} INFO - Sync 1 DAGs
[2026-08-31T10:52:24.190+0000] {processor.py:183} INFO - Processing /opt/airflow/dags/lakehouse_pipeline.py took 0.202 seconds
[2026-08-31T10:52:54.536+0000] {processor.py:161} INFO - Started process (PID=387) to work on /opt/airflow/dags/lakehouse_pipeline.py
[2026-08-31T10:52:54.538+0000] {processor.py:830} INFO - Processing file /opt/airflow/dags/lakehouse_pipeline.py for tasks to queue
[2026-08-31T10:52:54.542+0000] {logging_mixin.py:188} INFO - [2026-08-31T10:52:54.541+0000] {dagbag.py:545} INFO - Filling up the DagBag from /opt/airflow/dags/lakehouse_pipeline.py
[2026-08-31T10:52:54.593+0000] {processor.py:840} INFO - DAG(s) 'hybrid_lakehouse_daily_pipeline' retrieved from /opt/airflow/dags/lakehouse_pipeline.py
[2026-08-31T10:52:54.736+0000] {logging_mixin.py:188} INFO - [2026-08-31T10:52:54.736+0000] {dag.py:3089} INFO - Sync 1 DAGs
[2026-08-31T10:52:54.801+0000] {processor.py:183} INFO - Processing /opt/airflow/dags/lakehouse_pipeline.py took 0.276 seconds
[2026-08-31T10:53:25.252+0000] {processor.py:161} INFO - Started process (PID=405) to work on /opt/airflow/dags/lakehouse_pipeline.py
[2026-08-31T10:53:25.254+0000] {processor.py:830} INFO - Processing file /opt/airflow/dags/lakehouse_pipeline.py for tasks to queue
[2026-08-31T10:53:25.260+0000] {logging_mixin.py:188} INFO - [2026-08-31T10:53:25.260+0000] {dagbag.py:545} INFO - Filling up the DagBag from /opt/airflow/dags/lakehouse_pipeline.py
[2026-08-31T10:53:25.309+0000] {processor.py:840} INFO - DAG(s) 'hybrid_lakehouse_daily_pipeline' retrieved from /opt/airflow/dags/lakehouse_pipeline.py
[2026-08-31T10:53:25.455+0000] {logging_mixin.py:188} INFO - [2026-08-31T10:53:25.455+0000] {dag.py:3089} INFO - Sync 1 DAGs
[2026-08-31T10:53:25.526+0000] {processor.py:183} INFO - Processing /opt/airflow/dags/lakehouse_pipeline.py took 0.285 seconds
[2026-08-31T10:53:56.060+0000] {processor.py:161} INFO - Started process (PID=425) to work on /opt/airflow/dags/lakehouse_pipeline.py
[2026-08-31T10:53:56.062+0000] {processor.py:830} INFO - Processing file /opt/airflow/dags/lakehouse_pipeline.py for tasks to queue
[2026-08-31T10:53:56.065+0000] {logging_mixin.py:188} INFO - [2026-08-31T10:53:56.065+0000] {dagbag.py:545} INFO - Filling up the DagBag from /opt/airflow/dags/lakehouse_pipeline.py
[2026-08-31T10:53:56.110+0000] {processor.py:840} INFO - DAG(s) 'hybrid_lakehouse_daily_pipeline' retrieved from /opt/airflow/dags/lakehouse_pipeline.py
[2026-08-31T10:53:56.256+0000] {logging_mixin.py:188} INFO - [2026-08-31T10:53:56.255+0000] {dag.py:3089} INFO - Sync 1 DAGs
[2026-08-31T10:53:56.313+0000] {processor.py:183} INFO - Processing /opt/airflow/dags/lakehouse_pipeline.py took 0.261 seconds
[2026-08-31T10:54:26.730+0000] {processor.py:161} INFO - Started process (PID=442) to work on /opt/airflow/dags/lakehouse_pipeline.py
[2026-08-31T10:54:26.732+0000] {processor.py:830} INFO - Processing file /opt/airflow/dags/lakehouse_pipeline.py for tasks to queue
[2026-08-31T10:54:26.736+0000] {logging_mixin.py:188} INFO - [2026-08-31T10:54:26.735+0000] {dagbag.py:545} INFO - Filling up the DagBag from /opt/airflow/dags/lakehouse_pipeline.py
[2026-08-31T10:54:26.789+0000] {processor.py:840} INFO - DAG(s) 'hybrid_lakehouse_daily_pipeline' retrieved from /opt/airflow/dags/lakehouse_pipeline.py
[2026-08-31T10:54:26.973+0000] {logging_mixin.py:188} INFO - [2026-08-31T10:54:26.972+0000] {dag.py:3089} INFO - Sync 1 DAGs
[2026-08-31T10:54:27.050+0000] {processor.py:183} INFO - Processing /opt/airflow/dags/lakehouse_pipeline.py took 0.328 seconds
[2026-08-31T10:54:57.457+0000] {processor.py:161} INFO - Started process (PID=461) to work on /opt/airflow/dags/lakehouse_pipeline.py
[2026-08-31T10:54:57.458+0000] {processor.py:830} INFO - Processing file /opt/airflow/dags/lakehouse_pipeline.py for tasks to queue
[2026-08-31T10:54:57.460+0000] {logging_mixin.py:188} INFO - [2026-08-31T10:54:57.460+0000] {dagbag.py:545} INFO - Filling up the DagBag from /opt/airflow/dags/lakehouse_pipeline.py
[2026-08-31T10:54:57.488+0000] {processor.py:840} INFO - DAG(s) 'hybrid_lakehouse_daily_pipeline' retrieved from /opt/airflow/dags/lakehouse_pipeline.py
[2026-08-31T10:54:57.598+0000] {logging_mixin.py:188} INFO - [2026-08-31T10:54:57.598+0000] {dag.py:3089} INFO - Sync 1 DAGs
[2026-08-31T10:54:57.641+0000] {processor.py:183} INFO - Processing /opt/airflow/dags/lakehouse_pipeline.py took 0.190 seconds
[2026-08-31T10:55:27.892+0000] {processor.py:161} INFO - Started process (PID=478) to work on /opt/airflow/dags/lakehouse_pipeline.py
[2026-08-31T10:55:27.893+0000] {processor.py:830} INFO - Processing file /opt/airflow/dags/lakehouse_pipeline.py for tasks to queue
[2026-08-31T10:55:27.895+0000] {logging_mixin.py:188} INFO - [2026-08-31T10:55:27.895+0000] {dagbag.py:545} INFO - Filling up the DagBag from /opt/airflow/dags/lakehouse_pipeline.py
[2026-08-31T10:55:27.923+0000] {processor.py:840} INFO - DAG(s) 'hybrid_lakehouse_daily_pipeline' retrieved from /opt/airflow/dags/lakehouse_pipeline.py
[2026-08-31T10:55:28.036+0000] {logging_mixin.py:188} INFO - [2026-08-31T10:55:28.036+0000] {dag.py:3089} INFO - Sync 1 DAGs
[2026-08-31T10:55:28.083+0000] {processor.py:183} INFO - Processing /opt/airflow/dags/lakehouse_pipeline.py took 0.197 seconds
[2026-08-31T10:55:58.354+0000] {processor.py:161} INFO - Started process (PID=496) to work on /opt/airflow/dags/lakehouse_pipeline.py
[2026-08-31T10:55:58.355+0000] {processor.py:830} INFO - Processing file /opt/airflow/dags/lakehouse_pipeline.py for tasks to queue
[2026-08-31T10:55:58.358+0000] {logging_mixin.py:188} INFO - [2026-08-31T10:55:58.358+0000] {dagbag.py:545} INFO - Filling up the DagBag from /opt/airflow/dags/lakehouse_pipeline.py
[2026-08-31T10:55:58.381+0000] {processor.py:840} INFO - DAG(s) 'hybrid_lakehouse_daily_pipeline' retrieved from /opt/airflow/dags/lakehouse_pipeline.py
[2026-08-31T10:55:58.485+0000] {logging_mixin.py:188} INFO - [2026-08-31T10:55:58.485+0000] {dag.py:3089} INFO - Sync 1 DAGs
[2026-08-31T10:55:58.522+0000] {processor.py:183} INFO - Processing /opt/airflow/dags/lakehouse_pipeline.py took 0.176 seconds
[2026-08-31T10:56:28.794+0000] {processor.py:161} INFO - Started process (PID=518) to work on /opt/airflow/dags/lakehouse_pipeline.py
[2026-08-31T10:56:28.795+0000] {processor.py:830} INFO - Processing file /opt/airflow/dags/lakehouse_pipeline.py for tasks to queue
[2026-08-31T10:56:28.798+0000] {logging_mixin.py:188} INFO - [2026-08-31T10:56:28.798+0000] {dagbag.py:545} INFO - Filling up the DagBag from /opt/airflow/dags/lakehouse_pipeline.py
[2026-08-31T10:56:28.831+0000] {processor.py:840} INFO - DAG(s) 'hybrid_lakehouse_daily_pipeline' retrieved from /opt/airflow/dags/lakehouse_pipeline.py
[2026-08-31T10:56:28.966+0000] {logging_mixin.py:188} INFO - [2026-08-31T10:56:28.966+0000] {dag.py:3089} INFO - Sync 1 DAGs
[2026-08-31T10:56:29.026+0000] {processor.py:183} INFO - Processing /opt/airflow/dags/lakehouse_pipeline.py took 0.240 seconds
[2026-08-31T10:56:59.308+0000] {processor.py:161} INFO - Started process (PID=604) to work on /opt/airflow/dags/lakehouse_pipeline.py
[2026-08-31T10:56:59.309+0000] {processor.py:830} INFO - Processing file /opt/airflow/dags/lakehouse_pipeline.py for tasks to queue
[2026-08-31T10:56:59.311+0000] {logging_mixin.py:188} INFO - [2026-08-31T10:56:59.311+0000] {dagbag.py:545} INFO - Filling up the DagBag from /opt/airflow/dags/lakehouse_pipeline.py
[2026-08-31T10:56:59.333+0000] {processor.py:840} INFO - DAG(s) 'hybrid_lakehouse_daily_pipeline' retrieved from /opt/airflow/dags/lakehouse_pipeline.py
[2026-08-31T10:56:59.433+0000] {logging_mixin.py:188} INFO - [2026-08-31T10:56:59.433+0000] {dag.py:3089} INFO - Sync 1 DAGs
[2026-08-31T10:56:59.481+0000] {processor.py:183} INFO - Processing /opt/airflow/dags/lakehouse_pipeline.py took 0.179 seconds
[2026-08-31T10:57:29.746+0000] {processor.py:161} INFO - Started process (PID=619) to work on /opt/airflow/dags/lakehouse_pipeline.py
[2026-08-31T10:57:29.747+0000] {processor.py:830} INFO - Processing file /opt/airflow/dags/lakehouse_pipeline.py for tasks to queue
[2026-08-31T10:57:29.750+0000] {logging_mixin.py:188} INFO - [2026-08-31T10:57:29.750+0000] {dagbag.py:545} INFO - Filling up the DagBag from /opt/airflow/dags/lakehouse_pipeline.py
[2026-08-31T10:57:29.778+0000] {processor.py:840} INFO - DAG(s) 'hybrid_lakehouse_daily_pipeline' retrieved from /opt/airflow/dags/lakehouse_pipeline.py
[2026-08-31T10:57:29.891+0000] {logging_mixin.py:188} INFO - [2026-08-31T10:57:29.891+0000] {dag.py:3089} INFO - Sync 1 DAGs
[2026-08-31T10:57:29.931+0000] {processor.py:183} INFO - Processing /opt/airflow/dags/lakehouse_pipeline.py took 0.191 seconds
[2026-08-31T10:58:00.198+0000] {processor.py:161} INFO - Started process (PID=634) to work on /opt/airflow/dags/lakehouse_pipeline.py
[2026-08-31T10:58:00.199+0000] {processor.py:830} INFO - Processing file /opt/airflow/dags/lakehouse_pipeline.py for tasks to queue
[2026-08-31T10:58:00.201+0000] {logging_mixin.py:188} INFO - [2026-08-31T10:58:00.201+0000] {dagbag.py:545} INFO - Filling up the DagBag from /opt/airflow/dags/lakehouse_pipeline.py
[2026-08-31T10:58:00.226+0000] {processor.py:840} INFO - DAG(s) 'hybrid_lakehouse_daily_pipeline' retrieved from /opt/airflow/dags/lakehouse_pipeline.py
[2026-08-31T10:58:00.349+0000] {logging_mixin.py:188} INFO - [2026-08-31T10:58:00.349+0000] {dag.py:3089} INFO - Sync 1 DAGs
[2026-08-31T10:58:00.389+0000] {processor.py:183} INFO - Processing /opt/airflow/dags/lakehouse_pipeline.py took 0.196 seconds
[2026-08-31T10:58:30.641+0000] {processor.py:161} INFO - Started process (PID=649) to work on /opt/airflow/dags/lakehouse_pipeline.py
[2026-08-31T10:58:30.642+0000] {processor.py:830} INFO - Processing file /opt/airflow/dags/lakehouse_pipeline.py for tasks to queue
[2026-08-31T10:58:30.645+0000] {logging_mixin.py:188} INFO - [2026-08-31T10:58:30.644+0000] {dagbag.py:545} INFO - Filling up the DagBag from /opt/airflow/dags/lakehouse_pipeline.py
[2026-08-31T10:58:30.675+0000] {processor.py:840} INFO - DAG(s) 'hybrid_lakehouse_daily_pipeline' retrieved from /opt/airflow/dags/lakehouse_pipeline.py
[2026-08-31T10:58:30.773+0000] {logging_mixin.py:188} INFO - [2026-08-31T10:58:30.772+0000] {dag.py:3089} INFO - Sync 1 DAGs
[2026-08-31T10:58:30.815+0000] {processor.py:183} INFO - Processing /opt/airflow/dags/lakehouse_pipeline.py took 0.180 seconds
[2026-08-31T10:59:01.100+0000] {processor.py:161} INFO - Started process (PID=664) to work on /opt/airflow/dags/lakehouse_pipeline.py
[2026-08-31T10:59:01.100+0000] {processor.py:830} INFO - Processing file /opt/airflow/dags/lakehouse_pipeline.py for tasks to queue
[2026-08-31T10:59:01.102+0000] {logging_mixin.py:188} INFO - [2026-08-31T10:59:01.102+0000] {dagbag.py:545} INFO - Filling up the DagBag from /opt/airflow/dags/lakehouse_pipeline.py
[2026-08-31T10:59:01.120+0000] {processor.py:840} INFO - DAG(s) 'hybrid_lakehouse_daily_pipeline' retrieved from /opt/airflow/dags/lakehouse_pipeline.py
[2026-08-31T10:59:01.208+0000] {logging_mixin.py:188} INFO - [2026-08-31T10:59:01.208+0000] {dag.py:3089} INFO - Sync 1 DAGs
[2026-08-31T10:59:01.244+0000] {processor.py:183} INFO - Processing /opt/airflow/dags/lakehouse_pipeline.py took 0.149 seconds
[2026-08-31T10:59:31.481+0000] {processor.py:161} INFO - Started process (PID=679) to work on /opt/airflow/dags/lakehouse_pipeline.py
[2026-08-31T10:59:31.481+0000] {processor.py:830} INFO - Processing file /opt/airflow/dags/lakehouse_pipeline.py for tasks to queue
[2026-08-31T10:59:31.484+0000] {logging_mixin.py:188} INFO - [2026-08-31T10:59:31.484+0000] {dagbag.py:545} INFO - Filling up the DagBag from /opt/airflow/dags/lakehouse_pipeline.py
[2026-08-31T10:59:31.506+0000] {processor.py:840} INFO - DAG(s) 'hybrid_lakehouse_daily_pipeline' retrieved from /opt/airflow/dags/lakehouse_pipeline.py
[2026-08-31T10:59:31.642+0000] {logging_mixin.py:188} INFO - [2026-08-31T10:59:31.642+0000] {dag.py:3089} INFO - Sync 1 DAGs
[2026-08-31T10:59:31.678+0000] {processor.py:183} INFO - Processing /opt/airflow/dags/lakehouse_pipeline.py took 0.203 seconds
[2026-08-31T11:00:01.908+0000] {processor.py:161} INFO - Started process (PID=694) to work on /opt/airflow/dags/lakehouse_pipeline.py
[2026-08-31T11:00:01.909+0000] {processor.py:830} INFO - Processing file /opt/airflow/dags/lakehouse_pipeline.py for tasks to queue
[2026-08-31T11:00:01.910+0000] {logging_mixin.py:188} INFO - [2026-08-31T11:00:01.910+0000] {dagbag.py:545} INFO - Filling up the DagBag from /opt/airflow/dags/lakehouse_pipeline.py
[2026-08-31T11:00:01.930+0000] {processor.py:840} INFO - DAG(s) 'hybrid_lakehouse_daily_pipeline' retrieved from /opt/airflow/dags/lakehouse_pipeline.py
[2026-08-31T11:00:02.018+0000] {logging_mixin.py:188} INFO - [2026-08-31T11:00:02.018+0000] {dag.py:3089} INFO - Sync 1 DAGs
[2026-08-31T11:00:02.059+0000] {processor.py:183} INFO - Processing /opt/airflow/dags/lakehouse_pipeline.py took 0.155 seconds
[2026-08-31T11:00:32.305+0000] {processor.py:161} INFO - Started process (PID=709) to work on /opt/airflow/dags/lakehouse_pipeline.py
[2026-08-31T11:00:32.306+0000] {processor.py:830} INFO - Processing file /opt/airflow/dags/lakehouse_pipeline.py for tasks to queue
[2026-08-31T11:00:32.307+0000] {logging_mixin.py:188} INFO - [2026-08-31T11:00:32.307+0000] {dagbag.py:545} INFO - Filling up the DagBag from /opt/airflow/dags/lakehouse_pipeline.py
[2026-08-31T11:00:32.326+0000] {processor.py:840} INFO - DAG(s) 'hybrid_lakehouse_daily_pipeline' retrieved from /opt/airflow/dags/lakehouse_pipeline.py
[2026-08-31T11:00:32.412+0000] {logging_mixin.py:188} INFO - [2026-08-31T11:00:32.412+0000] {dag.py:3089} INFO - Sync 1 DAGs
[2026-08-31T11:00:32.445+0000] {processor.py:183} INFO - Processing /opt/airflow/dags/lakehouse_pipeline.py took 0.144 seconds
[2026-08-31T11:01:02.690+0000] {processor.py:161} INFO - Started process (PID=724) to work on /opt/airflow/dags/lakehouse_pipeline.py
[2026-08-31T11:01:02.691+0000] {processor.py:830} INFO - Processing file /opt/airflow/dags/lakehouse_pipeline.py for tasks to queue
[2026-08-31T11:01:02.692+0000] {logging_mixin.py:188} INFO - [2026-08-31T11:01:02.692+0000] {dagbag.py:545} INFO - Filling up the DagBag from /opt/airflow/dags/lakehouse_pipeline.py
[2026-08-31T11:01:02.713+0000] {processor.py:840} INFO - DAG(s) 'hybrid_lakehouse_daily_pipeline' retrieved from /opt/airflow/dags/lakehouse_pipeline.py
[2026-08-31T11:01:02.831+0000] {logging_mixin.py:188} INFO - [2026-08-31T11:01:02.831+0000] {dag.py:3089} INFO - Sync 1 DAGs
[2026-08-31T11:01:02.870+0000] {processor.py:183} INFO - Processing /opt/airflow/dags/lakehouse_pipeline.py took 0.184 seconds
[2026-08-31T11:01:33.113+0000] {processor.py:161} INFO - Started process (PID=739) to work on /opt/airflow/dags/lakehouse_pipeline.py
[2026-08-31T11:01:33.113+0000] {processor.py:830} INFO - Processing file /opt/airflow/dags/lakehouse_pipeline.py for tasks to queue
[2026-08-31T11:01:33.115+0000] {logging_mixin.py:188} INFO - [2026-08-31T11:01:33.115+0000] {dagbag.py:545} INFO - Filling up the DagBag from /opt/airflow/dags/lakehouse_pipeline.py
[2026-08-31T11:01:33.142+0000] {processor.py:840} INFO - DAG(s) 'hybrid_lakehouse_daily_pipeline' retrieved from /opt/airflow/dags/lakehouse_pipeline.py
[2026-08-31T11:01:33.242+0000] {logging_mixin.py:188} INFO - [2026-08-31T11:01:33.242+0000] {dag.py:3089} INFO - Sync 1 DAGs
[2026-08-31T11:01:33.282+0000] {processor.py:183} INFO - Processing /opt/airflow/dags/lakehouse_pipeline.py took 0.175 seconds
[2026-08-31T11:02:03.542+0000] {processor.py:161} INFO - Started process (PID=754) to work on /opt/airflow/dags/lakehouse_pipeline.py
[2026-08-31T11:02:03.543+0000] {processor.py:830} INFO - Processing file /opt/airflow/dags/lakehouse_pipeline.py for tasks to queue
[2026-08-31T11:02:03.545+0000] {logging_mixin.py:188} INFO - [2026-08-31T11:02:03.544+0000] {dagbag.py:545} INFO - Filling up the DagBag from /opt/airflow/dags/lakehouse_pipeline.py
[2026-08-31T11:02:03.569+0000] {processor.py:840} INFO - DAG(s) 'hybrid_lakehouse_daily_pipeline' retrieved from /opt/airflow/dags/lakehouse_pipeline.py
[2026-08-31T11:02:03.683+0000] {logging_mixin.py:188} INFO - [2026-08-31T11:02:03.682+0000] {dag.py:3089} INFO - Sync 1 DAGs
[2026-08-31T11:02:03.803+0000] {processor.py:183} INFO - Processing /opt/airflow/dags/lakehouse_pipeline.py took 0.266 seconds
[2026-08-31T11:02:34.060+0000] {processor.py:161} INFO - Started process (PID=843) to work on /opt/airflow/dags/lakehouse_pipeline.py
[2026-08-31T11:02:34.060+0000] {processor.py:830} INFO - Processing file /opt/airflow/dags/lakehouse_pipeline.py for tasks to queue
[2026-08-31T11:02:34.062+0000] {logging_mixin.py:188} INFO - [2026-08-31T11:02:34.062+0000] {dagbag.py:545} INFO - Filling up the DagBag from /opt/airflow/dags/lakehouse_pipeline.py
[2026-08-31T11:02:34.084+0000] {processor.py:840} INFO - DAG(s) 'hybrid_lakehouse_daily_pipeline' retrieved from /opt/airflow/dags/lakehouse_pipeline.py
[2026-08-31T11:02:34.187+0000] {logging_mixin.py:188} INFO - [2026-08-31T11:02:34.187+0000] {dag.py:3089} INFO - Sync 1 DAGs
[2026-08-31T11:02:34.221+0000] {processor.py:183} INFO - Processing /opt/airflow/dags/lakehouse_pipeline.py took 0.167 seconds
[2026-08-31T11:03:04.476+0000] {processor.py:161} INFO - Started process (PID=892) to work on /opt/airflow/dags/lakehouse_pipeline.py
[2026-08-31T11:03:04.476+0000] {processor.py:830} INFO - Processing file /opt/airflow/dags/lakehouse_pipeline.py for tasks to queue
[2026-08-31T11:03:04.478+0000] {logging_mixin.py:188} INFO - [2026-08-31T11:03:04.478+0000] {dagbag.py:545} INFO - Filling up the DagBag from /opt/airflow/dags/lakehouse_pipeline.py
[2026-08-31T11:03:04.500+0000] {processor.py:840} INFO - DAG(s) 'hybrid_lakehouse_daily_pipeline' retrieved from /opt/airflow/dags/lakehouse_pipeline.py
[2026-08-31T11:03:04.617+0000] {logging_mixin.py:188} INFO - [2026-08-31T11:03:04.617+0000] {dag.py:3089} INFO - Sync 1 DAGs
[2026-08-31T11:03:04.653+0000] {processor.py:183} INFO - Processing /opt/airflow/dags/lakehouse_pipeline.py took 0.183 seconds
[2026-08-31T11:03:34.924+0000] {processor.py:161} INFO - Started process (PID=911) to work on /opt/airflow/dags/lakehouse_pipeline.py
[2026-08-31T11:03:34.925+0000] {processor.py:830} INFO - Processing file /opt/airflow/dags/lakehouse_pipeline.py for tasks to queue
[2026-08-31T11:03:34.927+0000] {logging_mixin.py:188} INFO - [2026-08-31T11:03:34.927+0000] {dagbag.py:545} INFO - Filling up the DagBag from /opt/airflow/dags/lakehouse_pipeline.py
[2026-08-31T11:03:34.950+0000] {processor.py:840} INFO - DAG(s) 'hybrid_lakehouse_daily_pipeline' retrieved from /opt/airflow/dags/lakehouse_pipeline.py
[2026-08-31T11:03:35.040+0000] {logging_mixin.py:188} INFO - [2026-08-31T11:03:35.039+0000] {dag.py:3089} INFO - Sync 1 DAGs
[2026-08-31T11:03:35.078+0000] {processor.py:183} INFO - Processing /opt/airflow/dags/lakehouse_pipeline.py took 0.159 seconds
[2026-08-31T11:04:05.383+0000] {processor.py:161} INFO - Started process (PID=928) to work on /opt/airflow/dags/lakehouse_pipeline.py
[2026-08-31T11:04:05.384+0000] {processor.py:830} INFO - Processing file /opt/airflow/dags/lakehouse_pipeline.py for tasks to queue
[2026-08-31T11:04:05.387+0000] {logging_mixin.py:188} INFO - [2026-08-31T11:04:05.386+0000] {dagbag.py:545} INFO - Filling up the DagBag from /opt/airflow/dags/lakehouse_pipeline.py
[2026-08-31T11:04:05.411+0000] {processor.py:840} INFO - DAG(s) 'hybrid_lakehouse_daily_pipeline' retrieved from /opt/airflow/dags/lakehouse_pipeline.py
[2026-08-31T11:04:05.528+0000] {logging_mixin.py:188} INFO - [2026-08-31T11:04:05.527+0000] {dag.py:3089} INFO - Sync 1 DAGs
[2026-08-31T11:04:05.569+0000] {processor.py:183} INFO - Processing /opt/airflow/dags/lakehouse_pipeline.py took 0.192 seconds
[2026-08-31T11:04:35.805+0000] {processor.py:161} INFO - Started process (PID=946) to work on /opt/airflow/dags/lakehouse_pipeline.py
[2026-08-31T11:04:35.805+0000] {processor.py:830} INFO - Processing file /opt/airflow/dags/lakehouse_pipeline.py for tasks to queue
[2026-08-31T11:04:35.808+0000] {logging_mixin.py:188} INFO - [2026-08-31T11:04:35.807+0000] {dagbag.py:545} INFO - Filling up the DagBag from /opt/airflow/dags/lakehouse_pipeline.py
[2026-08-31T11:04:35.828+0000] {processor.py:840} INFO - DAG(s) 'hybrid_lakehouse_daily_pipeline' retrieved from /opt/airflow/dags/lakehouse_pipeline.py
[2026-08-31T11:04:35.912+0000] {logging_mixin.py:188} INFO - [2026-08-31T11:04:35.912+0000] {dag.py:3089} INFO - Sync 1 DAGs
[2026-08-31T11:04:35.943+0000] {processor.py:183} INFO - Processing /opt/airflow/dags/lakehouse_pipeline.py took 0.143 seconds
[2026-08-31T11:05:06.178+0000] {processor.py:161} INFO - Started process (PID=963) to work on /opt/airflow/dags/lakehouse_pipeline.py
[2026-08-31T11:05:06.179+0000] {processor.py:830} INFO - Processing file /opt/airflow/dags/lakehouse_pipeline.py for tasks to queue
[2026-08-31T11:05:06.183+0000] {logging_mixin.py:188} INFO - [2026-08-31T11:05:06.182+0000] {dagbag.py:545} INFO - Filling up the DagBag from /opt/airflow/dags/lakehouse_pipeline.py
[2026-08-31T11:05:06.213+0000] {processor.py:840} INFO - DAG(s) 'hybrid_lakehouse_daily_pipeline' retrieved from /opt/airflow/dags/lakehouse_pipeline.py
[2026-08-31T11:05:06.325+0000] {logging_mixin.py:188} INFO - [2026-08-31T11:05:06.325+0000] {dag.py:3089} INFO - Sync 1 DAGs
[2026-08-31T11:05:06.370+0000] {processor.py:183} INFO - Processing /opt/airflow/dags/lakehouse_pipeline.py took 0.200 seconds
[2026-08-31T11:05:36.623+0000] {processor.py:161} INFO - Started process (PID=982) to work on /opt/airflow/dags/lakehouse_pipeline.py
[2026-08-31T11:05:36.624+0000] {processor.py:830} INFO - Processing file /opt/airflow/dags/lakehouse_pipeline.py for tasks to queue
[2026-08-31T11:05:36.626+0000] {logging_mixin.py:188} INFO - [2026-08-31T11:05:36.625+0000] {dagbag.py:545} INFO - Filling up the DagBag from /opt/airflow/dags/lakehouse_pipeline.py
[2026-08-31T11:05:36.647+0000] {processor.py:840} INFO - DAG(s) 'hybrid_lakehouse_daily_pipeline' retrieved from /opt/airflow/dags/lakehouse_pipeline.py
[2026-08-31T11:05:36.738+0000] {logging_mixin.py:188} INFO - [2026-08-31T11:05:36.738+0000] {dag.py:3089} INFO - Sync 1 DAGs
[2026-08-31T11:05:36.771+0000] {processor.py:183} INFO - Processing /opt/airflow/dags/lakehouse_pipeline.py took 0.153 seconds
[2026-08-31T11:06:07.018+0000] {processor.py:161} INFO - Started process (PID=999) to work on /opt/airflow/dags/lakehouse_pipeline.py
[2026-08-31T11:06:07.019+0000] {processor.py:830} INFO - Processing file /opt/airflow/dags/lakehouse_pipeline.py for tasks to queue
[2026-08-31T11:06:07.021+0000] {logging_mixin.py:188} INFO - [2026-08-31T11:06:07.021+0000] {dagbag.py:545} INFO - Filling up the DagBag from /opt/airflow/dags/lakehouse_pipeline.py
[2026-08-31T11:06:07.040+0000] {processor.py:840} INFO - DAG(s) 'hybrid_lakehouse_daily_pipeline' retrieved from /opt/airflow/dags/lakehouse_pipeline.py
[2026-08-31T11:06:07.126+0000] {logging_mixin.py:188} INFO - [2026-08-31T11:06:07.126+0000] {dag.py:3089} INFO - Sync 1 DAGs
[2026-08-31T11:06:07.160+0000] {processor.py:183} INFO - Processing /opt/airflow/dags/lakehouse_pipeline.py took 0.147 seconds
[2026-08-31T11:06:37.429+0000] {processor.py:161} INFO - Started process (PID=1018) to work on /opt/airflow/dags/lakehouse_pipeline.py
[2026-08-31T11:06:37.430+0000] {processor.py:830} INFO - Processing file /opt/airflow/dags/lakehouse_pipeline.py for tasks to queue
[2026-08-31T11:06:37.432+0000] {logging_mixin.py:188} INFO - [2026-08-31T11:06:37.432+0000] {dagbag.py:545} INFO - Filling up the DagBag from /opt/airflow/dags/lakehouse_pipeline.py
[2026-08-31T11:06:37.453+0000] {processor.py:840} INFO - DAG(s) 'hybrid_lakehouse_daily_pipeline' retrieved from /opt/airflow/dags/lakehouse_pipeline.py
[2026-08-31T11:06:37.550+0000] {logging_mixin.py:188} INFO - [2026-08-31T11:06:37.550+0000] {dag.py:3089} INFO - Sync 1 DAGs
[2026-08-31T11:06:37.591+0000] {processor.py:183} INFO - Processing /opt/airflow/dags/lakehouse_pipeline.py took 0.170 seconds
[2026-08-31T11:07:07.824+0000] {processor.py:161} INFO - Started process (PID=1034) to work on /opt/airflow/dags/lakehouse_pipeline.py
[2026-08-31T11:07:07.825+0000] {processor.py:830} INFO - Processing file /opt/airflow/dags/lakehouse_pipeline.py for tasks to queue
[2026-08-31T11:07:07.826+0000] {logging_mixin.py:188} INFO - [2026-08-31T11:07:07.826+0000] {dagbag.py:545} INFO - Filling up the DagBag from /opt/airflow/dags/lakehouse_pipeline.py
[2026-08-31T11:07:07.845+0000] {processor.py:840} INFO - DAG(s) 'hybrid_lakehouse_daily_pipeline' retrieved from /opt/airflow/dags/lakehouse_pipeline.py
[2026-08-31T11:07:07.925+0000] {logging_mixin.py:188} INFO - [2026-08-31T11:07:07.925+0000] {dag.py:3089} INFO - Sync 1 DAGs
[2026-08-31T11:07:07.959+0000] {processor.py:183} INFO - Processing /opt/airflow/dags/lakehouse_pipeline.py took 0.140 seconds
[2026-08-31T11:07:38.192+0000] {processor.py:161} INFO - Started process (PID=1081) to work on /opt/airflow/dags/lakehouse_pipeline.py
[2026-08-31T11:07:38.193+0000] {processor.py:830} INFO - Processing file /opt/airflow/dags/lakehouse_pipeline.py for tasks to queue
[2026-08-31T11:07:38.195+0000] {logging_mixin.py:188} INFO - [2026-08-31T11:07:38.195+0000] {dagbag.py:545} INFO - Filling up the DagBag from /opt/airflow/dags/lakehouse_pipeline.py
[2026-08-31T11:07:38.222+0000] {processor.py:840} INFO - DAG(s) 'hybrid_lakehouse_daily_pipeline' retrieved from /opt/airflow/dags/lakehouse_pipeline.py
[2026-08-31T11:07:38.316+0000] {logging_mixin.py:188} INFO - [2026-08-31T11:07:38.316+0000] {dag.py:3089} INFO - Sync 1 DAGs
[2026-08-31T11:07:38.351+0000] {processor.py:183} INFO - Processing /opt/airflow/dags/lakehouse_pipeline.py took 0.163 seconds
[2026-08-31T11:08:08.611+0000] {processor.py:161} INFO - Started process (PID=1100) to work on /opt/airflow/dags/lakehouse_pipeline.py
[2026-08-31T11:08:08.612+0000] {processor.py:830} INFO - Processing file /opt/airflow/dags/lakehouse_pipeline.py for tasks to queue
[2026-08-31T11:08:08.614+0000] {logging_mixin.py:188} INFO - [2026-08-31T11:08:08.614+0000] {dagbag.py:545} INFO - Filling up the DagBag from /opt/airflow/dags/lakehouse_pipeline.py
[2026-08-31T11:08:08.640+0000] {processor.py:840} INFO - DAG(s) 'hybrid_lakehouse_daily_pipeline' retrieved from /opt/airflow/dags/lakehouse_pipeline.py
[2026-08-31T11:08:08.739+0000] {logging_mixin.py:188} INFO - [2026-08-31T11:08:08.738+0000] {dag.py:3089} INFO - Sync 1 DAGs
[2026-08-31T11:08:08.777+0000] {processor.py:183} INFO - Processing /opt/airflow/dags/lakehouse_pipeline.py took 0.173 seconds
[2026-08-31T11:08:39.023+0000] {processor.py:161} INFO - Started process (PID=1122) to work on /opt/airflow/dags/lakehouse_pipeline.py
[2026-08-31T11:08:39.024+0000] {processor.py:830} INFO - Processing file /opt/airflow/dags/lakehouse_pipeline.py for tasks to queue
[2026-08-31T11:08:39.027+0000] {logging_mixin.py:188} INFO - [2026-08-31T11:08:39.026+0000] {dagbag.py:545} INFO - Filling up the DagBag from /opt/airflow/dags/lakehouse_pipeline.py
[2026-08-31T11:08:39.049+0000] {processor.py:840} INFO - DAG(s) 'hybrid_lakehouse_daily_pipeline' retrieved from /opt/airflow/dags/lakehouse_pipeline.py
[2026-08-31T11:08:39.144+0000] {logging_mixin.py:188} INFO - [2026-08-31T11:08:39.143+0000] {dag.py:3089} INFO - Sync 1 DAGs
[2026-08-31T11:08:39.192+0000] {processor.py:183} INFO - Processing /opt/airflow/dags/lakehouse_pipeline.py took 0.175 seconds
[2026-08-31T11:09:09.494+0000] {processor.py:161} INFO - Started process (PID=1140) to work on /opt/airflow/dags/lakehouse_pipeline.py
[2026-08-31T11:09:09.495+0000] {processor.py:830} INFO - Processing file /opt/airflow/dags/lakehouse_pipeline.py for tasks to queue
[2026-08-31T11:09:09.497+0000] {logging_mixin.py:188} INFO - [2026-08-31T11:09:09.497+0000] {dagbag.py:545} INFO - Filling up the DagBag from /opt/airflow/dags/lakehouse_pipeline.py
[2026-08-31T11:09:09.520+0000] {processor.py:840} INFO - DAG(s) 'hybrid_lakehouse_daily_pipeline' retrieved from /opt/airflow/dags/lakehouse_pipeline.py
[2026-08-31T11:09:09.630+0000] {logging_mixin.py:188} INFO - [2026-08-31T11:09:09.630+0000] {dag.py:3089} INFO - Sync 1 DAGs
[2026-08-31T11:09:09.669+0000] {processor.py:183} INFO - Processing /opt/airflow/dags/lakehouse_pipeline.py took 0.180 seconds
[2026-08-31T11:09:39.942+0000] {processor.py:161} INFO - Started process (PID=1160) to work on /opt/airflow/dags/lakehouse_pipeline.py
[2026-08-31T11:09:39.944+0000] {processor.py:830} INFO - Processing file /opt/airflow/dags/lakehouse_pipeline.py for tasks to queue
[2026-08-31T11:09:39.948+0000] {logging_mixin.py:188} INFO - [2026-08-31T11:09:39.948+0000] {dagbag.py:545} INFO - Filling up the DagBag from /opt/airflow/dags/lakehouse_pipeline.py
[2026-08-31T11:09:39.983+0000] {processor.py:840} INFO - DAG(s) 'hybrid_lakehouse_daily_pipeline' retrieved from /opt/airflow/dags/lakehouse_pipeline.py
[2026-08-31T11:09:40.091+0000] {logging_mixin.py:188} INFO - [2026-08-31T11:09:40.090+0000] {dag.py:3089} INFO - Sync 1 DAGs
[2026-08-31T11:09:40.129+0000] {processor.py:183} INFO - Processing /opt/airflow/dags/lakehouse_pipeline.py took 0.197 seconds
[2026-08-31T11:10:10.401+0000] {processor.py:161} INFO - Started process (PID=1180) to work on /opt/airflow/dags/lakehouse_pipeline.py
[2026-08-31T11:10:10.402+0000] {processor.py:830} INFO - Processing file /opt/airflow/dags/lakehouse_pipeline.py for tasks to queue
[2026-08-31T11:10:10.404+0000] {logging_mixin.py:188} INFO - [2026-08-31T11:10:10.403+0000] {dagbag.py:545} INFO - Filling up the DagBag from /opt/airflow/dags/lakehouse_pipeline.py
[2026-08-31T11:10:10.424+0000] {processor.py:840} INFO - DAG(s) 'hybrid_lakehouse_daily_pipeline' retrieved from /opt/airflow/dags/lakehouse_pipeline.py
[2026-08-31T11:10:10.521+0000] {logging_mixin.py:188} INFO - [2026-08-31T11:10:10.521+0000] {dag.py:3089} INFO - Sync 1 DAGs
[2026-08-31T11:10:10.561+0000] {processor.py:183} INFO - Processing /opt/airflow/dags/lakehouse_pipeline.py took 0.165 seconds
[2026-08-31T11:10:40.825+0000] {processor.py:161} INFO - Started process (PID=1198) to work on /opt/airflow/dags/lakehouse_pipeline.py
[2026-08-31T11:10:40.826+0000] {processor.py:830} INFO - Processing file /opt/airflow/dags/lakehouse_pipeline.py for tasks to queue
[2026-08-31T11:10:40.828+0000] {logging_mixin.py:188} INFO - [2026-08-31T11:10:40.827+0000] {dagbag.py:545} INFO - Filling up the DagBag from /opt/airflow/dags/lakehouse_pipeline.py
[2026-08-31T11:10:40.850+0000] {processor.py:840} INFO - DAG(s) 'hybrid_lakehouse_daily_pipeline' retrieved from /opt/airflow/dags/lakehouse_pipeline.py
[2026-08-31T11:10:40.937+0000] {logging_mixin.py:188} INFO - [2026-08-31T11:10:40.937+0000] {dag.py:3089} INFO - Sync 1 DAGs
[2026-08-31T11:10:40.969+0000] {processor.py:183} INFO - Processing /opt/airflow/dags/lakehouse_pipeline.py took 0.149 seconds
[2026-08-31T11:11:11.213+0000] {processor.py:161} INFO - Started process (PID=1236) to work on /opt/airflow/dags/lakehouse_pipeline.py
[2026-08-31T11:11:11.214+0000] {processor.py:830} INFO - Processing file /opt/airflow/dags/lakehouse_pipeline.py for tasks to queue
[2026-08-31T11:11:11.216+0000] {logging_mixin.py:188} INFO - [2026-08-31T11:11:11.216+0000] {dagbag.py:545} INFO - Filling up the DagBag from /opt/airflow/dags/lakehouse_pipeline.py
[2026-08-31T11:11:11.237+0000] {processor.py:840} INFO - DAG(s) 'hybrid_lakehouse_daily_pipeline' retrieved from /opt/airflow/dags/lakehouse_pipeline.py
[2026-08-31T11:11:11.343+0000] {logging_mixin.py:188} INFO - [2026-08-31T11:11:11.343+0000] {dag.py:3089} INFO - Sync 1 DAGs
[2026-08-31T11:11:11.388+0000] {processor.py:183} INFO - Processing /opt/airflow/dags/lakehouse_pipeline.py took 0.180 seconds
[2026-08-31T11:11:41.619+0000] {processor.py:161} INFO - Started process (PID=1326) to work on /opt/airflow/dags/lakehouse_pipeline.py
[2026-08-31T11:11:41.619+0000] {processor.py:830} INFO - Processing file /opt/airflow/dags/lakehouse_pipeline.py for tasks to queue
[2026-08-31T11:11:41.621+0000] {logging_mixin.py:188} INFO - [2026-08-31T11:11:41.621+0000] {dagbag.py:545} INFO - Filling up the DagBag from /opt/airflow/dags/lakehouse_pipeline.py
[2026-08-31T11:11:41.644+0000] {processor.py:840} INFO - DAG(s) 'hybrid_lakehouse_daily_pipeline' retrieved from /opt/airflow/dags/lakehouse_pipeline.py
[2026-08-31T11:11:41.750+0000] {logging_mixin.py:188} INFO - [2026-08-31T11:11:41.749+0000] {dag.py:3089} INFO - Sync 1 DAGs
[2026-08-31T11:11:41.792+0000] {processor.py:183} INFO - Processing /opt/airflow/dags/lakehouse_pipeline.py took 0.178 seconds
[2026-08-31T11:12:12.044+0000] {processor.py:161} INFO - Started process (PID=1341) to work on /opt/airflow/dags/lakehouse_pipeline.py
[2026-08-31T11:12:12.045+0000] {processor.py:830} INFO - Processing file /opt/airflow/dags/lakehouse_pipeline.py for tasks to queue
[2026-08-31T11:12:12.046+0000] {logging_mixin.py:188} INFO - [2026-08-31T11:12:12.046+0000] {dagbag.py:545} INFO - Filling up the DagBag from /opt/airflow/dags/lakehouse_pipeline.py
[2026-08-31T11:12:12.066+0000] {processor.py:840} INFO - DAG(s) 'hybrid_lakehouse_daily_pipeline' retrieved from /opt/airflow/dags/lakehouse_pipeline.py
[2026-08-31T11:12:12.147+0000] {logging_mixin.py:188} INFO - [2026-08-31T11:12:12.147+0000] {dag.py:3089} INFO - Sync 1 DAGs
[2026-08-31T11:12:12.181+0000] {processor.py:183} INFO - Processing /opt/airflow/dags/lakehouse_pipeline.py took 0.141 seconds
[2026-08-31T11:12:42.446+0000] {processor.py:161} INFO - Started process (PID=1356) to work on /opt/airflow/dags/lakehouse_pipeline.py
[2026-08-31T11:12:42.447+0000] {processor.py:830} INFO - Processing file /opt/airflow/dags/lakehouse_pipeline.py for tasks to queue
[2026-08-31T11:12:42.449+0000] {logging_mixin.py:188} INFO - [2026-08-31T11:12:42.449+0000] {dagbag.py:545} INFO - Filling up the DagBag from /opt/airflow/dags/lakehouse_pipeline.py
[2026-08-31T11:12:42.473+0000] {processor.py:840} INFO - DAG(s) 'hybrid_lakehouse_daily_pipeline' retrieved from /opt/airflow/dags/lakehouse_pipeline.py
[2026-08-31T11:12:42.577+0000] {logging_mixin.py:188} INFO - [2026-08-31T11:12:42.577+0000] {dag.py:3089} INFO - Sync 1 DAGs
[2026-08-31T11:12:42.616+0000] {processor.py:183} INFO - Processing /opt/airflow/dags/lakehouse_pipeline.py took 0.177 seconds
[2026-08-31T11:13:12.882+0000] {processor.py:161} INFO - Started process (PID=1371) to work on /opt/airflow/dags/lakehouse_pipeline.py
[2026-08-31T11:13:12.883+0000] {processor.py:830} INFO - Processing file /opt/airflow/dags/lakehouse_pipeline.py for tasks to queue
[2026-08-31T11:13:12.886+0000] {logging_mixin.py:188} INFO - [2026-08-31T11:13:12.885+0000] {dagbag.py:545} INFO - Filling up the DagBag from /opt/airflow/dags/lakehouse_pipeline.py
[2026-08-31T11:13:12.920+0000] {processor.py:840} INFO - DAG(s) 'hybrid_lakehouse_daily_pipeline' retrieved from /opt/airflow/dags/lakehouse_pipeline.py
[2026-08-31T11:13:13.047+0000] {logging_mixin.py:188} INFO - [2026-08-31T11:13:13.046+0000] {dag.py:3089} INFO - Sync 1 DAGs
[2026-08-31T11:13:13.103+0000] {processor.py:183} INFO - Processing /opt/airflow/dags/lakehouse_pipeline.py took 0.227 seconds
[2026-08-31T11:13:43.345+0000] {processor.py:161} INFO - Started process (PID=1386) to work on /opt/airflow/dags/lakehouse_pipeline.py
[2026-08-31T11:13:43.346+0000] {processor.py:830} INFO - Processing file /opt/airflow/dags/lakehouse_pipeline.py for tasks to queue
[2026-08-31T11:13:43.348+0000] {logging_mixin.py:188} INFO - [2026-08-31T11:13:43.348+0000] {dagbag.py:545} INFO - Filling up the DagBag from /opt/airflow/dags/lakehouse_pipeline.py
[2026-08-31T11:13:43.370+0000] {processor.py:840} INFO - DAG(s) 'hybrid_lakehouse_daily_pipeline' retrieved from /opt/airflow/dags/lakehouse_pipeline.py
[2026-08-31T11:13:43.478+0000] {logging_mixin.py:188} INFO - [2026-08-31T11:13:43.478+0000] {dag.py:3089} INFO - Sync 1 DAGs
[2026-08-31T11:13:43.518+0000] {processor.py:183} INFO - Processing /opt/airflow/dags/lakehouse_pipeline.py took 0.178 seconds
[2026-08-31T11:14:13.819+0000] {processor.py:161} INFO - Started process (PID=1401) to work on /opt/airflow/dags/lakehouse_pipeline.py
[2026-08-31T11:14:13.820+0000] {processor.py:830} INFO - Processing file /opt/airflow/dags/lakehouse_pipeline.py for tasks to queue
[2026-08-31T11:14:13.822+0000] {logging_mixin.py:188} INFO - [2026-08-31T11:14:13.822+0000] {dagbag.py:545} INFO - Filling up the DagBag from /opt/airflow/dags/lakehouse_pipeline.py
[2026-08-31T11:14:13.847+0000] {processor.py:840} INFO - DAG(s) 'hybrid_lakehouse_daily_pipeline' retrieved from /opt/airflow/dags/lakehouse_pipeline.py
[2026-08-31T11:14:13.973+0000] {logging_mixin.py:188} INFO - [2026-08-31T11:14:13.973+0000] {dag.py:3089} INFO - Sync 1 DAGs
[2026-08-31T11:14:14.026+0000] {processor.py:183} INFO - Processing /opt/airflow/dags/lakehouse_pipeline.py took 0.212 seconds
[2026-08-31T11:14:44.284+0000] {processor.py:161} INFO - Started process (PID=1416) to work on /opt/airflow/dags/lakehouse_pipeline.py
[2026-08-31T11:14:44.285+0000] {processor.py:830} INFO - Processing file /opt/airflow/dags/lakehouse_pipeline.py for tasks to queue
[2026-08-31T11:14:44.287+0000] {logging_mixin.py:188} INFO - [2026-08-31T11:14:44.286+0000] {dagbag.py:545} INFO - Filling up the DagBag from /opt/airflow/dags/lakehouse_pipeline.py
[2026-08-31T11:14:44.322+0000] {processor.py:840} INFO - DAG(s) 'hybrid_lakehouse_daily_pipeline' retrieved from /opt/airflow/dags/lakehouse_pipeline.py
[2026-08-31T11:14:44.455+0000] {logging_mixin.py:188} INFO - [2026-08-31T11:14:44.455+0000] {dag.py:3089} INFO - Sync 1 DAGs
[2026-08-31T11:14:44.489+0000] {processor.py:183} INFO - Processing /opt/airflow/dags/lakehouse_pipeline.py took 0.211 seconds
[2026-08-31T11:15:14.755+0000] {processor.py:161} INFO - Started process (PID=1431) to work on /opt/airflow/dags/lakehouse_pipeline.py
[2026-08-31T11:15:14.757+0000] {processor.py:830} INFO - Processing file /opt/airflow/dags/lakehouse_pipeline.py for tasks to queue
[2026-08-31T11:15:14.759+0000] {logging_mixin.py:188} INFO - [2026-08-31T11:15:14.759+0000] {dagbag.py:545} INFO - Filling up the DagBag from /opt/airflow/dags/lakehouse_pipeline.py
[2026-08-31T11:15:14.785+0000] {processor.py:840} INFO - DAG(s) 'hybrid_lakehouse_daily_pipeline' retrieved from /opt/airflow/dags/lakehouse_pipeline.py
[2026-08-31T11:15:14.904+0000] {logging_mixin.py:188} INFO - [2026-08-31T11:15:14.903+0000] {dag.py:3089} INFO - Sync 1 DAGs
[2026-08-31T11:15:14.942+0000] {processor.py:183} INFO - Processing /opt/airflow/dags/lakehouse_pipeline.py took 0.194 seconds
[2026-08-31T11:15:45.205+0000] {processor.py:161} INFO - Started process (PID=1446) to work on /opt/airflow/dags/lakehouse_pipeline.py
[2026-08-31T11:15:45.206+0000] {processor.py:830} INFO - Processing file /opt/airflow/dags/lakehouse_pipeline.py for tasks to queue
[2026-08-31T11:15:45.208+0000] {logging_mixin.py:188} INFO - [2026-08-31T11:15:45.208+0000] {dagbag.py:545} INFO - Filling up the DagBag from /opt/airflow/dags/lakehouse_pipeline.py
[2026-08-31T11:15:45.232+0000] {processor.py:840} INFO - DAG(s) 'hybrid_lakehouse_daily_pipeline' retrieved from /opt/airflow/dags/lakehouse_pipeline.py
[2026-08-31T11:15:45.360+0000] {logging_mixin.py:188} INFO - [2026-08-31T11:15:45.359+0000] {dag.py:3089} INFO - Sync 1 DAGs
[2026-08-31T11:15:45.396+0000] {processor.py:183} INFO - Processing /opt/airflow/dags/lakehouse_pipeline.py took 0.198 seconds
[2026-08-31T11:16:15.648+0000] {processor.py:161} INFO - Started process (PID=1461) to work on /opt/airflow/dags/lakehouse_pipeline.py
[2026-08-31T11:16:15.649+0000] {processor.py:830} INFO - Processing file /opt/airflow/dags/lakehouse_pipeline.py for tasks to queue
[2026-08-31T11:16:15.650+0000] {logging_mixin.py:188} INFO - [2026-08-31T11:16:15.650+0000] {dagbag.py:545} INFO - Filling up the DagBag from /opt/airflow/dags/lakehouse_pipeline.py
[2026-08-31T11:16:15.669+0000] {processor.py:840} INFO - DAG(s) 'hybrid_lakehouse_daily_pipeline' retrieved from /opt/airflow/dags/lakehouse_pipeline.py
[2026-08-31T11:16:15.746+0000] {logging_mixin.py:188} INFO - [2026-08-31T11:16:15.746+0000] {dag.py:3089} INFO - Sync 1 DAGs
[2026-08-31T11:16:15.780+0000] {processor.py:183} INFO - Processing /opt/airflow/dags/lakehouse_pipeline.py took 0.137 seconds
[2026-08-31T11:16:46.062+0000] {processor.py:161} INFO - Started process (PID=1478) to work on /opt/airflow/dags/lakehouse_pipeline.py
[2026-08-31T11:16:46.063+0000] {processor.py:830} INFO - Processing file /opt/airflow/dags/lakehouse_pipeline.py for tasks to queue
[2026-08-31T11:16:46.065+0000] {logging_mixin.py:188} INFO - [2026-08-31T11:16:46.065+0000] {dagbag.py:545} INFO - Filling up the DagBag from /opt/airflow/dags/lakehouse_pipeline.py
[2026-08-31T11:16:46.090+0000] {processor.py:840} INFO - DAG(s) 'hybrid_lakehouse_daily_pipeline' retrieved from /opt/airflow/dags/lakehouse_pipeline.py
[2026-08-31T11:16:46.203+0000] {logging_mixin.py:188} INFO - [2026-08-31T11:16:46.203+0000] {dag.py:3089} INFO - Sync 1 DAGs
[2026-08-31T11:16:46.247+0000] {processor.py:183} INFO - Processing /opt/airflow/dags/lakehouse_pipeline.py took 0.191 seconds
[2026-08-31T11:17:16.485+0000] {processor.py:161} INFO - Started process (PID=1569) to work on /opt/airflow/dags/lakehouse_pipeline.py
[2026-08-31T11:17:16.486+0000] {processor.py:830} INFO - Processing file /opt/airflow/dags/lakehouse_pipeline.py for tasks to queue
[2026-08-31T11:17:16.488+0000] {logging_mixin.py:188} INFO - [2026-08-31T11:17:16.488+0000] {dagbag.py:545} INFO - Filling up the DagBag from /opt/airflow/dags/lakehouse_pipeline.py
[2026-08-31T11:17:16.510+0000] {processor.py:840} INFO - DAG(s) 'hybrid_lakehouse_daily_pipeline' retrieved from /opt/airflow/dags/lakehouse_pipeline.py
[2026-08-31T11:17:16.605+0000] {logging_mixin.py:188} INFO - [2026-08-31T11:17:16.605+0000] {dag.py:3089} INFO - Sync 1 DAGs
[2026-08-31T11:17:16.622+0000] {logging_mixin.py:188} INFO - [2026-08-31T11:17:16.622+0000] {dag.py:3947} INFO - Setting next_dagrun for hybrid_lakehouse_daily_pipeline to 2026-08-30 02:00:00+00:00, run_after=2026-08-31 02:00:00+00:00
[2026-08-31T11:17:16.639+0000] {processor.py:183} INFO - Processing /opt/airflow/dags/lakehouse_pipeline.py took 0.159 seconds
[2026-08-31T11:17:46.890+0000] {processor.py:161} INFO - Started process (PID=1618) to work on /opt/airflow/dags/lakehouse_pipeline.py
[2026-08-31T11:17:46.890+0000] {processor.py:830} INFO - Processing file /opt/airflow/dags/lakehouse_pipeline.py for tasks to queue
[2026-08-31T11:17:46.892+0000] {logging_mixin.py:188} INFO - [2026-08-31T11:17:46.892+0000] {dagbag.py:545} INFO - Filling up the DagBag from /opt/airflow/dags/lakehouse_pipeline.py
[2026-08-31T11:17:46.913+0000] {processor.py:840} INFO - DAG(s) 'hybrid_lakehouse_daily_pipeline' retrieved from /opt/airflow/dags/lakehouse_pipeline.py
[2026-08-31T11:17:47.004+0000] {logging_mixin.py:188} INFO - [2026-08-31T11:17:47.004+0000] {dag.py:3089} INFO - Sync 1 DAGs
[2026-08-31T11:17:47.037+0000] {processor.py:183} INFO - Processing /opt/airflow/dags/lakehouse_pipeline.py took 0.153 seconds
[2026-08-31T11:18:17.293+0000] {processor.py:161} INFO - Started process (PID=1635) to work on /opt/airflow/dags/lakehouse_pipeline.py
[2026-08-31T11:18:17.294+0000] {processor.py:830} INFO - Processing file /opt/airflow/dags/lakehouse_pipeline.py for tasks to queue
[2026-08-31T11:18:17.296+0000] {logging_mixin.py:188} INFO - [2026-08-31T11:18:17.296+0000] {dagbag.py:545} INFO - Filling up the DagBag from /opt/airflow/dags/lakehouse_pipeline.py
[2026-08-31T11:18:17.316+0000] {processor.py:840} INFO - DAG(s) 'hybrid_lakehouse_daily_pipeline' retrieved from /opt/airflow/dags/lakehouse_pipeline.py
[2026-08-31T11:18:17.415+0000] {logging_mixin.py:188} INFO - [2026-08-31T11:18:17.414+0000] {dag.py:3089} INFO - Sync 1 DAGs
[2026-08-31T11:18:17.450+0000] {processor.py:183} INFO - Processing /opt/airflow/dags/lakehouse_pipeline.py took 0.161 seconds
[2026-08-31T11:18:47.685+0000] {processor.py:161} INFO - Started process (PID=1652) to work on /opt/airflow/dags/lakehouse_pipeline.py
[2026-08-31T11:18:47.686+0000] {processor.py:830} INFO - Processing file /opt/airflow/dags/lakehouse_pipeline.py for tasks to queue
[2026-08-31T11:18:47.687+0000] {logging_mixin.py:188} INFO - [2026-08-31T11:18:47.687+0000] {dagbag.py:545} INFO - Filling up the DagBag from /opt/airflow/dags/lakehouse_pipeline.py
[2026-08-31T11:18:47.707+0000] {processor.py:840} INFO - DAG(s) 'hybrid_lakehouse_daily_pipeline' retrieved from /opt/airflow/dags/lakehouse_pipeline.py
[2026-08-31T11:18:47.808+0000] {logging_mixin.py:188} INFO - [2026-08-31T11:18:47.808+0000] {dag.py:3089} INFO - Sync 1 DAGs
[2026-08-31T11:18:47.858+0000] {processor.py:183} INFO - Processing /opt/airflow/dags/lakehouse_pipeline.py took 0.178 seconds
[2026-08-31T11:19:18.143+0000] {processor.py:161} INFO - Started process (PID=1669) to work on /opt/airflow/dags/lakehouse_pipeline.py
[2026-08-31T11:19:18.144+0000] {processor.py:830} INFO - Processing file /opt/airflow/dags/lakehouse_pipeline.py for tasks to queue
[2026-08-31T11:19:18.146+0000] {logging_mixin.py:188} INFO - [2026-08-31T11:19:18.146+0000] {dagbag.py:545} INFO - Filling up the DagBag from /opt/airflow/dags/lakehouse_pipeline.py
[2026-08-31T11:19:18.164+0000] {processor.py:840} INFO - DAG(s) 'hybrid_lakehouse_daily_pipeline' retrieved from /opt/airflow/dags/lakehouse_pipeline.py
[2026-08-31T11:19:18.247+0000] {logging_mixin.py:188} INFO - [2026-08-31T11:19:18.247+0000] {dag.py:3089} INFO - Sync 1 DAGs
[2026-08-31T11:19:18.290+0000] {processor.py:183} INFO - Processing /opt/airflow/dags/lakehouse_pipeline.py took 0.151 seconds
[2026-08-31T11:19:48.533+0000] {processor.py:161} INFO - Started process (PID=1688) to work on /opt/airflow/dags/lakehouse_pipeline.py
[2026-08-31T11:19:48.534+0000] {processor.py:830} INFO - Processing file /opt/airflow/dags/lakehouse_pipeline.py for tasks to queue
[2026-08-31T11:19:48.535+0000] {logging_mixin.py:188} INFO - [2026-08-31T11:19:48.535+0000] {dagbag.py:545} INFO - Filling up the DagBag from /opt/airflow/dags/lakehouse_pipeline.py
[2026-08-31T11:19:48.555+0000] {processor.py:840} INFO - DAG(s) 'hybrid_lakehouse_daily_pipeline' retrieved from /opt/airflow/dags/lakehouse_pipeline.py
[2026-08-31T11:19:48.637+0000] {logging_mixin.py:188} INFO - [2026-08-31T11:19:48.637+0000] {dag.py:3089} INFO - Sync 1 DAGs
[2026-08-31T11:19:48.670+0000] {processor.py:183} INFO - Processing /opt/airflow/dags/lakehouse_pipeline.py took 0.142 seconds
[2026-08-31T11:20:18.901+0000] {processor.py:161} INFO - Started process (PID=1705) to work on /opt/airflow/dags/lakehouse_pipeline.py
[2026-08-31T11:20:18.902+0000] {processor.py:830} INFO - Processing file /opt/airflow/dags/lakehouse_pipeline.py for tasks to queue
[2026-08-31T11:20:18.903+0000] {logging_mixin.py:188} INFO - [2026-08-31T11:20:18.903+0000] {dagbag.py:545} INFO - Filling up the DagBag from /opt/airflow/dags/lakehouse_pipeline.py
[2026-08-31T11:20:18.922+0000] {processor.py:840} INFO - DAG(s) 'hybrid_lakehouse_daily_pipeline' retrieved from /opt/airflow/dags/lakehouse_pipeline.py
[2026-08-31T11:20:19.001+0000] {logging_mixin.py:188} INFO - [2026-08-31T11:20:19.001+0000] {dag.py:3089} INFO - Sync 1 DAGs
[2026-08-31T11:20:19.031+0000] {processor.py:183} INFO - Processing /opt/airflow/dags/lakehouse_pipeline.py took 0.134 seconds
[2026-08-31T11:20:49.285+0000] {processor.py:161} INFO - Started process (PID=1722) to work on /opt/airflow/dags/lakehouse_pipeline.py
[2026-08-31T11:20:49.286+0000] {processor.py:830} INFO - Processing file /opt/airflow/dags/lakehouse_pipeline.py for tasks to queue
[2026-08-31T11:20:49.287+0000] {logging_mixin.py:188} INFO - [2026-08-31T11:20:49.287+0000] {dagbag.py:545} INFO - Filling up the DagBag from /opt/airflow/dags/lakehouse_pipeline.py
[2026-08-31T11:20:49.306+0000] {processor.py:840} INFO - DAG(s) 'hybrid_lakehouse_daily_pipeline' retrieved from /opt/airflow/dags/lakehouse_pipeline.py
[2026-08-31T11:20:49.384+0000] {logging_mixin.py:188} INFO - [2026-08-31T11:20:49.384+0000] {dag.py:3089} INFO - Sync 1 DAGs
[2026-08-31T11:20:49.415+0000] {processor.py:183} INFO - Processing /opt/airflow/dags/lakehouse_pipeline.py took 0.135 seconds
[2026-08-31T11:21:19.656+0000] {processor.py:161} INFO - Started process (PID=1771) to work on /opt/airflow/dags/lakehouse_pipeline.py
[2026-08-31T11:21:19.657+0000] {processor.py:830} INFO - Processing file /opt/airflow/dags/lakehouse_pipeline.py for tasks to queue
[2026-08-31T11:21:19.659+0000] {logging_mixin.py:188} INFO - [2026-08-31T11:21:19.659+0000] {dagbag.py:545} INFO - Filling up the DagBag from /opt/airflow/dags/lakehouse_pipeline.py
[2026-08-31T11:21:19.683+0000] {processor.py:840} INFO - DAG(s) 'hybrid_lakehouse_daily_pipeline' retrieved from /opt/airflow/dags/lakehouse_pipeline.py
[2026-08-31T11:21:19.777+0000] {logging_mixin.py:188} INFO - [2026-08-31T11:21:19.777+0000] {dag.py:3089} INFO - Sync 1 DAGs
[2026-08-31T11:21:19.809+0000] {processor.py:183} INFO - Processing /opt/airflow/dags/lakehouse_pipeline.py took 0.159 seconds
[2026-08-31T11:21:50.050+0000] {processor.py:161} INFO - Started process (PID=1788) to work on /opt/airflow/dags/lakehouse_pipeline.py
[2026-08-31T11:21:50.050+0000] {processor.py:830} INFO - Processing file /opt/airflow/dags/lakehouse_pipeline.py for tasks to queue
[2026-08-31T11:21:50.052+0000] {logging_mixin.py:188} INFO - [2026-08-31T11:21:50.052+0000] {dagbag.py:545} INFO - Filling up the DagBag from /opt/airflow/dags/lakehouse_pipeline.py
[2026-08-31T11:21:50.071+0000] {processor.py:840} INFO - DAG(s) 'hybrid_lakehouse_daily_pipeline' retrieved from /opt/airflow/dags/lakehouse_pipeline.py
[2026-08-31T11:21:50.156+0000] {logging_mixin.py:188} INFO - [2026-08-31T11:21:50.155+0000] {dag.py:3089} INFO - Sync 1 DAGs
[2026-08-31T11:21:50.198+0000] {processor.py:183} INFO - Processing /opt/airflow/dags/lakehouse_pipeline.py took 0.153 seconds
[2026-08-31T11:22:20.430+0000] {processor.py:161} INFO - Started process (PID=1809) to work on /opt/airflow/dags/lakehouse_pipeline.py
[2026-08-31T11:22:20.431+0000] {processor.py:830} INFO - Processing file /opt/airflow/dags/lakehouse_pipeline.py for tasks to queue
[2026-08-31T11:22:20.433+0000] {logging_mixin.py:188} INFO - [2026-08-31T11:22:20.433+0000] {dagbag.py:545} INFO - Filling up the DagBag from /opt/airflow/dags/lakehouse_pipeline.py
[2026-08-31T11:22:20.451+0000] {processor.py:840} INFO - DAG(s) 'hybrid_lakehouse_daily_pipeline' retrieved from /opt/airflow/dags/lakehouse_pipeline.py
[2026-08-31T11:22:20.532+0000] {logging_mixin.py:188} INFO - [2026-08-31T11:22:20.532+0000] {dag.py:3089} INFO - Sync 1 DAGs
[2026-08-31T11:22:20.563+0000] {processor.py:183} INFO - Processing /opt/airflow/dags/lakehouse_pipeline.py took 0.138 seconds
[2026-08-31T11:22:50.806+0000] {processor.py:161} INFO - Started process (PID=1825) to work on /opt/airflow/dags/lakehouse_pipeline.py
[2026-08-31T11:22:50.806+0000] {processor.py:830} INFO - Processing file /opt/airflow/dags/lakehouse_pipeline.py for tasks to queue
[2026-08-31T11:22:50.808+0000] {logging_mixin.py:188} INFO - [2026-08-31T11:22:50.808+0000] {dagbag.py:545} INFO - Filling up the DagBag from /opt/airflow/dags/lakehouse_pipeline.py
[2026-08-31T11:22:50.827+0000] {processor.py:840} INFO - DAG(s) 'hybrid_lakehouse_daily_pipeline' retrieved from /opt/airflow/dags/lakehouse_pipeline.py
[2026-08-31T11:22:50.935+0000] {logging_mixin.py:188} INFO - [2026-08-31T11:22:50.934+0000] {dag.py:3089} INFO - Sync 1 DAGs
[2026-08-31T11:22:50.968+0000] {processor.py:183} INFO - Processing /opt/airflow/dags/lakehouse_pipeline.py took 0.167 seconds
[2026-08-31T11:23:21.215+0000] {processor.py:161} INFO - Started process (PID=1843) to work on /opt/airflow/dags/lakehouse_pipeline.py
[2026-08-31T11:23:21.216+0000] {processor.py:830} INFO - Processing file /opt/airflow/dags/lakehouse_pipeline.py for tasks to queue
[2026-08-31T11:23:21.218+0000] {logging_mixin.py:188} INFO - [2026-08-31T11:23:21.217+0000] {dagbag.py:545} INFO - Filling up the DagBag from /opt/airflow/dags/lakehouse_pipeline.py
[2026-08-31T11:23:21.238+0000] {processor.py:840} INFO - DAG(s) 'hybrid_lakehouse_daily_pipeline' retrieved from /opt/airflow/dags/lakehouse_pipeline.py
[2026-08-31T11:23:21.325+0000] {logging_mixin.py:188} INFO - [2026-08-31T11:23:21.324+0000] {dag.py:3089} INFO - Sync 1 DAGs
[2026-08-31T11:23:21.356+0000] {processor.py:183} INFO - Processing /opt/airflow/dags/lakehouse_pipeline.py took 0.146 seconds
[2026-08-31T11:23:51.622+0000] {processor.py:161} INFO - Started process (PID=1860) to work on /opt/airflow/dags/lakehouse_pipeline.py
[2026-08-31T11:23:51.623+0000] {processor.py:830} INFO - Processing file /opt/airflow/dags/lakehouse_pipeline.py for tasks to queue
[2026-08-31T11:23:51.625+0000] {logging_mixin.py:188} INFO - [2026-08-31T11:23:51.625+0000] {dagbag.py:545} INFO - Filling up the DagBag from /opt/airflow/dags/lakehouse_pipeline.py
[2026-08-31T11:23:51.645+0000] {processor.py:840} INFO - DAG(s) 'hybrid_lakehouse_daily_pipeline' retrieved from /opt/airflow/dags/lakehouse_pipeline.py
[2026-08-31T11:23:51.733+0000] {logging_mixin.py:188} INFO - [2026-08-31T11:23:51.733+0000] {dag.py:3089} INFO - Sync 1 DAGs
[2026-08-31T11:23:51.767+0000] {processor.py:183} INFO - Processing /opt/airflow/dags/lakehouse_pipeline.py took 0.150 seconds
[2026-08-31T11:24:22.007+0000] {processor.py:161} INFO - Started process (PID=1879) to work on /opt/airflow/dags/lakehouse_pipeline.py
[2026-08-31T11:24:22.007+0000] {processor.py:830} INFO - Processing file /opt/airflow/dags/lakehouse_pipeline.py for tasks to queue
[2026-08-31T11:24:22.010+0000] {logging_mixin.py:188} INFO - [2026-08-31T11:24:22.009+0000] {dagbag.py:545} INFO - Filling up the DagBag from /opt/airflow/dags/lakehouse_pipeline.py
[2026-08-31T11:24:22.028+0000] {processor.py:840} INFO - DAG(s) 'hybrid_lakehouse_daily_pipeline' retrieved from /opt/airflow/dags/lakehouse_pipeline.py
[2026-08-31T11:24:22.109+0000] {logging_mixin.py:188} INFO - [2026-08-31T11:24:22.109+0000] {dag.py:3089} INFO - Sync 1 DAGs
[2026-08-31T11:24:22.145+0000] {processor.py:183} INFO - Processing /opt/airflow/dags/lakehouse_pipeline.py took 0.143 seconds
[2026-08-31T11:24:52.372+0000] {processor.py:161} INFO - Started process (PID=1971) to work on /opt/airflow/dags/lakehouse_pipeline.py
[2026-08-31T11:24:52.373+0000] {processor.py:830} INFO - Processing file /opt/airflow/dags/lakehouse_pipeline.py for tasks to queue
[2026-08-31T11:24:52.375+0000] {logging_mixin.py:188} INFO - [2026-08-31T11:24:52.374+0000] {dagbag.py:545} INFO - Filling up the DagBag from /opt/airflow/dags/lakehouse_pipeline.py
[2026-08-31T11:24:52.394+0000] {processor.py:840} INFO - DAG(s) 'hybrid_lakehouse_daily_pipeline' retrieved from /opt/airflow/dags/lakehouse_pipeline.py
[2026-08-31T11:24:52.483+0000] {logging_mixin.py:188} INFO - [2026-08-31T11:24:52.482+0000] {dag.py:3089} INFO - Sync 1 DAGs
[2026-08-31T11:24:52.521+0000] {processor.py:183} INFO - Processing /opt/airflow/dags/lakehouse_pipeline.py took 0.154 seconds
[2026-08-31T11:25:22.767+0000] {processor.py:161} INFO - Started process (PID=1986) to work on /opt/airflow/dags/lakehouse_pipeline.py
[2026-08-31T11:25:22.768+0000] {processor.py:830} INFO - Processing file /opt/airflow/dags/lakehouse_pipeline.py for tasks to queue
[2026-08-31T11:25:22.770+0000] {logging_mixin.py:188} INFO - [2026-08-31T11:25:22.769+0000] {dagbag.py:545} INFO - Filling up the DagBag from /opt/airflow/dags/lakehouse_pipeline.py
[2026-08-31T11:25:22.788+0000] {processor.py:840} INFO - DAG(s) 'hybrid_lakehouse_daily_pipeline' retrieved from /opt/airflow/dags/lakehouse_pipeline.py
[2026-08-31T11:25:22.875+0000] {logging_mixin.py:188} INFO - [2026-08-31T11:25:22.875+0000] {dag.py:3089} INFO - Sync 1 DAGs
[2026-08-31T11:25:22.906+0000] {processor.py:183} INFO - Processing /opt/airflow/dags/lakehouse_pipeline.py took 0.143 seconds
[2026-08-31T11:25:53.149+0000] {processor.py:161} INFO - Started process (PID=2001) to work on /opt/airflow/dags/lakehouse_pipeline.py
[2026-08-31T11:25:53.149+0000] {processor.py:830} INFO - Processing file /opt/airflow/dags/lakehouse_pipeline.py for tasks to queue
[2026-08-31T11:25:53.151+0000] {logging_mixin.py:188} INFO - [2026-08-31T11:25:53.151+0000] {dagbag.py:545} INFO - Filling up the DagBag from /opt/airflow/dags/lakehouse_pipeline.py
[2026-08-31T11:25:53.170+0000] {processor.py:840} INFO - DAG(s) 'hybrid_lakehouse_daily_pipeline' retrieved from /opt/airflow/dags/lakehouse_pipeline.py
[2026-08-31T11:25:53.265+0000] {logging_mixin.py:188} INFO - [2026-08-31T11:25:53.265+0000] {dag.py:3089} INFO - Sync 1 DAGs
[2026-08-31T11:25:53.304+0000] {processor.py:183} INFO - Processing /opt/airflow/dags/lakehouse_pipeline.py took 0.159 seconds
[2026-08-31T11:26:23.544+0000] {processor.py:161} INFO - Started process (PID=2016) to work on /opt/airflow/dags/lakehouse_pipeline.py
[2026-08-31T11:26:23.545+0000] {processor.py:830} INFO - Processing file /opt/airflow/dags/lakehouse_pipeline.py for tasks to queue
[2026-08-31T11:26:23.546+0000] {logging_mixin.py:188} INFO - [2026-08-31T11:26:23.546+0000] {dagbag.py:545} INFO - Filling up the DagBag from /opt/airflow/dags/lakehouse_pipeline.py
[2026-08-31T11:26:23.565+0000] {processor.py:840} INFO - DAG(s) 'hybrid_lakehouse_daily_pipeline' retrieved from /opt/airflow/dags/lakehouse_pipeline.py
[2026-08-31T11:26:23.652+0000] {logging_mixin.py:188} INFO - [2026-08-31T11:26:23.652+0000] {dag.py:3089} INFO - Sync 1 DAGs
[2026-08-31T11:26:23.697+0000] {processor.py:183} INFO - Processing /opt/airflow/dags/lakehouse_pipeline.py took 0.158 seconds
[2026-08-31T11:26:53.936+0000] {processor.py:161} INFO - Started process (PID=2031) to work on /opt/airflow/dags/lakehouse_pipeline.py
[2026-08-31T11:26:53.936+0000] {processor.py:830} INFO - Processing file /opt/airflow/dags/lakehouse_pipeline.py for tasks to queue
[2026-08-31T11:26:53.938+0000] {logging_mixin.py:188} INFO - [2026-08-31T11:26:53.938+0000] {dagbag.py:545} INFO - Filling up the DagBag from /opt/airflow/dags/lakehouse_pipeline.py
[2026-08-31T11:26:53.956+0000] {processor.py:840} INFO - DAG(s) 'hybrid_lakehouse_daily_pipeline' retrieved from /opt/airflow/dags/lakehouse_pipeline.py
[2026-08-31T11:26:54.058+0000] {logging_mixin.py:188} INFO - [2026-08-31T11:26:54.058+0000] {dag.py:3089} INFO - Sync 1 DAGs
[2026-08-31T11:26:54.103+0000] {processor.py:183} INFO - Processing /opt/airflow/dags/lakehouse_pipeline.py took 0.172 seconds
[2026-08-31T11:27:24.359+0000] {processor.py:161} INFO - Started process (PID=2046) to work on /opt/airflow/dags/lakehouse_pipeline.py
[2026-08-31T11:27:24.360+0000] {processor.py:830} INFO - Processing file /opt/airflow/dags/lakehouse_pipeline.py for tasks to queue
[2026-08-31T11:27:24.363+0000] {logging_mixin.py:188} INFO - [2026-08-31T11:27:24.362+0000] {dagbag.py:545} INFO - Filling up the DagBag from /opt/airflow/dags/lakehouse_pipeline.py
[2026-08-31T11:27:24.388+0000] {processor.py:840} INFO - DAG(s) 'hybrid_lakehouse_daily_pipeline' retrieved from /opt/airflow/dags/lakehouse_pipeline.py
[2026-08-31T11:27:24.490+0000] {logging_mixin.py:188} INFO - [2026-08-31T11:27:24.489+0000] {dag.py:3089} INFO - Sync 1 DAGs
[2026-08-31T11:27:24.533+0000] {processor.py:183} INFO - Processing /opt/airflow/dags/lakehouse_pipeline.py took 0.180 seconds
[2026-08-31T11:27:54.772+0000] {processor.py:161} INFO - Started process (PID=2061) to work on /opt/airflow/dags/lakehouse_pipeline.py
[2026-08-31T11:27:54.773+0000] {processor.py:830} INFO - Processing file /opt/airflow/dags/lakehouse_pipeline.py for tasks to queue
[2026-08-31T11:27:54.775+0000] {logging_mixin.py:188} INFO - [2026-08-31T11:27:54.775+0000] {dagbag.py:545} INFO - Filling up the DagBag from /opt/airflow/dags/lakehouse_pipeline.py
[2026-08-31T11:27:54.794+0000] {processor.py:840} INFO - DAG(s) 'hybrid_lakehouse_daily_pipeline' retrieved from /opt/airflow/dags/lakehouse_pipeline.py
[2026-08-31T11:27:54.892+0000] {logging_mixin.py:188} INFO - [2026-08-31T11:27:54.891+0000] {dag.py:3089} INFO - Sync 1 DAGs
[2026-08-31T11:27:54.934+0000] {processor.py:183} INFO - Processing /opt/airflow/dags/lakehouse_pipeline.py took 0.167 seconds
[2026-08-31T11:28:25.185+0000] {processor.py:161} INFO - Started process (PID=2076) to work on /opt/airflow/dags/lakehouse_pipeline.py
[2026-08-31T11:28:25.186+0000] {processor.py:830} INFO - Processing file /opt/airflow/dags/lakehouse_pipeline.py for tasks to queue
[2026-08-31T11:28:25.188+0000] {logging_mixin.py:188} INFO - [2026-08-31T11:28:25.187+0000] {dagbag.py:545} INFO - Filling up the DagBag from /opt/airflow/dags/lakehouse_pipeline.py
[2026-08-31T11:28:25.208+0000] {processor.py:840} INFO - DAG(s) 'hybrid_lakehouse_daily_pipeline' retrieved from /opt/airflow/dags/lakehouse_pipeline.py
[2026-08-31T11:28:25.299+0000] {logging_mixin.py:188} INFO - [2026-08-31T11:28:25.299+0000] {dag.py:3089} INFO - Sync 1 DAGs
[2026-08-31T11:28:25.331+0000] {processor.py:183} INFO - Processing /opt/airflow/dags/lakehouse_pipeline.py took 0.151 seconds
[2026-08-31T11:28:55.586+0000] {processor.py:161} INFO - Started process (PID=2091) to work on /opt/airflow/dags/lakehouse_pipeline.py
[2026-08-31T11:28:55.587+0000] {processor.py:830} INFO - Processing file /opt/airflow/dags/lakehouse_pipeline.py for tasks to queue
[2026-08-31T11:28:55.589+0000] {logging_mixin.py:188} INFO - [2026-08-31T11:28:55.589+0000] {dagbag.py:545} INFO - Filling up the DagBag from /opt/airflow/dags/lakehouse_pipeline.py
[2026-08-31T11:28:55.607+0000] {processor.py:840} INFO - DAG(s) 'hybrid_lakehouse_daily_pipeline' retrieved from /opt/airflow/dags/lakehouse_pipeline.py
[2026-08-31T11:28:55.696+0000] {logging_mixin.py:188} INFO - [2026-08-31T11:28:55.696+0000] {dag.py:3089} INFO - Sync 1 DAGs
[2026-08-31T11:28:55.733+0000] {processor.py:183} INFO - Processing /opt/airflow/dags/lakehouse_pipeline.py took 0.152 seconds
[2026-08-31T11:29:25.976+0000] {processor.py:161} INFO - Started process (PID=2106) to work on /opt/airflow/dags/lakehouse_pipeline.py
[2026-08-31T11:29:25.976+0000] {processor.py:830} INFO - Processing file /opt/airflow/dags/lakehouse_pipeline.py for tasks to queue
[2026-08-31T11:29:25.978+0000] {logging_mixin.py:188} INFO - [2026-08-31T11:29:25.978+0000] {dagbag.py:545} INFO - Filling up the DagBag from /opt/airflow/dags/lakehouse_pipeline.py
[2026-08-31T11:29:25.996+0000] {processor.py:840} INFO - DAG(s) 'hybrid_lakehouse_daily_pipeline' retrieved from /opt/airflow/dags/lakehouse_pipeline.py
[2026-08-31T11:29:26.084+0000] {logging_mixin.py:188} INFO - [2026-08-31T11:29:26.084+0000] {dag.py:3089} INFO - Sync 1 DAGs
[2026-08-31T11:29:26.120+0000] {processor.py:183} INFO - Processing /opt/airflow/dags/lakehouse_pipeline.py took 0.149 seconds
[2026-08-31T11:29:56.374+0000] {processor.py:161} INFO - Started process (PID=2124) to work on /opt/airflow/dags/lakehouse_pipeline.py
[2026-08-31T11:29:56.375+0000] {processor.py:830} INFO - Processing file /opt/airflow/dags/lakehouse_pipeline.py for tasks to queue
[2026-08-31T11:29:56.377+0000] {logging_mixin.py:188} INFO - [2026-08-31T11:29:56.377+0000] {dagbag.py:545} INFO - Filling up the DagBag from /opt/airflow/dags/lakehouse_pipeline.py
[2026-08-31T11:29:56.398+0000] {processor.py:840} INFO - DAG(s) 'hybrid_lakehouse_daily_pipeline' retrieved from /opt/airflow/dags/lakehouse_pipeline.py
[2026-08-31T11:29:56.493+0000] {logging_mixin.py:188} INFO - [2026-08-31T11:29:56.492+0000] {dag.py:3089} INFO - Sync 1 DAGs
[2026-08-31T11:29:56.529+0000] {processor.py:183} INFO - Processing /opt/airflow/dags/lakehouse_pipeline.py took 0.161 seconds
[2026-08-31T11:30:26.764+0000] {processor.py:161} INFO - Started process (PID=2214) to work on /opt/airflow/dags/lakehouse_pipeline.py
[2026-08-31T11:30:26.765+0000] {processor.py:830} INFO - Processing file /opt/airflow/dags/lakehouse_pipeline.py for tasks to queue
[2026-08-31T11:30:26.767+0000] {logging_mixin.py:188} INFO - [2026-08-31T11:30:26.767+0000] {dagbag.py:545} INFO - Filling up the DagBag from /opt/airflow/dags/lakehouse_pipeline.py
[2026-08-31T11:30:26.786+0000] {processor.py:840} INFO - DAG(s) 'hybrid_lakehouse_daily_pipeline' retrieved from /opt/airflow/dags/lakehouse_pipeline.py
[2026-08-31T11:30:26.886+0000] {logging_mixin.py:188} INFO - [2026-08-31T11:30:26.886+0000] {dag.py:3089} INFO - Sync 1 DAGs
[2026-08-31T11:30:26.926+0000] {processor.py:183} INFO - Processing /opt/airflow/dags/lakehouse_pipeline.py took 0.167 seconds
[2026-08-31T11:30:57.179+0000] {processor.py:161} INFO - Started process (PID=2229) to work on /opt/airflow/dags/lakehouse_pipeline.py
[2026-08-31T11:30:57.180+0000] {processor.py:830} INFO - Processing file /opt/airflow/dags/lakehouse_pipeline.py for tasks to queue
[2026-08-31T11:30:57.183+0000] {logging_mixin.py:188} INFO - [2026-08-31T11:30:57.182+0000] {dagbag.py:545} INFO - Filling up the DagBag from /opt/airflow/dags/lakehouse_pipeline.py
[2026-08-31T11:30:57.209+0000] {processor.py:840} INFO - DAG(s) 'hybrid_lakehouse_daily_pipeline' retrieved from /opt/airflow/dags/lakehouse_pipeline.py
[2026-08-31T11:30:57.311+0000] {logging_mixin.py:188} INFO - [2026-08-31T11:30:57.311+0000] {dag.py:3089} INFO - Sync 1 DAGs
[2026-08-31T11:30:57.329+0000] {logging_mixin.py:188} INFO - [2026-08-31T11:30:57.329+0000] {dag.py:3947} INFO - Setting next_dagrun for hybrid_lakehouse_daily_pipeline to 2026-08-31 02:00:00+00:00, run_after=2026-09-01 02:00:00+00:00
[2026-08-31T11:30:57.347+0000] {processor.py:183} INFO - Processing /opt/airflow/dags/lakehouse_pipeline.py took 0.175 seconds
[2026-08-31T11:31:27.600+0000] {processor.py:161} INFO - Started process (PID=2244) to work on /opt/airflow/dags/lakehouse_pipeline.py
[2026-08-31T11:31:27.601+0000] {processor.py:830} INFO - Processing file /opt/airflow/dags/lakehouse_pipeline.py for tasks to queue
[2026-08-31T11:31:27.603+0000] {logging_mixin.py:188} INFO - [2026-08-31T11:31:27.602+0000] {dagbag.py:545} INFO - Filling up the DagBag from /opt/airflow/dags/lakehouse_pipeline.py
[2026-08-31T11:31:27.622+0000] {processor.py:840} INFO - DAG(s) 'hybrid_lakehouse_daily_pipeline' retrieved from /opt/airflow/dags/lakehouse_pipeline.py
[2026-08-31T11:31:27.719+0000] {logging_mixin.py:188} INFO - [2026-08-31T11:31:27.718+0000] {dag.py:3089} INFO - Sync 1 DAGs
[2026-08-31T11:31:27.737+0000] {logging_mixin.py:188} INFO - [2026-08-31T11:31:27.737+0000] {dag.py:3947} INFO - Setting next_dagrun for hybrid_lakehouse_daily_pipeline to 2026-08-31 02:00:00+00:00, run_after=2026-09-01 02:00:00+00:00
[2026-08-31T11:31:27.761+0000] {processor.py:183} INFO - Processing /opt/airflow/dags/lakehouse_pipeline.py took 0.165 seconds
[2026-08-31T11:31:58.006+0000] {processor.py:161} INFO - Started process (PID=2259) to work on /opt/airflow/dags/lakehouse_pipeline.py
[2026-08-31T11:31:58.007+0000] {processor.py:830} INFO - Processing file /opt/airflow/dags/lakehouse_pipeline.py for tasks to queue
[2026-08-31T11:31:58.009+0000] {logging_mixin.py:188} INFO - [2026-08-31T11:31:58.008+0000] {dagbag.py:545} INFO - Filling up the DagBag from /opt/airflow/dags/lakehouse_pipeline.py
[2026-08-31T11:31:58.030+0000] {processor.py:840} INFO - DAG(s) 'hybrid_lakehouse_daily_pipeline' retrieved from /opt/airflow/dags/lakehouse_pipeline.py
[2026-08-31T11:31:58.132+0000] {logging_mixin.py:188} INFO - [2026-08-31T11:31:58.131+0000] {dag.py:3089} INFO - Sync 1 DAGs
[2026-08-31T11:31:58.153+0000] {logging_mixin.py:188} INFO - [2026-08-31T11:31:58.153+0000] {dag.py:3947} INFO - Setting next_dagrun for hybrid_lakehouse_daily_pipeline to 2026-08-31 02:00:00+00:00, run_after=2026-09-01 02:00:00+00:00
[2026-08-31T11:31:58.176+0000] {processor.py:183} INFO - Processing /opt/airflow/dags/lakehouse_pipeline.py took 0.175 seconds
[2026-08-31T11:32:28.426+0000] {processor.py:161} INFO - Started process (PID=2274) to work on /opt/airflow/dags/lakehouse_pipeline.py
[2026-08-31T11:32:28.427+0000] {processor.py:830} INFO - Processing file /opt/airflow/dags/lakehouse_pipeline.py for tasks to queue
[2026-08-31T11:32:28.429+0000] {logging_mixin.py:188} INFO - [2026-08-31T11:32:28.429+0000] {dagbag.py:545} INFO - Filling up the DagBag from /opt/airflow/dags/lakehouse_pipeline.py
[2026-08-31T11:32:28.451+0000] {processor.py:840} INFO - DAG(s) 'hybrid_lakehouse_daily_pipeline' retrieved from /opt/airflow/dags/lakehouse_pipeline.py
[2026-08-31T11:32:28.554+0000] {logging_mixin.py:188} INFO - [2026-08-31T11:32:28.553+0000] {dag.py:3089} INFO - Sync 1 DAGs
[2026-08-31T11:32:28.573+0000] {logging_mixin.py:188} INFO - [2026-08-31T11:32:28.573+0000] {dag.py:3947} INFO - Setting next_dagrun for hybrid_lakehouse_daily_pipeline to 2026-08-31 02:00:00+00:00, run_after=2026-09-01 02:00:00+00:00
[2026-08-31T11:32:28.593+0000] {processor.py:183} INFO - Processing /opt/airflow/dags/lakehouse_pipeline.py took 0.174 seconds
[2026-08-31T11:32:58.835+0000] {processor.py:161} INFO - Started process (PID=2289) to work on /opt/airflow/dags/lakehouse_pipeline.py
[2026-08-31T11:32:58.836+0000] {processor.py:830} INFO - Processing file /opt/airflow/dags/lakehouse_pipeline.py for tasks to queue
[2026-08-31T11:32:58.840+0000] {logging_mixin.py:188} INFO - [2026-08-31T11:32:58.840+0000] {dagbag.py:545} INFO - Filling up the DagBag from /opt/airflow/dags/lakehouse_pipeline.py
[2026-08-31T11:32:58.870+0000] {processor.py:840} INFO - DAG(s) 'hybrid_lakehouse_daily_pipeline' retrieved from /opt/airflow/dags/lakehouse_pipeline.py
[2026-08-31T11:32:59.004+0000] {logging_mixin.py:188} INFO - [2026-08-31T11:32:59.004+0000] {dag.py:3089} INFO - Sync 1 DAGs
[2026-08-31T11:32:59.027+0000] {logging_mixin.py:188} INFO - [2026-08-31T11:32:59.027+0000] {dag.py:3947} INFO - Setting next_dagrun for hybrid_lakehouse_daily_pipeline to 2026-08-31 02:00:00+00:00, run_after=2026-09-01 02:00:00+00:00
[2026-08-31T11:32:59.046+0000] {processor.py:183} INFO - Processing /opt/airflow/dags/lakehouse_pipeline.py took 0.220 seconds
[2026-08-31T11:33:29.223+0000] {processor.py:161} INFO - Started process (PID=2304) to work on /opt/airflow/dags/lakehouse_pipeline.py
[2026-08-31T11:33:29.224+0000] {processor.py:830} INFO - Processing file /opt/airflow/dags/lakehouse_pipeline.py for tasks to queue
[2026-08-31T11:33:29.226+0000] {logging_mixin.py:188} INFO - [2026-08-31T11:33:29.226+0000] {dagbag.py:545} INFO - Filling up the DagBag from /opt/airflow/dags/lakehouse_pipeline.py
[2026-08-31T11:33:29.247+0000] {processor.py:840} INFO - DAG(s) 'hybrid_lakehouse_daily_pipeline' retrieved from /opt/airflow/dags/lakehouse_pipeline.py
[2026-08-31T11:33:29.338+0000] {logging_mixin.py:188} INFO - [2026-08-31T11:33:29.338+0000] {dag.py:3089} INFO - Sync 1 DAGs
[2026-08-31T11:33:29.357+0000] {logging_mixin.py:188} INFO - [2026-08-31T11:33:29.357+0000] {dag.py:3947} INFO - Setting next_dagrun for hybrid_lakehouse_daily_pipeline to 2026-08-31 02:00:00+00:00, run_after=2026-09-01 02:00:00+00:00
[2026-08-31T11:33:29.375+0000] {processor.py:183} INFO - Processing /opt/airflow/dags/lakehouse_pipeline.py took 0.157 seconds
[2026-08-31T11:33:59.652+0000] {processor.py:161} INFO - Started process (PID=2319) to work on /opt/airflow/dags/lakehouse_pipeline.py
[2026-08-31T11:33:59.652+0000] {processor.py:830} INFO - Processing file /opt/airflow/dags/lakehouse_pipeline.py for tasks to queue
[2026-08-31T11:33:59.654+0000] {logging_mixin.py:188} INFO - [2026-08-31T11:33:59.654+0000] {dagbag.py:545} INFO - Filling up the DagBag from /opt/airflow/dags/lakehouse_pipeline.py
[2026-08-31T11:33:59.676+0000] {processor.py:840} INFO - DAG(s) 'hybrid_lakehouse_daily_pipeline' retrieved from /opt/airflow/dags/lakehouse_pipeline.py
[2026-08-31T11:33:59.777+0000] {logging_mixin.py:188} INFO - [2026-08-31T11:33:59.777+0000] {dag.py:3089} INFO - Sync 1 DAGs
[2026-08-31T11:33:59.799+0000] {logging_mixin.py:188} INFO - [2026-08-31T11:33:59.799+0000] {dag.py:3947} INFO - Setting next_dagrun for hybrid_lakehouse_daily_pipeline to 2026-08-31 02:00:00+00:00, run_after=2026-09-01 02:00:00+00:00
[2026-08-31T11:33:59.821+0000] {processor.py:183} INFO - Processing /opt/airflow/dags/lakehouse_pipeline.py took 0.175 seconds
[2026-08-31T11:34:30.076+0000] {processor.py:161} INFO - Started process (PID=2334) to work on /opt/airflow/dags/lakehouse_pipeline.py
[2026-08-31T11:34:30.077+0000] {processor.py:830} INFO - Processing file /opt/airflow/dags/lakehouse_pipeline.py for tasks to queue
[2026-08-31T11:34:30.079+0000] {logging_mixin.py:188} INFO - [2026-08-31T11:34:30.079+0000] {dagbag.py:545} INFO - Filling up the DagBag from /opt/airflow/dags/lakehouse_pipeline.py
[2026-08-31T11:34:30.099+0000] {processor.py:840} INFO - DAG(s) 'hybrid_lakehouse_daily_pipeline' retrieved from /opt/airflow/dags/lakehouse_pipeline.py
[2026-08-31T11:34:30.186+0000] {logging_mixin.py:188} INFO - [2026-08-31T11:34:30.186+0000] {dag.py:3089} INFO - Sync 1 DAGs
[2026-08-31T11:34:30.204+0000] {logging_mixin.py:188} INFO - [2026-08-31T11:34:30.204+0000] {dag.py:3947} INFO - Setting next_dagrun for hybrid_lakehouse_daily_pipeline to 2026-08-31 02:00:00+00:00, run_after=2026-09-01 02:00:00+00:00
[2026-08-31T11:34:30.223+0000] {processor.py:183} INFO - Processing /opt/airflow/dags/lakehouse_pipeline.py took 0.151 seconds
[2026-08-31T11:35:00.470+0000] {processor.py:161} INFO - Started process (PID=2349) to work on /opt/airflow/dags/lakehouse_pipeline.py
[2026-08-31T11:35:00.471+0000] {processor.py:830} INFO - Processing file /opt/airflow/dags/lakehouse_pipeline.py for tasks to queue
[2026-08-31T11:35:00.473+0000] {logging_mixin.py:188} INFO - [2026-08-31T11:35:00.472+0000] {dagbag.py:545} INFO - Filling up the DagBag from /opt/airflow/dags/lakehouse_pipeline.py
[2026-08-31T11:35:00.494+0000] {processor.py:840} INFO - DAG(s) 'hybrid_lakehouse_daily_pipeline' retrieved from /opt/airflow/dags/lakehouse_pipeline.py
[2026-08-31T11:35:00.589+0000] {logging_mixin.py:188} INFO - [2026-08-31T11:35:00.589+0000] {dag.py:3089} INFO - Sync 1 DAGs
[2026-08-31T11:35:00.607+0000] {logging_mixin.py:188} INFO - [2026-08-31T11:35:00.606+0000] {dag.py:3947} INFO - Setting next_dagrun for hybrid_lakehouse_daily_pipeline to 2026-08-31 02:00:00+00:00, run_after=2026-09-01 02:00:00+00:00
[2026-08-31T11:35:00.627+0000] {processor.py:183} INFO - Processing /opt/airflow/dags/lakehouse_pipeline.py took 0.163 seconds
[2026-08-31T11:35:30.873+0000] {processor.py:161} INFO - Started process (PID=2364) to work on /opt/airflow/dags/lakehouse_pipeline.py
[2026-08-31T11:35:30.874+0000] {processor.py:830} INFO - Processing file /opt/airflow/dags/lakehouse_pipeline.py for tasks to queue
[2026-08-31T11:35:30.876+0000] {logging_mixin.py:188} INFO - [2026-08-31T11:35:30.875+0000] {dagbag.py:545} INFO - Filling up the DagBag from /opt/airflow/dags/lakehouse_pipeline.py
[2026-08-31T11:35:30.895+0000] {processor.py:840} INFO - DAG(s) 'hybrid_lakehouse_daily_pipeline' retrieved from /opt/airflow/dags/lakehouse_pipeline.py
[2026-08-31T11:35:30.984+0000] {logging_mixin.py:188} INFO - [2026-08-31T11:35:30.983+0000] {dag.py:3089} INFO - Sync 1 DAGs
[2026-08-31T11:35:31.002+0000] {logging_mixin.py:188} INFO - [2026-08-31T11:35:31.002+0000] {dag.py:3947} INFO - Setting next_dagrun for hybrid_lakehouse_daily_pipeline to 2026-08-31 02:00:00+00:00, run_after=2026-09-01 02:00:00+00:00
[2026-08-31T11:35:31.022+0000] {processor.py:183} INFO - Processing /opt/airflow/dags/lakehouse_pipeline.py took 0.154 seconds
[2026-08-31T11:36:01.255+0000] {processor.py:161} INFO - Started process (PID=2379) to work on /opt/airflow/dags/lakehouse_pipeline.py
[2026-08-31T11:36:01.256+0000] {processor.py:830} INFO - Processing file /opt/airflow/dags/lakehouse_pipeline.py for tasks to queue
[2026-08-31T11:36:01.258+0000] {logging_mixin.py:188} INFO - [2026-08-31T11:36:01.258+0000] {dagbag.py:545} INFO - Filling up the DagBag from /opt/airflow/dags/lakehouse_pipeline.py
[2026-08-31T11:36:01.279+0000] {processor.py:840} INFO - DAG(s) 'hybrid_lakehouse_daily_pipeline' retrieved from /opt/airflow/dags/lakehouse_pipeline.py
[2026-08-31T11:36:01.374+0000] {logging_mixin.py:188} INFO - [2026-08-31T11:36:01.374+0000] {dag.py:3089} INFO - Sync 1 DAGs
[2026-08-31T11:36:01.396+0000] {logging_mixin.py:188} INFO - [2026-08-31T11:36:01.395+0000] {dag.py:3947} INFO - Setting next_dagrun for hybrid_lakehouse_daily_pipeline to 2026-08-31 02:00:00+00:00, run_after=2026-09-01 02:00:00+00:00
[2026-08-31T11:36:01.416+0000] {processor.py:183} INFO - Processing /opt/airflow/dags/lakehouse_pipeline.py took 0.165 seconds
[2026-08-31T11:36:31.656+0000] {processor.py:161} INFO - Started process (PID=2394) to work on /opt/airflow/dags/lakehouse_pipeline.py
[2026-08-31T11:36:31.657+0000] {processor.py:830} INFO - Processing file /opt/airflow/dags/lakehouse_pipeline.py for tasks to queue
[2026-08-31T11:36:31.659+0000] {logging_mixin.py:188} INFO - [2026-08-31T11:36:31.658+0000] {dagbag.py:545} INFO - Filling up the DagBag from /opt/airflow/dags/lakehouse_pipeline.py
[2026-08-31T11:36:31.679+0000] {processor.py:840} INFO - DAG(s) 'hybrid_lakehouse_daily_pipeline' retrieved from /opt/airflow/dags/lakehouse_pipeline.py
[2026-08-31T11:36:31.767+0000] {logging_mixin.py:188} INFO - [2026-08-31T11:36:31.767+0000] {dag.py:3089} INFO - Sync 1 DAGs
[2026-08-31T11:36:31.785+0000] {logging_mixin.py:188} INFO - [2026-08-31T11:36:31.784+0000] {dag.py:3947} INFO - Setting next_dagrun for hybrid_lakehouse_daily_pipeline to 2026-08-31 02:00:00+00:00, run_after=2026-09-01 02:00:00+00:00
[2026-08-31T11:36:31.801+0000] {processor.py:183} INFO - Processing /opt/airflow/dags/lakehouse_pipeline.py took 0.150 seconds
[2026-08-31T11:37:02.042+0000] {processor.py:161} INFO - Started process (PID=2409) to work on /opt/airflow/dags/lakehouse_pipeline.py
[2026-08-31T11:37:02.042+0000] {processor.py:830} INFO - Processing file /opt/airflow/dags/lakehouse_pipeline.py for tasks to queue
[2026-08-31T11:37:02.045+0000] {logging_mixin.py:188} INFO - [2026-08-31T11:37:02.044+0000] {dagbag.py:545} INFO - Filling up the DagBag from /opt/airflow/dags/lakehouse_pipeline.py
[2026-08-31T11:37:02.068+0000] {processor.py:840} INFO - DAG(s) 'hybrid_lakehouse_daily_pipeline' retrieved from /opt/airflow/dags/lakehouse_pipeline.py
[2026-08-31T11:37:02.165+0000] {logging_mixin.py:188} INFO - [2026-08-31T11:37:02.165+0000] {dag.py:3089} INFO - Sync 1 DAGs
[2026-08-31T11:37:02.188+0000] {logging_mixin.py:188} INFO - [2026-08-31T11:37:02.188+0000] {dag.py:3947} INFO - Setting next_dagrun for hybrid_lakehouse_daily_pipeline to 2026-08-31 02:00:00+00:00, run_after=2026-09-01 02:00:00+00:00
[2026-08-31T11:37:02.213+0000] {processor.py:183} INFO - Processing /opt/airflow/dags/lakehouse_pipeline.py took 0.177 seconds
[2026-08-31T11:37:32.459+0000] {processor.py:161} INFO - Started process (PID=2424) to work on /opt/airflow/dags/lakehouse_pipeline.py
[2026-08-31T11:37:32.460+0000] {processor.py:830} INFO - Processing file /opt/airflow/dags/lakehouse_pipeline.py for tasks to queue
[2026-08-31T11:37:32.461+0000] {logging_mixin.py:188} INFO - [2026-08-31T11:37:32.461+0000] {dagbag.py:545} INFO - Filling up the DagBag from /opt/airflow/dags/lakehouse_pipeline.py
[2026-08-31T11:37:32.480+0000] {processor.py:840} INFO - DAG(s) 'hybrid_lakehouse_daily_pipeline' retrieved from /opt/airflow/dags/lakehouse_pipeline.py
[2026-08-31T11:37:32.586+0000] {logging_mixin.py:188} INFO - [2026-08-31T11:37:32.585+0000] {dag.py:3089} INFO - Sync 1 DAGs
[2026-08-31T11:37:32.604+0000] {logging_mixin.py:188} INFO - [2026-08-31T11:37:32.604+0000] {dag.py:3947} INFO - Setting next_dagrun for hybrid_lakehouse_daily_pipeline to 2026-08-31 02:00:00+00:00, run_after=2026-09-01 02:00:00+00:00
[2026-08-31T11:37:32.623+0000] {processor.py:183} INFO - Processing /opt/airflow/dags/lakehouse_pipeline.py took 0.171 seconds
[2026-08-31T11:38:02.853+0000] {processor.py:161} INFO - Started process (PID=2439) to work on /opt/airflow/dags/lakehouse_pipeline.py
[2026-08-31T11:38:02.853+0000] {processor.py:830} INFO - Processing file /opt/airflow/dags/lakehouse_pipeline.py for tasks to queue
[2026-08-31T11:38:02.855+0000] {logging_mixin.py:188} INFO - [2026-08-31T11:38:02.855+0000] {dagbag.py:545} INFO - Filling up the DagBag from /opt/airflow/dags/lakehouse_pipeline.py
[2026-08-31T11:38:02.873+0000] {processor.py:840} INFO - DAG(s) 'hybrid_lakehouse_daily_pipeline' retrieved from /opt/airflow/dags/lakehouse_pipeline.py
[2026-08-31T11:38:02.955+0000] {logging_mixin.py:188} INFO - [2026-08-31T11:38:02.955+0000] {dag.py:3089} INFO - Sync 1 DAGs
[2026-08-31T11:38:02.971+0000] {logging_mixin.py:188} INFO - [2026-08-31T11:38:02.971+0000] {dag.py:3947} INFO - Setting next_dagrun for hybrid_lakehouse_daily_pipeline to 2026-08-31 02:00:00+00:00, run_after=2026-09-01 02:00:00+00:00
[2026-08-31T11:38:02.989+0000] {processor.py:183} INFO - Processing /opt/airflow/dags/lakehouse_pipeline.py took 0.141 seconds
[2026-08-31T11:38:33.245+0000] {processor.py:161} INFO - Started process (PID=2454) to work on /opt/airflow/dags/lakehouse_pipeline.py
[2026-08-31T11:38:33.246+0000] {processor.py:830} INFO - Processing file /opt/airflow/dags/lakehouse_pipeline.py for tasks to queue
[2026-08-31T11:38:33.249+0000] {logging_mixin.py:188} INFO - [2026-08-31T11:38:33.248+0000] {dagbag.py:545} INFO - Filling up the DagBag from /opt/airflow/dags/lakehouse_pipeline.py
[2026-08-31T11:38:33.273+0000] {processor.py:840} INFO - DAG(s) 'hybrid_lakehouse_daily_pipeline' retrieved from /opt/airflow/dags/lakehouse_pipeline.py
[2026-08-31T11:38:33.404+0000] {logging_mixin.py:188} INFO - [2026-08-31T11:38:33.404+0000] {dag.py:3089} INFO - Sync 1 DAGs
[2026-08-31T11:38:33.425+0000] {logging_mixin.py:188} INFO - [2026-08-31T11:38:33.425+0000] {dag.py:3947} INFO - Setting next_dagrun for hybrid_lakehouse_daily_pipeline to 2026-08-31 02:00:00+00:00, run_after=2026-09-01 02:00:00+00:00
[2026-08-31T11:38:33.449+0000] {processor.py:183} INFO - Processing /opt/airflow/dags/lakehouse_pipeline.py took 0.210 seconds
[2026-08-31T11:39:03.742+0000] {processor.py:161} INFO - Started process (PID=2469) to work on /opt/airflow/dags/lakehouse_pipeline.py
[2026-08-31T11:39:03.742+0000] {processor.py:830} INFO - Processing file /opt/airflow/dags/lakehouse_pipeline.py for tasks to queue
[2026-08-31T11:39:03.744+0000] {logging_mixin.py:188} INFO - [2026-08-31T11:39:03.744+0000] {dagbag.py:545} INFO - Filling up the DagBag from /opt/airflow/dags/lakehouse_pipeline.py
[2026-08-31T11:39:03.763+0000] {processor.py:840} INFO - DAG(s) 'hybrid_lakehouse_daily_pipeline' retrieved from /opt/airflow/dags/lakehouse_pipeline.py
[2026-08-31T11:39:03.858+0000] {logging_mixin.py:188} INFO - [2026-08-31T11:39:03.858+0000] {dag.py:3089} INFO - Sync 1 DAGs
[2026-08-31T11:39:03.875+0000] {logging_mixin.py:188} INFO - [2026-08-31T11:39:03.875+0000] {dag.py:3947} INFO - Setting next_dagrun for hybrid_lakehouse_daily_pipeline to 2026-08-31 02:00:00+00:00, run_after=2026-09-01 02:00:00+00:00
[2026-08-31T11:39:03.895+0000] {processor.py:183} INFO - Processing /opt/airflow/dags/lakehouse_pipeline.py took 0.159 seconds
[2026-08-31T11:39:34.131+0000] {processor.py:161} INFO - Started process (PID=2484) to work on /opt/airflow/dags/lakehouse_pipeline.py
[2026-08-31T11:39:34.132+0000] {processor.py:830} INFO - Processing file /opt/airflow/dags/lakehouse_pipeline.py for tasks to queue
[2026-08-31T11:39:34.134+0000] {logging_mixin.py:188} INFO - [2026-08-31T11:39:34.133+0000] {dagbag.py:545} INFO - Filling up the DagBag from /opt/airflow/dags/lakehouse_pipeline.py
[2026-08-31T11:39:34.152+0000] {processor.py:840} INFO - DAG(s) 'hybrid_lakehouse_daily_pipeline' retrieved from /opt/airflow/dags/lakehouse_pipeline.py
[2026-08-31T11:39:34.239+0000] {logging_mixin.py:188} INFO - [2026-08-31T11:39:34.239+0000] {dag.py:3089} INFO - Sync 1 DAGs
[2026-08-31T11:39:34.258+0000] {logging_mixin.py:188} INFO - [2026-08-31T11:39:34.257+0000] {dag.py:3947} INFO - Setting next_dagrun for hybrid_lakehouse_daily_pipeline to 2026-08-31 02:00:00+00:00, run_after=2026-09-01 02:00:00+00:00
[2026-08-31T11:39:34.278+0000] {processor.py:183} INFO - Processing /opt/airflow/dags/lakehouse_pipeline.py took 0.151 seconds
[2026-08-31T11:40:04.529+0000] {processor.py:161} INFO - Started process (PID=2499) to work on /opt/airflow/dags/lakehouse_pipeline.py
[2026-08-31T11:40:04.530+0000] {processor.py:830} INFO - Processing file /opt/airflow/dags/lakehouse_pipeline.py for tasks to queue
[2026-08-31T11:40:04.532+0000] {logging_mixin.py:188} INFO - [2026-08-31T11:40:04.532+0000] {dagbag.py:545} INFO - Filling up the DagBag from /opt/airflow/dags/lakehouse_pipeline.py
[2026-08-31T11:40:04.558+0000] {processor.py:840} INFO - DAG(s) 'hybrid_lakehouse_daily_pipeline' retrieved from /opt/airflow/dags/lakehouse_pipeline.py
[2026-08-31T11:40:04.654+0000] {logging_mixin.py:188} INFO - [2026-08-31T11:40:04.654+0000] {dag.py:3089} INFO - Sync 1 DAGs
[2026-08-31T11:40:04.673+0000] {logging_mixin.py:188} INFO - [2026-08-31T11:40:04.673+0000] {dag.py:3947} INFO - Setting next_dagrun for hybrid_lakehouse_daily_pipeline to 2026-08-31 02:00:00+00:00, run_after=2026-09-01 02:00:00+00:00
[2026-08-31T11:40:04.693+0000] {processor.py:183} INFO - Processing /opt/airflow/dags/lakehouse_pipeline.py took 0.169 seconds
[2026-08-31T11:40:34.945+0000] {processor.py:161} INFO - Started process (PID=2514) to work on /opt/airflow/dags/lakehouse_pipeline.py
[2026-08-31T11:40:34.946+0000] {processor.py:830} INFO - Processing file /opt/airflow/dags/lakehouse_pipeline.py for tasks to queue
[2026-08-31T11:40:34.948+0000] {logging_mixin.py:188} INFO - [2026-08-31T11:40:34.948+0000] {dagbag.py:545} INFO - Filling up the DagBag from /opt/airflow/dags/lakehouse_pipeline.py
[2026-08-31T11:40:34.973+0000] {processor.py:840} INFO - DAG(s) 'hybrid_lakehouse_daily_pipeline' retrieved from /opt/airflow/dags/lakehouse_pipeline.py
[2026-08-31T11:40:35.087+0000] {logging_mixin.py:188} INFO - [2026-08-31T11:40:35.087+0000] {dag.py:3089} INFO - Sync 1 DAGs
[2026-08-31T11:40:35.108+0000] {logging_mixin.py:188} INFO - [2026-08-31T11:40:35.107+0000] {dag.py:3947} INFO - Setting next_dagrun for hybrid_lakehouse_daily_pipeline to 2026-08-31 02:00:00+00:00, run_after=2026-09-01 02:00:00+00:00
[2026-08-31T11:40:35.128+0000] {processor.py:183} INFO - Processing /opt/airflow/dags/lakehouse_pipeline.py took 0.188 seconds
[2026-08-31T11:41:05.389+0000] {processor.py:161} INFO - Started process (PID=2529) to work on /opt/airflow/dags/lakehouse_pipeline.py
[2026-08-31T11:41:05.391+0000] {processor.py:830} INFO - Processing file /opt/airflow/dags/lakehouse_pipeline.py for tasks to queue
[2026-08-31T11:41:05.395+0000] {logging_mixin.py:188} INFO - [2026-08-31T11:41:05.394+0000] {dagbag.py:545} INFO - Filling up the DagBag from /opt/airflow/dags/lakehouse_pipeline.py
[2026-08-31T11:41:05.444+0000] {processor.py:840} INFO - DAG(s) 'hybrid_lakehouse_daily_pipeline' retrieved from /opt/airflow/dags/lakehouse_pipeline.py
[2026-08-31T11:41:05.597+0000] {logging_mixin.py:188} INFO - [2026-08-31T11:41:05.596+0000] {dag.py:3089} INFO - Sync 1 DAGs
[2026-08-31T11:41:05.617+0000] {logging_mixin.py:188} INFO - [2026-08-31T11:41:05.616+0000] {dag.py:3947} INFO - Setting next_dagrun for hybrid_lakehouse_daily_pipeline to 2026-08-31 02:00:00+00:00, run_after=2026-09-01 02:00:00+00:00
[2026-08-31T11:41:05.637+0000] {processor.py:183} INFO - Processing /opt/airflow/dags/lakehouse_pipeline.py took 0.260 seconds
[2026-08-31T11:41:35.892+0000] {processor.py:161} INFO - Started process (PID=2544) to work on /opt/airflow/dags/lakehouse_pipeline.py
[2026-08-31T11:41:35.893+0000] {processor.py:830} INFO - Processing file /opt/airflow/dags/lakehouse_pipeline.py for tasks to queue
[2026-08-31T11:41:35.895+0000] {logging_mixin.py:188} INFO - [2026-08-31T11:41:35.895+0000] {dagbag.py:545} INFO - Filling up the DagBag from /opt/airflow/dags/lakehouse_pipeline.py
[2026-08-31T11:41:35.922+0000] {processor.py:840} INFO - DAG(s) 'hybrid_lakehouse_daily_pipeline' retrieved from /opt/airflow/dags/lakehouse_pipeline.py
[2026-08-31T11:41:36.028+0000] {logging_mixin.py:188} INFO - [2026-08-31T11:41:36.027+0000] {dag.py:3089} INFO - Sync 1 DAGs
[2026-08-31T11:41:36.049+0000] {logging_mixin.py:188} INFO - [2026-08-31T11:41:36.049+0000] {dag.py:3947} INFO - Setting next_dagrun for hybrid_lakehouse_daily_pipeline to 2026-08-31 02:00:00+00:00, run_after=2026-09-01 02:00:00+00:00
[2026-08-31T11:41:36.073+0000] {processor.py:183} INFO - Processing /opt/airflow/dags/lakehouse_pipeline.py took 0.187 seconds
[2026-08-31T11:42:06.329+0000] {processor.py:161} INFO - Started process (PID=2559) to work on /opt/airflow/dags/lakehouse_pipeline.py
[2026-08-31T11:42:06.330+0000] {processor.py:830} INFO - Processing file /opt/airflow/dags/lakehouse_pipeline.py for tasks to queue
[2026-08-31T11:42:06.332+0000] {logging_mixin.py:188} INFO - [2026-08-31T11:42:06.332+0000] {dagbag.py:545} INFO - Filling up the DagBag from /opt/airflow/dags/lakehouse_pipeline.py
[2026-08-31T11:42:06.353+0000] {processor.py:840} INFO - DAG(s) 'hybrid_lakehouse_daily_pipeline' retrieved from /opt/airflow/dags/lakehouse_pipeline.py
[2026-08-31T11:42:06.441+0000] {logging_mixin.py:188} INFO - [2026-08-31T11:42:06.440+0000] {dag.py:3089} INFO - Sync 1 DAGs
[2026-08-31T11:42:06.458+0000] {logging_mixin.py:188} INFO - [2026-08-31T11:42:06.458+0000] {dag.py:3947} INFO - Setting next_dagrun for hybrid_lakehouse_daily_pipeline to 2026-08-31 02:00:00+00:00, run_after=2026-09-01 02:00:00+00:00
[2026-08-31T11:42:06.479+0000] {processor.py:183} INFO - Processing /opt/airflow/dags/lakehouse_pipeline.py took 0.155 seconds
[2026-08-31T11:42:36.750+0000] {processor.py:161} INFO - Started process (PID=2574) to work on /opt/airflow/dags/lakehouse_pipeline.py
[2026-08-31T11:42:36.750+0000] {processor.py:830} INFO - Processing file /opt/airflow/dags/lakehouse_pipeline.py for tasks to queue
[2026-08-31T11:42:36.752+0000] {logging_mixin.py:188} INFO - [2026-08-31T11:42:36.752+0000] {dagbag.py:545} INFO - Filling up the DagBag from /opt/airflow/dags/lakehouse_pipeline.py
[2026-08-31T11:42:36.771+0000] {processor.py:840} INFO - DAG(s) 'hybrid_lakehouse_daily_pipeline' retrieved from /opt/airflow/dags/lakehouse_pipeline.py
[2026-08-31T11:42:36.879+0000] {logging_mixin.py:188} INFO - [2026-08-31T11:42:36.879+0000] {dag.py:3089} INFO - Sync 1 DAGs
[2026-08-31T11:42:36.899+0000] {logging_mixin.py:188} INFO - [2026-08-31T11:42:36.899+0000] {dag.py:3947} INFO - Setting next_dagrun for hybrid_lakehouse_daily_pipeline to 2026-08-31 02:00:00+00:00, run_after=2026-09-01 02:00:00+00:00
[2026-08-31T11:42:36.917+0000] {processor.py:183} INFO - Processing /opt/airflow/dags/lakehouse_pipeline.py took 0.172 seconds
[2026-08-31T11:43:07.175+0000] {processor.py:161} INFO - Started process (PID=2589) to work on /opt/airflow/dags/lakehouse_pipeline.py
[2026-08-31T11:43:07.176+0000] {processor.py:830} INFO - Processing file /opt/airflow/dags/lakehouse_pipeline.py for tasks to queue
[2026-08-31T11:43:07.178+0000] {logging_mixin.py:188} INFO - [2026-08-31T11:43:07.178+0000] {dagbag.py:545} INFO - Filling up the DagBag from /opt/airflow/dags/lakehouse_pipeline.py
[2026-08-31T11:43:07.203+0000] {processor.py:840} INFO - DAG(s) 'hybrid_lakehouse_daily_pipeline' retrieved from /opt/airflow/dags/lakehouse_pipeline.py
[2026-08-31T11:43:07.316+0000] {logging_mixin.py:188} INFO - [2026-08-31T11:43:07.316+0000] {dag.py:3089} INFO - Sync 1 DAGs
[2026-08-31T11:43:07.338+0000] {logging_mixin.py:188} INFO - [2026-08-31T11:43:07.338+0000] {dag.py:3947} INFO - Setting next_dagrun for hybrid_lakehouse_daily_pipeline to 2026-08-31 02:00:00+00:00, run_after=2026-09-01 02:00:00+00:00
[2026-08-31T11:43:07.362+0000] {processor.py:183} INFO - Processing /opt/airflow/dags/lakehouse_pipeline.py took 0.194 seconds
[2026-08-31T11:43:37.636+0000] {processor.py:161} INFO - Started process (PID=2604) to work on /opt/airflow/dags/lakehouse_pipeline.py
[2026-08-31T11:43:37.637+0000] {processor.py:830} INFO - Processing file /opt/airflow/dags/lakehouse_pipeline.py for tasks to queue
[2026-08-31T11:43:37.639+0000] {logging_mixin.py:188} INFO - [2026-08-31T11:43:37.639+0000] {dagbag.py:545} INFO - Filling up the DagBag from /opt/airflow/dags/lakehouse_pipeline.py
[2026-08-31T11:43:37.660+0000] {processor.py:840} INFO - DAG(s) 'hybrid_lakehouse_daily_pipeline' retrieved from /opt/airflow/dags/lakehouse_pipeline.py
[2026-08-31T11:43:37.764+0000] {logging_mixin.py:188} INFO - [2026-08-31T11:43:37.763+0000] {dag.py:3089} INFO - Sync 1 DAGs
[2026-08-31T11:43:37.785+0000] {logging_mixin.py:188} INFO - [2026-08-31T11:43:37.784+0000] {dag.py:3947} INFO - Setting next_dagrun for hybrid_lakehouse_daily_pipeline to 2026-08-31 02:00:00+00:00, run_after=2026-09-01 02:00:00+00:00
[2026-08-31T11:43:37.805+0000] {processor.py:183} INFO - Processing /opt/airflow/dags/lakehouse_pipeline.py took 0.174 seconds
[2026-08-31T11:44:08.090+0000] {processor.py:161} INFO - Started process (PID=2619) to work on /opt/airflow/dags/lakehouse_pipeline.py
[2026-08-31T11:44:08.091+0000] {processor.py:830} INFO - Processing file /opt/airflow/dags/lakehouse_pipeline.py for tasks to queue
[2026-08-31T11:44:08.093+0000] {logging_mixin.py:188} INFO - [2026-08-31T11:44:08.092+0000] {dagbag.py:545} INFO - Filling up the DagBag from /opt/airflow/dags/lakehouse_pipeline.py
[2026-08-31T11:44:08.115+0000] {processor.py:840} INFO - DAG(s) 'hybrid_lakehouse_daily_pipeline' retrieved from /opt/airflow/dags/lakehouse_pipeline.py
[2026-08-31T11:44:08.212+0000] {logging_mixin.py:188} INFO - [2026-08-31T11:44:08.212+0000] {dag.py:3089} INFO - Sync 1 DAGs
[2026-08-31T11:44:08.233+0000] {logging_mixin.py:188} INFO - [2026-08-31T11:44:08.233+0000] {dag.py:3947} INFO - Setting next_dagrun for hybrid_lakehouse_daily_pipeline to 2026-08-31 02:00:00+00:00, run_after=2026-09-01 02:00:00+00:00
[2026-08-31T11:44:08.255+0000] {processor.py:183} INFO - Processing /opt/airflow/dags/lakehouse_pipeline.py took 0.170 seconds
[2026-08-31T11:44:38.512+0000] {processor.py:161} INFO - Started process (PID=2634) to work on /opt/airflow/dags/lakehouse_pipeline.py
[2026-08-31T11:44:38.513+0000] {processor.py:830} INFO - Processing file /opt/airflow/dags/lakehouse_pipeline.py for tasks to queue
[2026-08-31T11:44:38.515+0000] {logging_mixin.py:188} INFO - [2026-08-31T11:44:38.515+0000] {dagbag.py:545} INFO - Filling up the DagBag from /opt/airflow/dags/lakehouse_pipeline.py
[2026-08-31T11:44:38.539+0000] {processor.py:840} INFO - DAG(s) 'hybrid_lakehouse_daily_pipeline' retrieved from /opt/airflow/dags/lakehouse_pipeline.py
[2026-08-31T11:44:38.657+0000] {logging_mixin.py:188} INFO - [2026-08-31T11:44:38.657+0000] {dag.py:3089} INFO - Sync 1 DAGs
[2026-08-31T11:44:38.686+0000] {logging_mixin.py:188} INFO - [2026-08-31T11:44:38.686+0000] {dag.py:3947} INFO - Setting next_dagrun for hybrid_lakehouse_daily_pipeline to 2026-08-31 02:00:00+00:00, run_after=2026-09-01 02:00:00+00:00
[2026-08-31T11:44:38.714+0000] {processor.py:183} INFO - Processing /opt/airflow/dags/lakehouse_pipeline.py took 0.208 seconds
[2026-08-31T11:45:08.969+0000] {processor.py:161} INFO - Started process (PID=2649) to work on /opt/airflow/dags/lakehouse_pipeline.py
[2026-08-31T11:45:08.970+0000] {processor.py:830} INFO - Processing file /opt/airflow/dags/lakehouse_pipeline.py for tasks to queue
[2026-08-31T11:45:08.972+0000] {logging_mixin.py:188} INFO - [2026-08-31T11:45:08.972+0000] {dagbag.py:545} INFO - Filling up the DagBag from /opt/airflow/dags/lakehouse_pipeline.py
[2026-08-31T11:45:08.998+0000] {processor.py:840} INFO - DAG(s) 'hybrid_lakehouse_daily_pipeline' retrieved from /opt/airflow/dags/lakehouse_pipeline.py
[2026-08-31T11:45:09.095+0000] {logging_mixin.py:188} INFO - [2026-08-31T11:45:09.095+0000] {dag.py:3089} INFO - Sync 1 DAGs
[2026-08-31T11:45:09.114+0000] {logging_mixin.py:188} INFO - [2026-08-31T11:45:09.114+0000] {dag.py:3947} INFO - Setting next_dagrun for hybrid_lakehouse_daily_pipeline to 2026-08-31 02:00:00+00:00, run_after=2026-09-01 02:00:00+00:00
[2026-08-31T11:45:09.136+0000] {processor.py:183} INFO - Processing /opt/airflow/dags/lakehouse_pipeline.py took 0.173 seconds
[2026-08-31T11:45:39.369+0000] {processor.py:161} INFO - Started process (PID=2664) to work on /opt/airflow/dags/lakehouse_pipeline.py
[2026-08-31T11:45:39.369+0000] {processor.py:830} INFO - Processing file /opt/airflow/dags/lakehouse_pipeline.py for tasks to queue
[2026-08-31T11:45:39.371+0000] {logging_mixin.py:188} INFO - [2026-08-31T11:45:39.371+0000] {dagbag.py:545} INFO - Filling up the DagBag from /opt/airflow/dags/lakehouse_pipeline.py
[2026-08-31T11:45:39.391+0000] {processor.py:840} INFO - DAG(s) 'hybrid_lakehouse_daily_pipeline' retrieved from /opt/airflow/dags/lakehouse_pipeline.py
[2026-08-31T11:45:39.480+0000] {logging_mixin.py:188} INFO - [2026-08-31T11:45:39.480+0000] {dag.py:3089} INFO - Sync 1 DAGs
[2026-08-31T11:45:39.498+0000] {logging_mixin.py:188} INFO - [2026-08-31T11:45:39.498+0000] {dag.py:3947} INFO - Setting next_dagrun for hybrid_lakehouse_daily_pipeline to 2026-08-31 02:00:00+00:00, run_after=2026-09-01 02:00:00+00:00
[2026-08-31T11:45:39.521+0000] {processor.py:183} INFO - Processing /opt/airflow/dags/lakehouse_pipeline.py took 0.157 seconds
[2026-08-31T11:46:09.773+0000] {processor.py:161} INFO - Started process (PID=2679) to work on /opt/airflow/dags/lakehouse_pipeline.py
[2026-08-31T11:46:09.773+0000] {processor.py:830} INFO - Processing file /opt/airflow/dags/lakehouse_pipeline.py for tasks to queue
[2026-08-31T11:46:09.776+0000] {logging_mixin.py:188} INFO - [2026-08-31T11:46:09.775+0000] {dagbag.py:545} INFO - Filling up the DagBag from /opt/airflow/dags/lakehouse_pipeline.py
[2026-08-31T11:46:09.800+0000] {processor.py:840} INFO - DAG(s) 'hybrid_lakehouse_daily_pipeline' retrieved from /opt/airflow/dags/lakehouse_pipeline.py
[2026-08-31T11:46:09.910+0000] {logging_mixin.py:188} INFO - [2026-08-31T11:46:09.910+0000] {dag.py:3089} INFO - Sync 1 DAGs
[2026-08-31T11:46:09.931+0000] {logging_mixin.py:188} INFO - [2026-08-31T11:46:09.930+0000] {dag.py:3947} INFO - Setting next_dagrun for hybrid_lakehouse_daily_pipeline to 2026-08-31 02:00:00+00:00, run_after=2026-09-01 02:00:00+00:00
[2026-08-31T11:46:09.955+0000] {processor.py:183} INFO - Processing /opt/airflow/dags/lakehouse_pipeline.py took 0.188 seconds
[2026-08-31T11:46:40.225+0000] {processor.py:161} INFO - Started process (PID=2694) to work on /opt/airflow/dags/lakehouse_pipeline.py
[2026-08-31T11:46:40.226+0000] {processor.py:830} INFO - Processing file /opt/airflow/dags/lakehouse_pipeline.py for tasks to queue
[2026-08-31T11:46:40.228+0000] {logging_mixin.py:188} INFO - [2026-08-31T11:46:40.227+0000] {dagbag.py:545} INFO - Filling up the DagBag from /opt/airflow/dags/lakehouse_pipeline.py
[2026-08-31T11:46:40.247+0000] {processor.py:840} INFO - DAG(s) 'hybrid_lakehouse_daily_pipeline' retrieved from /opt/airflow/dags/lakehouse_pipeline.py
[2026-08-31T11:46:40.327+0000] {logging_mixin.py:188} INFO - [2026-08-31T11:46:40.327+0000] {dag.py:3089} INFO - Sync 1 DAGs
[2026-08-31T11:46:40.344+0000] {logging_mixin.py:188} INFO - [2026-08-31T11:46:40.344+0000] {dag.py:3947} INFO - Setting next_dagrun for hybrid_lakehouse_daily_pipeline to 2026-08-31 02:00:00+00:00, run_after=2026-09-01 02:00:00+00:00
[2026-08-31T11:46:40.367+0000] {processor.py:183} INFO - Processing /opt/airflow/dags/lakehouse_pipeline.py took 0.147 seconds
[2026-08-31T11:47:10.651+0000] {processor.py:161} INFO - Started process (PID=2709) to work on /opt/airflow/dags/lakehouse_pipeline.py
[2026-08-31T11:47:10.652+0000] {processor.py:830} INFO - Processing file /opt/airflow/dags/lakehouse_pipeline.py for tasks to queue
[2026-08-31T11:47:10.654+0000] {logging_mixin.py:188} INFO - [2026-08-31T11:47:10.654+0000] {dagbag.py:545} INFO - Filling up the DagBag from /opt/airflow/dags/lakehouse_pipeline.py
[2026-08-31T11:47:10.673+0000] {processor.py:840} INFO - DAG(s) 'hybrid_lakehouse_daily_pipeline' retrieved from /opt/airflow/dags/lakehouse_pipeline.py
[2026-08-31T11:47:10.756+0000] {logging_mixin.py:188} INFO - [2026-08-31T11:47:10.756+0000] {dag.py:3089} INFO - Sync 1 DAGs
[2026-08-31T11:47:10.777+0000] {logging_mixin.py:188} INFO - [2026-08-31T11:47:10.777+0000] {dag.py:3947} INFO - Setting next_dagrun for hybrid_lakehouse_daily_pipeline to 2026-08-31 02:00:00+00:00, run_after=2026-09-01 02:00:00+00:00
[2026-08-31T11:47:10.797+0000] {processor.py:183} INFO - Processing /opt/airflow/dags/lakehouse_pipeline.py took 0.152 seconds
[2026-08-31T11:47:41.085+0000] {processor.py:161} INFO - Started process (PID=2724) to work on /opt/airflow/dags/lakehouse_pipeline.py
[2026-08-31T11:47:41.086+0000] {processor.py:830} INFO - Processing file /opt/airflow/dags/lakehouse_pipeline.py for tasks to queue
[2026-08-31T11:47:41.088+0000] {logging_mixin.py:188} INFO - [2026-08-31T11:47:41.088+0000] {dagbag.py:545} INFO - Filling up the DagBag from /opt/airflow/dags/lakehouse_pipeline.py
[2026-08-31T11:47:41.107+0000] {processor.py:840} INFO - DAG(s) 'hybrid_lakehouse_daily_pipeline' retrieved from /opt/airflow/dags/lakehouse_pipeline.py
[2026-08-31T11:47:41.191+0000] {logging_mixin.py:188} INFO - [2026-08-31T11:47:41.191+0000] {dag.py:3089} INFO - Sync 1 DAGs
[2026-08-31T11:47:41.209+0000] {logging_mixin.py:188} INFO - [2026-08-31T11:47:41.209+0000] {dag.py:3947} INFO - Setting next_dagrun for hybrid_lakehouse_daily_pipeline to 2026-08-31 02:00:00+00:00, run_after=2026-09-01 02:00:00+00:00
[2026-08-31T11:47:41.227+0000] {processor.py:183} INFO - Processing /opt/airflow/dags/lakehouse_pipeline.py took 0.146 seconds
[2026-08-31T11:48:11.481+0000] {processor.py:161} INFO - Started process (PID=2739) to work on /opt/airflow/dags/lakehouse_pipeline.py
[2026-08-31T11:48:11.481+0000] {processor.py:830} INFO - Processing file /opt/airflow/dags/lakehouse_pipeline.py for tasks to queue
[2026-08-31T11:48:11.483+0000] {logging_mixin.py:188} INFO - [2026-08-31T11:48:11.483+0000] {dagbag.py:545} INFO - Filling up the DagBag from /opt/airflow/dags/lakehouse_pipeline.py
[2026-08-31T11:48:11.505+0000] {processor.py:840} INFO - DAG(s) 'hybrid_lakehouse_daily_pipeline' retrieved from /opt/airflow/dags/lakehouse_pipeline.py
[2026-08-31T11:48:11.600+0000] {logging_mixin.py:188} INFO - [2026-08-31T11:48:11.600+0000] {dag.py:3089} INFO - Sync 1 DAGs
[2026-08-31T11:48:11.619+0000] {logging_mixin.py:188} INFO - [2026-08-31T11:48:11.618+0000] {dag.py:3947} INFO - Setting next_dagrun for hybrid_lakehouse_daily_pipeline to 2026-08-31 02:00:00+00:00, run_after=2026-09-01 02:00:00+00:00
[2026-08-31T11:48:11.637+0000] {processor.py:183} INFO - Processing /opt/airflow/dags/lakehouse_pipeline.py took 0.162 seconds
[2026-08-31T11:48:41.898+0000] {processor.py:161} INFO - Started process (PID=2754) to work on /opt/airflow/dags/lakehouse_pipeline.py
[2026-08-31T11:48:41.899+0000] {processor.py:830} INFO - Processing file /opt/airflow/dags/lakehouse_pipeline.py for tasks to queue
[2026-08-31T11:48:41.901+0000] {logging_mixin.py:188} INFO - [2026-08-31T11:48:41.901+0000] {dagbag.py:545} INFO - Filling up the DagBag from /opt/airflow/dags/lakehouse_pipeline.py
[2026-08-31T11:48:41.920+0000] {processor.py:840} INFO - DAG(s) 'hybrid_lakehouse_daily_pipeline' retrieved from /opt/airflow/dags/lakehouse_pipeline.py
[2026-08-31T11:48:42.003+0000] {logging_mixin.py:188} INFO - [2026-08-31T11:48:42.003+0000] {dag.py:3089} INFO - Sync 1 DAGs
[2026-08-31T11:48:42.019+0000] {logging_mixin.py:188} INFO - [2026-08-31T11:48:42.019+0000] {dag.py:3947} INFO - Setting next_dagrun for hybrid_lakehouse_daily_pipeline to 2026-08-31 02:00:00+00:00, run_after=2026-09-01 02:00:00+00:00
[2026-08-31T11:48:42.035+0000] {processor.py:183} INFO - Processing /opt/airflow/dags/lakehouse_pipeline.py took 0.141 seconds
[2026-08-31T11:49:12.356+0000] {processor.py:161} INFO - Started process (PID=2769) to work on /opt/airflow/dags/lakehouse_pipeline.py
[2026-08-31T11:49:12.357+0000] {processor.py:830} INFO - Processing file /opt/airflow/dags/lakehouse_pipeline.py for tasks to queue
[2026-08-31T11:49:12.359+0000] {logging_mixin.py:188} INFO - [2026-08-31T11:49:12.359+0000] {dagbag.py:545} INFO - Filling up the DagBag from /opt/airflow/dags/lakehouse_pipeline.py
[2026-08-31T11:49:12.378+0000] {processor.py:840} INFO - DAG(s) 'hybrid_lakehouse_daily_pipeline' retrieved from /opt/airflow/dags/lakehouse_pipeline.py
[2026-08-31T11:49:12.462+0000] {logging_mixin.py:188} INFO - [2026-08-31T11:49:12.462+0000] {dag.py:3089} INFO - Sync 1 DAGs
[2026-08-31T11:49:12.480+0000] {logging_mixin.py:188} INFO - [2026-08-31T11:49:12.479+0000] {dag.py:3947} INFO - Setting next_dagrun for hybrid_lakehouse_daily_pipeline to 2026-08-31 02:00:00+00:00, run_after=2026-09-01 02:00:00+00:00
[2026-08-31T11:49:12.499+0000] {processor.py:183} INFO - Processing /opt/airflow/dags/lakehouse_pipeline.py took 0.148 seconds
[2026-08-31T11:49:42.775+0000] {processor.py:161} INFO - Started process (PID=2784) to work on /opt/airflow/dags/lakehouse_pipeline.py
[2026-08-31T11:49:42.776+0000] {processor.py:830} INFO - Processing file /opt/airflow/dags/lakehouse_pipeline.py for tasks to queue
[2026-08-31T11:49:42.777+0000] {logging_mixin.py:188} INFO - [2026-08-31T11:49:42.777+0000] {dagbag.py:545} INFO - Filling up the DagBag from /opt/airflow/dags/lakehouse_pipeline.py
[2026-08-31T11:49:42.796+0000] {processor.py:840} INFO - DAG(s) 'hybrid_lakehouse_daily_pipeline' retrieved from /opt/airflow/dags/lakehouse_pipeline.py
[2026-08-31T11:49:42.879+0000] {logging_mixin.py:188} INFO - [2026-08-31T11:49:42.878+0000] {dag.py:3089} INFO - Sync 1 DAGs
[2026-08-31T11:49:42.896+0000] {logging_mixin.py:188} INFO - [2026-08-31T11:49:42.895+0000] {dag.py:3947} INFO - Setting next_dagrun for hybrid_lakehouse_daily_pipeline to 2026-08-31 02:00:00+00:00, run_after=2026-09-01 02:00:00+00:00
[2026-08-31T11:49:42.915+0000] {processor.py:183} INFO - Processing /opt/airflow/dags/lakehouse_pipeline.py took 0.144 seconds
[2026-08-31T11:50:13.176+0000] {processor.py:161} INFO - Started process (PID=2799) to work on /opt/airflow/dags/lakehouse_pipeline.py
[2026-08-31T11:50:13.176+0000] {processor.py:830} INFO - Processing file /opt/airflow/dags/lakehouse_pipeline.py for tasks to queue
[2026-08-31T11:50:13.178+0000] {logging_mixin.py:188} INFO - [2026-08-31T11:50:13.178+0000] {dagbag.py:545} INFO - Filling up the DagBag from /opt/airflow/dags/lakehouse_pipeline.py
[2026-08-31T11:50:13.198+0000] {processor.py:840} INFO - DAG(s) 'hybrid_lakehouse_daily_pipeline' retrieved from /opt/airflow/dags/lakehouse_pipeline.py
[2026-08-31T11:50:13.281+0000] {logging_mixin.py:188} INFO - [2026-08-31T11:50:13.281+0000] {dag.py:3089} INFO - Sync 1 DAGs
[2026-08-31T11:50:13.301+0000] {logging_mixin.py:188} INFO - [2026-08-31T11:50:13.301+0000] {dag.py:3947} INFO - Setting next_dagrun for hybrid_lakehouse_daily_pipeline to 2026-08-31 02:00:00+00:00, run_after=2026-09-01 02:00:00+00:00
[2026-08-31T11:50:13.325+0000] {processor.py:183} INFO - Processing /opt/airflow/dags/lakehouse_pipeline.py took 0.155 seconds
[2026-08-31T11:50:43.603+0000] {processor.py:161} INFO - Started process (PID=2814) to work on /opt/airflow/dags/lakehouse_pipeline.py
[2026-08-31T11:50:43.604+0000] {processor.py:830} INFO - Processing file /opt/airflow/dags/lakehouse_pipeline.py for tasks to queue
[2026-08-31T11:50:43.607+0000] {logging_mixin.py:188} INFO - [2026-08-31T11:50:43.607+0000] {dagbag.py:545} INFO - Filling up the DagBag from /opt/airflow/dags/lakehouse_pipeline.py
[2026-08-31T11:50:43.630+0000] {processor.py:840} INFO - DAG(s) 'hybrid_lakehouse_daily_pipeline' retrieved from /opt/airflow/dags/lakehouse_pipeline.py
[2026-08-31T11:50:43.715+0000] {logging_mixin.py:188} INFO - [2026-08-31T11:50:43.715+0000] {dag.py:3089} INFO - Sync 1 DAGs
[2026-08-31T11:50:43.731+0000] {logging_mixin.py:188} INFO - [2026-08-31T11:50:43.731+0000] {dag.py:3947} INFO - Setting next_dagrun for hybrid_lakehouse_daily_pipeline to 2026-08-31 02:00:00+00:00, run_after=2026-09-01 02:00:00+00:00
[2026-08-31T11:50:43.751+0000] {processor.py:183} INFO - Processing /opt/airflow/dags/lakehouse_pipeline.py took 0.154 seconds
[2026-08-31T11:51:14.016+0000] {processor.py:161} INFO - Started process (PID=2829) to work on /opt/airflow/dags/lakehouse_pipeline.py
[2026-08-31T11:51:14.017+0000] {processor.py:830} INFO - Processing file /opt/airflow/dags/lakehouse_pipeline.py for tasks to queue
[2026-08-31T11:51:14.019+0000] {logging_mixin.py:188} INFO - [2026-08-31T11:51:14.019+0000] {dagbag.py:545} INFO - Filling up the DagBag from /opt/airflow/dags/lakehouse_pipeline.py
[2026-08-31T11:51:14.044+0000] {processor.py:840} INFO - DAG(s) 'hybrid_lakehouse_daily_pipeline' retrieved from /opt/airflow/dags/lakehouse_pipeline.py
[2026-08-31T11:51:14.136+0000] {logging_mixin.py:188} INFO - [2026-08-31T11:51:14.136+0000] {dag.py:3089} INFO - Sync 1 DAGs
[2026-08-31T11:51:14.153+0000] {logging_mixin.py:188} INFO - [2026-08-31T11:51:14.153+0000] {dag.py:3947} INFO - Setting next_dagrun for hybrid_lakehouse_daily_pipeline to 2026-08-31 02:00:00+00:00, run_after=2026-09-01 02:00:00+00:00
[2026-08-31T11:51:14.173+0000] {processor.py:183} INFO - Processing /opt/airflow/dags/lakehouse_pipeline.py took 0.162 seconds
[2026-08-31T11:51:44.464+0000] {processor.py:161} INFO - Started process (PID=2844) to work on /opt/airflow/dags/lakehouse_pipeline.py
[2026-08-31T11:51:44.465+0000] {processor.py:830} INFO - Processing file /opt/airflow/dags/lakehouse_pipeline.py for tasks to queue
[2026-08-31T11:51:44.468+0000] {logging_mixin.py:188} INFO - [2026-08-31T11:51:44.467+0000] {dagbag.py:545} INFO - Filling up the DagBag from /opt/airflow/dags/lakehouse_pipeline.py
[2026-08-31T11:51:44.493+0000] {processor.py:840} INFO - DAG(s) 'hybrid_lakehouse_daily_pipeline' retrieved from /opt/airflow/dags/lakehouse_pipeline.py
[2026-08-31T11:51:44.616+0000] {logging_mixin.py:188} INFO - [2026-08-31T11:51:44.616+0000] {dag.py:3089} INFO - Sync 1 DAGs
[2026-08-31T11:51:44.635+0000] {logging_mixin.py:188} INFO - [2026-08-31T11:51:44.635+0000] {dag.py:3947} INFO - Setting next_dagrun for hybrid_lakehouse_daily_pipeline to 2026-08-31 02:00:00+00:00, run_after=2026-09-01 02:00:00+00:00
[2026-08-31T11:51:44.655+0000] {processor.py:183} INFO - Processing /opt/airflow/dags/lakehouse_pipeline.py took 0.197 seconds
[2026-08-31T11:52:14.903+0000] {processor.py:161} INFO - Started process (PID=2859) to work on /opt/airflow/dags/lakehouse_pipeline.py
[2026-08-31T11:52:14.904+0000] {processor.py:830} INFO - Processing file /opt/airflow/dags/lakehouse_pipeline.py for tasks to queue
[2026-08-31T11:52:14.906+0000] {logging_mixin.py:188} INFO - [2026-08-31T11:52:14.906+0000] {dagbag.py:545} INFO - Filling up the DagBag from /opt/airflow/dags/lakehouse_pipeline.py
[2026-08-31T11:52:14.926+0000] {processor.py:840} INFO - DAG(s) 'hybrid_lakehouse_daily_pipeline' retrieved from /opt/airflow/dags/lakehouse_pipeline.py
[2026-08-31T11:52:15.020+0000] {logging_mixin.py:188} INFO - [2026-08-31T11:52:15.020+0000] {dag.py:3089} INFO - Sync 1 DAGs
[2026-08-31T11:52:15.041+0000] {logging_mixin.py:188} INFO - [2026-08-31T11:52:15.041+0000] {dag.py:3947} INFO - Setting next_dagrun for hybrid_lakehouse_daily_pipeline to 2026-08-31 02:00:00+00:00, run_after=2026-09-01 02:00:00+00:00
[2026-08-31T11:52:15.062+0000] {processor.py:183} INFO - Processing /opt/airflow/dags/lakehouse_pipeline.py took 0.163 seconds
[2026-08-31T11:52:45.325+0000] {processor.py:161} INFO - Started process (PID=2874) to work on /opt/airflow/dags/lakehouse_pipeline.py
[2026-08-31T11:52:45.326+0000] {processor.py:830} INFO - Processing file /opt/airflow/dags/lakehouse_pipeline.py for tasks to queue
[2026-08-31T11:52:45.328+0000] {logging_mixin.py:188} INFO - [2026-08-31T11:52:45.327+0000] {dagbag.py:545} INFO - Filling up the DagBag from /opt/airflow/dags/lakehouse_pipeline.py
[2026-08-31T11:52:45.348+0000] {processor.py:840} INFO - DAG(s) 'hybrid_lakehouse_daily_pipeline' retrieved from /opt/airflow/dags/lakehouse_pipeline.py
[2026-08-31T11:52:45.457+0000] {logging_mixin.py:188} INFO - [2026-08-31T11:52:45.457+0000] {dag.py:3089} INFO - Sync 1 DAGs
[2026-08-31T11:52:45.482+0000] {logging_mixin.py:188} INFO - [2026-08-31T11:52:45.481+0000] {dag.py:3947} INFO - Setting next_dagrun for hybrid_lakehouse_daily_pipeline to 2026-08-31 02:00:00+00:00, run_after=2026-09-01 02:00:00+00:00
[2026-08-31T11:52:45.507+0000] {processor.py:183} INFO - Processing /opt/airflow/dags/lakehouse_pipeline.py took 0.188 seconds
[2026-08-31T11:53:15.765+0000] {processor.py:161} INFO - Started process (PID=2889) to work on /opt/airflow/dags/lakehouse_pipeline.py
[2026-08-31T11:53:15.767+0000] {processor.py:830} INFO - Processing file /opt/airflow/dags/lakehouse_pipeline.py for tasks to queue
[2026-08-31T11:53:15.769+0000] {logging_mixin.py:188} INFO - [2026-08-31T11:53:15.768+0000] {dagbag.py:545} INFO - Filling up the DagBag from /opt/airflow/dags/lakehouse_pipeline.py
[2026-08-31T11:53:15.796+0000] {processor.py:840} INFO - DAG(s) 'hybrid_lakehouse_daily_pipeline' retrieved from /opt/airflow/dags/lakehouse_pipeline.py
[2026-08-31T11:53:15.954+0000] {logging_mixin.py:188} INFO - [2026-08-31T11:53:15.954+0000] {dag.py:3089} INFO - Sync 1 DAGs
[2026-08-31T11:53:15.994+0000] {logging_mixin.py:188} INFO - [2026-08-31T11:53:15.993+0000] {dag.py:3947} INFO - Setting next_dagrun for hybrid_lakehouse_daily_pipeline to 2026-08-31 02:00:00+00:00, run_after=2026-09-01 02:00:00+00:00
[2026-08-31T11:53:16.014+0000] {processor.py:183} INFO - Processing /opt/airflow/dags/lakehouse_pipeline.py took 0.256 seconds
[2026-08-31T11:53:46.270+0000] {processor.py:161} INFO - Started process (PID=2904) to work on /opt/airflow/dags/lakehouse_pipeline.py
[2026-08-31T11:53:46.271+0000] {processor.py:830} INFO - Processing file /opt/airflow/dags/lakehouse_pipeline.py for tasks to queue
[2026-08-31T11:53:46.274+0000] {logging_mixin.py:188} INFO - [2026-08-31T11:53:46.273+0000] {dagbag.py:545} INFO - Filling up the DagBag from /opt/airflow/dags/lakehouse_pipeline.py
[2026-08-31T11:53:46.297+0000] {processor.py:840} INFO - DAG(s) 'hybrid_lakehouse_daily_pipeline' retrieved from /opt/airflow/dags/lakehouse_pipeline.py
[2026-08-31T11:53:46.416+0000] {logging_mixin.py:188} INFO - [2026-08-31T11:53:46.415+0000] {dag.py:3089} INFO - Sync 1 DAGs
[2026-08-31T11:53:46.438+0000] {logging_mixin.py:188} INFO - [2026-08-31T11:53:46.437+0000] {dag.py:3947} INFO - Setting next_dagrun for hybrid_lakehouse_daily_pipeline to 2026-08-31 02:00:00+00:00, run_after=2026-09-01 02:00:00+00:00
[2026-08-31T11:53:46.457+0000] {processor.py:183} INFO - Processing /opt/airflow/dags/lakehouse_pipeline.py took 0.195 seconds
[2026-08-31T11:54:16.730+0000] {processor.py:161} INFO - Started process (PID=2919) to work on /opt/airflow/dags/lakehouse_pipeline.py
[2026-08-31T11:54:16.732+0000] {processor.py:830} INFO - Processing file /opt/airflow/dags/lakehouse_pipeline.py for tasks to queue
[2026-08-31T11:54:16.733+0000] {logging_mixin.py:188} INFO - [2026-08-31T11:54:16.733+0000] {dagbag.py:545} INFO - Filling up the DagBag from /opt/airflow/dags/lakehouse_pipeline.py
[2026-08-31T11:54:16.753+0000] {processor.py:840} INFO - DAG(s) 'hybrid_lakehouse_daily_pipeline' retrieved from /opt/airflow/dags/lakehouse_pipeline.py
[2026-08-31T11:54:16.856+0000] {logging_mixin.py:188} INFO - [2026-08-31T11:54:16.856+0000] {dag.py:3089} INFO - Sync 1 DAGs
[2026-08-31T11:54:16.873+0000] {logging_mixin.py:188} INFO - [2026-08-31T11:54:16.873+0000] {dag.py:3947} INFO - Setting next_dagrun for hybrid_lakehouse_daily_pipeline to 2026-08-31 02:00:00+00:00, run_after=2026-09-01 02:00:00+00:00
[2026-08-31T11:54:16.893+0000] {processor.py:183} INFO - Processing /opt/airflow/dags/lakehouse_pipeline.py took 0.167 seconds
[2026-08-31T11:54:47.145+0000] {processor.py:161} INFO - Started process (PID=2934) to work on /opt/airflow/dags/lakehouse_pipeline.py
[2026-08-31T11:54:47.147+0000] {processor.py:830} INFO - Processing file /opt/airflow/dags/lakehouse_pipeline.py for tasks to queue
[2026-08-31T11:54:47.150+0000] {logging_mixin.py:188} INFO - [2026-08-31T11:54:47.149+0000] {dagbag.py:545} INFO - Filling up the DagBag from /opt/airflow/dags/lakehouse_pipeline.py
[2026-08-31T11:54:47.176+0000] {processor.py:840} INFO - DAG(s) 'hybrid_lakehouse_daily_pipeline' retrieved from /opt/airflow/dags/lakehouse_pipeline.py
[2026-08-31T11:54:47.288+0000] {logging_mixin.py:188} INFO - [2026-08-31T11:54:47.288+0000] {dag.py:3089} INFO - Sync 1 DAGs
[2026-08-31T11:54:47.307+0000] {logging_mixin.py:188} INFO - [2026-08-31T11:54:47.306+0000] {dag.py:3947} INFO - Setting next_dagrun for hybrid_lakehouse_daily_pipeline to 2026-08-31 02:00:00+00:00, run_after=2026-09-01 02:00:00+00:00
[2026-08-31T11:54:47.326+0000] {processor.py:183} INFO - Processing /opt/airflow/dags/lakehouse_pipeline.py took 0.187 seconds
[2026-08-31T11:55:17.573+0000] {processor.py:161} INFO - Started process (PID=2949) to work on /opt/airflow/dags/lakehouse_pipeline.py
[2026-08-31T11:55:17.574+0000] {processor.py:830} INFO - Processing file /opt/airflow/dags/lakehouse_pipeline.py for tasks to queue
[2026-08-31T11:55:17.576+0000] {logging_mixin.py:188} INFO - [2026-08-31T11:55:17.575+0000] {dagbag.py:545} INFO - Filling up the DagBag from /opt/airflow/dags/lakehouse_pipeline.py
[2026-08-31T11:55:17.595+0000] {processor.py:840} INFO - DAG(s) 'hybrid_lakehouse_daily_pipeline' retrieved from /opt/airflow/dags/lakehouse_pipeline.py
[2026-08-31T11:55:17.686+0000] {logging_mixin.py:188} INFO - [2026-08-31T11:55:17.686+0000] {dag.py:3089} INFO - Sync 1 DAGs
[2026-08-31T11:55:17.702+0000] {logging_mixin.py:188} INFO - [2026-08-31T11:55:17.702+0000] {dag.py:3947} INFO - Setting next_dagrun for hybrid_lakehouse_daily_pipeline to 2026-08-31 02:00:00+00:00, run_after=2026-09-01 02:00:00+00:00
[2026-08-31T11:55:17.722+0000] {processor.py:183} INFO - Processing /opt/airflow/dags/lakehouse_pipeline.py took 0.155 seconds
[2026-08-31T11:55:47.967+0000] {processor.py:161} INFO - Started process (PID=2964) to work on /opt/airflow/dags/lakehouse_pipeline.py
[2026-08-31T11:55:47.968+0000] {processor.py:830} INFO - Processing file /opt/airflow/dags/lakehouse_pipeline.py for tasks to queue
[2026-08-31T11:55:47.970+0000] {logging_mixin.py:188} INFO - [2026-08-31T11:55:47.969+0000] {dagbag.py:545} INFO - Filling up the DagBag from /opt/airflow/dags/lakehouse_pipeline.py
[2026-08-31T11:55:47.991+0000] {processor.py:840} INFO - DAG(s) 'hybrid_lakehouse_daily_pipeline' retrieved from /opt/airflow/dags/lakehouse_pipeline.py
[2026-08-31T11:55:48.097+0000] {logging_mixin.py:188} INFO - [2026-08-31T11:55:48.097+0000] {dag.py:3089} INFO - Sync 1 DAGs
[2026-08-31T11:55:48.119+0000] {logging_mixin.py:188} INFO - [2026-08-31T11:55:48.118+0000] {dag.py:3947} INFO - Setting next_dagrun for hybrid_lakehouse_daily_pipeline to 2026-08-31 02:00:00+00:00, run_after=2026-09-01 02:00:00+00:00
[2026-08-31T11:55:48.148+0000] {processor.py:183} INFO - Processing /opt/airflow/dags/lakehouse_pipeline.py took 0.186 seconds
[2026-08-31T11:56:18.397+0000] {processor.py:161} INFO - Started process (PID=2979) to work on /opt/airflow/dags/lakehouse_pipeline.py
[2026-08-31T11:56:18.398+0000] {processor.py:830} INFO - Processing file /opt/airflow/dags/lakehouse_pipeline.py for tasks to queue
[2026-08-31T11:56:18.400+0000] {logging_mixin.py:188} INFO - [2026-08-31T11:56:18.400+0000] {dagbag.py:545} INFO - Filling up the DagBag from /opt/airflow/dags/lakehouse_pipeline.py
[2026-08-31T11:56:18.421+0000] {processor.py:840} INFO - DAG(s) 'hybrid_lakehouse_daily_pipeline' retrieved from /opt/airflow/dags/lakehouse_pipeline.py
[2026-08-31T11:56:18.519+0000] {logging_mixin.py:188} INFO - [2026-08-31T11:56:18.518+0000] {dag.py:3089} INFO - Sync 1 DAGs
[2026-08-31T11:56:18.542+0000] {logging_mixin.py:188} INFO - [2026-08-31T11:56:18.542+0000] {dag.py:3947} INFO - Setting next_dagrun for hybrid_lakehouse_daily_pipeline to 2026-08-31 02:00:00+00:00, run_after=2026-09-01 02:00:00+00:00
[2026-08-31T11:56:18.566+0000] {processor.py:183} INFO - Processing /opt/airflow/dags/lakehouse_pipeline.py took 0.174 seconds
[2026-08-31T11:56:48.821+0000] {processor.py:161} INFO - Started process (PID=2994) to work on /opt/airflow/dags/lakehouse_pipeline.py
[2026-08-31T11:56:48.822+0000] {processor.py:830} INFO - Processing file /opt/airflow/dags/lakehouse_pipeline.py for tasks to queue
[2026-08-31T11:56:48.824+0000] {logging_mixin.py:188} INFO - [2026-08-31T11:56:48.824+0000] {dagbag.py:545} INFO - Filling up the DagBag from /opt/airflow/dags/lakehouse_pipeline.py
[2026-08-31T11:56:48.846+0000] {processor.py:840} INFO - DAG(s) 'hybrid_lakehouse_daily_pipeline' retrieved from /opt/airflow/dags/lakehouse_pipeline.py
[2026-08-31T11:56:48.953+0000] {logging_mixin.py:188} INFO - [2026-08-31T11:56:48.952+0000] {dag.py:3089} INFO - Sync 1 DAGs
[2026-08-31T11:56:48.978+0000] {logging_mixin.py:188} INFO - [2026-08-31T11:56:48.978+0000] {dag.py:3947} INFO - Setting next_dagrun for hybrid_lakehouse_daily_pipeline to 2026-08-31 02:00:00+00:00, run_after=2026-09-01 02:00:00+00:00
[2026-08-31T11:56:49.003+0000] {processor.py:183} INFO - Processing /opt/airflow/dags/lakehouse_pipeline.py took 0.187 seconds
[2026-08-31T11:57:19.256+0000] {processor.py:161} INFO - Started process (PID=3009) to work on /opt/airflow/dags/lakehouse_pipeline.py
[2026-08-31T11:57:19.257+0000] {processor.py:830} INFO - Processing file /opt/airflow/dags/lakehouse_pipeline.py for tasks to queue
[2026-08-31T11:57:19.259+0000] {logging_mixin.py:188} INFO - [2026-08-31T11:57:19.259+0000] {dagbag.py:545} INFO - Filling up the DagBag from /opt/airflow/dags/lakehouse_pipeline.py
[2026-08-31T11:57:19.278+0000] {processor.py:840} INFO - DAG(s) 'hybrid_lakehouse_daily_pipeline' retrieved from /opt/airflow/dags/lakehouse_pipeline.py
[2026-08-31T11:57:19.363+0000] {logging_mixin.py:188} INFO - [2026-08-31T11:57:19.363+0000] {dag.py:3089} INFO - Sync 1 DAGs
[2026-08-31T11:57:19.381+0000] {logging_mixin.py:188} INFO - [2026-08-31T11:57:19.381+0000] {dag.py:3947} INFO - Setting next_dagrun for hybrid_lakehouse_daily_pipeline to 2026-08-31 02:00:00+00:00, run_after=2026-09-01 02:00:00+00:00
[2026-08-31T11:57:19.409+0000] {processor.py:183} INFO - Processing /opt/airflow/dags/lakehouse_pipeline.py took 0.158 seconds
[2026-08-31T11:57:49.650+0000] {processor.py:161} INFO - Started process (PID=3024) to work on /opt/airflow/dags/lakehouse_pipeline.py
[2026-08-31T11:57:49.651+0000] {processor.py:830} INFO - Processing file /opt/airflow/dags/lakehouse_pipeline.py for tasks to queue
[2026-08-31T11:57:49.652+0000] {logging_mixin.py:188} INFO - [2026-08-31T11:57:49.652+0000] {dagbag.py:545} INFO - Filling up the DagBag from /opt/airflow/dags/lakehouse_pipeline.py
[2026-08-31T11:57:49.673+0000] {processor.py:840} INFO - DAG(s) 'hybrid_lakehouse_daily_pipeline' retrieved from /opt/airflow/dags/lakehouse_pipeline.py
[2026-08-31T11:57:49.786+0000] {logging_mixin.py:188} INFO - [2026-08-31T11:57:49.785+0000] {dag.py:3089} INFO - Sync 1 DAGs
[2026-08-31T11:57:49.809+0000] {logging_mixin.py:188} INFO - [2026-08-31T11:57:49.809+0000] {dag.py:3947} INFO - Setting next_dagrun for hybrid_lakehouse_daily_pipeline to 2026-08-31 02:00:00+00:00, run_after=2026-09-01 02:00:00+00:00
[2026-08-31T11:57:49.830+0000] {processor.py:183} INFO - Processing /opt/airflow/dags/lakehouse_pipeline.py took 0.186 seconds
[2026-08-31T11:58:20.083+0000] {processor.py:161} INFO - Started process (PID=3039) to work on /opt/airflow/dags/lakehouse_pipeline.py
[2026-08-31T11:58:20.084+0000] {processor.py:830} INFO - Processing file /opt/airflow/dags/lakehouse_pipeline.py for tasks to queue
[2026-08-31T11:58:20.086+0000] {logging_mixin.py:188} INFO - [2026-08-31T11:58:20.086+0000] {dagbag.py:545} INFO - Filling up the DagBag from /opt/airflow/dags/lakehouse_pipeline.py
[2026-08-31T11:58:20.107+0000] {processor.py:840} INFO - DAG(s) 'hybrid_lakehouse_daily_pipeline' retrieved from /opt/airflow/dags/lakehouse_pipeline.py
[2026-08-31T11:58:20.201+0000] {logging_mixin.py:188} INFO - [2026-08-31T11:58:20.201+0000] {dag.py:3089} INFO - Sync 1 DAGs
[2026-08-31T11:58:20.222+0000] {logging_mixin.py:188} INFO - [2026-08-31T11:58:20.222+0000] {dag.py:3947} INFO - Setting next_dagrun for hybrid_lakehouse_daily_pipeline to 2026-08-31 02:00:00+00:00, run_after=2026-09-01 02:00:00+00:00
[2026-08-31T11:58:20.242+0000] {processor.py:183} INFO - Processing /opt/airflow/dags/lakehouse_pipeline.py took 0.163 seconds
[2026-08-31T11:58:50.495+0000] {processor.py:161} INFO - Started process (PID=3054) to work on /opt/airflow/dags/lakehouse_pipeline.py
[2026-08-31T11:58:50.496+0000] {processor.py:830} INFO - Processing file /opt/airflow/dags/lakehouse_pipeline.py for tasks to queue
[2026-08-31T11:58:50.499+0000] {logging_mixin.py:188} INFO - [2026-08-31T11:58:50.499+0000] {dagbag.py:545} INFO - Filling up the DagBag from /opt/airflow/dags/lakehouse_pipeline.py
[2026-08-31T11:58:50.525+0000] {processor.py:840} INFO - DAG(s) 'hybrid_lakehouse_daily_pipeline' retrieved from /opt/airflow/dags/lakehouse_pipeline.py
[2026-08-31T11:58:50.641+0000] {logging_mixin.py:188} INFO - [2026-08-31T11:58:50.641+0000] {dag.py:3089} INFO - Sync 1 DAGs
[2026-08-31T11:58:50.666+0000] {logging_mixin.py:188} INFO - [2026-08-31T11:58:50.666+0000] {dag.py:3947} INFO - Setting next_dagrun for hybrid_lakehouse_daily_pipeline to 2026-08-31 02:00:00+00:00, run_after=2026-09-01 02:00:00+00:00
[2026-08-31T11:58:50.689+0000] {processor.py:183} INFO - Processing /opt/airflow/dags/lakehouse_pipeline.py took 0.200 seconds
[2026-08-31T11:59:20.966+0000] {processor.py:161} INFO - Started process (PID=3069) to work on /opt/airflow/dags/lakehouse_pipeline.py
[2026-08-31T11:59:20.967+0000] {processor.py:830} INFO - Processing file /opt/airflow/dags/lakehouse_pipeline.py for tasks to queue
[2026-08-31T11:59:20.969+0000] {logging_mixin.py:188} INFO - [2026-08-31T11:59:20.969+0000] {dagbag.py:545} INFO - Filling up the DagBag from /opt/airflow/dags/lakehouse_pipeline.py
[2026-08-31T11:59:20.992+0000] {processor.py:840} INFO - DAG(s) 'hybrid_lakehouse_daily_pipeline' retrieved from /opt/airflow/dags/lakehouse_pipeline.py
[2026-08-31T11:59:21.092+0000] {logging_mixin.py:188} INFO - [2026-08-31T11:59:21.092+0000] {dag.py:3089} INFO - Sync 1 DAGs
[2026-08-31T11:59:21.115+0000] {logging_mixin.py:188} INFO - [2026-08-31T11:59:21.115+0000] {dag.py:3947} INFO - Setting next_dagrun for hybrid_lakehouse_daily_pipeline to 2026-08-31 02:00:00+00:00, run_after=2026-09-01 02:00:00+00:00
[2026-08-31T11:59:21.142+0000] {processor.py:183} INFO - Processing /opt/airflow/dags/lakehouse_pipeline.py took 0.182 seconds
[2026-08-31T11:59:51.392+0000] {processor.py:161} INFO - Started process (PID=3084) to work on /opt/airflow/dags/lakehouse_pipeline.py
[2026-08-31T11:59:51.393+0000] {processor.py:830} INFO - Processing file /opt/airflow/dags/lakehouse_pipeline.py for tasks to queue
[2026-08-31T11:59:51.396+0000] {logging_mixin.py:188} INFO - [2026-08-31T11:59:51.396+0000] {dagbag.py:545} INFO - Filling up the DagBag from /opt/airflow/dags/lakehouse_pipeline.py
[2026-08-31T11:59:51.416+0000] {processor.py:840} INFO - DAG(s) 'hybrid_lakehouse_daily_pipeline' retrieved from /opt/airflow/dags/lakehouse_pipeline.py
[2026-08-31T11:59:51.506+0000] {logging_mixin.py:188} INFO - [2026-08-31T11:59:51.505+0000] {dag.py:3089} INFO - Sync 1 DAGs
[2026-08-31T11:59:51.523+0000] {logging_mixin.py:188} INFO - [2026-08-31T11:59:51.523+0000] {dag.py:3947} INFO - Setting next_dagrun for hybrid_lakehouse_daily_pipeline to 2026-08-31 02:00:00+00:00, run_after=2026-09-01 02:00:00+00:00
[2026-08-31T11:59:51.541+0000] {processor.py:183} INFO - Processing /opt/airflow/dags/lakehouse_pipeline.py took 0.155 seconds
[2026-08-31T12:00:21.812+0000] {processor.py:161} INFO - Started process (PID=3099) to work on /opt/airflow/dags/lakehouse_pipeline.py
[2026-08-31T12:00:21.813+0000] {processor.py:830} INFO - Processing file /opt/airflow/dags/lakehouse_pipeline.py for tasks to queue
[2026-08-31T12:00:21.815+0000] {logging_mixin.py:188} INFO - [2026-08-31T12:00:21.814+0000] {dagbag.py:545} INFO - Filling up the DagBag from /opt/airflow/dags/lakehouse_pipeline.py
[2026-08-31T12:00:21.835+0000] {processor.py:840} INFO - DAG(s) 'hybrid_lakehouse_daily_pipeline' retrieved from /opt/airflow/dags/lakehouse_pipeline.py
[2026-08-31T12:00:21.929+0000] {logging_mixin.py:188} INFO - [2026-08-31T12:00:21.928+0000] {dag.py:3089} INFO - Sync 1 DAGs
[2026-08-31T12:00:21.946+0000] {logging_mixin.py:188} INFO - [2026-08-31T12:00:21.945+0000] {dag.py:3947} INFO - Setting next_dagrun for hybrid_lakehouse_daily_pipeline to 2026-08-31 02:00:00+00:00, run_after=2026-09-01 02:00:00+00:00
[2026-08-31T12:00:21.964+0000] {processor.py:183} INFO - Processing /opt/airflow/dags/lakehouse_pipeline.py took 0.157 seconds
[2026-08-31T12:00:52.212+0000] {processor.py:161} INFO - Started process (PID=3114) to work on /opt/airflow/dags/lakehouse_pipeline.py
[2026-08-31T12:00:52.213+0000] {processor.py:830} INFO - Processing file /opt/airflow/dags/lakehouse_pipeline.py for tasks to queue
[2026-08-31T12:00:52.215+0000] {logging_mixin.py:188} INFO - [2026-08-31T12:00:52.215+0000] {dagbag.py:545} INFO - Filling up the DagBag from /opt/airflow/dags/lakehouse_pipeline.py
[2026-08-31T12:00:52.235+0000] {processor.py:840} INFO - DAG(s) 'hybrid_lakehouse_daily_pipeline' retrieved from /opt/airflow/dags/lakehouse_pipeline.py
[2026-08-31T12:00:52.332+0000] {logging_mixin.py:188} INFO - [2026-08-31T12:00:52.331+0000] {dag.py:3089} INFO - Sync 1 DAGs
[2026-08-31T12:00:52.350+0000] {logging_mixin.py:188} INFO - [2026-08-31T12:00:52.350+0000] {dag.py:3947} INFO - Setting next_dagrun for hybrid_lakehouse_daily_pipeline to 2026-08-31 02:00:00+00:00, run_after=2026-09-01 02:00:00+00:00
[2026-08-31T12:00:52.373+0000] {processor.py:183} INFO - Processing /opt/airflow/dags/lakehouse_pipeline.py took 0.166 seconds
[2026-08-31T12:01:22.640+0000] {processor.py:161} INFO - Started process (PID=3129) to work on /opt/airflow/dags/lakehouse_pipeline.py
[2026-08-31T12:01:22.642+0000] {processor.py:830} INFO - Processing file /opt/airflow/dags/lakehouse_pipeline.py for tasks to queue
[2026-08-31T12:01:22.645+0000] {logging_mixin.py:188} INFO - [2026-08-31T12:01:22.645+0000] {dagbag.py:545} INFO - Filling up the DagBag from /opt/airflow/dags/lakehouse_pipeline.py
[2026-08-31T12:01:22.680+0000] {processor.py:840} INFO - DAG(s) 'hybrid_lakehouse_daily_pipeline' retrieved from /opt/airflow/dags/lakehouse_pipeline.py
[2026-08-31T12:01:22.789+0000] {logging_mixin.py:188} INFO - [2026-08-31T12:01:22.789+0000] {dag.py:3089} INFO - Sync 1 DAGs
[2026-08-31T12:01:22.809+0000] {logging_mixin.py:188} INFO - [2026-08-31T12:01:22.808+0000] {dag.py:3947} INFO - Setting next_dagrun for hybrid_lakehouse_daily_pipeline to 2026-08-31 02:00:00+00:00, run_after=2026-09-01 02:00:00+00:00
[2026-08-31T12:01:22.832+0000] {processor.py:183} INFO - Processing /opt/airflow/dags/lakehouse_pipeline.py took 0.201 seconds
[2026-08-31T12:01:53.073+0000] {processor.py:161} INFO - Started process (PID=3144) to work on /opt/airflow/dags/lakehouse_pipeline.py
[2026-08-31T12:01:53.074+0000] {processor.py:830} INFO - Processing file /opt/airflow/dags/lakehouse_pipeline.py for tasks to queue
[2026-08-31T12:01:53.076+0000] {logging_mixin.py:188} INFO - [2026-08-31T12:01:53.075+0000] {dagbag.py:545} INFO - Filling up the DagBag from /opt/airflow/dags/lakehouse_pipeline.py
[2026-08-31T12:01:53.097+0000] {processor.py:840} INFO - DAG(s) 'hybrid_lakehouse_daily_pipeline' retrieved from /opt/airflow/dags/lakehouse_pipeline.py
[2026-08-31T12:01:53.190+0000] {logging_mixin.py:188} INFO - [2026-08-31T12:01:53.190+0000] {dag.py:3089} INFO - Sync 1 DAGs
[2026-08-31T12:01:53.212+0000] {logging_mixin.py:188} INFO - [2026-08-31T12:01:53.212+0000] {dag.py:3947} INFO - Setting next_dagrun for hybrid_lakehouse_daily_pipeline to 2026-08-31 02:00:00+00:00, run_after=2026-09-01 02:00:00+00:00
[2026-08-31T12:01:53.233+0000] {processor.py:183} INFO - Processing /opt/airflow/dags/lakehouse_pipeline.py took 0.166 seconds
[2026-08-31T12:02:23.473+0000] {processor.py:161} INFO - Started process (PID=3159) to work on /opt/airflow/dags/lakehouse_pipeline.py
[2026-08-31T12:02:23.474+0000] {processor.py:830} INFO - Processing file /opt/airflow/dags/lakehouse_pipeline.py for tasks to queue
[2026-08-31T12:02:23.476+0000] {logging_mixin.py:188} INFO - [2026-08-31T12:02:23.476+0000] {dagbag.py:545} INFO - Filling up the DagBag from /opt/airflow/dags/lakehouse_pipeline.py
[2026-08-31T12:02:23.498+0000] {processor.py:840} INFO - DAG(s) 'hybrid_lakehouse_daily_pipeline' retrieved from /opt/airflow/dags/lakehouse_pipeline.py
[2026-08-31T12:02:23.591+0000] {logging_mixin.py:188} INFO - [2026-08-31T12:02:23.591+0000] {dag.py:3089} INFO - Sync 1 DAGs
[2026-08-31T12:02:23.640+0000] {logging_mixin.py:188} INFO - [2026-08-31T12:02:23.640+0000] {dag.py:3947} INFO - Setting next_dagrun for hybrid_lakehouse_daily_pipeline to 2026-08-31 02:00:00+00:00, run_after=2026-09-01 02:00:00+00:00
[2026-08-31T12:02:23.677+0000] {processor.py:183} INFO - Processing /opt/airflow/dags/lakehouse_pipeline.py took 0.210 seconds
[2026-08-31T12:02:53.950+0000] {processor.py:161} INFO - Started process (PID=3174) to work on /opt/airflow/dags/lakehouse_pipeline.py
[2026-08-31T12:02:53.950+0000] {processor.py:830} INFO - Processing file /opt/airflow/dags/lakehouse_pipeline.py for tasks to queue
[2026-08-31T12:02:53.953+0000] {logging_mixin.py:188} INFO - [2026-08-31T12:02:53.952+0000] {dagbag.py:545} INFO - Filling up the DagBag from /opt/airflow/dags/lakehouse_pipeline.py
[2026-08-31T12:02:53.983+0000] {processor.py:840} INFO - DAG(s) 'hybrid_lakehouse_daily_pipeline' retrieved from /opt/airflow/dags/lakehouse_pipeline.py
[2026-08-31T12:02:54.104+0000] {logging_mixin.py:188} INFO - [2026-08-31T12:02:54.103+0000] {dag.py:3089} INFO - Sync 1 DAGs
[2026-08-31T12:02:54.129+0000] {logging_mixin.py:188} INFO - [2026-08-31T12:02:54.129+0000] {dag.py:3947} INFO - Setting next_dagrun for hybrid_lakehouse_daily_pipeline to 2026-08-31 02:00:00+00:00, run_after=2026-09-01 02:00:00+00:00
[2026-08-31T12:02:54.156+0000] {processor.py:183} INFO - Processing /opt/airflow/dags/lakehouse_pipeline.py took 0.212 seconds
[2026-08-31T12:03:24.430+0000] {processor.py:161} INFO - Started process (PID=3189) to work on /opt/airflow/dags/lakehouse_pipeline.py
[2026-08-31T12:03:24.431+0000] {processor.py:830} INFO - Processing file /opt/airflow/dags/lakehouse_pipeline.py for tasks to queue
[2026-08-31T12:03:24.434+0000] {logging_mixin.py:188} INFO - [2026-08-31T12:03:24.433+0000] {dagbag.py:545} INFO - Filling up the DagBag from /opt/airflow/dags/lakehouse_pipeline.py
[2026-08-31T12:03:24.461+0000] {processor.py:840} INFO - DAG(s) 'hybrid_lakehouse_daily_pipeline' retrieved from /opt/airflow/dags/lakehouse_pipeline.py
[2026-08-31T12:03:24.570+0000] {logging_mixin.py:188} INFO - [2026-08-31T12:03:24.570+0000] {dag.py:3089} INFO - Sync 1 DAGs
[2026-08-31T12:03:24.596+0000] {logging_mixin.py:188} INFO - [2026-08-31T12:03:24.596+0000] {dag.py:3947} INFO - Setting next_dagrun for hybrid_lakehouse_daily_pipeline to 2026-08-31 02:00:00+00:00, run_after=2026-09-01 02:00:00+00:00
[2026-08-31T12:03:24.622+0000] {processor.py:183} INFO - Processing /opt/airflow/dags/lakehouse_pipeline.py took 0.199 seconds
[2026-08-31T12:03:54.912+0000] {processor.py:161} INFO - Started process (PID=3204) to work on /opt/airflow/dags/lakehouse_pipeline.py
[2026-08-31T12:03:54.913+0000] {processor.py:830} INFO - Processing file /opt/airflow/dags/lakehouse_pipeline.py for tasks to queue
[2026-08-31T12:03:54.915+0000] {logging_mixin.py:188} INFO - [2026-08-31T12:03:54.915+0000] {dagbag.py:545} INFO - Filling up the DagBag from /opt/airflow/dags/lakehouse_pipeline.py
[2026-08-31T12:03:54.938+0000] {processor.py:840} INFO - DAG(s) 'hybrid_lakehouse_daily_pipeline' retrieved from /opt/airflow/dags/lakehouse_pipeline.py
[2026-08-31T12:03:55.052+0000] {logging_mixin.py:188} INFO - [2026-08-31T12:03:55.052+0000] {dag.py:3089} INFO - Sync 1 DAGs
[2026-08-31T12:03:55.072+0000] {logging_mixin.py:188} INFO - [2026-08-31T12:03:55.072+0000] {dag.py:3947} INFO - Setting next_dagrun for hybrid_lakehouse_daily_pipeline to 2026-08-31 02:00:00+00:00, run_after=2026-09-01 02:00:00+00:00
[2026-08-31T12:03:55.093+0000] {processor.py:183} INFO - Processing /opt/airflow/dags/lakehouse_pipeline.py took 0.187 seconds
[2026-08-31T12:04:25.334+0000] {processor.py:161} INFO - Started process (PID=3219) to work on /opt/airflow/dags/lakehouse_pipeline.py
[2026-08-31T12:04:25.335+0000] {processor.py:830} INFO - Processing file /opt/airflow/dags/lakehouse_pipeline.py for tasks to queue
[2026-08-31T12:04:25.337+0000] {logging_mixin.py:188} INFO - [2026-08-31T12:04:25.337+0000] {dagbag.py:545} INFO - Filling up the DagBag from /opt/airflow/dags/lakehouse_pipeline.py
[2026-08-31T12:04:25.360+0000] {processor.py:840} INFO - DAG(s) 'hybrid_lakehouse_daily_pipeline' retrieved from /opt/airflow/dags/lakehouse_pipeline.py
[2026-08-31T12:04:25.468+0000] {logging_mixin.py:188} INFO - [2026-08-31T12:04:25.467+0000] {dag.py:3089} INFO - Sync 1 DAGs
[2026-08-31T12:04:25.495+0000] {logging_mixin.py:188} INFO - [2026-08-31T12:04:25.495+0000] {dag.py:3947} INFO - Setting next_dagrun for hybrid_lakehouse_daily_pipeline to 2026-08-31 02:00:00+00:00, run_after=2026-09-01 02:00:00+00:00
[2026-08-31T12:04:25.518+0000] {processor.py:183} INFO - Processing /opt/airflow/dags/lakehouse_pipeline.py took 0.190 seconds
[2026-08-31T12:04:55.751+0000] {processor.py:161} INFO - Started process (PID=3234) to work on /opt/airflow/dags/lakehouse_pipeline.py
[2026-08-31T12:04:55.752+0000] {processor.py:830} INFO - Processing file /opt/airflow/dags/lakehouse_pipeline.py for tasks to queue
[2026-08-31T12:04:55.755+0000] {logging_mixin.py:188} INFO - [2026-08-31T12:04:55.754+0000] {dagbag.py:545} INFO - Filling up the DagBag from /opt/airflow/dags/lakehouse_pipeline.py
[2026-08-31T12:04:55.776+0000] {processor.py:840} INFO - DAG(s) 'hybrid_lakehouse_daily_pipeline' retrieved from /opt/airflow/dags/lakehouse_pipeline.py
[2026-08-31T12:04:55.868+0000] {logging_mixin.py:188} INFO - [2026-08-31T12:04:55.868+0000] {dag.py:3089} INFO - Sync 1 DAGs
[2026-08-31T12:04:55.890+0000] {logging_mixin.py:188} INFO - [2026-08-31T12:04:55.890+0000] {dag.py:3947} INFO - Setting next_dagrun for hybrid_lakehouse_daily_pipeline to 2026-08-31 02:00:00+00:00, run_after=2026-09-01 02:00:00+00:00
[2026-08-31T12:04:55.911+0000] {processor.py:183} INFO - Processing /opt/airflow/dags/lakehouse_pipeline.py took 0.165 seconds
[2026-08-31T12:05:26.144+0000] {processor.py:161} INFO - Started process (PID=3249) to work on /opt/airflow/dags/lakehouse_pipeline.py
[2026-08-31T12:05:26.144+0000] {processor.py:830} INFO - Processing file /opt/airflow/dags/lakehouse_pipeline.py for tasks to queue
[2026-08-31T12:05:26.147+0000] {logging_mixin.py:188} INFO - [2026-08-31T12:05:26.147+0000] {dagbag.py:545} INFO - Filling up the DagBag from /opt/airflow/dags/lakehouse_pipeline.py
[2026-08-31T12:05:26.171+0000] {processor.py:840} INFO - DAG(s) 'hybrid_lakehouse_daily_pipeline' retrieved from /opt/airflow/dags/lakehouse_pipeline.py
[2026-08-31T12:05:26.265+0000] {logging_mixin.py:188} INFO - [2026-08-31T12:05:26.265+0000] {dag.py:3089} INFO - Sync 1 DAGs
[2026-08-31T12:05:26.284+0000] {logging_mixin.py:188} INFO - [2026-08-31T12:05:26.284+0000] {dag.py:3947} INFO - Setting next_dagrun for hybrid_lakehouse_daily_pipeline to 2026-08-31 02:00:00+00:00, run_after=2026-09-01 02:00:00+00:00
[2026-08-31T12:05:26.303+0000] {processor.py:183} INFO - Processing /opt/airflow/dags/lakehouse_pipeline.py took 0.164 seconds
[2026-08-31T12:05:56.548+0000] {processor.py:161} INFO - Started process (PID=3264) to work on /opt/airflow/dags/lakehouse_pipeline.py
[2026-08-31T12:05:56.549+0000] {processor.py:830} INFO - Processing file /opt/airflow/dags/lakehouse_pipeline.py for tasks to queue
[2026-08-31T12:05:56.551+0000] {logging_mixin.py:188} INFO - [2026-08-31T12:05:56.551+0000] {dagbag.py:545} INFO - Filling up the DagBag from /opt/airflow/dags/lakehouse_pipeline.py
[2026-08-31T12:05:56.582+0000] {processor.py:840} INFO - DAG(s) 'hybrid_lakehouse_daily_pipeline' retrieved from /opt/airflow/dags/lakehouse_pipeline.py
[2026-08-31T12:05:56.685+0000] {logging_mixin.py:188} INFO - [2026-08-31T12:05:56.685+0000] {dag.py:3089} INFO - Sync 1 DAGs
[2026-08-31T12:05:56.705+0000] {logging_mixin.py:188} INFO - [2026-08-31T12:05:56.705+0000] {dag.py:3947} INFO - Setting next_dagrun for hybrid_lakehouse_daily_pipeline to 2026-08-31 02:00:00+00:00, run_after=2026-09-01 02:00:00+00:00
[2026-08-31T12:05:56.725+0000] {processor.py:183} INFO - Processing /opt/airflow/dags/lakehouse_pipeline.py took 0.182 seconds
[2026-08-31T12:06:26.975+0000] {processor.py:161} INFO - Started process (PID=3279) to work on /opt/airflow/dags/lakehouse_pipeline.py
[2026-08-31T12:06:26.976+0000] {processor.py:830} INFO - Processing file /opt/airflow/dags/lakehouse_pipeline.py for tasks to queue
[2026-08-31T12:06:26.978+0000] {logging_mixin.py:188} INFO - [2026-08-31T12:06:26.977+0000] {dagbag.py:545} INFO - Filling up the DagBag from /opt/airflow/dags/lakehouse_pipeline.py
[2026-08-31T12:06:26.997+0000] {processor.py:840} INFO - DAG(s) 'hybrid_lakehouse_daily_pipeline' retrieved from /opt/airflow/dags/lakehouse_pipeline.py
[2026-08-31T12:06:27.085+0000] {logging_mixin.py:188} INFO - [2026-08-31T12:06:27.085+0000] {dag.py:3089} INFO - Sync 1 DAGs
[2026-08-31T12:06:27.104+0000] {logging_mixin.py:188} INFO - [2026-08-31T12:06:27.103+0000] {dag.py:3947} INFO - Setting next_dagrun for hybrid_lakehouse_daily_pipeline to 2026-08-31 02:00:00+00:00, run_after=2026-09-01 02:00:00+00:00
[2026-08-31T12:06:27.126+0000] {processor.py:183} INFO - Processing /opt/airflow/dags/lakehouse_pipeline.py took 0.156 seconds
[2026-08-31T12:06:57.380+0000] {processor.py:161} INFO - Started process (PID=3294) to work on /opt/airflow/dags/lakehouse_pipeline.py
[2026-08-31T12:06:57.380+0000] {processor.py:830} INFO - Processing file /opt/airflow/dags/lakehouse_pipeline.py for tasks to queue
[2026-08-31T12:06:57.382+0000] {logging_mixin.py:188} INFO - [2026-08-31T12:06:57.382+0000] {dagbag.py:545} INFO - Filling up the DagBag from /opt/airflow/dags/lakehouse_pipeline.py
[2026-08-31T12:06:57.405+0000] {processor.py:840} INFO - DAG(s) 'hybrid_lakehouse_daily_pipeline' retrieved from /opt/airflow/dags/lakehouse_pipeline.py
[2026-08-31T12:06:57.516+0000] {logging_mixin.py:188} INFO - [2026-08-31T12:06:57.516+0000] {dag.py:3089} INFO - Sync 1 DAGs
[2026-08-31T12:06:57.542+0000] {logging_mixin.py:188} INFO - [2026-08-31T12:06:57.542+0000] {dag.py:3947} INFO - Setting next_dagrun for hybrid_lakehouse_daily_pipeline to 2026-08-31 02:00:00+00:00, run_after=2026-09-01 02:00:00+00:00
[2026-08-31T12:06:57.574+0000] {processor.py:183} INFO - Processing /opt/airflow/dags/lakehouse_pipeline.py took 0.200 seconds
[2026-08-31T12:07:27.819+0000] {processor.py:161} INFO - Started process (PID=3309) to work on /opt/airflow/dags/lakehouse_pipeline.py
[2026-08-31T12:07:27.819+0000] {processor.py:830} INFO - Processing file /opt/airflow/dags/lakehouse_pipeline.py for tasks to queue
[2026-08-31T12:07:27.821+0000] {logging_mixin.py:188} INFO - [2026-08-31T12:07:27.821+0000] {dagbag.py:545} INFO - Filling up the DagBag from /opt/airflow/dags/lakehouse_pipeline.py
[2026-08-31T12:07:27.842+0000] {processor.py:840} INFO - DAG(s) 'hybrid_lakehouse_daily_pipeline' retrieved from /opt/airflow/dags/lakehouse_pipeline.py
[2026-08-31T12:07:27.932+0000] {logging_mixin.py:188} INFO - [2026-08-31T12:07:27.932+0000] {dag.py:3089} INFO - Sync 1 DAGs
[2026-08-31T12:07:27.951+0000] {logging_mixin.py:188} INFO - [2026-08-31T12:07:27.951+0000] {dag.py:3947} INFO - Setting next_dagrun for hybrid_lakehouse_daily_pipeline to 2026-08-31 02:00:00+00:00, run_after=2026-09-01 02:00:00+00:00
[2026-08-31T12:07:27.969+0000] {processor.py:183} INFO - Processing /opt/airflow/dags/lakehouse_pipeline.py took 0.155 seconds
[2026-08-31T12:07:58.227+0000] {processor.py:161} INFO - Started process (PID=3324) to work on /opt/airflow/dags/lakehouse_pipeline.py
[2026-08-31T12:07:58.228+0000] {processor.py:830} INFO - Processing file /opt/airflow/dags/lakehouse_pipeline.py for tasks to queue
[2026-08-31T12:07:58.230+0000] {logging_mixin.py:188} INFO - [2026-08-31T12:07:58.229+0000] {dagbag.py:545} INFO - Filling up the DagBag from /opt/airflow/dags/lakehouse_pipeline.py
[2026-08-31T12:07:58.249+0000] {processor.py:840} INFO - DAG(s) 'hybrid_lakehouse_daily_pipeline' retrieved from /opt/airflow/dags/lakehouse_pipeline.py
[2026-08-31T12:07:58.333+0000] {logging_mixin.py:188} INFO - [2026-08-31T12:07:58.333+0000] {dag.py:3089} INFO - Sync 1 DAGs
[2026-08-31T12:07:58.351+0000] {logging_mixin.py:188} INFO - [2026-08-31T12:07:58.351+0000] {dag.py:3947} INFO - Setting next_dagrun for hybrid_lakehouse_daily_pipeline to 2026-08-31 02:00:00+00:00, run_after=2026-09-01 02:00:00+00:00
[2026-08-31T12:07:58.371+0000] {processor.py:183} INFO - Processing /opt/airflow/dags/lakehouse_pipeline.py took 0.149 seconds
[2026-08-31T12:08:28.639+0000] {processor.py:161} INFO - Started process (PID=3339) to work on /opt/airflow/dags/lakehouse_pipeline.py
[2026-08-31T12:08:28.640+0000] {processor.py:830} INFO - Processing file /opt/airflow/dags/lakehouse_pipeline.py for tasks to queue
[2026-08-31T12:08:28.642+0000] {logging_mixin.py:188} INFO - [2026-08-31T12:08:28.642+0000] {dagbag.py:545} INFO - Filling up the DagBag from /opt/airflow/dags/lakehouse_pipeline.py
[2026-08-31T12:08:28.661+0000] {processor.py:840} INFO - DAG(s) 'hybrid_lakehouse_daily_pipeline' retrieved from /opt/airflow/dags/lakehouse_pipeline.py
[2026-08-31T12:08:28.745+0000] {logging_mixin.py:188} INFO - [2026-08-31T12:08:28.745+0000] {dag.py:3089} INFO - Sync 1 DAGs
[2026-08-31T12:08:28.761+0000] {logging_mixin.py:188} INFO - [2026-08-31T12:08:28.760+0000] {dag.py:3947} INFO - Setting next_dagrun for hybrid_lakehouse_daily_pipeline to 2026-08-31 02:00:00+00:00, run_after=2026-09-01 02:00:00+00:00
[2026-08-31T12:08:28.778+0000] {processor.py:183} INFO - Processing /opt/airflow/dags/lakehouse_pipeline.py took 0.144 seconds
[2026-08-31T12:08:59.061+0000] {processor.py:161} INFO - Started process (PID=3354) to work on /opt/airflow/dags/lakehouse_pipeline.py
[2026-08-31T12:08:59.062+0000] {processor.py:830} INFO - Processing file /opt/airflow/dags/lakehouse_pipeline.py for tasks to queue
[2026-08-31T12:08:59.064+0000] {logging_mixin.py:188} INFO - [2026-08-31T12:08:59.063+0000] {dagbag.py:545} INFO - Filling up the DagBag from /opt/airflow/dags/lakehouse_pipeline.py
[2026-08-31T12:08:59.082+0000] {processor.py:840} INFO - DAG(s) 'hybrid_lakehouse_daily_pipeline' retrieved from /opt/airflow/dags/lakehouse_pipeline.py
[2026-08-31T12:08:59.167+0000] {logging_mixin.py:188} INFO - [2026-08-31T12:08:59.166+0000] {dag.py:3089} INFO - Sync 1 DAGs
[2026-08-31T12:08:59.186+0000] {logging_mixin.py:188} INFO - [2026-08-31T12:08:59.185+0000] {dag.py:3947} INFO - Setting next_dagrun for hybrid_lakehouse_daily_pipeline to 2026-08-31 02:00:00+00:00, run_after=2026-09-01 02:00:00+00:00
[2026-08-31T12:08:59.206+0000] {processor.py:183} INFO - Processing /opt/airflow/dags/lakehouse_pipeline.py took 0.150 seconds
[2026-08-31T12:09:29.452+0000] {processor.py:161} INFO - Started process (PID=3369) to work on /opt/airflow/dags/lakehouse_pipeline.py
[2026-08-31T12:09:29.453+0000] {processor.py:830} INFO - Processing file /opt/airflow/dags/lakehouse_pipeline.py for tasks to queue
[2026-08-31T12:09:29.455+0000] {logging_mixin.py:188} INFO - [2026-08-31T12:09:29.454+0000] {dagbag.py:545} INFO - Filling up the DagBag from /opt/airflow/dags/lakehouse_pipeline.py
[2026-08-31T12:09:29.475+0000] {processor.py:840} INFO - DAG(s) 'hybrid_lakehouse_daily_pipeline' retrieved from /opt/airflow/dags/lakehouse_pipeline.py
[2026-08-31T12:09:29.567+0000] {logging_mixin.py:188} INFO - [2026-08-31T12:09:29.567+0000] {dag.py:3089} INFO - Sync 1 DAGs
[2026-08-31T12:09:29.589+0000] {logging_mixin.py:188} INFO - [2026-08-31T12:09:29.588+0000] {dag.py:3947} INFO - Setting next_dagrun for hybrid_lakehouse_daily_pipeline to 2026-08-31 02:00:00+00:00, run_after=2026-09-01 02:00:00+00:00
[2026-08-31T12:09:29.612+0000] {processor.py:183} INFO - Processing /opt/airflow/dags/lakehouse_pipeline.py took 0.165 seconds
[2026-08-31T12:09:59.907+0000] {processor.py:161} INFO - Started process (PID=3384) to work on /opt/airflow/dags/lakehouse_pipeline.py
[2026-08-31T12:09:59.908+0000] {processor.py:830} INFO - Processing file /opt/airflow/dags/lakehouse_pipeline.py for tasks to queue
[2026-08-31T12:09:59.911+0000] {logging_mixin.py:188} INFO - [2026-08-31T12:09:59.911+0000] {dagbag.py:545} INFO - Filling up the DagBag from /opt/airflow/dags/lakehouse_pipeline.py
[2026-08-31T12:09:59.940+0000] {processor.py:840} INFO - DAG(s) 'hybrid_lakehouse_daily_pipeline' retrieved from /opt/airflow/dags/lakehouse_pipeline.py
[2026-08-31T12:10:00.071+0000] {logging_mixin.py:188} INFO - [2026-08-31T12:10:00.071+0000] {dag.py:3089} INFO - Sync 1 DAGs
[2026-08-31T12:10:00.092+0000] {logging_mixin.py:188} INFO - [2026-08-31T12:10:00.092+0000] {dag.py:3947} INFO - Setting next_dagrun for hybrid_lakehouse_daily_pipeline to 2026-08-31 02:00:00+00:00, run_after=2026-09-01 02:00:00+00:00
[2026-08-31T12:10:00.115+0000] {processor.py:183} INFO - Processing /opt/airflow/dags/lakehouse_pipeline.py took 0.219 seconds
[2026-08-31T12:10:30.377+0000] {processor.py:161} INFO - Started process (PID=3399) to work on /opt/airflow/dags/lakehouse_pipeline.py
[2026-08-31T12:10:30.378+0000] {processor.py:830} INFO - Processing file /opt/airflow/dags/lakehouse_pipeline.py for tasks to queue
[2026-08-31T12:10:30.380+0000] {logging_mixin.py:188} INFO - [2026-08-31T12:10:30.380+0000] {dagbag.py:545} INFO - Filling up the DagBag from /opt/airflow/dags/lakehouse_pipeline.py
[2026-08-31T12:10:30.400+0000] {processor.py:840} INFO - DAG(s) 'hybrid_lakehouse_daily_pipeline' retrieved from /opt/airflow/dags/lakehouse_pipeline.py
[2026-08-31T12:10:30.512+0000] {logging_mixin.py:188} INFO - [2026-08-31T12:10:30.512+0000] {dag.py:3089} INFO - Sync 1 DAGs
[2026-08-31T12:10:30.537+0000] {logging_mixin.py:188} INFO - [2026-08-31T12:10:30.537+0000] {dag.py:3947} INFO - Setting next_dagrun for hybrid_lakehouse_daily_pipeline to 2026-08-31 02:00:00+00:00, run_after=2026-09-01 02:00:00+00:00
[2026-08-31T12:10:30.559+0000] {processor.py:183} INFO - Processing /opt/airflow/dags/lakehouse_pipeline.py took 0.187 seconds
[2026-08-31T12:11:00.810+0000] {processor.py:161} INFO - Started process (PID=3414) to work on /opt/airflow/dags/lakehouse_pipeline.py
[2026-08-31T12:11:00.811+0000] {processor.py:830} INFO - Processing file /opt/airflow/dags/lakehouse_pipeline.py for tasks to queue
[2026-08-31T12:11:00.812+0000] {logging_mixin.py:188} INFO - [2026-08-31T12:11:00.812+0000] {dagbag.py:545} INFO - Filling up the DagBag from /opt/airflow/dags/lakehouse_pipeline.py
[2026-08-31T12:11:00.830+0000] {processor.py:840} INFO - DAG(s) 'hybrid_lakehouse_daily_pipeline' retrieved from /opt/airflow/dags/lakehouse_pipeline.py
[2026-08-31T12:11:00.914+0000] {logging_mixin.py:188} INFO - [2026-08-31T12:11:00.914+0000] {dag.py:3089} INFO - Sync 1 DAGs
[2026-08-31T12:11:00.932+0000] {logging_mixin.py:188} INFO - [2026-08-31T12:11:00.932+0000] {dag.py:3947} INFO - Setting next_dagrun for hybrid_lakehouse_daily_pipeline to 2026-08-31 02:00:00+00:00, run_after=2026-09-01 02:00:00+00:00
[2026-08-31T12:11:00.950+0000] {processor.py:183} INFO - Processing /opt/airflow/dags/lakehouse_pipeline.py took 0.145 seconds
[2026-08-31T12:11:31.199+0000] {processor.py:161} INFO - Started process (PID=3429) to work on /opt/airflow/dags/lakehouse_pipeline.py
[2026-08-31T12:11:31.200+0000] {processor.py:830} INFO - Processing file /opt/airflow/dags/lakehouse_pipeline.py for tasks to queue
[2026-08-31T12:11:31.202+0000] {logging_mixin.py:188} INFO - [2026-08-31T12:11:31.201+0000] {dagbag.py:545} INFO - Filling up the DagBag from /opt/airflow/dags/lakehouse_pipeline.py
[2026-08-31T12:11:31.221+0000] {processor.py:840} INFO - DAG(s) 'hybrid_lakehouse_daily_pipeline' retrieved from /opt/airflow/dags/lakehouse_pipeline.py
[2026-08-31T12:11:31.304+0000] {logging_mixin.py:188} INFO - [2026-08-31T12:11:31.304+0000] {dag.py:3089} INFO - Sync 1 DAGs
[2026-08-31T12:11:31.320+0000] {logging_mixin.py:188} INFO - [2026-08-31T12:11:31.320+0000] {dag.py:3947} INFO - Setting next_dagrun for hybrid_lakehouse_daily_pipeline to 2026-08-31 02:00:00+00:00, run_after=2026-09-01 02:00:00+00:00
[2026-08-31T12:11:31.336+0000] {processor.py:183} INFO - Processing /opt/airflow/dags/lakehouse_pipeline.py took 0.141 seconds
[2026-08-31T12:12:01.580+0000] {processor.py:161} INFO - Started process (PID=3444) to work on /opt/airflow/dags/lakehouse_pipeline.py
[2026-08-31T12:12:01.582+0000] {processor.py:830} INFO - Processing file /opt/airflow/dags/lakehouse_pipeline.py for tasks to queue
[2026-08-31T12:12:01.585+0000] {logging_mixin.py:188} INFO - [2026-08-31T12:12:01.584+0000] {dagbag.py:545} INFO - Filling up the DagBag from /opt/airflow/dags/lakehouse_pipeline.py
[2026-08-31T12:12:01.606+0000] {processor.py:840} INFO - DAG(s) 'hybrid_lakehouse_daily_pipeline' retrieved from /opt/airflow/dags/lakehouse_pipeline.py
[2026-08-31T12:12:01.697+0000] {logging_mixin.py:188} INFO - [2026-08-31T12:12:01.697+0000] {dag.py:3089} INFO - Sync 1 DAGs
[2026-08-31T12:12:01.713+0000] {logging_mixin.py:188} INFO - [2026-08-31T12:12:01.713+0000] {dag.py:3947} INFO - Setting next_dagrun for hybrid_lakehouse_daily_pipeline to 2026-08-31 02:00:00+00:00, run_after=2026-09-01 02:00:00+00:00
[2026-08-31T12:12:01.730+0000] {processor.py:183} INFO - Processing /opt/airflow/dags/lakehouse_pipeline.py took 0.157 seconds
[2026-08-31T12:12:31.965+0000] {processor.py:161} INFO - Started process (PID=3459) to work on /opt/airflow/dags/lakehouse_pipeline.py
[2026-08-31T12:12:31.966+0000] {processor.py:830} INFO - Processing file /opt/airflow/dags/lakehouse_pipeline.py for tasks to queue
[2026-08-31T12:12:31.968+0000] {logging_mixin.py:188} INFO - [2026-08-31T12:12:31.967+0000] {dagbag.py:545} INFO - Filling up the DagBag from /opt/airflow/dags/lakehouse_pipeline.py
[2026-08-31T12:12:31.985+0000] {processor.py:840} INFO - DAG(s) 'hybrid_lakehouse_daily_pipeline' retrieved from /opt/airflow/dags/lakehouse_pipeline.py
[2026-08-31T12:12:32.075+0000] {logging_mixin.py:188} INFO - [2026-08-31T12:12:32.075+0000] {dag.py:3089} INFO - Sync 1 DAGs
[2026-08-31T12:12:32.091+0000] {logging_mixin.py:188} INFO - [2026-08-31T12:12:32.091+0000] {dag.py:3947} INFO - Setting next_dagrun for hybrid_lakehouse_daily_pipeline to 2026-08-31 02:00:00+00:00, run_after=2026-09-01 02:00:00+00:00
[2026-08-31T12:12:32.107+0000] {processor.py:183} INFO - Processing /opt/airflow/dags/lakehouse_pipeline.py took 0.147 seconds
[2026-08-31T12:13:02.342+0000] {processor.py:161} INFO - Started process (PID=3474) to work on /opt/airflow/dags/lakehouse_pipeline.py
[2026-08-31T12:13:02.343+0000] {processor.py:830} INFO - Processing file /opt/airflow/dags/lakehouse_pipeline.py for tasks to queue
[2026-08-31T12:13:02.345+0000] {logging_mixin.py:188} INFO - [2026-08-31T12:13:02.344+0000] {dagbag.py:545} INFO - Filling up the DagBag from /opt/airflow/dags/lakehouse_pipeline.py
[2026-08-31T12:13:02.364+0000] {processor.py:840} INFO - DAG(s) 'hybrid_lakehouse_daily_pipeline' retrieved from /opt/airflow/dags/lakehouse_pipeline.py
[2026-08-31T12:13:02.451+0000] {logging_mixin.py:188} INFO - [2026-08-31T12:13:02.451+0000] {dag.py:3089} INFO - Sync 1 DAGs
[2026-08-31T12:13:02.469+0000] {logging_mixin.py:188} INFO - [2026-08-31T12:13:02.469+0000] {dag.py:3947} INFO - Setting next_dagrun for hybrid_lakehouse_daily_pipeline to 2026-08-31 02:00:00+00:00, run_after=2026-09-01 02:00:00+00:00
[2026-08-31T12:13:02.488+0000] {processor.py:183} INFO - Processing /opt/airflow/dags/lakehouse_pipeline.py took 0.150 seconds
[2026-08-31T12:13:32.717+0000] {processor.py:161} INFO - Started process (PID=3489) to work on /opt/airflow/dags/lakehouse_pipeline.py
[2026-08-31T12:13:32.718+0000] {processor.py:830} INFO - Processing file /opt/airflow/dags/lakehouse_pipeline.py for tasks to queue
[2026-08-31T12:13:32.719+0000] {logging_mixin.py:188} INFO - [2026-08-31T12:13:32.719+0000] {dagbag.py:545} INFO - Filling up the DagBag from /opt/airflow/dags/lakehouse_pipeline.py
[2026-08-31T12:13:32.739+0000] {processor.py:840} INFO - DAG(s) 'hybrid_lakehouse_daily_pipeline' retrieved from /opt/airflow/dags/lakehouse_pipeline.py
[2026-08-31T12:13:32.828+0000] {logging_mixin.py:188} INFO - [2026-08-31T12:13:32.828+0000] {dag.py:3089} INFO - Sync 1 DAGs
[2026-08-31T12:13:32.846+0000] {logging_mixin.py:188} INFO - [2026-08-31T12:13:32.846+0000] {dag.py:3947} INFO - Setting next_dagrun for hybrid_lakehouse_daily_pipeline to 2026-08-31 02:00:00+00:00, run_after=2026-09-01 02:00:00+00:00
[2026-08-31T12:13:32.863+0000] {processor.py:183} INFO - Processing /opt/airflow/dags/lakehouse_pipeline.py took 0.150 seconds
[2026-08-31T12:14:03.137+0000] {processor.py:161} INFO - Started process (PID=3504) to work on /opt/airflow/dags/lakehouse_pipeline.py
[2026-08-31T12:14:03.138+0000] {processor.py:830} INFO - Processing file /opt/airflow/dags/lakehouse_pipeline.py for tasks to queue
[2026-08-31T12:14:03.141+0000] {logging_mixin.py:188} INFO - [2026-08-31T12:14:03.140+0000] {dagbag.py:545} INFO - Filling up the DagBag from /opt/airflow/dags/lakehouse_pipeline.py
[2026-08-31T12:14:03.161+0000] {processor.py:840} INFO - DAG(s) 'hybrid_lakehouse_daily_pipeline' retrieved from /opt/airflow/dags/lakehouse_pipeline.py
[2026-08-31T12:14:03.262+0000] {logging_mixin.py:188} INFO - [2026-08-31T12:14:03.262+0000] {dag.py:3089} INFO - Sync 1 DAGs
[2026-08-31T12:14:03.281+0000] {logging_mixin.py:188} INFO - [2026-08-31T12:14:03.280+0000] {dag.py:3947} INFO - Setting next_dagrun for hybrid_lakehouse_daily_pipeline to 2026-08-31 02:00:00+00:00, run_after=2026-09-01 02:00:00+00:00
[2026-08-31T12:14:03.301+0000] {processor.py:183} INFO - Processing /opt/airflow/dags/lakehouse_pipeline.py took 0.169 seconds
[2026-08-31T12:14:33.548+0000] {processor.py:161} INFO - Started process (PID=3519) to work on /opt/airflow/dags/lakehouse_pipeline.py
[2026-08-31T12:14:33.549+0000] {processor.py:830} INFO - Processing file /opt/airflow/dags/lakehouse_pipeline.py for tasks to queue
[2026-08-31T12:14:33.552+0000] {logging_mixin.py:188} INFO - [2026-08-31T12:14:33.551+0000] {dagbag.py:545} INFO - Filling up the DagBag from /opt/airflow/dags/lakehouse_pipeline.py
[2026-08-31T12:14:33.575+0000] {processor.py:840} INFO - DAG(s) 'hybrid_lakehouse_daily_pipeline' retrieved from /opt/airflow/dags/lakehouse_pipeline.py
[2026-08-31T12:14:33.685+0000] {logging_mixin.py:188} INFO - [2026-08-31T12:14:33.685+0000] {dag.py:3089} INFO - Sync 1 DAGs
[2026-08-31T12:14:33.705+0000] {logging_mixin.py:188} INFO - [2026-08-31T12:14:33.705+0000] {dag.py:3947} INFO - Setting next_dagrun for hybrid_lakehouse_daily_pipeline to 2026-08-31 02:00:00+00:00, run_after=2026-09-01 02:00:00+00:00
[2026-08-31T12:14:33.726+0000] {processor.py:183} INFO - Processing /opt/airflow/dags/lakehouse_pipeline.py took 0.185 seconds
[2026-08-31T12:15:03.984+0000] {processor.py:161} INFO - Started process (PID=3534) to work on /opt/airflow/dags/lakehouse_pipeline.py
[2026-08-31T12:15:03.985+0000] {processor.py:830} INFO - Processing file /opt/airflow/dags/lakehouse_pipeline.py for tasks to queue
[2026-08-31T12:15:03.987+0000] {logging_mixin.py:188} INFO - [2026-08-31T12:15:03.987+0000] {dagbag.py:545} INFO - Filling up the DagBag from /opt/airflow/dags/lakehouse_pipeline.py
[2026-08-31T12:15:04.008+0000] {processor.py:840} INFO - DAG(s) 'hybrid_lakehouse_daily_pipeline' retrieved from /opt/airflow/dags/lakehouse_pipeline.py
[2026-08-31T12:15:04.107+0000] {logging_mixin.py:188} INFO - [2026-08-31T12:15:04.107+0000] {dag.py:3089} INFO - Sync 1 DAGs
[2026-08-31T12:15:04.128+0000] {logging_mixin.py:188} INFO - [2026-08-31T12:15:04.128+0000] {dag.py:3947} INFO - Setting next_dagrun for hybrid_lakehouse_daily_pipeline to 2026-08-31 02:00:00+00:00, run_after=2026-09-01 02:00:00+00:00
[2026-08-31T12:15:04.145+0000] {processor.py:183} INFO - Processing /opt/airflow/dags/lakehouse_pipeline.py took 0.165 seconds
[2026-08-31T12:15:34.371+0000] {processor.py:161} INFO - Started process (PID=3549) to work on /opt/airflow/dags/lakehouse_pipeline.py
[2026-08-31T12:15:34.372+0000] {processor.py:830} INFO - Processing file /opt/airflow/dags/lakehouse_pipeline.py for tasks to queue
[2026-08-31T12:15:34.374+0000] {logging_mixin.py:188} INFO - [2026-08-31T12:15:34.374+0000] {dagbag.py:545} INFO - Filling up the DagBag from /opt/airflow/dags/lakehouse_pipeline.py
[2026-08-31T12:15:34.395+0000] {processor.py:840} INFO - DAG(s) 'hybrid_lakehouse_daily_pipeline' retrieved from /opt/airflow/dags/lakehouse_pipeline.py
[2026-08-31T12:15:34.492+0000] {logging_mixin.py:188} INFO - [2026-08-31T12:15:34.491+0000] {dag.py:3089} INFO - Sync 1 DAGs
[2026-08-31T12:15:34.514+0000] {logging_mixin.py:188} INFO - [2026-08-31T12:15:34.513+0000] {dag.py:3947} INFO - Setting next_dagrun for hybrid_lakehouse_daily_pipeline to 2026-08-31 02:00:00+00:00, run_after=2026-09-01 02:00:00+00:00
[2026-08-31T12:15:34.538+0000] {processor.py:183} INFO - Processing /opt/airflow/dags/lakehouse_pipeline.py took 0.172 seconds
[2026-08-31T12:16:04.789+0000] {processor.py:161} INFO - Started process (PID=3564) to work on /opt/airflow/dags/lakehouse_pipeline.py
[2026-08-31T12:16:04.790+0000] {processor.py:830} INFO - Processing file /opt/airflow/dags/lakehouse_pipeline.py for tasks to queue
[2026-08-31T12:16:04.792+0000] {logging_mixin.py:188} INFO - [2026-08-31T12:16:04.792+0000] {dagbag.py:545} INFO - Filling up the DagBag from /opt/airflow/dags/lakehouse_pipeline.py
[2026-08-31T12:16:04.815+0000] {processor.py:840} INFO - DAG(s) 'hybrid_lakehouse_daily_pipeline' retrieved from /opt/airflow/dags/lakehouse_pipeline.py
[2026-08-31T12:16:04.910+0000] {logging_mixin.py:188} INFO - [2026-08-31T12:16:04.909+0000] {dag.py:3089} INFO - Sync 1 DAGs
[2026-08-31T12:16:04.931+0000] {logging_mixin.py:188} INFO - [2026-08-31T12:16:04.930+0000] {dag.py:3947} INFO - Setting next_dagrun for hybrid_lakehouse_daily_pipeline to 2026-08-31 02:00:00+00:00, run_after=2026-09-01 02:00:00+00:00
[2026-08-31T12:16:04.955+0000] {processor.py:183} INFO - Processing /opt/airflow/dags/lakehouse_pipeline.py took 0.171 seconds
[2026-08-31T12:16:35.235+0000] {processor.py:161} INFO - Started process (PID=3579) to work on /opt/airflow/dags/lakehouse_pipeline.py
[2026-08-31T12:16:35.236+0000] {processor.py:830} INFO - Processing file /opt/airflow/dags/lakehouse_pipeline.py for tasks to queue
[2026-08-31T12:16:35.238+0000] {logging_mixin.py:188} INFO - [2026-08-31T12:16:35.238+0000] {dagbag.py:545} INFO - Filling up the DagBag from /opt/airflow/dags/lakehouse_pipeline.py
[2026-08-31T12:16:35.259+0000] {processor.py:840} INFO - DAG(s) 'hybrid_lakehouse_daily_pipeline' retrieved from /opt/airflow/dags/lakehouse_pipeline.py
[2026-08-31T12:16:35.342+0000] {logging_mixin.py:188} INFO - [2026-08-31T12:16:35.342+0000] {dag.py:3089} INFO - Sync 1 DAGs
[2026-08-31T12:16:35.362+0000] {logging_mixin.py:188} INFO - [2026-08-31T12:16:35.362+0000] {dag.py:3947} INFO - Setting next_dagrun for hybrid_lakehouse_daily_pipeline to 2026-08-31 02:00:00+00:00, run_after=2026-09-01 02:00:00+00:00
[2026-08-31T12:16:35.382+0000] {processor.py:183} INFO - Processing /opt/airflow/dags/lakehouse_pipeline.py took 0.154 seconds
[2026-08-31T12:17:05.633+0000] {processor.py:161} INFO - Started process (PID=3594) to work on /opt/airflow/dags/lakehouse_pipeline.py
[2026-08-31T12:17:05.634+0000] {processor.py:830} INFO - Processing file /opt/airflow/dags/lakehouse_pipeline.py for tasks to queue
[2026-08-31T12:17:05.636+0000] {logging_mixin.py:188} INFO - [2026-08-31T12:17:05.635+0000] {dagbag.py:545} INFO - Filling up the DagBag from /opt/airflow/dags/lakehouse_pipeline.py
[2026-08-31T12:17:05.660+0000] {processor.py:840} INFO - DAG(s) 'hybrid_lakehouse_daily_pipeline' retrieved from /opt/airflow/dags/lakehouse_pipeline.py
[2026-08-31T12:17:05.754+0000] {logging_mixin.py:188} INFO - [2026-08-31T12:17:05.754+0000] {dag.py:3089} INFO - Sync 1 DAGs
[2026-08-31T12:17:05.774+0000] {logging_mixin.py:188} INFO - [2026-08-31T12:17:05.773+0000] {dag.py:3947} INFO - Setting next_dagrun for hybrid_lakehouse_daily_pipeline to 2026-08-31 02:00:00+00:00, run_after=2026-09-01 02:00:00+00:00
[2026-08-31T12:17:05.793+0000] {processor.py:183} INFO - Processing /opt/airflow/dags/lakehouse_pipeline.py took 0.166 seconds
[2026-08-31T12:17:36.048+0000] {processor.py:161} INFO - Started process (PID=3609) to work on /opt/airflow/dags/lakehouse_pipeline.py
[2026-08-31T12:17:36.049+0000] {processor.py:830} INFO - Processing file /opt/airflow/dags/lakehouse_pipeline.py for tasks to queue
[2026-08-31T12:17:36.051+0000] {logging_mixin.py:188} INFO - [2026-08-31T12:17:36.051+0000] {dagbag.py:545} INFO - Filling up the DagBag from /opt/airflow/dags/lakehouse_pipeline.py
[2026-08-31T12:17:36.076+0000] {processor.py:840} INFO - DAG(s) 'hybrid_lakehouse_daily_pipeline' retrieved from /opt/airflow/dags/lakehouse_pipeline.py
[2026-08-31T12:17:36.185+0000] {logging_mixin.py:188} INFO - [2026-08-31T12:17:36.185+0000] {dag.py:3089} INFO - Sync 1 DAGs
[2026-08-31T12:17:36.205+0000] {logging_mixin.py:188} INFO - [2026-08-31T12:17:36.205+0000] {dag.py:3947} INFO - Setting next_dagrun for hybrid_lakehouse_daily_pipeline to 2026-08-31 02:00:00+00:00, run_after=2026-09-01 02:00:00+00:00
[2026-08-31T12:17:36.224+0000] {processor.py:183} INFO - Processing /opt/airflow/dags/lakehouse_pipeline.py took 0.181 seconds
[2026-08-31T12:18:06.484+0000] {processor.py:161} INFO - Started process (PID=3624) to work on /opt/airflow/dags/lakehouse_pipeline.py
[2026-08-31T12:18:06.485+0000] {processor.py:830} INFO - Processing file /opt/airflow/dags/lakehouse_pipeline.py for tasks to queue
[2026-08-31T12:18:06.488+0000] {logging_mixin.py:188} INFO - [2026-08-31T12:18:06.487+0000] {dagbag.py:545} INFO - Filling up the DagBag from /opt/airflow/dags/lakehouse_pipeline.py
[2026-08-31T12:18:06.506+0000] {processor.py:840} INFO - DAG(s) 'hybrid_lakehouse_daily_pipeline' retrieved from /opt/airflow/dags/lakehouse_pipeline.py
[2026-08-31T12:18:06.595+0000] {logging_mixin.py:188} INFO - [2026-08-31T12:18:06.594+0000] {dag.py:3089} INFO - Sync 1 DAGs
[2026-08-31T12:18:06.613+0000] {logging_mixin.py:188} INFO - [2026-08-31T12:18:06.613+0000] {dag.py:3947} INFO - Setting next_dagrun for hybrid_lakehouse_daily_pipeline to 2026-08-31 02:00:00+00:00, run_after=2026-09-01 02:00:00+00:00
[2026-08-31T12:18:06.633+0000] {processor.py:183} INFO - Processing /opt/airflow/dags/lakehouse_pipeline.py took 0.155 seconds
[2026-08-31T12:18:36.862+0000] {processor.py:161} INFO - Started process (PID=3639) to work on /opt/airflow/dags/lakehouse_pipeline.py
[2026-08-31T12:18:36.863+0000] {processor.py:830} INFO - Processing file /opt/airflow/dags/lakehouse_pipeline.py for tasks to queue
[2026-08-31T12:18:36.866+0000] {logging_mixin.py:188} INFO - [2026-08-31T12:18:36.865+0000] {dagbag.py:545} INFO - Filling up the DagBag from /opt/airflow/dags/lakehouse_pipeline.py
[2026-08-31T12:18:36.894+0000] {processor.py:840} INFO - DAG(s) 'hybrid_lakehouse_daily_pipeline' retrieved from /opt/airflow/dags/lakehouse_pipeline.py
[2026-08-31T12:18:37.027+0000] {logging_mixin.py:188} INFO - [2026-08-31T12:18:37.027+0000] {dag.py:3089} INFO - Sync 1 DAGs
[2026-08-31T12:18:37.046+0000] {logging_mixin.py:188} INFO - [2026-08-31T12:18:37.046+0000] {dag.py:3947} INFO - Setting next_dagrun for hybrid_lakehouse_daily_pipeline to 2026-08-31 02:00:00+00:00, run_after=2026-09-01 02:00:00+00:00
[2026-08-31T12:18:37.067+0000] {processor.py:183} INFO - Processing /opt/airflow/dags/lakehouse_pipeline.py took 0.212 seconds
[2026-08-31T12:19:07.349+0000] {processor.py:161} INFO - Started process (PID=3654) to work on /opt/airflow/dags/lakehouse_pipeline.py
[2026-08-31T12:19:07.350+0000] {processor.py:830} INFO - Processing file /opt/airflow/dags/lakehouse_pipeline.py for tasks to queue
[2026-08-31T12:19:07.352+0000] {logging_mixin.py:188} INFO - [2026-08-31T12:19:07.352+0000] {dagbag.py:545} INFO - Filling up the DagBag from /opt/airflow/dags/lakehouse_pipeline.py
[2026-08-31T12:19:07.370+0000] {processor.py:840} INFO - DAG(s) 'hybrid_lakehouse_daily_pipeline' retrieved from /opt/airflow/dags/lakehouse_pipeline.py
[2026-08-31T12:19:07.453+0000] {logging_mixin.py:188} INFO - [2026-08-31T12:19:07.453+0000] {dag.py:3089} INFO - Sync 1 DAGs
[2026-08-31T12:19:07.471+0000] {logging_mixin.py:188} INFO - [2026-08-31T12:19:07.470+0000] {dag.py:3947} INFO - Setting next_dagrun for hybrid_lakehouse_daily_pipeline to 2026-08-31 02:00:00+00:00, run_after=2026-09-01 02:00:00+00:00
[2026-08-31T12:19:07.489+0000] {processor.py:183} INFO - Processing /opt/airflow/dags/lakehouse_pipeline.py took 0.144 seconds
[2026-08-31T12:19:37.736+0000] {processor.py:161} INFO - Started process (PID=3669) to work on /opt/airflow/dags/lakehouse_pipeline.py
[2026-08-31T12:19:37.737+0000] {processor.py:830} INFO - Processing file /opt/airflow/dags/lakehouse_pipeline.py for tasks to queue
[2026-08-31T12:19:37.739+0000] {logging_mixin.py:188} INFO - [2026-08-31T12:19:37.739+0000] {dagbag.py:545} INFO - Filling up the DagBag from /opt/airflow/dags/lakehouse_pipeline.py
[2026-08-31T12:19:37.759+0000] {processor.py:840} INFO - DAG(s) 'hybrid_lakehouse_daily_pipeline' retrieved from /opt/airflow/dags/lakehouse_pipeline.py
[2026-08-31T12:19:37.851+0000] {logging_mixin.py:188} INFO - [2026-08-31T12:19:37.850+0000] {dag.py:3089} INFO - Sync 1 DAGs
[2026-08-31T12:19:37.871+0000] {logging_mixin.py:188} INFO - [2026-08-31T12:19:37.871+0000] {dag.py:3947} INFO - Setting next_dagrun for hybrid_lakehouse_daily_pipeline to 2026-08-31 02:00:00+00:00, run_after=2026-09-01 02:00:00+00:00
[2026-08-31T12:19:37.893+0000] {processor.py:183} INFO - Processing /opt/airflow/dags/lakehouse_pipeline.py took 0.162 seconds
[2026-08-31T12:20:08.134+0000] {processor.py:161} INFO - Started process (PID=3684) to work on /opt/airflow/dags/lakehouse_pipeline.py
[2026-08-31T12:20:08.135+0000] {processor.py:830} INFO - Processing file /opt/airflow/dags/lakehouse_pipeline.py for tasks to queue
[2026-08-31T12:20:08.137+0000] {logging_mixin.py:188} INFO - [2026-08-31T12:20:08.136+0000] {dagbag.py:545} INFO - Filling up the DagBag from /opt/airflow/dags/lakehouse_pipeline.py
[2026-08-31T12:20:08.157+0000] {processor.py:840} INFO - DAG(s) 'hybrid_lakehouse_daily_pipeline' retrieved from /opt/airflow/dags/lakehouse_pipeline.py
[2026-08-31T12:20:08.255+0000] {logging_mixin.py:188} INFO - [2026-08-31T12:20:08.254+0000] {dag.py:3089} INFO - Sync 1 DAGs
[2026-08-31T12:20:08.273+0000] {logging_mixin.py:188} INFO - [2026-08-31T12:20:08.273+0000] {dag.py:3947} INFO - Setting next_dagrun for hybrid_lakehouse_daily_pipeline to 2026-08-31 02:00:00+00:00, run_after=2026-09-01 02:00:00+00:00
[2026-08-31T12:20:08.293+0000] {processor.py:183} INFO - Processing /opt/airflow/dags/lakehouse_pipeline.py took 0.165 seconds
[2026-08-31T12:20:38.537+0000] {processor.py:161} INFO - Started process (PID=3699) to work on /opt/airflow/dags/lakehouse_pipeline.py
[2026-08-31T12:20:38.538+0000] {processor.py:830} INFO - Processing file /opt/airflow/dags/lakehouse_pipeline.py for tasks to queue
[2026-08-31T12:20:38.540+0000] {logging_mixin.py:188} INFO - [2026-08-31T12:20:38.540+0000] {dagbag.py:545} INFO - Filling up the DagBag from /opt/airflow/dags/lakehouse_pipeline.py
[2026-08-31T12:20:38.560+0000] {processor.py:840} INFO - DAG(s) 'hybrid_lakehouse_daily_pipeline' retrieved from /opt/airflow/dags/lakehouse_pipeline.py
[2026-08-31T12:20:38.642+0000] {logging_mixin.py:188} INFO - [2026-08-31T12:20:38.642+0000] {dag.py:3089} INFO - Sync 1 DAGs
[2026-08-31T12:20:38.657+0000] {logging_mixin.py:188} INFO - [2026-08-31T12:20:38.657+0000] {dag.py:3947} INFO - Setting next_dagrun for hybrid_lakehouse_daily_pipeline to 2026-08-31 02:00:00+00:00, run_after=2026-09-01 02:00:00+00:00
[2026-08-31T12:20:38.679+0000] {processor.py:183} INFO - Processing /opt/airflow/dags/lakehouse_pipeline.py took 0.147 seconds
[2026-08-31T12:21:08.949+0000] {processor.py:161} INFO - Started process (PID=3714) to work on /opt/airflow/dags/lakehouse_pipeline.py
[2026-08-31T12:21:08.950+0000] {processor.py:830} INFO - Processing file /opt/airflow/dags/lakehouse_pipeline.py for tasks to queue
[2026-08-31T12:21:08.952+0000] {logging_mixin.py:188} INFO - [2026-08-31T12:21:08.951+0000] {dagbag.py:545} INFO - Filling up the DagBag from /opt/airflow/dags/lakehouse_pipeline.py
[2026-08-31T12:21:08.972+0000] {processor.py:840} INFO - DAG(s) 'hybrid_lakehouse_daily_pipeline' retrieved from /opt/airflow/dags/lakehouse_pipeline.py
[2026-08-31T12:21:09.057+0000] {logging_mixin.py:188} INFO - [2026-08-31T12:21:09.057+0000] {dag.py:3089} INFO - Sync 1 DAGs
[2026-08-31T12:21:09.075+0000] {logging_mixin.py:188} INFO - [2026-08-31T12:21:09.075+0000] {dag.py:3947} INFO - Setting next_dagrun for hybrid_lakehouse_daily_pipeline to 2026-08-31 02:00:00+00:00, run_after=2026-09-01 02:00:00+00:00
[2026-08-31T12:21:09.096+0000] {processor.py:183} INFO - Processing /opt/airflow/dags/lakehouse_pipeline.py took 0.152 seconds
[2026-08-31T12:21:39.343+0000] {processor.py:161} INFO - Started process (PID=3729) to work on /opt/airflow/dags/lakehouse_pipeline.py
[2026-08-31T12:21:39.344+0000] {processor.py:830} INFO - Processing file /opt/airflow/dags/lakehouse_pipeline.py for tasks to queue
[2026-08-31T12:21:39.346+0000] {logging_mixin.py:188} INFO - [2026-08-31T12:21:39.346+0000] {dagbag.py:545} INFO - Filling up the DagBag from /opt/airflow/dags/lakehouse_pipeline.py
[2026-08-31T12:21:39.368+0000] {processor.py:840} INFO - DAG(s) 'hybrid_lakehouse_daily_pipeline' retrieved from /opt/airflow/dags/lakehouse_pipeline.py
[2026-08-31T12:21:39.461+0000] {logging_mixin.py:188} INFO - [2026-08-31T12:21:39.460+0000] {dag.py:3089} INFO - Sync 1 DAGs
[2026-08-31T12:21:39.480+0000] {logging_mixin.py:188} INFO - [2026-08-31T12:21:39.480+0000] {dag.py:3947} INFO - Setting next_dagrun for hybrid_lakehouse_daily_pipeline to 2026-08-31 02:00:00+00:00, run_after=2026-09-01 02:00:00+00:00
[2026-08-31T12:21:39.502+0000] {processor.py:183} INFO - Processing /opt/airflow/dags/lakehouse_pipeline.py took 0.164 seconds
[2026-08-31T12:22:09.749+0000] {processor.py:161} INFO - Started process (PID=3744) to work on /opt/airflow/dags/lakehouse_pipeline.py
[2026-08-31T12:22:09.750+0000] {processor.py:830} INFO - Processing file /opt/airflow/dags/lakehouse_pipeline.py for tasks to queue
[2026-08-31T12:22:09.752+0000] {logging_mixin.py:188} INFO - [2026-08-31T12:22:09.752+0000] {dagbag.py:545} INFO - Filling up the DagBag from /opt/airflow/dags/lakehouse_pipeline.py
[2026-08-31T12:22:09.776+0000] {processor.py:840} INFO - DAG(s) 'hybrid_lakehouse_daily_pipeline' retrieved from /opt/airflow/dags/lakehouse_pipeline.py
[2026-08-31T12:22:09.883+0000] {logging_mixin.py:188} INFO - [2026-08-31T12:22:09.882+0000] {dag.py:3089} INFO - Sync 1 DAGs
[2026-08-31T12:22:09.901+0000] {logging_mixin.py:188} INFO - [2026-08-31T12:22:09.901+0000] {dag.py:3947} INFO - Setting next_dagrun for hybrid_lakehouse_daily_pipeline to 2026-08-31 02:00:00+00:00, run_after=2026-09-01 02:00:00+00:00
[2026-08-31T12:22:09.918+0000] {processor.py:183} INFO - Processing /opt/airflow/dags/lakehouse_pipeline.py took 0.174 seconds
[2026-08-31T12:22:40.153+0000] {processor.py:161} INFO - Started process (PID=3759) to work on /opt/airflow/dags/lakehouse_pipeline.py
[2026-08-31T12:22:40.154+0000] {processor.py:830} INFO - Processing file /opt/airflow/dags/lakehouse_pipeline.py for tasks to queue
[2026-08-31T12:22:40.155+0000] {logging_mixin.py:188} INFO - [2026-08-31T12:22:40.155+0000] {dagbag.py:545} INFO - Filling up the DagBag from /opt/airflow/dags/lakehouse_pipeline.py
[2026-08-31T12:22:40.175+0000] {processor.py:840} INFO - DAG(s) 'hybrid_lakehouse_daily_pipeline' retrieved from /opt/airflow/dags/lakehouse_pipeline.py
[2026-08-31T12:22:40.264+0000] {logging_mixin.py:188} INFO - [2026-08-31T12:22:40.263+0000] {dag.py:3089} INFO - Sync 1 DAGs
[2026-08-31T12:22:40.280+0000] {logging_mixin.py:188} INFO - [2026-08-31T12:22:40.280+0000] {dag.py:3947} INFO - Setting next_dagrun for hybrid_lakehouse_daily_pipeline to 2026-08-31 02:00:00+00:00, run_after=2026-09-01 02:00:00+00:00
[2026-08-31T12:22:40.296+0000] {processor.py:183} INFO - Processing /opt/airflow/dags/lakehouse_pipeline.py took 0.148 seconds
[2026-08-31T12:23:10.542+0000] {processor.py:161} INFO - Started process (PID=3774) to work on /opt/airflow/dags/lakehouse_pipeline.py
[2026-08-31T12:23:10.543+0000] {processor.py:830} INFO - Processing file /opt/airflow/dags/lakehouse_pipeline.py for tasks to queue
[2026-08-31T12:23:10.546+0000] {logging_mixin.py:188} INFO - [2026-08-31T12:23:10.545+0000] {dagbag.py:545} INFO - Filling up the DagBag from /opt/airflow/dags/lakehouse_pipeline.py
[2026-08-31T12:23:10.566+0000] {processor.py:840} INFO - DAG(s) 'hybrid_lakehouse_daily_pipeline' retrieved from /opt/airflow/dags/lakehouse_pipeline.py
[2026-08-31T12:23:10.651+0000] {logging_mixin.py:188} INFO - [2026-08-31T12:23:10.650+0000] {dag.py:3089} INFO - Sync 1 DAGs
[2026-08-31T12:23:10.668+0000] {logging_mixin.py:188} INFO - [2026-08-31T12:23:10.667+0000] {dag.py:3947} INFO - Setting next_dagrun for hybrid_lakehouse_daily_pipeline to 2026-08-31 02:00:00+00:00, run_after=2026-09-01 02:00:00+00:00
[2026-08-31T12:23:10.686+0000] {processor.py:183} INFO - Processing /opt/airflow/dags/lakehouse_pipeline.py took 0.149 seconds
[2026-08-31T12:23:40.934+0000] {processor.py:161} INFO - Started process (PID=3789) to work on /opt/airflow/dags/lakehouse_pipeline.py
[2026-08-31T12:23:40.934+0000] {processor.py:830} INFO - Processing file /opt/airflow/dags/lakehouse_pipeline.py for tasks to queue
[2026-08-31T12:23:40.936+0000] {logging_mixin.py:188} INFO - [2026-08-31T12:23:40.936+0000] {dagbag.py:545} INFO - Filling up the DagBag from /opt/airflow/dags/lakehouse_pipeline.py
[2026-08-31T12:23:40.960+0000] {processor.py:840} INFO - DAG(s) 'hybrid_lakehouse_daily_pipeline' retrieved from /opt/airflow/dags/lakehouse_pipeline.py
[2026-08-31T12:23:41.061+0000] {logging_mixin.py:188} INFO - [2026-08-31T12:23:41.060+0000] {dag.py:3089} INFO - Sync 1 DAGs
[2026-08-31T12:23:41.081+0000] {logging_mixin.py:188} INFO - [2026-08-31T12:23:41.081+0000] {dag.py:3947} INFO - Setting next_dagrun for hybrid_lakehouse_daily_pipeline to 2026-08-31 02:00:00+00:00, run_after=2026-09-01 02:00:00+00:00
[2026-08-31T12:23:41.101+0000] {processor.py:183} INFO - Processing /opt/airflow/dags/lakehouse_pipeline.py took 0.173 seconds
[2026-08-31T12:24:11.337+0000] {processor.py:161} INFO - Started process (PID=3804) to work on /opt/airflow/dags/lakehouse_pipeline.py
[2026-08-31T12:24:11.338+0000] {processor.py:830} INFO - Processing file /opt/airflow/dags/lakehouse_pipeline.py for tasks to queue
[2026-08-31T12:24:11.340+0000] {logging_mixin.py:188} INFO - [2026-08-31T12:24:11.340+0000] {dagbag.py:545} INFO - Filling up the DagBag from /opt/airflow/dags/lakehouse_pipeline.py
[2026-08-31T12:24:11.359+0000] {processor.py:840} INFO - DAG(s) 'hybrid_lakehouse_daily_pipeline' retrieved from /opt/airflow/dags/lakehouse_pipeline.py
[2026-08-31T12:24:11.440+0000] {logging_mixin.py:188} INFO - [2026-08-31T12:24:11.440+0000] {dag.py:3089} INFO - Sync 1 DAGs
[2026-08-31T12:24:11.456+0000] {logging_mixin.py:188} INFO - [2026-08-31T12:24:11.456+0000] {dag.py:3947} INFO - Setting next_dagrun for hybrid_lakehouse_daily_pipeline to 2026-08-31 02:00:00+00:00, run_after=2026-09-01 02:00:00+00:00
[2026-08-31T12:24:11.473+0000] {processor.py:183} INFO - Processing /opt/airflow/dags/lakehouse_pipeline.py took 0.141 seconds
[2026-08-31T12:24:41.727+0000] {processor.py:161} INFO - Started process (PID=3819) to work on /opt/airflow/dags/lakehouse_pipeline.py
[2026-08-31T12:24:41.728+0000] {processor.py:830} INFO - Processing file /opt/airflow/dags/lakehouse_pipeline.py for tasks to queue
[2026-08-31T12:24:41.730+0000] {logging_mixin.py:188} INFO - [2026-08-31T12:24:41.730+0000] {dagbag.py:545} INFO - Filling up the DagBag from /opt/airflow/dags/lakehouse_pipeline.py
[2026-08-31T12:24:41.750+0000] {processor.py:840} INFO - DAG(s) 'hybrid_lakehouse_daily_pipeline' retrieved from /opt/airflow/dags/lakehouse_pipeline.py
[2026-08-31T12:24:41.841+0000] {logging_mixin.py:188} INFO - [2026-08-31T12:24:41.840+0000] {dag.py:3089} INFO - Sync 1 DAGs
[2026-08-31T12:24:41.860+0000] {logging_mixin.py:188} INFO - [2026-08-31T12:24:41.860+0000] {dag.py:3947} INFO - Setting next_dagrun for hybrid_lakehouse_daily_pipeline to 2026-08-31 02:00:00+00:00, run_after=2026-09-01 02:00:00+00:00
[2026-08-31T12:24:41.879+0000] {processor.py:183} INFO - Processing /opt/airflow/dags/lakehouse_pipeline.py took 0.157 seconds
[2026-08-31T12:25:12.130+0000] {processor.py:161} INFO - Started process (PID=3834) to work on /opt/airflow/dags/lakehouse_pipeline.py
[2026-08-31T12:25:12.131+0000] {processor.py:830} INFO - Processing file /opt/airflow/dags/lakehouse_pipeline.py for tasks to queue
[2026-08-31T12:25:12.133+0000] {logging_mixin.py:188} INFO - [2026-08-31T12:25:12.132+0000] {dagbag.py:545} INFO - Filling up the DagBag from /opt/airflow/dags/lakehouse_pipeline.py
[2026-08-31T12:25:12.152+0000] {processor.py:840} INFO - DAG(s) 'hybrid_lakehouse_daily_pipeline' retrieved from /opt/airflow/dags/lakehouse_pipeline.py
[2026-08-31T12:25:12.239+0000] {logging_mixin.py:188} INFO - [2026-08-31T12:25:12.238+0000] {dag.py:3089} INFO - Sync 1 DAGs
[2026-08-31T12:25:12.257+0000] {logging_mixin.py:188} INFO - [2026-08-31T12:25:12.257+0000] {dag.py:3947} INFO - Setting next_dagrun for hybrid_lakehouse_daily_pipeline to 2026-08-31 02:00:00+00:00, run_after=2026-09-01 02:00:00+00:00
[2026-08-31T12:25:12.277+0000] {processor.py:183} INFO - Processing /opt/airflow/dags/lakehouse_pipeline.py took 0.152 seconds
[2026-08-31T12:25:42.522+0000] {processor.py:161} INFO - Started process (PID=3849) to work on /opt/airflow/dags/lakehouse_pipeline.py
[2026-08-31T12:25:42.522+0000] {processor.py:830} INFO - Processing file /opt/airflow/dags/lakehouse_pipeline.py for tasks to queue
[2026-08-31T12:25:42.524+0000] {logging_mixin.py:188} INFO - [2026-08-31T12:25:42.524+0000] {dagbag.py:545} INFO - Filling up the DagBag from /opt/airflow/dags/lakehouse_pipeline.py
[2026-08-31T12:25:42.544+0000] {processor.py:840} INFO - DAG(s) 'hybrid_lakehouse_daily_pipeline' retrieved from /opt/airflow/dags/lakehouse_pipeline.py
[2026-08-31T12:25:42.627+0000] {logging_mixin.py:188} INFO - [2026-08-31T12:25:42.627+0000] {dag.py:3089} INFO - Sync 1 DAGs
[2026-08-31T12:25:42.643+0000] {logging_mixin.py:188} INFO - [2026-08-31T12:25:42.643+0000] {dag.py:3947} INFO - Setting next_dagrun for hybrid_lakehouse_daily_pipeline to 2026-08-31 02:00:00+00:00, run_after=2026-09-01 02:00:00+00:00
[2026-08-31T12:25:42.660+0000] {processor.py:183} INFO - Processing /opt/airflow/dags/lakehouse_pipeline.py took 0.143 seconds
[2026-08-31T12:26:12.904+0000] {processor.py:161} INFO - Started process (PID=3864) to work on /opt/airflow/dags/lakehouse_pipeline.py
[2026-08-31T12:26:12.905+0000] {processor.py:830} INFO - Processing file /opt/airflow/dags/lakehouse_pipeline.py for tasks to queue
[2026-08-31T12:26:12.907+0000] {logging_mixin.py:188} INFO - [2026-08-31T12:26:12.906+0000] {dagbag.py:545} INFO - Filling up the DagBag from /opt/airflow/dags/lakehouse_pipeline.py
[2026-08-31T12:26:12.928+0000] {processor.py:840} INFO - DAG(s) 'hybrid_lakehouse_daily_pipeline' retrieved from /opt/airflow/dags/lakehouse_pipeline.py
[2026-08-31T12:26:13.019+0000] {logging_mixin.py:188} INFO - [2026-08-31T12:26:13.018+0000] {dag.py:3089} INFO - Sync 1 DAGs
[2026-08-31T12:26:13.037+0000] {logging_mixin.py:188} INFO - [2026-08-31T12:26:13.036+0000] {dag.py:3947} INFO - Setting next_dagrun for hybrid_lakehouse_daily_pipeline to 2026-08-31 02:00:00+00:00, run_after=2026-09-01 02:00:00+00:00
[2026-08-31T12:26:13.056+0000] {processor.py:183} INFO - Processing /opt/airflow/dags/lakehouse_pipeline.py took 0.156 seconds
[2026-08-31T12:26:43.296+0000] {processor.py:161} INFO - Started process (PID=3879) to work on /opt/airflow/dags/lakehouse_pipeline.py
[2026-08-31T12:26:43.297+0000] {processor.py:830} INFO - Processing file /opt/airflow/dags/lakehouse_pipeline.py for tasks to queue
[2026-08-31T12:26:43.299+0000] {logging_mixin.py:188} INFO - [2026-08-31T12:26:43.298+0000] {dagbag.py:545} INFO - Filling up the DagBag from /opt/airflow/dags/lakehouse_pipeline.py
[2026-08-31T12:26:43.318+0000] {processor.py:840} INFO - DAG(s) 'hybrid_lakehouse_daily_pipeline' retrieved from /opt/airflow/dags/lakehouse_pipeline.py
[2026-08-31T12:26:43.411+0000] {logging_mixin.py:188} INFO - [2026-08-31T12:26:43.410+0000] {dag.py:3089} INFO - Sync 1 DAGs
[2026-08-31T12:26:43.440+0000] {logging_mixin.py:188} INFO - [2026-08-31T12:26:43.440+0000] {dag.py:3947} INFO - Setting next_dagrun for hybrid_lakehouse_daily_pipeline to 2026-08-31 02:00:00+00:00, run_after=2026-09-01 02:00:00+00:00
[2026-08-31T12:26:43.464+0000] {processor.py:183} INFO - Processing /opt/airflow/dags/lakehouse_pipeline.py took 0.173 seconds
[2026-08-31T12:27:13.714+0000] {processor.py:161} INFO - Started process (PID=3894) to work on /opt/airflow/dags/lakehouse_pipeline.py
[2026-08-31T12:27:13.715+0000] {processor.py:830} INFO - Processing file /opt/airflow/dags/lakehouse_pipeline.py for tasks to queue
[2026-08-31T12:27:13.717+0000] {logging_mixin.py:188} INFO - [2026-08-31T12:27:13.716+0000] {dagbag.py:545} INFO - Filling up the DagBag from /opt/airflow/dags/lakehouse_pipeline.py
[2026-08-31T12:27:13.735+0000] {processor.py:840} INFO - DAG(s) 'hybrid_lakehouse_daily_pipeline' retrieved from /opt/airflow/dags/lakehouse_pipeline.py
[2026-08-31T12:27:13.819+0000] {logging_mixin.py:188} INFO - [2026-08-31T12:27:13.818+0000] {dag.py:3089} INFO - Sync 1 DAGs
[2026-08-31T12:27:13.838+0000] {logging_mixin.py:188} INFO - [2026-08-31T12:27:13.838+0000] {dag.py:3947} INFO - Setting next_dagrun for hybrid_lakehouse_daily_pipeline to 2026-08-31 02:00:00+00:00, run_after=2026-09-01 02:00:00+00:00
[2026-08-31T12:27:13.857+0000] {processor.py:183} INFO - Processing /opt/airflow/dags/lakehouse_pipeline.py took 0.148 seconds
[2026-08-31T12:27:44.108+0000] {processor.py:161} INFO - Started process (PID=3909) to work on /opt/airflow/dags/lakehouse_pipeline.py
[2026-08-31T12:27:44.109+0000] {processor.py:830} INFO - Processing file /opt/airflow/dags/lakehouse_pipeline.py for tasks to queue
[2026-08-31T12:27:44.111+0000] {logging_mixin.py:188} INFO - [2026-08-31T12:27:44.111+0000] {dagbag.py:545} INFO - Filling up the DagBag from /opt/airflow/dags/lakehouse_pipeline.py
[2026-08-31T12:27:44.132+0000] {processor.py:840} INFO - DAG(s) 'hybrid_lakehouse_daily_pipeline' retrieved from /opt/airflow/dags/lakehouse_pipeline.py
[2026-08-31T12:27:44.232+0000] {logging_mixin.py:188} INFO - [2026-08-31T12:27:44.231+0000] {dag.py:3089} INFO - Sync 1 DAGs
[2026-08-31T12:27:44.255+0000] {logging_mixin.py:188} INFO - [2026-08-31T12:27:44.255+0000] {dag.py:3947} INFO - Setting next_dagrun for hybrid_lakehouse_daily_pipeline to 2026-08-31 02:00:00+00:00, run_after=2026-09-01 02:00:00+00:00
[2026-08-31T12:27:44.278+0000] {processor.py:183} INFO - Processing /opt/airflow/dags/lakehouse_pipeline.py took 0.176 seconds
[2026-08-31T12:28:14.525+0000] {processor.py:161} INFO - Started process (PID=3924) to work on /opt/airflow/dags/lakehouse_pipeline.py
[2026-08-31T12:28:14.526+0000] {processor.py:830} INFO - Processing file /opt/airflow/dags/lakehouse_pipeline.py for tasks to queue
[2026-08-31T12:28:14.528+0000] {logging_mixin.py:188} INFO - [2026-08-31T12:28:14.527+0000] {dagbag.py:545} INFO - Filling up the DagBag from /opt/airflow/dags/lakehouse_pipeline.py
[2026-08-31T12:28:14.548+0000] {processor.py:840} INFO - DAG(s) 'hybrid_lakehouse_daily_pipeline' retrieved from /opt/airflow/dags/lakehouse_pipeline.py
[2026-08-31T12:28:14.633+0000] {logging_mixin.py:188} INFO - [2026-08-31T12:28:14.632+0000] {dag.py:3089} INFO - Sync 1 DAGs
[2026-08-31T12:28:14.652+0000] {logging_mixin.py:188} INFO - [2026-08-31T12:28:14.652+0000] {dag.py:3947} INFO - Setting next_dagrun for hybrid_lakehouse_daily_pipeline to 2026-08-31 02:00:00+00:00, run_after=2026-09-01 02:00:00+00:00
[2026-08-31T12:28:14.670+0000] {processor.py:183} INFO - Processing /opt/airflow/dags/lakehouse_pipeline.py took 0.149 seconds
[2026-08-31T12:28:44.899+0000] {processor.py:161} INFO - Started process (PID=3939) to work on /opt/airflow/dags/lakehouse_pipeline.py
[2026-08-31T12:28:44.900+0000] {processor.py:830} INFO - Processing file /opt/airflow/dags/lakehouse_pipeline.py for tasks to queue
[2026-08-31T12:28:44.902+0000] {logging_mixin.py:188} INFO - [2026-08-31T12:28:44.902+0000] {dagbag.py:545} INFO - Filling up the DagBag from /opt/airflow/dags/lakehouse_pipeline.py
[2026-08-31T12:28:44.924+0000] {processor.py:840} INFO - DAG(s) 'hybrid_lakehouse_daily_pipeline' retrieved from /opt/airflow/dags/lakehouse_pipeline.py
[2026-08-31T12:28:45.013+0000] {logging_mixin.py:188} INFO - [2026-08-31T12:28:45.013+0000] {dag.py:3089} INFO - Sync 1 DAGs
[2026-08-31T12:28:45.034+0000] {logging_mixin.py:188} INFO - [2026-08-31T12:28:45.034+0000] {dag.py:3947} INFO - Setting next_dagrun for hybrid_lakehouse_daily_pipeline to 2026-08-31 02:00:00+00:00, run_after=2026-09-01 02:00:00+00:00
[2026-08-31T12:28:45.053+0000] {processor.py:183} INFO - Processing /opt/airflow/dags/lakehouse_pipeline.py took 0.158 seconds
[2026-08-31T12:29:15.334+0000] {processor.py:161} INFO - Started process (PID=3954) to work on /opt/airflow/dags/lakehouse_pipeline.py
[2026-08-31T12:29:15.336+0000] {processor.py:830} INFO - Processing file /opt/airflow/dags/lakehouse_pipeline.py for tasks to queue
[2026-08-31T12:29:15.338+0000] {logging_mixin.py:188} INFO - [2026-08-31T12:29:15.337+0000] {dagbag.py:545} INFO - Filling up the DagBag from /opt/airflow/dags/lakehouse_pipeline.py
[2026-08-31T12:29:15.367+0000] {processor.py:840} INFO - DAG(s) 'hybrid_lakehouse_daily_pipeline' retrieved from /opt/airflow/dags/lakehouse_pipeline.py
[2026-08-31T12:29:15.478+0000] {logging_mixin.py:188} INFO - [2026-08-31T12:29:15.478+0000] {dag.py:3089} INFO - Sync 1 DAGs
[2026-08-31T12:29:15.498+0000] {logging_mixin.py:188} INFO - [2026-08-31T12:29:15.498+0000] {dag.py:3947} INFO - Setting next_dagrun for hybrid_lakehouse_daily_pipeline to 2026-08-31 02:00:00+00:00, run_after=2026-09-01 02:00:00+00:00
[2026-08-31T12:29:15.516+0000] {processor.py:183} INFO - Processing /opt/airflow/dags/lakehouse_pipeline.py took 0.187 seconds
[2026-08-31T12:29:45.746+0000] {processor.py:161} INFO - Started process (PID=3969) to work on /opt/airflow/dags/lakehouse_pipeline.py
[2026-08-31T12:29:45.747+0000] {processor.py:830} INFO - Processing file /opt/airflow/dags/lakehouse_pipeline.py for tasks to queue
[2026-08-31T12:29:45.749+0000] {logging_mixin.py:188} INFO - [2026-08-31T12:29:45.749+0000] {dagbag.py:545} INFO - Filling up the DagBag from /opt/airflow/dags/lakehouse_pipeline.py
[2026-08-31T12:29:45.768+0000] {processor.py:840} INFO - DAG(s) 'hybrid_lakehouse_daily_pipeline' retrieved from /opt/airflow/dags/lakehouse_pipeline.py
[2026-08-31T12:29:45.859+0000] {logging_mixin.py:188} INFO - [2026-08-31T12:29:45.858+0000] {dag.py:3089} INFO - Sync 1 DAGs
[2026-08-31T12:29:45.878+0000] {logging_mixin.py:188} INFO - [2026-08-31T12:29:45.877+0000] {dag.py:3947} INFO - Setting next_dagrun for hybrid_lakehouse_daily_pipeline to 2026-08-31 02:00:00+00:00, run_after=2026-09-01 02:00:00+00:00
[2026-08-31T12:29:45.900+0000] {processor.py:183} INFO - Processing /opt/airflow/dags/lakehouse_pipeline.py took 0.158 seconds
[2026-08-31T12:30:16.151+0000] {processor.py:161} INFO - Started process (PID=3984) to work on /opt/airflow/dags/lakehouse_pipeline.py
[2026-08-31T12:30:16.152+0000] {processor.py:830} INFO - Processing file /opt/airflow/dags/lakehouse_pipeline.py for tasks to queue
[2026-08-31T12:30:16.154+0000] {logging_mixin.py:188} INFO - [2026-08-31T12:30:16.154+0000] {dagbag.py:545} INFO - Filling up the DagBag from /opt/airflow/dags/lakehouse_pipeline.py
[2026-08-31T12:30:16.176+0000] {processor.py:840} INFO - DAG(s) 'hybrid_lakehouse_daily_pipeline' retrieved from /opt/airflow/dags/lakehouse_pipeline.py
[2026-08-31T12:30:16.268+0000] {logging_mixin.py:188} INFO - [2026-08-31T12:30:16.268+0000] {dag.py:3089} INFO - Sync 1 DAGs
[2026-08-31T12:30:16.286+0000] {logging_mixin.py:188} INFO - [2026-08-31T12:30:16.286+0000] {dag.py:3947} INFO - Setting next_dagrun for hybrid_lakehouse_daily_pipeline to 2026-08-31 02:00:00+00:00, run_after=2026-09-01 02:00:00+00:00
[2026-08-31T12:30:16.307+0000] {processor.py:183} INFO - Processing /opt/airflow/dags/lakehouse_pipeline.py took 0.162 seconds
[2026-08-31T12:30:46.545+0000] {processor.py:161} INFO - Started process (PID=3999) to work on /opt/airflow/dags/lakehouse_pipeline.py
[2026-08-31T12:30:46.546+0000] {processor.py:830} INFO - Processing file /opt/airflow/dags/lakehouse_pipeline.py for tasks to queue
[2026-08-31T12:30:46.548+0000] {logging_mixin.py:188} INFO - [2026-08-31T12:30:46.547+0000] {dagbag.py:545} INFO - Filling up the DagBag from /opt/airflow/dags/lakehouse_pipeline.py
[2026-08-31T12:30:46.568+0000] {processor.py:840} INFO - DAG(s) 'hybrid_lakehouse_daily_pipeline' retrieved from /opt/airflow/dags/lakehouse_pipeline.py
[2026-08-31T12:30:46.674+0000] {logging_mixin.py:188} INFO - [2026-08-31T12:30:46.674+0000] {dag.py:3089} INFO - Sync 1 DAGs
[2026-08-31T12:30:46.694+0000] {logging_mixin.py:188} INFO - [2026-08-31T12:30:46.694+0000] {dag.py:3947} INFO - Setting next_dagrun for hybrid_lakehouse_daily_pipeline to 2026-08-31 02:00:00+00:00, run_after=2026-09-01 02:00:00+00:00
[2026-08-31T12:30:46.716+0000] {processor.py:183} INFO - Processing /opt/airflow/dags/lakehouse_pipeline.py took 0.176 seconds
[2026-08-31T12:31:16.981+0000] {processor.py:161} INFO - Started process (PID=4014) to work on /opt/airflow/dags/lakehouse_pipeline.py
[2026-08-31T12:31:16.982+0000] {processor.py:830} INFO - Processing file /opt/airflow/dags/lakehouse_pipeline.py for tasks to queue
[2026-08-31T12:31:16.984+0000] {logging_mixin.py:188} INFO - [2026-08-31T12:31:16.984+0000] {dagbag.py:545} INFO - Filling up the DagBag from /opt/airflow/dags/lakehouse_pipeline.py
[2026-08-31T12:31:17.005+0000] {processor.py:840} INFO - DAG(s) 'hybrid_lakehouse_daily_pipeline' retrieved from /opt/airflow/dags/lakehouse_pipeline.py
[2026-08-31T12:31:17.102+0000] {logging_mixin.py:188} INFO - [2026-08-31T12:31:17.102+0000] {dag.py:3089} INFO - Sync 1 DAGs
[2026-08-31T12:31:17.119+0000] {logging_mixin.py:188} INFO - [2026-08-31T12:31:17.119+0000] {dag.py:3947} INFO - Setting next_dagrun for hybrid_lakehouse_daily_pipeline to 2026-08-31 02:00:00+00:00, run_after=2026-09-01 02:00:00+00:00
[2026-08-31T12:31:17.137+0000] {processor.py:183} INFO - Processing /opt/airflow/dags/lakehouse_pipeline.py took 0.161 seconds
[2026-08-31T12:31:47.364+0000] {processor.py:161} INFO - Started process (PID=4029) to work on /opt/airflow/dags/lakehouse_pipeline.py
[2026-08-31T12:31:47.365+0000] {processor.py:830} INFO - Processing file /opt/airflow/dags/lakehouse_pipeline.py for tasks to queue
[2026-08-31T12:31:47.366+0000] {logging_mixin.py:188} INFO - [2026-08-31T12:31:47.366+0000] {dagbag.py:545} INFO - Filling up the DagBag from /opt/airflow/dags/lakehouse_pipeline.py
[2026-08-31T12:31:47.390+0000] {processor.py:840} INFO - DAG(s) 'hybrid_lakehouse_daily_pipeline' retrieved from /opt/airflow/dags/lakehouse_pipeline.py
[2026-08-31T12:31:47.503+0000] {logging_mixin.py:188} INFO - [2026-08-31T12:31:47.502+0000] {dag.py:3089} INFO - Sync 1 DAGs
[2026-08-31T12:31:47.527+0000] {logging_mixin.py:188} INFO - [2026-08-31T12:31:47.527+0000] {dag.py:3947} INFO - Setting next_dagrun for hybrid_lakehouse_daily_pipeline to 2026-08-31 02:00:00+00:00, run_after=2026-09-01 02:00:00+00:00
[2026-08-31T12:31:47.555+0000] {processor.py:183} INFO - Processing /opt/airflow/dags/lakehouse_pipeline.py took 0.196 seconds
[2026-08-31T12:32:17.809+0000] {processor.py:161} INFO - Started process (PID=4044) to work on /opt/airflow/dags/lakehouse_pipeline.py
[2026-08-31T12:32:17.809+0000] {processor.py:830} INFO - Processing file /opt/airflow/dags/lakehouse_pipeline.py for tasks to queue
[2026-08-31T12:32:17.811+0000] {logging_mixin.py:188} INFO - [2026-08-31T12:32:17.811+0000] {dagbag.py:545} INFO - Filling up the DagBag from /opt/airflow/dags/lakehouse_pipeline.py
[2026-08-31T12:32:17.831+0000] {processor.py:840} INFO - DAG(s) 'hybrid_lakehouse_daily_pipeline' retrieved from /opt/airflow/dags/lakehouse_pipeline.py
[2026-08-31T12:32:17.929+0000] {logging_mixin.py:188} INFO - [2026-08-31T12:32:17.928+0000] {dag.py:3089} INFO - Sync 1 DAGs
[2026-08-31T12:32:17.951+0000] {logging_mixin.py:188} INFO - [2026-08-31T12:32:17.951+0000] {dag.py:3947} INFO - Setting next_dagrun for hybrid_lakehouse_daily_pipeline to 2026-08-31 02:00:00+00:00, run_after=2026-09-01 02:00:00+00:00
[2026-08-31T12:32:17.976+0000] {processor.py:183} INFO - Processing /opt/airflow/dags/lakehouse_pipeline.py took 0.172 seconds
