[2026-08-31T10:48:50.330+0000] {processor.py:161} INFO - Started process (PID=173) to work on /opt/airflow/dags/maintenance_dag.py
[2026-08-31T10:48:50.333+0000] {processor.py:830} INFO - Processing file /opt/airflow/dags/maintenance_dag.py for tasks to queue
[2026-08-31T10:48:50.337+0000] {logging_mixin.py:188} INFO - [2026-08-31T10:48:50.336+0000] {dagbag.py:545} INFO - Filling up the DagBag from /opt/airflow/dags/maintenance_dag.py
[2026-08-31T10:48:50.378+0000] {processor.py:840} INFO - DAG(s) 'hybrid_lakehouse_weekly_maintenance' retrieved from /opt/airflow/dags/maintenance_dag.py
[2026-08-31T10:48:50.404+0000] {logging_mixin.py:188} INFO - [2026-08-31T10:48:50.404+0000] {dag.py:3089} INFO - Sync 1 DAGs
[2026-08-31T10:48:50.445+0000] {logging_mixin.py:188} INFO - [2026-08-31T10:48:50.444+0000] {dag.py:3947} INFO - Setting next_dagrun for hybrid_lakehouse_weekly_maintenance to 2026-08-30 03:00:00+00:00, run_after=2026-09-06 03:00:00+00:00
[2026-08-31T10:48:50.479+0000] {processor.py:183} INFO - Processing /opt/airflow/dags/maintenance_dag.py took 0.162 seconds
[2026-08-31T10:49:20.775+0000] {processor.py:161} INFO - Started process (PID=221) to work on /opt/airflow/dags/maintenance_dag.py
[2026-08-31T10:49:20.776+0000] {processor.py:830} INFO - Processing file /opt/airflow/dags/maintenance_dag.py for tasks to queue
[2026-08-31T10:49:20.780+0000] {logging_mixin.py:188} INFO - [2026-08-31T10:49:20.779+0000] {dagbag.py:545} INFO - Filling up the DagBag from /opt/airflow/dags/maintenance_dag.py
[2026-08-31T10:49:20.811+0000] {processor.py:840} INFO - DAG(s) 'hybrid_lakehouse_weekly_maintenance' retrieved from /opt/airflow/dags/maintenance_dag.py
[2026-08-31T10:49:20.989+0000] {logging_mixin.py:188} INFO - [2026-08-31T10:49:20.989+0000] {dag.py:3089} INFO - Sync 1 DAGs
[2026-08-31T10:49:21.010+0000] {logging_mixin.py:188} INFO - [2026-08-31T10:49:21.010+0000] {dag.py:3947} INFO - Setting next_dagrun for hybrid_lakehouse_weekly_maintenance to 2026-08-30 03:00:00+00:00, run_after=2026-09-06 03:00:00+00:00
[2026-08-31T10:49:21.033+0000] {processor.py:183} INFO - Processing /opt/airflow/dags/maintenance_dag.py took 0.266 seconds
[2026-08-31T10:49:51.321+0000] {processor.py:161} INFO - Started process (PID=241) to work on /opt/airflow/dags/maintenance_dag.py
[2026-08-31T10:49:51.322+0000] {processor.py:830} INFO - Processing file /opt/airflow/dags/maintenance_dag.py for tasks to queue
[2026-08-31T10:49:51.325+0000] {logging_mixin.py:188} INFO - [2026-08-31T10:49:51.325+0000] {dagbag.py:545} INFO - Filling up the DagBag from /opt/airflow/dags/maintenance_dag.py
[2026-08-31T10:49:51.360+0000] {processor.py:840} INFO - DAG(s) 'hybrid_lakehouse_weekly_maintenance' retrieved from /opt/airflow/dags/maintenance_dag.py
[2026-08-31T10:49:51.480+0000] {logging_mixin.py:188} INFO - [2026-08-31T10:49:51.480+0000] {dag.py:3089} INFO - Sync 1 DAGs
[2026-08-31T10:49:51.502+0000] {logging_mixin.py:188} INFO - [2026-08-31T10:49:51.501+0000] {dag.py:3947} INFO - Setting next_dagrun for hybrid_lakehouse_weekly_maintenance to 2026-08-30 03:00:00+00:00, run_after=2026-09-06 03:00:00+00:00
[2026-08-31T10:49:51.526+0000] {processor.py:183} INFO - Processing /opt/airflow/dags/maintenance_dag.py took 0.215 seconds
[2026-08-31T10:50:21.838+0000] {processor.py:161} INFO - Started process (PID=260) to work on /opt/airflow/dags/maintenance_dag.py
[2026-08-31T10:50:21.840+0000] {processor.py:830} INFO - Processing file /opt/airflow/dags/maintenance_dag.py for tasks to queue
[2026-08-31T10:50:21.845+0000] {logging_mixin.py:188} INFO - [2026-08-31T10:50:21.844+0000] {dagbag.py:545} INFO - Filling up the DagBag from /opt/airflow/dags/maintenance_dag.py
[2026-08-31T10:50:21.880+0000] {processor.py:840} INFO - DAG(s) 'hybrid_lakehouse_weekly_maintenance' retrieved from /opt/airflow/dags/maintenance_dag.py
[2026-08-31T10:50:22.023+0000] {logging_mixin.py:188} INFO - [2026-08-31T10:50:22.022+0000] {dag.py:3089} INFO - Sync 1 DAGs
[2026-08-31T10:50:22.053+0000] {logging_mixin.py:188} INFO - [2026-08-31T10:50:22.053+0000] {dag.py:3947} INFO - Setting next_dagrun for hybrid_lakehouse_weekly_maintenance to 2026-08-30 03:00:00+00:00, run_after=2026-09-06 03:00:00+00:00
[2026-08-31T10:50:22.089+0000] {processor.py:183} INFO - Processing /opt/airflow/dags/maintenance_dag.py took 0.260 seconds
[2026-08-31T10:50:52.408+0000] {processor.py:161} INFO - Started process (PID=280) to work on /opt/airflow/dags/maintenance_dag.py
[2026-08-31T10:50:52.410+0000] {processor.py:830} INFO - Processing file /opt/airflow/dags/maintenance_dag.py for tasks to queue
[2026-08-31T10:50:52.412+0000] {logging_mixin.py:188} INFO - [2026-08-31T10:50:52.411+0000] {dagbag.py:545} INFO - Filling up the DagBag from /opt/airflow/dags/maintenance_dag.py
[2026-08-31T10:50:52.441+0000] {processor.py:840} INFO - DAG(s) 'hybrid_lakehouse_weekly_maintenance' retrieved from /opt/airflow/dags/maintenance_dag.py
[2026-08-31T10:50:52.548+0000] {logging_mixin.py:188} INFO - [2026-08-31T10:50:52.547+0000] {dag.py:3089} INFO - Sync 1 DAGs
[2026-08-31T10:50:52.567+0000] {logging_mixin.py:188} INFO - [2026-08-31T10:50:52.566+0000] {dag.py:3947} INFO - Setting next_dagrun for hybrid_lakehouse_weekly_maintenance to 2026-08-30 03:00:00+00:00, run_after=2026-09-06 03:00:00+00:00
[2026-08-31T10:50:52.586+0000] {processor.py:183} INFO - Processing /opt/airflow/dags/maintenance_dag.py took 0.186 seconds
[2026-08-31T10:51:22.894+0000] {processor.py:161} INFO - Started process (PID=297) to work on /opt/airflow/dags/maintenance_dag.py
[2026-08-31T10:51:22.896+0000] {processor.py:830} INFO - Processing file /opt/airflow/dags/maintenance_dag.py for tasks to queue
[2026-08-31T10:51:22.900+0000] {logging_mixin.py:188} INFO - [2026-08-31T10:51:22.899+0000] {dagbag.py:545} INFO - Filling up the DagBag from /opt/airflow/dags/maintenance_dag.py
[2026-08-31T10:51:22.938+0000] {processor.py:840} INFO - DAG(s) 'hybrid_lakehouse_weekly_maintenance' retrieved from /opt/airflow/dags/maintenance_dag.py
[2026-08-31T10:51:23.081+0000] {logging_mixin.py:188} INFO - [2026-08-31T10:51:23.080+0000] {dag.py:3089} INFO - Sync 1 DAGs
[2026-08-31T10:51:23.122+0000] {logging_mixin.py:188} INFO - [2026-08-31T10:51:23.122+0000] {dag.py:3947} INFO - Setting next_dagrun for hybrid_lakehouse_weekly_maintenance to 2026-08-30 03:00:00+00:00, run_after=2026-09-06 03:00:00+00:00
[2026-08-31T10:51:23.155+0000] {processor.py:183} INFO - Processing /opt/airflow/dags/maintenance_dag.py took 0.271 seconds
[2026-08-31T10:51:53.472+0000] {processor.py:161} INFO - Started process (PID=315) to work on /opt/airflow/dags/maintenance_dag.py
[2026-08-31T10:51:53.474+0000] {processor.py:830} INFO - Processing file /opt/airflow/dags/maintenance_dag.py for tasks to queue
[2026-08-31T10:51:53.478+0000] {logging_mixin.py:188} INFO - [2026-08-31T10:51:53.477+0000] {dagbag.py:545} INFO - Filling up the DagBag from /opt/airflow/dags/maintenance_dag.py
[2026-08-31T10:51:53.508+0000] {processor.py:840} INFO - DAG(s) 'hybrid_lakehouse_weekly_maintenance' retrieved from /opt/airflow/dags/maintenance_dag.py
[2026-08-31T10:51:53.631+0000] {logging_mixin.py:188} INFO - [2026-08-31T10:51:53.630+0000] {dag.py:3089} INFO - Sync 1 DAGs
[2026-08-31T10:51:53.662+0000] {logging_mixin.py:188} INFO - [2026-08-31T10:51:53.661+0000] {dag.py:3947} INFO - Setting next_dagrun for hybrid_lakehouse_weekly_maintenance to 2026-08-30 03:00:00+00:00, run_after=2026-09-06 03:00:00+00:00
[2026-08-31T10:51:53.697+0000] {processor.py:183} INFO - Processing /opt/airflow/dags/maintenance_dag.py took 0.236 seconds
[2026-08-31T10:52:23.983+0000] {processor.py:161} INFO - Started process (PID=365) to work on /opt/airflow/dags/maintenance_dag.py
[2026-08-31T10:52:23.985+0000] {processor.py:830} INFO - Processing file /opt/airflow/dags/maintenance_dag.py for tasks to queue
[2026-08-31T10:52:23.988+0000] {logging_mixin.py:188} INFO - [2026-08-31T10:52:23.987+0000] {dagbag.py:545} INFO - Filling up the DagBag from /opt/airflow/dags/maintenance_dag.py
[2026-08-31T10:52:24.018+0000] {processor.py:840} INFO - DAG(s) 'hybrid_lakehouse_weekly_maintenance' retrieved from /opt/airflow/dags/maintenance_dag.py
[2026-08-31T10:52:24.132+0000] {logging_mixin.py:188} INFO - [2026-08-31T10:52:24.131+0000] {dag.py:3089} INFO - Sync 1 DAGs
[2026-08-31T10:52:24.158+0000] {logging_mixin.py:188} INFO - [2026-08-31T10:52:24.157+0000] {dag.py:3947} INFO - Setting next_dagrun for hybrid_lakehouse_weekly_maintenance to 2026-08-30 03:00:00+00:00, run_after=2026-09-06 03:00:00+00:00
[2026-08-31T10:52:24.185+0000] {processor.py:183} INFO - Processing /opt/airflow/dags/maintenance_dag.py took 0.210 seconds
[2026-08-31T10:52:54.522+0000] {processor.py:161} INFO - Started process (PID=384) to work on /opt/airflow/dags/maintenance_dag.py
[2026-08-31T10:52:54.524+0000] {processor.py:830} INFO - Processing file /opt/airflow/dags/maintenance_dag.py for tasks to queue
[2026-08-31T10:52:54.529+0000] {logging_mixin.py:188} INFO - [2026-08-31T10:52:54.528+0000] {dagbag.py:545} INFO - Filling up the DagBag from /opt/airflow/dags/maintenance_dag.py
[2026-08-31T10:52:54.579+0000] {processor.py:840} INFO - DAG(s) 'hybrid_lakehouse_weekly_maintenance' retrieved from /opt/airflow/dags/maintenance_dag.py
[2026-08-31T10:52:54.738+0000] {logging_mixin.py:188} INFO - [2026-08-31T10:52:54.737+0000] {dag.py:3089} INFO - Sync 1 DAGs
[2026-08-31T10:52:54.771+0000] {logging_mixin.py:188} INFO - [2026-08-31T10:52:54.770+0000] {dag.py:3947} INFO - Setting next_dagrun for hybrid_lakehouse_weekly_maintenance to 2026-08-30 03:00:00+00:00, run_after=2026-09-06 03:00:00+00:00
[2026-08-31T10:52:54.803+0000] {processor.py:183} INFO - Processing /opt/airflow/dags/maintenance_dag.py took 0.294 seconds
[2026-08-31T10:53:25.234+0000] {processor.py:161} INFO - Started process (PID=402) to work on /opt/airflow/dags/maintenance_dag.py
[2026-08-31T10:53:25.237+0000] {processor.py:830} INFO - Processing file /opt/airflow/dags/maintenance_dag.py for tasks to queue
[2026-08-31T10:53:25.240+0000] {logging_mixin.py:188} INFO - [2026-08-31T10:53:25.240+0000] {dagbag.py:545} INFO - Filling up the DagBag from /opt/airflow/dags/maintenance_dag.py
[2026-08-31T10:53:25.292+0000] {processor.py:840} INFO - DAG(s) 'hybrid_lakehouse_weekly_maintenance' retrieved from /opt/airflow/dags/maintenance_dag.py
[2026-08-31T10:53:25.433+0000] {logging_mixin.py:188} INFO - [2026-08-31T10:53:25.432+0000] {dag.py:3089} INFO - Sync 1 DAGs
[2026-08-31T10:53:25.469+0000] {logging_mixin.py:188} INFO - [2026-08-31T10:53:25.468+0000] {dag.py:3947} INFO - Setting next_dagrun for hybrid_lakehouse_weekly_maintenance to 2026-08-30 03:00:00+00:00, run_after=2026-09-06 03:00:00+00:00
[2026-08-31T10:53:25.503+0000] {processor.py:183} INFO - Processing /opt/airflow/dags/maintenance_dag.py took 0.281 seconds
[2026-08-31T10:53:56.045+0000] {processor.py:161} INFO - Started process (PID=422) to work on /opt/airflow/dags/maintenance_dag.py
[2026-08-31T10:53:56.048+0000] {processor.py:830} INFO - Processing file /opt/airflow/dags/maintenance_dag.py for tasks to queue
[2026-08-31T10:53:56.052+0000] {logging_mixin.py:188} INFO - [2026-08-31T10:53:56.051+0000] {dagbag.py:545} INFO - Filling up the DagBag from /opt/airflow/dags/maintenance_dag.py
[2026-08-31T10:53:56.101+0000] {processor.py:840} INFO - DAG(s) 'hybrid_lakehouse_weekly_maintenance' retrieved from /opt/airflow/dags/maintenance_dag.py
[2026-08-31T10:53:56.237+0000] {logging_mixin.py:188} INFO - [2026-08-31T10:53:56.236+0000] {dag.py:3089} INFO - Sync 1 DAGs
[2026-08-31T10:53:56.268+0000] {logging_mixin.py:188} INFO - [2026-08-31T10:53:56.268+0000] {dag.py:3947} INFO - Setting next_dagrun for hybrid_lakehouse_weekly_maintenance to 2026-08-30 03:00:00+00:00, run_after=2026-09-06 03:00:00+00:00
[2026-08-31T10:53:56.300+0000] {processor.py:183} INFO - Processing /opt/airflow/dags/maintenance_dag.py took 0.268 seconds
[2026-08-31T10:54:26.718+0000] {processor.py:161} INFO - Started process (PID=439) to work on /opt/airflow/dags/maintenance_dag.py
[2026-08-31T10:54:26.721+0000] {processor.py:830} INFO - Processing file /opt/airflow/dags/maintenance_dag.py for tasks to queue
[2026-08-31T10:54:26.725+0000] {logging_mixin.py:188} INFO - [2026-08-31T10:54:26.724+0000] {dagbag.py:545} INFO - Filling up the DagBag from /opt/airflow/dags/maintenance_dag.py
[2026-08-31T10:54:26.781+0000] {processor.py:840} INFO - DAG(s) 'hybrid_lakehouse_weekly_maintenance' retrieved from /opt/airflow/dags/maintenance_dag.py
[2026-08-31T10:54:26.963+0000] {logging_mixin.py:188} INFO - [2026-08-31T10:54:26.963+0000] {dag.py:3089} INFO - Sync 1 DAGs
[2026-08-31T10:54:26.999+0000] {logging_mixin.py:188} INFO - [2026-08-31T10:54:26.998+0000] {dag.py:3947} INFO - Setting next_dagrun for hybrid_lakehouse_weekly_maintenance to 2026-08-30 03:00:00+00:00, run_after=2026-09-06 03:00:00+00:00
[2026-08-31T10:54:27.047+0000] {processor.py:183} INFO - Processing /opt/airflow/dags/maintenance_dag.py took 0.341 seconds
[2026-08-31T10:54:57.449+0000] {processor.py:161} INFO - Started process (PID=458) to work on /opt/airflow/dags/maintenance_dag.py
[2026-08-31T10:54:57.450+0000] {processor.py:830} INFO - Processing file /opt/airflow/dags/maintenance_dag.py for tasks to queue
[2026-08-31T10:54:57.452+0000] {logging_mixin.py:188} INFO - [2026-08-31T10:54:57.452+0000] {dagbag.py:545} INFO - Filling up the DagBag from /opt/airflow/dags/maintenance_dag.py
[2026-08-31T10:54:57.477+0000] {processor.py:840} INFO - DAG(s) 'hybrid_lakehouse_weekly_maintenance' retrieved from /opt/airflow/dags/maintenance_dag.py
[2026-08-31T10:54:57.589+0000] {logging_mixin.py:188} INFO - [2026-08-31T10:54:57.588+0000] {dag.py:3089} INFO - Sync 1 DAGs
[2026-08-31T10:54:57.617+0000] {logging_mixin.py:188} INFO - [2026-08-31T10:54:57.617+0000] {dag.py:3947} INFO - Setting next_dagrun for hybrid_lakehouse_weekly_maintenance to 2026-08-30 03:00:00+00:00, run_after=2026-09-06 03:00:00+00:00
[2026-08-31T10:54:57.640+0000] {processor.py:183} INFO - Processing /opt/airflow/dags/maintenance_dag.py took 0.197 seconds
[2026-08-31T10:55:27.883+0000] {processor.py:161} INFO - Started process (PID=475) to work on /opt/airflow/dags/maintenance_dag.py
[2026-08-31T10:55:27.885+0000] {processor.py:830} INFO - Processing file /opt/airflow/dags/maintenance_dag.py for tasks to queue
[2026-08-31T10:55:27.887+0000] {logging_mixin.py:188} INFO - [2026-08-31T10:55:27.886+0000] {dagbag.py:545} INFO - Filling up the DagBag from /opt/airflow/dags/maintenance_dag.py
[2026-08-31T10:55:27.911+0000] {processor.py:840} INFO - DAG(s) 'hybrid_lakehouse_weekly_maintenance' retrieved from /opt/airflow/dags/maintenance_dag.py
[2026-08-31T10:55:28.025+0000] {logging_mixin.py:188} INFO - [2026-08-31T10:55:28.025+0000] {dag.py:3089} INFO - Sync 1 DAGs
[2026-08-31T10:55:28.052+0000] {logging_mixin.py:188} INFO - [2026-08-31T10:55:28.052+0000] {dag.py:3947} INFO - Setting next_dagrun for hybrid_lakehouse_weekly_maintenance to 2026-08-30 03:00:00+00:00, run_after=2026-09-06 03:00:00+00:00
[2026-08-31T10:55:28.076+0000] {processor.py:183} INFO - Processing /opt/airflow/dags/maintenance_dag.py took 0.198 seconds
[2026-08-31T10:55:58.345+0000] {processor.py:161} INFO - Started process (PID=493) to work on /opt/airflow/dags/maintenance_dag.py
[2026-08-31T10:55:58.346+0000] {processor.py:830} INFO - Processing file /opt/airflow/dags/maintenance_dag.py for tasks to queue
[2026-08-31T10:55:58.349+0000] {logging_mixin.py:188} INFO - [2026-08-31T10:55:58.348+0000] {dagbag.py:545} INFO - Filling up the DagBag from /opt/airflow/dags/maintenance_dag.py
[2026-08-31T10:55:58.373+0000] {processor.py:840} INFO - DAG(s) 'hybrid_lakehouse_weekly_maintenance' retrieved from /opt/airflow/dags/maintenance_dag.py
[2026-08-31T10:55:58.481+0000] {logging_mixin.py:188} INFO - [2026-08-31T10:55:58.480+0000] {dag.py:3089} INFO - Sync 1 DAGs
[2026-08-31T10:55:58.500+0000] {logging_mixin.py:188} INFO - [2026-08-31T10:55:58.500+0000] {dag.py:3947} INFO - Setting next_dagrun for hybrid_lakehouse_weekly_maintenance to 2026-08-30 03:00:00+00:00, run_after=2026-09-06 03:00:00+00:00
[2026-08-31T10:55:58.521+0000] {processor.py:183} INFO - Processing /opt/airflow/dags/maintenance_dag.py took 0.183 seconds
[2026-08-31T10:56:28.784+0000] {processor.py:161} INFO - Started process (PID=515) to work on /opt/airflow/dags/maintenance_dag.py
[2026-08-31T10:56:28.786+0000] {processor.py:830} INFO - Processing file /opt/airflow/dags/maintenance_dag.py for tasks to queue
[2026-08-31T10:56:28.789+0000] {logging_mixin.py:188} INFO - [2026-08-31T10:56:28.789+0000] {dagbag.py:545} INFO - Filling up the DagBag from /opt/airflow/dags/maintenance_dag.py
[2026-08-31T10:56:28.822+0000] {processor.py:840} INFO - DAG(s) 'hybrid_lakehouse_weekly_maintenance' retrieved from /opt/airflow/dags/maintenance_dag.py
[2026-08-31T10:56:28.959+0000] {logging_mixin.py:188} INFO - [2026-08-31T10:56:28.959+0000] {dag.py:3089} INFO - Sync 1 DAGs
[2026-08-31T10:56:28.986+0000] {logging_mixin.py:188} INFO - [2026-08-31T10:56:28.985+0000] {dag.py:3947} INFO - Setting next_dagrun for hybrid_lakehouse_weekly_maintenance to 2026-08-30 03:00:00+00:00, run_after=2026-09-06 03:00:00+00:00
[2026-08-31T10:56:29.013+0000] {processor.py:183} INFO - Processing /opt/airflow/dags/maintenance_dag.py took 0.240 seconds
[2026-08-31T10:56:59.299+0000] {processor.py:161} INFO - Started process (PID=601) to work on /opt/airflow/dags/maintenance_dag.py
[2026-08-31T10:56:59.301+0000] {processor.py:830} INFO - Processing file /opt/airflow/dags/maintenance_dag.py for tasks to queue
[2026-08-31T10:56:59.303+0000] {logging_mixin.py:188} INFO - [2026-08-31T10:56:59.303+0000] {dagbag.py:545} INFO - Filling up the DagBag from /opt/airflow/dags/maintenance_dag.py
[2026-08-31T10:56:59.327+0000] {processor.py:840} INFO - DAG(s) 'hybrid_lakehouse_weekly_maintenance' retrieved from /opt/airflow/dags/maintenance_dag.py
[2026-08-31T10:56:59.436+0000] {logging_mixin.py:188} INFO - [2026-08-31T10:56:59.435+0000] {dag.py:3089} INFO - Sync 1 DAGs
[2026-08-31T10:56:59.461+0000] {logging_mixin.py:188} INFO - [2026-08-31T10:56:59.460+0000] {dag.py:3947} INFO - Setting next_dagrun for hybrid_lakehouse_weekly_maintenance to 2026-08-30 03:00:00+00:00, run_after=2026-09-06 03:00:00+00:00
[2026-08-31T10:56:59.487+0000] {processor.py:183} INFO - Processing /opt/airflow/dags/maintenance_dag.py took 0.196 seconds
[2026-08-31T10:57:29.739+0000] {processor.py:161} INFO - Started process (PID=616) to work on /opt/airflow/dags/maintenance_dag.py
[2026-08-31T10:57:29.741+0000] {processor.py:830} INFO - Processing file /opt/airflow/dags/maintenance_dag.py for tasks to queue
[2026-08-31T10:57:29.743+0000] {logging_mixin.py:188} INFO - [2026-08-31T10:57:29.743+0000] {dagbag.py:545} INFO - Filling up the DagBag from /opt/airflow/dags/maintenance_dag.py
[2026-08-31T10:57:29.773+0000] {processor.py:840} INFO - DAG(s) 'hybrid_lakehouse_weekly_maintenance' retrieved from /opt/airflow/dags/maintenance_dag.py
[2026-08-31T10:57:29.890+0000] {logging_mixin.py:188} INFO - [2026-08-31T10:57:29.889+0000] {dag.py:3089} INFO - Sync 1 DAGs
[2026-08-31T10:57:29.913+0000] {logging_mixin.py:188} INFO - [2026-08-31T10:57:29.913+0000] {dag.py:3947} INFO - Setting next_dagrun for hybrid_lakehouse_weekly_maintenance to 2026-08-30 03:00:00+00:00, run_after=2026-09-06 03:00:00+00:00
[2026-08-31T10:57:29.934+0000] {processor.py:183} INFO - Processing /opt/airflow/dags/maintenance_dag.py took 0.203 seconds
[2026-08-31T10:58:00.191+0000] {processor.py:161} INFO - Started process (PID=631) to work on /opt/airflow/dags/maintenance_dag.py
[2026-08-31T10:58:00.193+0000] {processor.py:830} INFO - Processing file /opt/airflow/dags/maintenance_dag.py for tasks to queue
[2026-08-31T10:58:00.195+0000] {logging_mixin.py:188} INFO - [2026-08-31T10:58:00.195+0000] {dagbag.py:545} INFO - Filling up the DagBag from /opt/airflow/dags/maintenance_dag.py
[2026-08-31T10:58:00.220+0000] {processor.py:840} INFO - DAG(s) 'hybrid_lakehouse_weekly_maintenance' retrieved from /opt/airflow/dags/maintenance_dag.py
[2026-08-31T10:58:00.338+0000] {logging_mixin.py:188} INFO - [2026-08-31T10:58:00.338+0000] {dag.py:3089} INFO - Sync 1 DAGs
[2026-08-31T10:58:00.360+0000] {logging_mixin.py:188} INFO - [2026-08-31T10:58:00.360+0000] {dag.py:3947} INFO - Setting next_dagrun for hybrid_lakehouse_weekly_maintenance to 2026-08-30 03:00:00+00:00, run_after=2026-09-06 03:00:00+00:00
[2026-08-31T10:58:00.380+0000] {processor.py:183} INFO - Processing /opt/airflow/dags/maintenance_dag.py took 0.198 seconds
[2026-08-31T10:58:30.632+0000] {processor.py:161} INFO - Started process (PID=646) to work on /opt/airflow/dags/maintenance_dag.py
[2026-08-31T10:58:30.634+0000] {processor.py:830} INFO - Processing file /opt/airflow/dags/maintenance_dag.py for tasks to queue
[2026-08-31T10:58:30.636+0000] {logging_mixin.py:188} INFO - [2026-08-31T10:58:30.635+0000] {dagbag.py:545} INFO - Filling up the DagBag from /opt/airflow/dags/maintenance_dag.py
[2026-08-31T10:58:30.659+0000] {processor.py:840} INFO - DAG(s) 'hybrid_lakehouse_weekly_maintenance' retrieved from /opt/airflow/dags/maintenance_dag.py
[2026-08-31T10:58:30.753+0000] {logging_mixin.py:188} INFO - [2026-08-31T10:58:30.753+0000] {dag.py:3089} INFO - Sync 1 DAGs
[2026-08-31T10:58:30.772+0000] {logging_mixin.py:188} INFO - [2026-08-31T10:58:30.771+0000] {dag.py:3947} INFO - Setting next_dagrun for hybrid_lakehouse_weekly_maintenance to 2026-08-30 03:00:00+00:00, run_after=2026-09-06 03:00:00+00:00
[2026-08-31T10:58:30.792+0000] {processor.py:183} INFO - Processing /opt/airflow/dags/maintenance_dag.py took 0.165 seconds
[2026-08-31T10:59:01.095+0000] {processor.py:161} INFO - Started process (PID=661) to work on /opt/airflow/dags/maintenance_dag.py
[2026-08-31T10:59:01.096+0000] {processor.py:830} INFO - Processing file /opt/airflow/dags/maintenance_dag.py for tasks to queue
[2026-08-31T10:59:01.098+0000] {logging_mixin.py:188} INFO - [2026-08-31T10:59:01.098+0000] {dagbag.py:545} INFO - Filling up the DagBag from /opt/airflow/dags/maintenance_dag.py
[2026-08-31T10:59:01.119+0000] {processor.py:840} INFO - DAG(s) 'hybrid_lakehouse_weekly_maintenance' retrieved from /opt/airflow/dags/maintenance_dag.py
[2026-08-31T10:59:01.212+0000] {logging_mixin.py:188} INFO - [2026-08-31T10:59:01.212+0000] {dag.py:3089} INFO - Sync 1 DAGs
[2026-08-31T10:59:01.228+0000] {logging_mixin.py:188} INFO - [2026-08-31T10:59:01.228+0000] {dag.py:3947} INFO - Setting next_dagrun for hybrid_lakehouse_weekly_maintenance to 2026-08-30 03:00:00+00:00, run_after=2026-09-06 03:00:00+00:00
[2026-08-31T10:59:01.245+0000] {processor.py:183} INFO - Processing /opt/airflow/dags/maintenance_dag.py took 0.157 seconds
[2026-08-31T10:59:31.474+0000] {processor.py:161} INFO - Started process (PID=676) to work on /opt/airflow/dags/maintenance_dag.py
[2026-08-31T10:59:31.475+0000] {processor.py:830} INFO - Processing file /opt/airflow/dags/maintenance_dag.py for tasks to queue
[2026-08-31T10:59:31.478+0000] {logging_mixin.py:188} INFO - [2026-08-31T10:59:31.478+0000] {dagbag.py:545} INFO - Filling up the DagBag from /opt/airflow/dags/maintenance_dag.py
[2026-08-31T10:59:31.498+0000] {processor.py:840} INFO - DAG(s) 'hybrid_lakehouse_weekly_maintenance' retrieved from /opt/airflow/dags/maintenance_dag.py
[2026-08-31T10:59:31.620+0000] {logging_mixin.py:188} INFO - [2026-08-31T10:59:31.620+0000] {dag.py:3089} INFO - Sync 1 DAGs
[2026-08-31T10:59:31.642+0000] {logging_mixin.py:188} INFO - [2026-08-31T10:59:31.642+0000] {dag.py:3947} INFO - Setting next_dagrun for hybrid_lakehouse_weekly_maintenance to 2026-08-30 03:00:00+00:00, run_after=2026-09-06 03:00:00+00:00
[2026-08-31T10:59:31.663+0000] {processor.py:183} INFO - Processing /opt/airflow/dags/maintenance_dag.py took 0.197 seconds
[2026-08-31T11:00:01.900+0000] {processor.py:161} INFO - Started process (PID=691) to work on /opt/airflow/dags/maintenance_dag.py
[2026-08-31T11:00:01.902+0000] {processor.py:830} INFO - Processing file /opt/airflow/dags/maintenance_dag.py for tasks to queue
[2026-08-31T11:00:01.904+0000] {logging_mixin.py:188} INFO - [2026-08-31T11:00:01.903+0000] {dagbag.py:545} INFO - Filling up the DagBag from /opt/airflow/dags/maintenance_dag.py
[2026-08-31T11:00:01.923+0000] {processor.py:840} INFO - DAG(s) 'hybrid_lakehouse_weekly_maintenance' retrieved from /opt/airflow/dags/maintenance_dag.py
[2026-08-31T11:00:02.016+0000] {logging_mixin.py:188} INFO - [2026-08-31T11:00:02.015+0000] {dag.py:3089} INFO - Sync 1 DAGs
[2026-08-31T11:00:02.037+0000] {logging_mixin.py:188} INFO - [2026-08-31T11:00:02.037+0000] {dag.py:3947} INFO - Setting next_dagrun for hybrid_lakehouse_weekly_maintenance to 2026-08-30 03:00:00+00:00, run_after=2026-09-06 03:00:00+00:00
[2026-08-31T11:00:02.060+0000] {processor.py:183} INFO - Processing /opt/airflow/dags/maintenance_dag.py took 0.165 seconds
[2026-08-31T11:00:32.298+0000] {processor.py:161} INFO - Started process (PID=706) to work on /opt/airflow/dags/maintenance_dag.py
[2026-08-31T11:00:32.299+0000] {processor.py:830} INFO - Processing file /opt/airflow/dags/maintenance_dag.py for tasks to queue
[2026-08-31T11:00:32.301+0000] {logging_mixin.py:188} INFO - [2026-08-31T11:00:32.301+0000] {dagbag.py:545} INFO - Filling up the DagBag from /opt/airflow/dags/maintenance_dag.py
[2026-08-31T11:00:32.320+0000] {processor.py:840} INFO - DAG(s) 'hybrid_lakehouse_weekly_maintenance' retrieved from /opt/airflow/dags/maintenance_dag.py
[2026-08-31T11:00:32.413+0000] {logging_mixin.py:188} INFO - [2026-08-31T11:00:32.413+0000] {dag.py:3089} INFO - Sync 1 DAGs
[2026-08-31T11:00:32.431+0000] {logging_mixin.py:188} INFO - [2026-08-31T11:00:32.430+0000] {dag.py:3947} INFO - Setting next_dagrun for hybrid_lakehouse_weekly_maintenance to 2026-08-30 03:00:00+00:00, run_after=2026-09-06 03:00:00+00:00
[2026-08-31T11:00:32.449+0000] {processor.py:183} INFO - Processing /opt/airflow/dags/maintenance_dag.py took 0.157 seconds
[2026-08-31T11:01:02.684+0000] {processor.py:161} INFO - Started process (PID=721) to work on /opt/airflow/dags/maintenance_dag.py
[2026-08-31T11:01:02.685+0000] {processor.py:830} INFO - Processing file /opt/airflow/dags/maintenance_dag.py for tasks to queue
[2026-08-31T11:01:02.687+0000] {logging_mixin.py:188} INFO - [2026-08-31T11:01:02.687+0000] {dagbag.py:545} INFO - Filling up the DagBag from /opt/airflow/dags/maintenance_dag.py
[2026-08-31T11:01:02.708+0000] {processor.py:840} INFO - DAG(s) 'hybrid_lakehouse_weekly_maintenance' retrieved from /opt/airflow/dags/maintenance_dag.py
[2026-08-31T11:01:02.816+0000] {logging_mixin.py:188} INFO - [2026-08-31T11:01:02.815+0000] {dag.py:3089} INFO - Sync 1 DAGs
[2026-08-31T11:01:02.838+0000] {logging_mixin.py:188} INFO - [2026-08-31T11:01:02.838+0000] {dag.py:3947} INFO - Setting next_dagrun for hybrid_lakehouse_weekly_maintenance to 2026-08-30 03:00:00+00:00, run_after=2026-09-06 03:00:00+00:00
[2026-08-31T11:01:02.859+0000] {processor.py:183} INFO - Processing /opt/airflow/dags/maintenance_dag.py took 0.182 seconds
[2026-08-31T11:01:33.104+0000] {processor.py:161} INFO - Started process (PID=736) to work on /opt/airflow/dags/maintenance_dag.py
[2026-08-31T11:01:33.106+0000] {processor.py:830} INFO - Processing file /opt/airflow/dags/maintenance_dag.py for tasks to queue
[2026-08-31T11:01:33.108+0000] {logging_mixin.py:188} INFO - [2026-08-31T11:01:33.108+0000] {dagbag.py:545} INFO - Filling up the DagBag from /opt/airflow/dags/maintenance_dag.py
[2026-08-31T11:01:33.134+0000] {processor.py:840} INFO - DAG(s) 'hybrid_lakehouse_weekly_maintenance' retrieved from /opt/airflow/dags/maintenance_dag.py
[2026-08-31T11:01:33.243+0000] {logging_mixin.py:188} INFO - [2026-08-31T11:01:33.243+0000] {dag.py:3089} INFO - Sync 1 DAGs
[2026-08-31T11:01:33.261+0000] {logging_mixin.py:188} INFO - [2026-08-31T11:01:33.261+0000] {dag.py:3947} INFO - Setting next_dagrun for hybrid_lakehouse_weekly_maintenance to 2026-08-30 03:00:00+00:00, run_after=2026-09-06 03:00:00+00:00
[2026-08-31T11:01:33.282+0000] {processor.py:183} INFO - Processing /opt/airflow/dags/maintenance_dag.py took 0.185 seconds
[2026-08-31T11:02:03.532+0000] {processor.py:161} INFO - Started process (PID=751) to work on /opt/airflow/dags/maintenance_dag.py
[2026-08-31T11:02:03.533+0000] {processor.py:830} INFO - Processing file /opt/airflow/dags/maintenance_dag.py for tasks to queue
[2026-08-31T11:02:03.536+0000] {logging_mixin.py:188} INFO - [2026-08-31T11:02:03.536+0000] {dagbag.py:545} INFO - Filling up the DagBag from /opt/airflow/dags/maintenance_dag.py
[2026-08-31T11:02:03.560+0000] {processor.py:840} INFO - DAG(s) 'hybrid_lakehouse_weekly_maintenance' retrieved from /opt/airflow/dags/maintenance_dag.py
[2026-08-31T11:02:03.672+0000] {logging_mixin.py:188} INFO - [2026-08-31T11:02:03.671+0000] {dag.py:3089} INFO - Sync 1 DAGs
[2026-08-31T11:02:03.697+0000] {logging_mixin.py:188} INFO - [2026-08-31T11:02:03.696+0000] {dag.py:3947} INFO - Setting next_dagrun for hybrid_lakehouse_weekly_maintenance to 2026-08-30 03:00:00+00:00, run_after=2026-09-06 03:00:00+00:00
[2026-08-31T11:02:03.762+0000] {processor.py:183} INFO - Processing /opt/airflow/dags/maintenance_dag.py took 0.237 seconds
[2026-08-31T11:02:34.050+0000] {processor.py:161} INFO - Started process (PID=840) to work on /opt/airflow/dags/maintenance_dag.py
[2026-08-31T11:02:34.051+0000] {processor.py:830} INFO - Processing file /opt/airflow/dags/maintenance_dag.py for tasks to queue
[2026-08-31T11:02:34.053+0000] {logging_mixin.py:188} INFO - [2026-08-31T11:02:34.053+0000] {dagbag.py:545} INFO - Filling up the DagBag from /opt/airflow/dags/maintenance_dag.py
[2026-08-31T11:02:34.073+0000] {processor.py:840} INFO - DAG(s) 'hybrid_lakehouse_weekly_maintenance' retrieved from /opt/airflow/dags/maintenance_dag.py
[2026-08-31T11:02:34.175+0000] {logging_mixin.py:188} INFO - [2026-08-31T11:02:34.175+0000] {dag.py:3089} INFO - Sync 1 DAGs
[2026-08-31T11:02:34.193+0000] {logging_mixin.py:188} INFO - [2026-08-31T11:02:34.192+0000] {dag.py:3947} INFO - Setting next_dagrun for hybrid_lakehouse_weekly_maintenance to 2026-08-30 03:00:00+00:00, run_after=2026-09-06 03:00:00+00:00
[2026-08-31T11:02:34.211+0000] {processor.py:183} INFO - Processing /opt/airflow/dags/maintenance_dag.py took 0.166 seconds
[2026-08-31T11:03:04.468+0000] {processor.py:161} INFO - Started process (PID=889) to work on /opt/airflow/dags/maintenance_dag.py
[2026-08-31T11:03:04.469+0000] {processor.py:830} INFO - Processing file /opt/airflow/dags/maintenance_dag.py for tasks to queue
[2026-08-31T11:03:04.471+0000] {logging_mixin.py:188} INFO - [2026-08-31T11:03:04.470+0000] {dagbag.py:545} INFO - Filling up the DagBag from /opt/airflow/dags/maintenance_dag.py
[2026-08-31T11:03:04.492+0000] {processor.py:840} INFO - DAG(s) 'hybrid_lakehouse_weekly_maintenance' retrieved from /opt/airflow/dags/maintenance_dag.py
[2026-08-31T11:03:04.617+0000] {logging_mixin.py:188} INFO - [2026-08-31T11:03:04.617+0000] {dag.py:3089} INFO - Sync 1 DAGs
[2026-08-31T11:03:04.641+0000] {logging_mixin.py:188} INFO - [2026-08-31T11:03:04.641+0000] {dag.py:3947} INFO - Setting next_dagrun for hybrid_lakehouse_weekly_maintenance to 2026-08-30 03:00:00+00:00, run_after=2026-09-06 03:00:00+00:00
[2026-08-31T11:03:04.659+0000] {processor.py:183} INFO - Processing /opt/airflow/dags/maintenance_dag.py took 0.198 seconds
[2026-08-31T11:03:34.916+0000] {processor.py:161} INFO - Started process (PID=908) to work on /opt/airflow/dags/maintenance_dag.py
[2026-08-31T11:03:34.918+0000] {processor.py:830} INFO - Processing file /opt/airflow/dags/maintenance_dag.py for tasks to queue
[2026-08-31T11:03:34.921+0000] {logging_mixin.py:188} INFO - [2026-08-31T11:03:34.920+0000] {dagbag.py:545} INFO - Filling up the DagBag from /opt/airflow/dags/maintenance_dag.py
[2026-08-31T11:03:34.945+0000] {processor.py:840} INFO - DAG(s) 'hybrid_lakehouse_weekly_maintenance' retrieved from /opt/airflow/dags/maintenance_dag.py
[2026-08-31T11:03:35.040+0000] {logging_mixin.py:188} INFO - [2026-08-31T11:03:35.039+0000] {dag.py:3089} INFO - Sync 1 DAGs
[2026-08-31T11:03:35.057+0000] {logging_mixin.py:188} INFO - [2026-08-31T11:03:35.057+0000] {dag.py:3947} INFO - Setting next_dagrun for hybrid_lakehouse_weekly_maintenance to 2026-08-30 03:00:00+00:00, run_after=2026-09-06 03:00:00+00:00
[2026-08-31T11:03:35.078+0000] {processor.py:183} INFO - Processing /opt/airflow/dags/maintenance_dag.py took 0.170 seconds
[2026-08-31T11:04:05.372+0000] {processor.py:161} INFO - Started process (PID=925) to work on /opt/airflow/dags/maintenance_dag.py
[2026-08-31T11:04:05.373+0000] {processor.py:830} INFO - Processing file /opt/airflow/dags/maintenance_dag.py for tasks to queue
[2026-08-31T11:04:05.376+0000] {logging_mixin.py:188} INFO - [2026-08-31T11:04:05.375+0000] {dagbag.py:545} INFO - Filling up the DagBag from /opt/airflow/dags/maintenance_dag.py
[2026-08-31T11:04:05.398+0000] {processor.py:840} INFO - DAG(s) 'hybrid_lakehouse_weekly_maintenance' retrieved from /opt/airflow/dags/maintenance_dag.py
[2026-08-31T11:04:05.501+0000] {logging_mixin.py:188} INFO - [2026-08-31T11:04:05.500+0000] {dag.py:3089} INFO - Sync 1 DAGs
[2026-08-31T11:04:05.521+0000] {logging_mixin.py:188} INFO - [2026-08-31T11:04:05.521+0000] {dag.py:3947} INFO - Setting next_dagrun for hybrid_lakehouse_weekly_maintenance to 2026-08-30 03:00:00+00:00, run_after=2026-09-06 03:00:00+00:00
[2026-08-31T11:04:05.547+0000] {processor.py:183} INFO - Processing /opt/airflow/dags/maintenance_dag.py took 0.181 seconds
[2026-08-31T11:04:35.791+0000] {processor.py:161} INFO - Started process (PID=943) to work on /opt/airflow/dags/maintenance_dag.py
[2026-08-31T11:04:35.792+0000] {processor.py:830} INFO - Processing file /opt/airflow/dags/maintenance_dag.py for tasks to queue
[2026-08-31T11:04:35.795+0000] {logging_mixin.py:188} INFO - [2026-08-31T11:04:35.795+0000] {dagbag.py:545} INFO - Filling up the DagBag from /opt/airflow/dags/maintenance_dag.py
[2026-08-31T11:04:35.817+0000] {processor.py:840} INFO - DAG(s) 'hybrid_lakehouse_weekly_maintenance' retrieved from /opt/airflow/dags/maintenance_dag.py
[2026-08-31T11:04:35.901+0000] {logging_mixin.py:188} INFO - [2026-08-31T11:04:35.901+0000] {dag.py:3089} INFO - Sync 1 DAGs
[2026-08-31T11:04:35.917+0000] {logging_mixin.py:188} INFO - [2026-08-31T11:04:35.917+0000] {dag.py:3947} INFO - Setting next_dagrun for hybrid_lakehouse_weekly_maintenance to 2026-08-30 03:00:00+00:00, run_after=2026-09-06 03:00:00+00:00
[2026-08-31T11:04:35.934+0000] {processor.py:183} INFO - Processing /opt/airflow/dags/maintenance_dag.py took 0.148 seconds
[2026-08-31T11:05:06.165+0000] {processor.py:161} INFO - Started process (PID=960) to work on /opt/airflow/dags/maintenance_dag.py
[2026-08-31T11:05:06.166+0000] {processor.py:830} INFO - Processing file /opt/airflow/dags/maintenance_dag.py for tasks to queue
[2026-08-31T11:05:06.169+0000] {logging_mixin.py:188} INFO - [2026-08-31T11:05:06.168+0000] {dagbag.py:545} INFO - Filling up the DagBag from /opt/airflow/dags/maintenance_dag.py
[2026-08-31T11:05:06.200+0000] {processor.py:840} INFO - DAG(s) 'hybrid_lakehouse_weekly_maintenance' retrieved from /opt/airflow/dags/maintenance_dag.py
[2026-08-31T11:05:06.319+0000] {logging_mixin.py:188} INFO - [2026-08-31T11:05:06.318+0000] {dag.py:3089} INFO - Sync 1 DAGs
[2026-08-31T11:05:06.340+0000] {logging_mixin.py:188} INFO - [2026-08-31T11:05:06.340+0000] {dag.py:3947} INFO - Setting next_dagrun for hybrid_lakehouse_weekly_maintenance to 2026-08-30 03:00:00+00:00, run_after=2026-09-06 03:00:00+00:00
[2026-08-31T11:05:06.365+0000] {processor.py:183} INFO - Processing /opt/airflow/dags/maintenance_dag.py took 0.206 seconds
[2026-08-31T11:05:36.614+0000] {processor.py:161} INFO - Started process (PID=979) to work on /opt/airflow/dags/maintenance_dag.py
[2026-08-31T11:05:36.615+0000] {processor.py:830} INFO - Processing file /opt/airflow/dags/maintenance_dag.py for tasks to queue
[2026-08-31T11:05:36.617+0000] {logging_mixin.py:188} INFO - [2026-08-31T11:05:36.616+0000] {dagbag.py:545} INFO - Filling up the DagBag from /opt/airflow/dags/maintenance_dag.py
[2026-08-31T11:05:36.636+0000] {processor.py:840} INFO - DAG(s) 'hybrid_lakehouse_weekly_maintenance' retrieved from /opt/airflow/dags/maintenance_dag.py
[2026-08-31T11:05:36.729+0000] {logging_mixin.py:188} INFO - [2026-08-31T11:05:36.728+0000] {dag.py:3089} INFO - Sync 1 DAGs
[2026-08-31T11:05:36.746+0000] {logging_mixin.py:188} INFO - [2026-08-31T11:05:36.745+0000] {dag.py:3947} INFO - Setting next_dagrun for hybrid_lakehouse_weekly_maintenance to 2026-08-30 03:00:00+00:00, run_after=2026-09-06 03:00:00+00:00
[2026-08-31T11:05:36.767+0000] {processor.py:183} INFO - Processing /opt/airflow/dags/maintenance_dag.py took 0.160 seconds
[2026-08-31T11:06:07.010+0000] {processor.py:161} INFO - Started process (PID=996) to work on /opt/airflow/dags/maintenance_dag.py
[2026-08-31T11:06:07.012+0000] {processor.py:830} INFO - Processing file /opt/airflow/dags/maintenance_dag.py for tasks to queue
[2026-08-31T11:06:07.015+0000] {logging_mixin.py:188} INFO - [2026-08-31T11:06:07.014+0000] {dagbag.py:545} INFO - Filling up the DagBag from /opt/airflow/dags/maintenance_dag.py
[2026-08-31T11:06:07.035+0000] {processor.py:840} INFO - DAG(s) 'hybrid_lakehouse_weekly_maintenance' retrieved from /opt/airflow/dags/maintenance_dag.py
[2026-08-31T11:06:07.126+0000] {logging_mixin.py:188} INFO - [2026-08-31T11:06:07.125+0000] {dag.py:3089} INFO - Sync 1 DAGs
[2026-08-31T11:06:07.143+0000] {logging_mixin.py:188} INFO - [2026-08-31T11:06:07.142+0000] {dag.py:3947} INFO - Setting next_dagrun for hybrid_lakehouse_weekly_maintenance to 2026-08-30 03:00:00+00:00, run_after=2026-09-06 03:00:00+00:00
[2026-08-31T11:06:07.161+0000] {processor.py:183} INFO - Processing /opt/airflow/dags/maintenance_dag.py took 0.157 seconds
[2026-08-31T11:06:37.419+0000] {processor.py:161} INFO - Started process (PID=1015) to work on /opt/airflow/dags/maintenance_dag.py
[2026-08-31T11:06:37.420+0000] {processor.py:830} INFO - Processing file /opt/airflow/dags/maintenance_dag.py for tasks to queue
[2026-08-31T11:06:37.422+0000] {logging_mixin.py:188} INFO - [2026-08-31T11:06:37.422+0000] {dagbag.py:545} INFO - Filling up the DagBag from /opt/airflow/dags/maintenance_dag.py
[2026-08-31T11:06:37.445+0000] {processor.py:840} INFO - DAG(s) 'hybrid_lakehouse_weekly_maintenance' retrieved from /opt/airflow/dags/maintenance_dag.py
[2026-08-31T11:06:37.541+0000] {logging_mixin.py:188} INFO - [2026-08-31T11:06:37.540+0000] {dag.py:3089} INFO - Sync 1 DAGs
[2026-08-31T11:06:37.564+0000] {logging_mixin.py:188} INFO - [2026-08-31T11:06:37.564+0000] {dag.py:3947} INFO - Setting next_dagrun for hybrid_lakehouse_weekly_maintenance to 2026-08-30 03:00:00+00:00, run_after=2026-09-06 03:00:00+00:00
[2026-08-31T11:06:37.586+0000] {processor.py:183} INFO - Processing /opt/airflow/dags/maintenance_dag.py took 0.178 seconds
[2026-08-31T11:07:07.817+0000] {processor.py:161} INFO - Started process (PID=1031) to work on /opt/airflow/dags/maintenance_dag.py
[2026-08-31T11:07:07.818+0000] {processor.py:830} INFO - Processing file /opt/airflow/dags/maintenance_dag.py for tasks to queue
[2026-08-31T11:07:07.820+0000] {logging_mixin.py:188} INFO - [2026-08-31T11:07:07.820+0000] {dagbag.py:545} INFO - Filling up the DagBag from /opt/airflow/dags/maintenance_dag.py
[2026-08-31T11:07:07.839+0000] {processor.py:840} INFO - DAG(s) 'hybrid_lakehouse_weekly_maintenance' retrieved from /opt/airflow/dags/maintenance_dag.py
[2026-08-31T11:07:07.921+0000] {logging_mixin.py:188} INFO - [2026-08-31T11:07:07.920+0000] {dag.py:3089} INFO - Sync 1 DAGs
[2026-08-31T11:07:07.939+0000] {logging_mixin.py:188} INFO - [2026-08-31T11:07:07.938+0000] {dag.py:3947} INFO - Setting next_dagrun for hybrid_lakehouse_weekly_maintenance to 2026-08-30 03:00:00+00:00, run_after=2026-09-06 03:00:00+00:00
[2026-08-31T11:07:07.958+0000] {processor.py:183} INFO - Processing /opt/airflow/dags/maintenance_dag.py took 0.146 seconds
[2026-08-31T11:07:38.185+0000] {processor.py:161} INFO - Started process (PID=1078) to work on /opt/airflow/dags/maintenance_dag.py
[2026-08-31T11:07:38.186+0000] {processor.py:830} INFO - Processing file /opt/airflow/dags/maintenance_dag.py for tasks to queue
[2026-08-31T11:07:38.188+0000] {logging_mixin.py:188} INFO - [2026-08-31T11:07:38.188+0000] {dagbag.py:545} INFO - Filling up the DagBag from /opt/airflow/dags/maintenance_dag.py
[2026-08-31T11:07:38.210+0000] {processor.py:840} INFO - DAG(s) 'hybrid_lakehouse_weekly_maintenance' retrieved from /opt/airflow/dags/maintenance_dag.py
[2026-08-31T11:07:38.312+0000] {logging_mixin.py:188} INFO - [2026-08-31T11:07:38.312+0000] {dag.py:3089} INFO - Sync 1 DAGs
[2026-08-31T11:07:38.332+0000] {logging_mixin.py:188} INFO - [2026-08-31T11:07:38.332+0000] {dag.py:3947} INFO - Setting next_dagrun for hybrid_lakehouse_weekly_maintenance to 2026-08-30 03:00:00+00:00, run_after=2026-09-06 03:00:00+00:00
[2026-08-31T11:07:38.352+0000] {processor.py:183} INFO - Processing /opt/airflow/dags/maintenance_dag.py took 0.173 seconds
[2026-08-31T11:08:08.601+0000] {processor.py:161} INFO - Started process (PID=1097) to work on /opt/airflow/dags/maintenance_dag.py
[2026-08-31T11:08:08.603+0000] {processor.py:830} INFO - Processing file /opt/airflow/dags/maintenance_dag.py for tasks to queue
[2026-08-31T11:08:08.606+0000] {logging_mixin.py:188} INFO - [2026-08-31T11:08:08.605+0000] {dagbag.py:545} INFO - Filling up the DagBag from /opt/airflow/dags/maintenance_dag.py
[2026-08-31T11:08:08.631+0000] {processor.py:840} INFO - DAG(s) 'hybrid_lakehouse_weekly_maintenance' retrieved from /opt/airflow/dags/maintenance_dag.py
[2026-08-31T11:08:08.743+0000] {logging_mixin.py:188} INFO - [2026-08-31T11:08:08.743+0000] {dag.py:3089} INFO - Sync 1 DAGs
[2026-08-31T11:08:08.762+0000] {logging_mixin.py:188} INFO - [2026-08-31T11:08:08.761+0000] {dag.py:3947} INFO - Setting next_dagrun for hybrid_lakehouse_weekly_maintenance to 2026-08-30 03:00:00+00:00, run_after=2026-09-06 03:00:00+00:00
[2026-08-31T11:08:08.781+0000] {processor.py:183} INFO - Processing /opt/airflow/dags/maintenance_dag.py took 0.186 seconds
[2026-08-31T11:08:39.012+0000] {processor.py:161} INFO - Started process (PID=1119) to work on /opt/airflow/dags/maintenance_dag.py
[2026-08-31T11:08:39.014+0000] {processor.py:830} INFO - Processing file /opt/airflow/dags/maintenance_dag.py for tasks to queue
[2026-08-31T11:08:39.017+0000] {logging_mixin.py:188} INFO - [2026-08-31T11:08:39.016+0000] {dagbag.py:545} INFO - Filling up the DagBag from /opt/airflow/dags/maintenance_dag.py
[2026-08-31T11:08:39.040+0000] {processor.py:840} INFO - DAG(s) 'hybrid_lakehouse_weekly_maintenance' retrieved from /opt/airflow/dags/maintenance_dag.py
[2026-08-31T11:08:39.134+0000] {logging_mixin.py:188} INFO - [2026-08-31T11:08:39.133+0000] {dag.py:3089} INFO - Sync 1 DAGs
[2026-08-31T11:08:39.155+0000] {logging_mixin.py:188} INFO - [2026-08-31T11:08:39.154+0000] {dag.py:3947} INFO - Setting next_dagrun for hybrid_lakehouse_weekly_maintenance to 2026-08-30 03:00:00+00:00, run_after=2026-09-06 03:00:00+00:00
[2026-08-31T11:08:39.185+0000] {processor.py:183} INFO - Processing /opt/airflow/dags/maintenance_dag.py took 0.180 seconds
[2026-08-31T11:09:09.485+0000] {processor.py:161} INFO - Started process (PID=1137) to work on /opt/airflow/dags/maintenance_dag.py
[2026-08-31T11:09:09.486+0000] {processor.py:830} INFO - Processing file /opt/airflow/dags/maintenance_dag.py for tasks to queue
[2026-08-31T11:09:09.488+0000] {logging_mixin.py:188} INFO - [2026-08-31T11:09:09.488+0000] {dagbag.py:545} INFO - Filling up the DagBag from /opt/airflow/dags/maintenance_dag.py
[2026-08-31T11:09:09.509+0000] {processor.py:840} INFO - DAG(s) 'hybrid_lakehouse_weekly_maintenance' retrieved from /opt/airflow/dags/maintenance_dag.py
[2026-08-31T11:09:09.604+0000] {logging_mixin.py:188} INFO - [2026-08-31T11:09:09.604+0000] {dag.py:3089} INFO - Sync 1 DAGs
[2026-08-31T11:09:09.625+0000] {logging_mixin.py:188} INFO - [2026-08-31T11:09:09.625+0000] {dag.py:3947} INFO - Setting next_dagrun for hybrid_lakehouse_weekly_maintenance to 2026-08-30 03:00:00+00:00, run_after=2026-09-06 03:00:00+00:00
[2026-08-31T11:09:09.648+0000] {processor.py:183} INFO - Processing /opt/airflow/dags/maintenance_dag.py took 0.170 seconds
[2026-08-31T11:09:39.928+0000] {processor.py:161} INFO - Started process (PID=1157) to work on /opt/airflow/dags/maintenance_dag.py
[2026-08-31T11:09:39.930+0000] {processor.py:830} INFO - Processing file /opt/airflow/dags/maintenance_dag.py for tasks to queue
[2026-08-31T11:09:39.932+0000] {logging_mixin.py:188} INFO - [2026-08-31T11:09:39.932+0000] {dagbag.py:545} INFO - Filling up the DagBag from /opt/airflow/dags/maintenance_dag.py
[2026-08-31T11:09:39.973+0000] {processor.py:840} INFO - DAG(s) 'hybrid_lakehouse_weekly_maintenance' retrieved from /opt/airflow/dags/maintenance_dag.py
[2026-08-31T11:09:40.075+0000] {logging_mixin.py:188} INFO - [2026-08-31T11:09:40.075+0000] {dag.py:3089} INFO - Sync 1 DAGs
[2026-08-31T11:09:40.096+0000] {logging_mixin.py:188} INFO - [2026-08-31T11:09:40.095+0000] {dag.py:3947} INFO - Setting next_dagrun for hybrid_lakehouse_weekly_maintenance to 2026-08-30 03:00:00+00:00, run_after=2026-09-06 03:00:00+00:00
[2026-08-31T11:09:40.115+0000] {processor.py:183} INFO - Processing /opt/airflow/dags/maintenance_dag.py took 0.194 seconds
[2026-08-31T11:10:10.394+0000] {processor.py:161} INFO - Started process (PID=1177) to work on /opt/airflow/dags/maintenance_dag.py
[2026-08-31T11:10:10.396+0000] {processor.py:830} INFO - Processing file /opt/airflow/dags/maintenance_dag.py for tasks to queue
[2026-08-31T11:10:10.398+0000] {logging_mixin.py:188} INFO - [2026-08-31T11:10:10.397+0000] {dagbag.py:545} INFO - Filling up the DagBag from /opt/airflow/dags/maintenance_dag.py
[2026-08-31T11:10:10.415+0000] {processor.py:840} INFO - DAG(s) 'hybrid_lakehouse_weekly_maintenance' retrieved from /opt/airflow/dags/maintenance_dag.py
[2026-08-31T11:10:10.517+0000] {logging_mixin.py:188} INFO - [2026-08-31T11:10:10.517+0000] {dag.py:3089} INFO - Sync 1 DAGs
[2026-08-31T11:10:10.536+0000] {logging_mixin.py:188} INFO - [2026-08-31T11:10:10.536+0000] {dag.py:3947} INFO - Setting next_dagrun for hybrid_lakehouse_weekly_maintenance to 2026-08-30 03:00:00+00:00, run_after=2026-09-06 03:00:00+00:00
[2026-08-31T11:10:10.560+0000] {processor.py:183} INFO - Processing /opt/airflow/dags/maintenance_dag.py took 0.172 seconds
[2026-08-31T11:10:40.819+0000] {processor.py:161} INFO - Started process (PID=1195) to work on /opt/airflow/dags/maintenance_dag.py
[2026-08-31T11:10:40.820+0000] {processor.py:830} INFO - Processing file /opt/airflow/dags/maintenance_dag.py for tasks to queue
[2026-08-31T11:10:40.822+0000] {logging_mixin.py:188} INFO - [2026-08-31T11:10:40.821+0000] {dagbag.py:545} INFO - Filling up the DagBag from /opt/airflow/dags/maintenance_dag.py
[2026-08-31T11:10:40.842+0000] {processor.py:840} INFO - DAG(s) 'hybrid_lakehouse_weekly_maintenance' retrieved from /opt/airflow/dags/maintenance_dag.py
[2026-08-31T11:10:40.930+0000] {logging_mixin.py:188} INFO - [2026-08-31T11:10:40.929+0000] {dag.py:3089} INFO - Sync 1 DAGs
[2026-08-31T11:10:40.949+0000] {logging_mixin.py:188} INFO - [2026-08-31T11:10:40.949+0000] {dag.py:3947} INFO - Setting next_dagrun for hybrid_lakehouse_weekly_maintenance to 2026-08-30 03:00:00+00:00, run_after=2026-09-06 03:00:00+00:00
[2026-08-31T11:10:40.970+0000] {processor.py:183} INFO - Processing /opt/airflow/dags/maintenance_dag.py took 0.157 seconds
[2026-08-31T11:11:11.207+0000] {processor.py:161} INFO - Started process (PID=1233) to work on /opt/airflow/dags/maintenance_dag.py
[2026-08-31T11:11:11.208+0000] {processor.py:830} INFO - Processing file /opt/airflow/dags/maintenance_dag.py for tasks to queue
[2026-08-31T11:11:11.210+0000] {logging_mixin.py:188} INFO - [2026-08-31T11:11:11.209+0000] {dagbag.py:545} INFO - Filling up the DagBag from /opt/airflow/dags/maintenance_dag.py
[2026-08-31T11:11:11.230+0000] {processor.py:840} INFO - DAG(s) 'hybrid_lakehouse_weekly_maintenance' retrieved from /opt/airflow/dags/maintenance_dag.py
[2026-08-31T11:11:11.343+0000] {logging_mixin.py:188} INFO - [2026-08-31T11:11:11.342+0000] {dag.py:3089} INFO - Sync 1 DAGs
[2026-08-31T11:11:11.364+0000] {logging_mixin.py:188} INFO - [2026-08-31T11:11:11.364+0000] {dag.py:3947} INFO - Setting next_dagrun for hybrid_lakehouse_weekly_maintenance to 2026-08-30 03:00:00+00:00, run_after=2026-09-06 03:00:00+00:00
[2026-08-31T11:11:11.389+0000] {processor.py:183} INFO - Processing /opt/airflow/dags/maintenance_dag.py took 0.188 seconds
[2026-08-31T11:11:41.612+0000] {processor.py:161} INFO - Started process (PID=1323) to work on /opt/airflow/dags/maintenance_dag.py
[2026-08-31T11:11:41.613+0000] {processor.py:830} INFO - Processing file /opt/airflow/dags/maintenance_dag.py for tasks to queue
[2026-08-31T11:11:41.615+0000] {logging_mixin.py:188} INFO - [2026-08-31T11:11:41.614+0000] {dagbag.py:545} INFO - Filling up the DagBag from /opt/airflow/dags/maintenance_dag.py
[2026-08-31T11:11:41.636+0000] {processor.py:840} INFO - DAG(s) 'hybrid_lakehouse_weekly_maintenance' retrieved from /opt/airflow/dags/maintenance_dag.py
[2026-08-31T11:11:41.750+0000] {logging_mixin.py:188} INFO - [2026-08-31T11:11:41.750+0000] {dag.py:3089} INFO - Sync 1 DAGs
[2026-08-31T11:11:41.771+0000] {logging_mixin.py:188} INFO - [2026-08-31T11:11:41.770+0000] {dag.py:3947} INFO - Setting next_dagrun for hybrid_lakehouse_weekly_maintenance to 2026-08-30 03:00:00+00:00, run_after=2026-09-06 03:00:00+00:00
[2026-08-31T11:11:41.793+0000] {processor.py:183} INFO - Processing /opt/airflow/dags/maintenance_dag.py took 0.186 seconds
[2026-08-31T11:12:12.038+0000] {processor.py:161} INFO - Started process (PID=1338) to work on /opt/airflow/dags/maintenance_dag.py
[2026-08-31T11:12:12.039+0000] {processor.py:830} INFO - Processing file /opt/airflow/dags/maintenance_dag.py for tasks to queue
[2026-08-31T11:12:12.041+0000] {logging_mixin.py:188} INFO - [2026-08-31T11:12:12.041+0000] {dagbag.py:545} INFO - Filling up the DagBag from /opt/airflow/dags/maintenance_dag.py
[2026-08-31T11:12:12.060+0000] {processor.py:840} INFO - DAG(s) 'hybrid_lakehouse_weekly_maintenance' retrieved from /opt/airflow/dags/maintenance_dag.py
[2026-08-31T11:12:12.146+0000] {logging_mixin.py:188} INFO - [2026-08-31T11:12:12.145+0000] {dag.py:3089} INFO - Sync 1 DAGs
[2026-08-31T11:12:12.162+0000] {logging_mixin.py:188} INFO - [2026-08-31T11:12:12.162+0000] {dag.py:3947} INFO - Setting next_dagrun for hybrid_lakehouse_weekly_maintenance to 2026-08-30 03:00:00+00:00, run_after=2026-09-06 03:00:00+00:00
[2026-08-31T11:12:12.181+0000] {processor.py:183} INFO - Processing /opt/airflow/dags/maintenance_dag.py took 0.150 seconds
[2026-08-31T11:12:42.435+0000] {processor.py:161} INFO - Started process (PID=1353) to work on /opt/airflow/dags/maintenance_dag.py
[2026-08-31T11:12:42.437+0000] {processor.py:830} INFO - Processing file /opt/airflow/dags/maintenance_dag.py for tasks to queue
[2026-08-31T11:12:42.439+0000] {logging_mixin.py:188} INFO - [2026-08-31T11:12:42.439+0000] {dagbag.py:545} INFO - Filling up the DagBag from /opt/airflow/dags/maintenance_dag.py
[2026-08-31T11:12:42.463+0000] {processor.py:840} INFO - DAG(s) 'hybrid_lakehouse_weekly_maintenance' retrieved from /opt/airflow/dags/maintenance_dag.py
[2026-08-31T11:12:42.566+0000] {logging_mixin.py:188} INFO - [2026-08-31T11:12:42.566+0000] {dag.py:3089} INFO - Sync 1 DAGs
[2026-08-31T11:12:42.585+0000] {logging_mixin.py:188} INFO - [2026-08-31T11:12:42.585+0000] {dag.py:3947} INFO - Setting next_dagrun for hybrid_lakehouse_weekly_maintenance to 2026-08-30 03:00:00+00:00, run_after=2026-09-06 03:00:00+00:00
[2026-08-31T11:12:42.615+0000] {processor.py:183} INFO - Processing /opt/airflow/dags/maintenance_dag.py took 0.188 seconds
[2026-08-31T11:13:12.873+0000] {processor.py:161} INFO - Started process (PID=1368) to work on /opt/airflow/dags/maintenance_dag.py
[2026-08-31T11:13:12.875+0000] {processor.py:830} INFO - Processing file /opt/airflow/dags/maintenance_dag.py for tasks to queue
[2026-08-31T11:13:12.877+0000] {logging_mixin.py:188} INFO - [2026-08-31T11:13:12.877+0000] {dagbag.py:545} INFO - Filling up the DagBag from /opt/airflow/dags/maintenance_dag.py
[2026-08-31T11:13:12.906+0000] {processor.py:840} INFO - DAG(s) 'hybrid_lakehouse_weekly_maintenance' retrieved from /opt/airflow/dags/maintenance_dag.py
[2026-08-31T11:13:13.028+0000] {logging_mixin.py:188} INFO - [2026-08-31T11:13:13.028+0000] {dag.py:3089} INFO - Sync 1 DAGs
[2026-08-31T11:13:13.062+0000] {logging_mixin.py:188} INFO - [2026-08-31T11:13:13.061+0000] {dag.py:3947} INFO - Setting next_dagrun for hybrid_lakehouse_weekly_maintenance to 2026-08-30 03:00:00+00:00, run_after=2026-09-06 03:00:00+00:00
[2026-08-31T11:13:13.093+0000] {processor.py:183} INFO - Processing /opt/airflow/dags/maintenance_dag.py took 0.229 seconds
[2026-08-31T11:13:43.338+0000] {processor.py:161} INFO - Started process (PID=1383) to work on /opt/airflow/dags/maintenance_dag.py
[2026-08-31T11:13:43.339+0000] {processor.py:830} INFO - Processing file /opt/airflow/dags/maintenance_dag.py for tasks to queue
[2026-08-31T11:13:43.341+0000] {logging_mixin.py:188} INFO - [2026-08-31T11:13:43.341+0000] {dagbag.py:545} INFO - Filling up the DagBag from /opt/airflow/dags/maintenance_dag.py
[2026-08-31T11:13:43.363+0000] {processor.py:840} INFO - DAG(s) 'hybrid_lakehouse_weekly_maintenance' retrieved from /opt/airflow/dags/maintenance_dag.py
[2026-08-31T11:13:43.481+0000] {logging_mixin.py:188} INFO - [2026-08-31T11:13:43.480+0000] {dag.py:3089} INFO - Sync 1 DAGs
[2026-08-31T11:13:43.504+0000] {logging_mixin.py:188} INFO - [2026-08-31T11:13:43.504+0000] {dag.py:3947} INFO - Setting next_dagrun for hybrid_lakehouse_weekly_maintenance to 2026-08-30 03:00:00+00:00, run_after=2026-09-06 03:00:00+00:00
[2026-08-31T11:13:43.524+0000] {processor.py:183} INFO - Processing /opt/airflow/dags/maintenance_dag.py took 0.193 seconds
[2026-08-31T11:14:13.809+0000] {processor.py:161} INFO - Started process (PID=1398) to work on /opt/airflow/dags/maintenance_dag.py
[2026-08-31T11:14:13.810+0000] {processor.py:830} INFO - Processing file /opt/airflow/dags/maintenance_dag.py for tasks to queue
[2026-08-31T11:14:13.813+0000] {logging_mixin.py:188} INFO - [2026-08-31T11:14:13.813+0000] {dagbag.py:545} INFO - Filling up the DagBag from /opt/airflow/dags/maintenance_dag.py
[2026-08-31T11:14:13.835+0000] {processor.py:840} INFO - DAG(s) 'hybrid_lakehouse_weekly_maintenance' retrieved from /opt/airflow/dags/maintenance_dag.py
[2026-08-31T11:14:13.952+0000] {logging_mixin.py:188} INFO - [2026-08-31T11:14:13.951+0000] {dag.py:3089} INFO - Sync 1 DAGs
[2026-08-31T11:14:13.974+0000] {logging_mixin.py:188} INFO - [2026-08-31T11:14:13.974+0000] {dag.py:3947} INFO - Setting next_dagrun for hybrid_lakehouse_weekly_maintenance to 2026-08-30 03:00:00+00:00, run_after=2026-09-06 03:00:00+00:00
[2026-08-31T11:14:14.000+0000] {processor.py:183} INFO - Processing /opt/airflow/dags/maintenance_dag.py took 0.198 seconds
[2026-08-31T11:14:44.274+0000] {processor.py:161} INFO - Started process (PID=1413) to work on /opt/airflow/dags/maintenance_dag.py
[2026-08-31T11:14:44.275+0000] {processor.py:830} INFO - Processing file /opt/airflow/dags/maintenance_dag.py for tasks to queue
[2026-08-31T11:14:44.277+0000] {logging_mixin.py:188} INFO - [2026-08-31T11:14:44.277+0000] {dagbag.py:545} INFO - Filling up the DagBag from /opt/airflow/dags/maintenance_dag.py
[2026-08-31T11:14:44.299+0000] {processor.py:840} INFO - DAG(s) 'hybrid_lakehouse_weekly_maintenance' retrieved from /opt/airflow/dags/maintenance_dag.py
[2026-08-31T11:14:44.437+0000] {logging_mixin.py:188} INFO - [2026-08-31T11:14:44.437+0000] {dag.py:3089} INFO - Sync 1 DAGs
[2026-08-31T11:14:44.457+0000] {logging_mixin.py:188} INFO - [2026-08-31T11:14:44.457+0000] {dag.py:3947} INFO - Setting next_dagrun for hybrid_lakehouse_weekly_maintenance to 2026-08-30 03:00:00+00:00, run_after=2026-09-06 03:00:00+00:00
[2026-08-31T11:14:44.475+0000] {processor.py:183} INFO - Processing /opt/airflow/dags/maintenance_dag.py took 0.208 seconds
[2026-08-31T11:15:14.743+0000] {processor.py:161} INFO - Started process (PID=1428) to work on /opt/airflow/dags/maintenance_dag.py
[2026-08-31T11:15:14.745+0000] {processor.py:830} INFO - Processing file /opt/airflow/dags/maintenance_dag.py for tasks to queue
[2026-08-31T11:15:14.749+0000] {logging_mixin.py:188} INFO - [2026-08-31T11:15:14.749+0000] {dagbag.py:545} INFO - Filling up the DagBag from /opt/airflow/dags/maintenance_dag.py
[2026-08-31T11:15:14.776+0000] {processor.py:840} INFO - DAG(s) 'hybrid_lakehouse_weekly_maintenance' retrieved from /opt/airflow/dags/maintenance_dag.py
[2026-08-31T11:15:14.891+0000] {logging_mixin.py:188} INFO - [2026-08-31T11:15:14.890+0000] {dag.py:3089} INFO - Sync 1 DAGs
[2026-08-31T11:15:14.913+0000] {logging_mixin.py:188} INFO - [2026-08-31T11:15:14.913+0000] {dag.py:3947} INFO - Setting next_dagrun for hybrid_lakehouse_weekly_maintenance to 2026-08-30 03:00:00+00:00, run_after=2026-09-06 03:00:00+00:00
[2026-08-31T11:15:14.935+0000] {processor.py:183} INFO - Processing /opt/airflow/dags/maintenance_dag.py took 0.201 seconds
[2026-08-31T11:15:45.197+0000] {processor.py:161} INFO - Started process (PID=1443) to work on /opt/airflow/dags/maintenance_dag.py
[2026-08-31T11:15:45.198+0000] {processor.py:830} INFO - Processing file /opt/airflow/dags/maintenance_dag.py for tasks to queue
[2026-08-31T11:15:45.201+0000] {logging_mixin.py:188} INFO - [2026-08-31T11:15:45.200+0000] {dagbag.py:545} INFO - Filling up the DagBag from /opt/airflow/dags/maintenance_dag.py
[2026-08-31T11:15:45.226+0000] {processor.py:840} INFO - DAG(s) 'hybrid_lakehouse_weekly_maintenance' retrieved from /opt/airflow/dags/maintenance_dag.py
[2026-08-31T11:15:45.350+0000] {logging_mixin.py:188} INFO - [2026-08-31T11:15:45.349+0000] {dag.py:3089} INFO - Sync 1 DAGs
[2026-08-31T11:15:45.372+0000] {logging_mixin.py:188} INFO - [2026-08-31T11:15:45.371+0000] {dag.py:3947} INFO - Setting next_dagrun for hybrid_lakehouse_weekly_maintenance to 2026-08-30 03:00:00+00:00, run_after=2026-09-06 03:00:00+00:00
[2026-08-31T11:15:45.392+0000] {processor.py:183} INFO - Processing /opt/airflow/dags/maintenance_dag.py took 0.203 seconds
[2026-08-31T11:16:15.642+0000] {processor.py:161} INFO - Started process (PID=1458) to work on /opt/airflow/dags/maintenance_dag.py
[2026-08-31T11:16:15.643+0000] {processor.py:830} INFO - Processing file /opt/airflow/dags/maintenance_dag.py for tasks to queue
[2026-08-31T11:16:15.645+0000] {logging_mixin.py:188} INFO - [2026-08-31T11:16:15.645+0000] {dagbag.py:545} INFO - Filling up the DagBag from /opt/airflow/dags/maintenance_dag.py
[2026-08-31T11:16:15.663+0000] {processor.py:840} INFO - DAG(s) 'hybrid_lakehouse_weekly_maintenance' retrieved from /opt/airflow/dags/maintenance_dag.py
[2026-08-31T11:16:15.746+0000] {logging_mixin.py:188} INFO - [2026-08-31T11:16:15.745+0000] {dag.py:3089} INFO - Sync 1 DAGs
[2026-08-31T11:16:15.761+0000] {logging_mixin.py:188} INFO - [2026-08-31T11:16:15.761+0000] {dag.py:3947} INFO - Setting next_dagrun for hybrid_lakehouse_weekly_maintenance to 2026-08-30 03:00:00+00:00, run_after=2026-09-06 03:00:00+00:00
[2026-08-31T11:16:15.782+0000] {processor.py:183} INFO - Processing /opt/airflow/dags/maintenance_dag.py took 0.146 seconds
[2026-08-31T11:16:46.053+0000] {processor.py:161} INFO - Started process (PID=1475) to work on /opt/airflow/dags/maintenance_dag.py
[2026-08-31T11:16:46.054+0000] {processor.py:830} INFO - Processing file /opt/airflow/dags/maintenance_dag.py for tasks to queue
[2026-08-31T11:16:46.057+0000] {logging_mixin.py:188} INFO - [2026-08-31T11:16:46.056+0000] {dagbag.py:545} INFO - Filling up the DagBag from /opt/airflow/dags/maintenance_dag.py
[2026-08-31T11:16:46.081+0000] {processor.py:840} INFO - DAG(s) 'hybrid_lakehouse_weekly_maintenance' retrieved from /opt/airflow/dags/maintenance_dag.py
[2026-08-31T11:16:46.203+0000] {logging_mixin.py:188} INFO - [2026-08-31T11:16:46.202+0000] {dag.py:3089} INFO - Sync 1 DAGs
[2026-08-31T11:16:46.228+0000] {logging_mixin.py:188} INFO - [2026-08-31T11:16:46.227+0000] {dag.py:3947} INFO - Setting next_dagrun for hybrid_lakehouse_weekly_maintenance to 2026-08-30 03:00:00+00:00, run_after=2026-09-06 03:00:00+00:00
[2026-08-31T11:16:46.250+0000] {processor.py:183} INFO - Processing /opt/airflow/dags/maintenance_dag.py took 0.204 seconds
[2026-08-31T11:17:16.477+0000] {processor.py:161} INFO - Started process (PID=1566) to work on /opt/airflow/dags/maintenance_dag.py
[2026-08-31T11:17:16.479+0000] {processor.py:830} INFO - Processing file /opt/airflow/dags/maintenance_dag.py for tasks to queue
[2026-08-31T11:17:16.481+0000] {logging_mixin.py:188} INFO - [2026-08-31T11:17:16.480+0000] {dagbag.py:545} INFO - Filling up the DagBag from /opt/airflow/dags/maintenance_dag.py
[2026-08-31T11:17:16.502+0000] {processor.py:840} INFO - DAG(s) 'hybrid_lakehouse_weekly_maintenance' retrieved from /opt/airflow/dags/maintenance_dag.py
[2026-08-31T11:17:16.599+0000] {logging_mixin.py:188} INFO - [2026-08-31T11:17:16.598+0000] {dag.py:3089} INFO - Sync 1 DAGs
[2026-08-31T11:17:16.616+0000] {logging_mixin.py:188} INFO - [2026-08-31T11:17:16.615+0000] {dag.py:3947} INFO - Setting next_dagrun for hybrid_lakehouse_weekly_maintenance to 2026-08-30 03:00:00+00:00, run_after=2026-09-06 03:00:00+00:00
[2026-08-31T11:17:16.633+0000] {processor.py:183} INFO - Processing /opt/airflow/dags/maintenance_dag.py took 0.161 seconds
[2026-08-31T11:17:46.881+0000] {processor.py:161} INFO - Started process (PID=1615) to work on /opt/airflow/dags/maintenance_dag.py
[2026-08-31T11:17:46.882+0000] {processor.py:830} INFO - Processing file /opt/airflow/dags/maintenance_dag.py for tasks to queue
[2026-08-31T11:17:46.884+0000] {logging_mixin.py:188} INFO - [2026-08-31T11:17:46.884+0000] {dagbag.py:545} INFO - Filling up the DagBag from /opt/airflow/dags/maintenance_dag.py
[2026-08-31T11:17:46.903+0000] {processor.py:840} INFO - DAG(s) 'hybrid_lakehouse_weekly_maintenance' retrieved from /opt/airflow/dags/maintenance_dag.py
[2026-08-31T11:17:46.991+0000] {logging_mixin.py:188} INFO - [2026-08-31T11:17:46.991+0000] {dag.py:3089} INFO - Sync 1 DAGs
[2026-08-31T11:17:47.008+0000] {logging_mixin.py:188} INFO - [2026-08-31T11:17:47.008+0000] {dag.py:3947} INFO - Setting next_dagrun for hybrid_lakehouse_weekly_maintenance to 2026-08-30 03:00:00+00:00, run_after=2026-09-06 03:00:00+00:00
[2026-08-31T11:17:47.029+0000] {processor.py:183} INFO - Processing /opt/airflow/dags/maintenance_dag.py took 0.154 seconds
[2026-08-31T11:18:17.286+0000] {processor.py:161} INFO - Started process (PID=1632) to work on /opt/airflow/dags/maintenance_dag.py
[2026-08-31T11:18:17.287+0000] {processor.py:830} INFO - Processing file /opt/airflow/dags/maintenance_dag.py for tasks to queue
[2026-08-31T11:18:17.289+0000] {logging_mixin.py:188} INFO - [2026-08-31T11:18:17.289+0000] {dagbag.py:545} INFO - Filling up the DagBag from /opt/airflow/dags/maintenance_dag.py
[2026-08-31T11:18:17.310+0000] {processor.py:840} INFO - DAG(s) 'hybrid_lakehouse_weekly_maintenance' retrieved from /opt/airflow/dags/maintenance_dag.py
[2026-08-31T11:18:17.414+0000] {logging_mixin.py:188} INFO - [2026-08-31T11:18:17.413+0000] {dag.py:3089} INFO - Sync 1 DAGs
[2026-08-31T11:18:17.431+0000] {logging_mixin.py:188} INFO - [2026-08-31T11:18:17.431+0000] {dag.py:3947} INFO - Setting next_dagrun for hybrid_lakehouse_weekly_maintenance to 2026-08-30 03:00:00+00:00, run_after=2026-09-06 03:00:00+00:00
[2026-08-31T11:18:17.451+0000] {processor.py:183} INFO - Processing /opt/airflow/dags/maintenance_dag.py took 0.171 seconds
[2026-08-31T11:18:47.677+0000] {processor.py:161} INFO - Started process (PID=1649) to work on /opt/airflow/dags/maintenance_dag.py
[2026-08-31T11:18:47.678+0000] {processor.py:830} INFO - Processing file /opt/airflow/dags/maintenance_dag.py for tasks to queue
[2026-08-31T11:18:47.680+0000] {logging_mixin.py:188} INFO - [2026-08-31T11:18:47.680+0000] {dagbag.py:545} INFO - Filling up the DagBag from /opt/airflow/dags/maintenance_dag.py
[2026-08-31T11:18:47.700+0000] {processor.py:840} INFO - DAG(s) 'hybrid_lakehouse_weekly_maintenance' retrieved from /opt/airflow/dags/maintenance_dag.py
[2026-08-31T11:18:47.809+0000] {logging_mixin.py:188} INFO - [2026-08-31T11:18:47.808+0000] {dag.py:3089} INFO - Sync 1 DAGs
[2026-08-31T11:18:47.831+0000] {logging_mixin.py:188} INFO - [2026-08-31T11:18:47.831+0000] {dag.py:3947} INFO - Setting next_dagrun for hybrid_lakehouse_weekly_maintenance to 2026-08-30 03:00:00+00:00, run_after=2026-09-06 03:00:00+00:00
[2026-08-31T11:18:47.858+0000] {processor.py:183} INFO - Processing /opt/airflow/dags/maintenance_dag.py took 0.186 seconds
[2026-08-31T11:19:18.139+0000] {processor.py:161} INFO - Started process (PID=1666) to work on /opt/airflow/dags/maintenance_dag.py
[2026-08-31T11:19:18.140+0000] {processor.py:830} INFO - Processing file /opt/airflow/dags/maintenance_dag.py for tasks to queue
[2026-08-31T11:19:18.143+0000] {logging_mixin.py:188} INFO - [2026-08-31T11:19:18.142+0000] {dagbag.py:545} INFO - Filling up the DagBag from /opt/airflow/dags/maintenance_dag.py
[2026-08-31T11:19:18.163+0000] {processor.py:840} INFO - DAG(s) 'hybrid_lakehouse_weekly_maintenance' retrieved from /opt/airflow/dags/maintenance_dag.py
[2026-08-31T11:19:18.249+0000] {logging_mixin.py:188} INFO - [2026-08-31T11:19:18.248+0000] {dag.py:3089} INFO - Sync 1 DAGs
[2026-08-31T11:19:18.267+0000] {logging_mixin.py:188} INFO - [2026-08-31T11:19:18.267+0000] {dag.py:3947} INFO - Setting next_dagrun for hybrid_lakehouse_weekly_maintenance to 2026-08-30 03:00:00+00:00, run_after=2026-09-06 03:00:00+00:00
[2026-08-31T11:19:18.291+0000] {processor.py:183} INFO - Processing /opt/airflow/dags/maintenance_dag.py took 0.161 seconds
[2026-08-31T11:19:48.526+0000] {processor.py:161} INFO - Started process (PID=1685) to work on /opt/airflow/dags/maintenance_dag.py
[2026-08-31T11:19:48.527+0000] {processor.py:830} INFO - Processing file /opt/airflow/dags/maintenance_dag.py for tasks to queue
[2026-08-31T11:19:48.529+0000] {logging_mixin.py:188} INFO - [2026-08-31T11:19:48.529+0000] {dagbag.py:545} INFO - Filling up the DagBag from /opt/airflow/dags/maintenance_dag.py
[2026-08-31T11:19:48.548+0000] {processor.py:840} INFO - DAG(s) 'hybrid_lakehouse_weekly_maintenance' retrieved from /opt/airflow/dags/maintenance_dag.py
[2026-08-31T11:19:48.635+0000] {logging_mixin.py:188} INFO - [2026-08-31T11:19:48.634+0000] {dag.py:3089} INFO - Sync 1 DAGs
[2026-08-31T11:19:48.651+0000] {logging_mixin.py:188} INFO - [2026-08-31T11:19:48.651+0000] {dag.py:3947} INFO - Setting next_dagrun for hybrid_lakehouse_weekly_maintenance to 2026-08-30 03:00:00+00:00, run_after=2026-09-06 03:00:00+00:00
[2026-08-31T11:19:48.671+0000] {processor.py:183} INFO - Processing /opt/airflow/dags/maintenance_dag.py took 0.152 seconds
[2026-08-31T11:20:18.894+0000] {processor.py:161} INFO - Started process (PID=1702) to work on /opt/airflow/dags/maintenance_dag.py
[2026-08-31T11:20:18.895+0000] {processor.py:830} INFO - Processing file /opt/airflow/dags/maintenance_dag.py for tasks to queue
[2026-08-31T11:20:18.897+0000] {logging_mixin.py:188} INFO - [2026-08-31T11:20:18.897+0000] {dagbag.py:545} INFO - Filling up the DagBag from /opt/airflow/dags/maintenance_dag.py
[2026-08-31T11:20:18.916+0000] {processor.py:840} INFO - DAG(s) 'hybrid_lakehouse_weekly_maintenance' retrieved from /opt/airflow/dags/maintenance_dag.py
[2026-08-31T11:20:18.998+0000] {logging_mixin.py:188} INFO - [2026-08-31T11:20:18.998+0000] {dag.py:3089} INFO - Sync 1 DAGs
[2026-08-31T11:20:19.016+0000] {logging_mixin.py:188} INFO - [2026-08-31T11:20:19.015+0000] {dag.py:3947} INFO - Setting next_dagrun for hybrid_lakehouse_weekly_maintenance to 2026-08-30 03:00:00+00:00, run_after=2026-09-06 03:00:00+00:00
[2026-08-31T11:20:19.032+0000] {processor.py:183} INFO - Processing /opt/airflow/dags/maintenance_dag.py took 0.143 seconds
[2026-08-31T11:20:49.276+0000] {processor.py:161} INFO - Started process (PID=1719) to work on /opt/airflow/dags/maintenance_dag.py
[2026-08-31T11:20:49.277+0000] {processor.py:830} INFO - Processing file /opt/airflow/dags/maintenance_dag.py for tasks to queue
[2026-08-31T11:20:49.279+0000] {logging_mixin.py:188} INFO - [2026-08-31T11:20:49.279+0000] {dagbag.py:545} INFO - Filling up the DagBag from /opt/airflow/dags/maintenance_dag.py
[2026-08-31T11:20:49.298+0000] {processor.py:840} INFO - DAG(s) 'hybrid_lakehouse_weekly_maintenance' retrieved from /opt/airflow/dags/maintenance_dag.py
[2026-08-31T11:20:49.379+0000] {logging_mixin.py:188} INFO - [2026-08-31T11:20:49.379+0000] {dag.py:3089} INFO - Sync 1 DAGs
[2026-08-31T11:20:49.394+0000] {logging_mixin.py:188} INFO - [2026-08-31T11:20:49.394+0000] {dag.py:3947} INFO - Setting next_dagrun for hybrid_lakehouse_weekly_maintenance to 2026-08-30 03:00:00+00:00, run_after=2026-09-06 03:00:00+00:00
[2026-08-31T11:20:49.412+0000] {processor.py:183} INFO - Processing /opt/airflow/dags/maintenance_dag.py took 0.142 seconds
[2026-08-31T11:21:19.645+0000] {processor.py:161} INFO - Started process (PID=1768) to work on /opt/airflow/dags/maintenance_dag.py
[2026-08-31T11:21:19.647+0000] {processor.py:830} INFO - Processing file /opt/airflow/dags/maintenance_dag.py for tasks to queue
[2026-08-31T11:21:19.649+0000] {logging_mixin.py:188} INFO - [2026-08-31T11:21:19.649+0000] {dagbag.py:545} INFO - Filling up the DagBag from /opt/airflow/dags/maintenance_dag.py
[2026-08-31T11:21:19.672+0000] {processor.py:840} INFO - DAG(s) 'hybrid_lakehouse_weekly_maintenance' retrieved from /opt/airflow/dags/maintenance_dag.py
[2026-08-31T11:21:19.767+0000] {logging_mixin.py:188} INFO - [2026-08-31T11:21:19.767+0000] {dag.py:3089} INFO - Sync 1 DAGs
[2026-08-31T11:21:19.784+0000] {logging_mixin.py:188} INFO - [2026-08-31T11:21:19.784+0000] {dag.py:3947} INFO - Setting next_dagrun for hybrid_lakehouse_weekly_maintenance to 2026-08-30 03:00:00+00:00, run_after=2026-09-06 03:00:00+00:00
[2026-08-31T11:21:19.803+0000] {processor.py:183} INFO - Processing /opt/airflow/dags/maintenance_dag.py took 0.165 seconds
[2026-08-31T11:21:50.044+0000] {processor.py:161} INFO - Started process (PID=1785) to work on /opt/airflow/dags/maintenance_dag.py
[2026-08-31T11:21:50.045+0000] {processor.py:830} INFO - Processing file /opt/airflow/dags/maintenance_dag.py for tasks to queue
[2026-08-31T11:21:50.047+0000] {logging_mixin.py:188} INFO - [2026-08-31T11:21:50.047+0000] {dagbag.py:545} INFO - Filling up the DagBag from /opt/airflow/dags/maintenance_dag.py
[2026-08-31T11:21:50.068+0000] {processor.py:840} INFO - DAG(s) 'hybrid_lakehouse_weekly_maintenance' retrieved from /opt/airflow/dags/maintenance_dag.py
[2026-08-31T11:21:50.163+0000] {logging_mixin.py:188} INFO - [2026-08-31T11:21:50.163+0000] {dag.py:3089} INFO - Sync 1 DAGs
[2026-08-31T11:21:50.180+0000] {logging_mixin.py:188} INFO - [2026-08-31T11:21:50.180+0000] {dag.py:3947} INFO - Setting next_dagrun for hybrid_lakehouse_weekly_maintenance to 2026-08-30 03:00:00+00:00, run_after=2026-09-06 03:00:00+00:00
[2026-08-31T11:21:50.199+0000] {processor.py:183} INFO - Processing /opt/airflow/dags/maintenance_dag.py took 0.162 seconds
[2026-08-31T11:22:20.423+0000] {processor.py:161} INFO - Started process (PID=1806) to work on /opt/airflow/dags/maintenance_dag.py
[2026-08-31T11:22:20.424+0000] {processor.py:830} INFO - Processing file /opt/airflow/dags/maintenance_dag.py for tasks to queue
[2026-08-31T11:22:20.426+0000] {logging_mixin.py:188} INFO - [2026-08-31T11:22:20.426+0000] {dagbag.py:545} INFO - Filling up the DagBag from /opt/airflow/dags/maintenance_dag.py
[2026-08-31T11:22:20.445+0000] {processor.py:840} INFO - DAG(s) 'hybrid_lakehouse_weekly_maintenance' retrieved from /opt/airflow/dags/maintenance_dag.py
[2026-08-31T11:22:20.532+0000] {logging_mixin.py:188} INFO - [2026-08-31T11:22:20.532+0000] {dag.py:3089} INFO - Sync 1 DAGs
[2026-08-31T11:22:20.549+0000] {logging_mixin.py:188} INFO - [2026-08-31T11:22:20.548+0000] {dag.py:3947} INFO - Setting next_dagrun for hybrid_lakehouse_weekly_maintenance to 2026-08-30 03:00:00+00:00, run_after=2026-09-06 03:00:00+00:00
[2026-08-31T11:22:20.565+0000] {processor.py:183} INFO - Processing /opt/airflow/dags/maintenance_dag.py took 0.147 seconds
[2026-08-31T11:22:50.799+0000] {processor.py:161} INFO - Started process (PID=1822) to work on /opt/airflow/dags/maintenance_dag.py
[2026-08-31T11:22:50.800+0000] {processor.py:830} INFO - Processing file /opt/airflow/dags/maintenance_dag.py for tasks to queue
[2026-08-31T11:22:50.802+0000] {logging_mixin.py:188} INFO - [2026-08-31T11:22:50.802+0000] {dagbag.py:545} INFO - Filling up the DagBag from /opt/airflow/dags/maintenance_dag.py
[2026-08-31T11:22:50.821+0000] {processor.py:840} INFO - DAG(s) 'hybrid_lakehouse_weekly_maintenance' retrieved from /opt/airflow/dags/maintenance_dag.py
[2026-08-31T11:22:50.929+0000] {logging_mixin.py:188} INFO - [2026-08-31T11:22:50.929+0000] {dag.py:3089} INFO - Sync 1 DAGs
[2026-08-31T11:22:50.945+0000] {logging_mixin.py:188} INFO - [2026-08-31T11:22:50.945+0000] {dag.py:3947} INFO - Setting next_dagrun for hybrid_lakehouse_weekly_maintenance to 2026-08-30 03:00:00+00:00, run_after=2026-09-06 03:00:00+00:00
[2026-08-31T11:22:50.966+0000] {processor.py:183} INFO - Processing /opt/airflow/dags/maintenance_dag.py took 0.173 seconds
[2026-08-31T11:23:21.209+0000] {processor.py:161} INFO - Started process (PID=1840) to work on /opt/airflow/dags/maintenance_dag.py
[2026-08-31T11:23:21.210+0000] {processor.py:830} INFO - Processing file /opt/airflow/dags/maintenance_dag.py for tasks to queue
[2026-08-31T11:23:21.213+0000] {logging_mixin.py:188} INFO - [2026-08-31T11:23:21.212+0000] {dagbag.py:545} INFO - Filling up the DagBag from /opt/airflow/dags/maintenance_dag.py
[2026-08-31T11:23:21.233+0000] {processor.py:840} INFO - DAG(s) 'hybrid_lakehouse_weekly_maintenance' retrieved from /opt/airflow/dags/maintenance_dag.py
[2026-08-31T11:23:21.322+0000] {logging_mixin.py:188} INFO - [2026-08-31T11:23:21.321+0000] {dag.py:3089} INFO - Sync 1 DAGs
[2026-08-31T11:23:21.338+0000] {logging_mixin.py:188} INFO - [2026-08-31T11:23:21.338+0000] {dag.py:3947} INFO - Setting next_dagrun for hybrid_lakehouse_weekly_maintenance to 2026-08-30 03:00:00+00:00, run_after=2026-09-06 03:00:00+00:00
[2026-08-31T11:23:21.354+0000] {processor.py:183} INFO - Processing /opt/airflow/dags/maintenance_dag.py took 0.153 seconds
[2026-08-31T11:23:51.613+0000] {processor.py:161} INFO - Started process (PID=1857) to work on /opt/airflow/dags/maintenance_dag.py
[2026-08-31T11:23:51.615+0000] {processor.py:830} INFO - Processing file /opt/airflow/dags/maintenance_dag.py for tasks to queue
[2026-08-31T11:23:51.617+0000] {logging_mixin.py:188} INFO - [2026-08-31T11:23:51.616+0000] {dagbag.py:545} INFO - Filling up the DagBag from /opt/airflow/dags/maintenance_dag.py
[2026-08-31T11:23:51.635+0000] {processor.py:840} INFO - DAG(s) 'hybrid_lakehouse_weekly_maintenance' retrieved from /opt/airflow/dags/maintenance_dag.py
[2026-08-31T11:23:51.719+0000] {logging_mixin.py:188} INFO - [2026-08-31T11:23:51.718+0000] {dag.py:3089} INFO - Sync 1 DAGs
[2026-08-31T11:23:51.734+0000] {logging_mixin.py:188} INFO - [2026-08-31T11:23:51.734+0000] {dag.py:3947} INFO - Setting next_dagrun for hybrid_lakehouse_weekly_maintenance to 2026-08-30 03:00:00+00:00, run_after=2026-09-06 03:00:00+00:00
[2026-08-31T11:23:51.752+0000] {processor.py:183} INFO - Processing /opt/airflow/dags/maintenance_dag.py took 0.145 seconds
[2026-08-31T11:24:22.000+0000] {processor.py:161} INFO - Started process (PID=1876) to work on /opt/airflow/dags/maintenance_dag.py
[2026-08-31T11:24:22.001+0000] {processor.py:830} INFO - Processing file /opt/airflow/dags/maintenance_dag.py for tasks to queue
[2026-08-31T11:24:22.004+0000] {logging_mixin.py:188} INFO - [2026-08-31T11:24:22.003+0000] {dagbag.py:545} INFO - Filling up the DagBag from /opt/airflow/dags/maintenance_dag.py
[2026-08-31T11:24:22.023+0000] {processor.py:840} INFO - DAG(s) 'hybrid_lakehouse_weekly_maintenance' retrieved from /opt/airflow/dags/maintenance_dag.py
[2026-08-31T11:24:22.111+0000] {logging_mixin.py:188} INFO - [2026-08-31T11:24:22.110+0000] {dag.py:3089} INFO - Sync 1 DAGs
[2026-08-31T11:24:22.130+0000] {logging_mixin.py:188} INFO - [2026-08-31T11:24:22.129+0000] {dag.py:3947} INFO - Setting next_dagrun for hybrid_lakehouse_weekly_maintenance to 2026-08-30 03:00:00+00:00, run_after=2026-09-06 03:00:00+00:00
[2026-08-31T11:24:22.146+0000] {processor.py:183} INFO - Processing /opt/airflow/dags/maintenance_dag.py took 0.152 seconds
[2026-08-31T11:24:52.367+0000] {processor.py:161} INFO - Started process (PID=1968) to work on /opt/airflow/dags/maintenance_dag.py
[2026-08-31T11:24:52.368+0000] {processor.py:830} INFO - Processing file /opt/airflow/dags/maintenance_dag.py for tasks to queue
[2026-08-31T11:24:52.370+0000] {logging_mixin.py:188} INFO - [2026-08-31T11:24:52.370+0000] {dagbag.py:545} INFO - Filling up the DagBag from /opt/airflow/dags/maintenance_dag.py
[2026-08-31T11:24:52.389+0000] {processor.py:840} INFO - DAG(s) 'hybrid_lakehouse_weekly_maintenance' retrieved from /opt/airflow/dags/maintenance_dag.py
[2026-08-31T11:24:52.483+0000] {logging_mixin.py:188} INFO - [2026-08-31T11:24:52.483+0000] {dag.py:3089} INFO - Sync 1 DAGs
[2026-08-31T11:24:52.501+0000] {logging_mixin.py:188} INFO - [2026-08-31T11:24:52.501+0000] {dag.py:3947} INFO - Setting next_dagrun for hybrid_lakehouse_weekly_maintenance to 2026-08-30 03:00:00+00:00, run_after=2026-09-06 03:00:00+00:00
[2026-08-31T11:24:52.521+0000] {processor.py:183} INFO - Processing /opt/airflow/dags/maintenance_dag.py took 0.162 seconds
[2026-08-31T11:25:22.761+0000] {processor.py:161} INFO - Started process (PID=1983) to work on /opt/airflow/dags/maintenance_dag.py
[2026-08-31T11:25:22.762+0000] {processor.py:830} INFO - Processing file /opt/airflow/dags/maintenance_dag.py for tasks to queue
[2026-08-31T11:25:22.764+0000] {logging_mixin.py:188} INFO - [2026-08-31T11:25:22.764+0000] {dagbag.py:545} INFO - Filling up the DagBag from /opt/airflow/dags/maintenance_dag.py
[2026-08-31T11:25:22.783+0000] {processor.py:840} INFO - DAG(s) 'hybrid_lakehouse_weekly_maintenance' retrieved from /opt/airflow/dags/maintenance_dag.py
[2026-08-31T11:25:22.873+0000] {logging_mixin.py:188} INFO - [2026-08-31T11:25:22.873+0000] {dag.py:3089} INFO - Sync 1 DAGs
[2026-08-31T11:25:22.891+0000] {logging_mixin.py:188} INFO - [2026-08-31T11:25:22.891+0000] {dag.py:3947} INFO - Setting next_dagrun for hybrid_lakehouse_weekly_maintenance to 2026-08-30 03:00:00+00:00, run_after=2026-09-06 03:00:00+00:00
[2026-08-31T11:25:22.907+0000] {processor.py:183} INFO - Processing /opt/airflow/dags/maintenance_dag.py took 0.151 seconds
[2026-08-31T11:25:53.142+0000] {processor.py:161} INFO - Started process (PID=1998) to work on /opt/airflow/dags/maintenance_dag.py
[2026-08-31T11:25:53.144+0000] {processor.py:830} INFO - Processing file /opt/airflow/dags/maintenance_dag.py for tasks to queue
[2026-08-31T11:25:53.146+0000] {logging_mixin.py:188} INFO - [2026-08-31T11:25:53.145+0000] {dagbag.py:545} INFO - Filling up the DagBag from /opt/airflow/dags/maintenance_dag.py
[2026-08-31T11:25:53.167+0000] {processor.py:840} INFO - DAG(s) 'hybrid_lakehouse_weekly_maintenance' retrieved from /opt/airflow/dags/maintenance_dag.py
[2026-08-31T11:25:53.272+0000] {logging_mixin.py:188} INFO - [2026-08-31T11:25:53.272+0000] {dag.py:3089} INFO - Sync 1 DAGs
[2026-08-31T11:25:53.292+0000] {logging_mixin.py:188} INFO - [2026-08-31T11:25:53.292+0000] {dag.py:3947} INFO - Setting next_dagrun for hybrid_lakehouse_weekly_maintenance to 2026-08-30 03:00:00+00:00, run_after=2026-09-06 03:00:00+00:00
[2026-08-31T11:25:53.312+0000] {processor.py:183} INFO - Processing /opt/airflow/dags/maintenance_dag.py took 0.176 seconds
[2026-08-31T11:26:23.537+0000] {processor.py:161} INFO - Started process (PID=2013) to work on /opt/airflow/dags/maintenance_dag.py
[2026-08-31T11:26:23.538+0000] {processor.py:830} INFO - Processing file /opt/airflow/dags/maintenance_dag.py for tasks to queue
[2026-08-31T11:26:23.540+0000] {logging_mixin.py:188} INFO - [2026-08-31T11:26:23.540+0000] {dagbag.py:545} INFO - Filling up the DagBag from /opt/airflow/dags/maintenance_dag.py
[2026-08-31T11:26:23.560+0000] {processor.py:840} INFO - DAG(s) 'hybrid_lakehouse_weekly_maintenance' retrieved from /opt/airflow/dags/maintenance_dag.py
[2026-08-31T11:26:23.652+0000] {logging_mixin.py:188} INFO - [2026-08-31T11:26:23.651+0000] {dag.py:3089} INFO - Sync 1 DAGs
[2026-08-31T11:26:23.669+0000] {logging_mixin.py:188} INFO - [2026-08-31T11:26:23.669+0000] {dag.py:3947} INFO - Setting next_dagrun for hybrid_lakehouse_weekly_maintenance to 2026-08-30 03:00:00+00:00, run_after=2026-09-06 03:00:00+00:00
[2026-08-31T11:26:23.697+0000] {processor.py:183} INFO - Processing /opt/airflow/dags/maintenance_dag.py took 0.167 seconds
[2026-08-31T11:26:53.929+0000] {processor.py:161} INFO - Started process (PID=2028) to work on /opt/airflow/dags/maintenance_dag.py
[2026-08-31T11:26:53.930+0000] {processor.py:830} INFO - Processing file /opt/airflow/dags/maintenance_dag.py for tasks to queue
[2026-08-31T11:26:53.932+0000] {logging_mixin.py:188} INFO - [2026-08-31T11:26:53.931+0000] {dagbag.py:545} INFO - Filling up the DagBag from /opt/airflow/dags/maintenance_dag.py
[2026-08-31T11:26:53.951+0000] {processor.py:840} INFO - DAG(s) 'hybrid_lakehouse_weekly_maintenance' retrieved from /opt/airflow/dags/maintenance_dag.py
[2026-08-31T11:26:54.058+0000] {logging_mixin.py:188} INFO - [2026-08-31T11:26:54.058+0000] {dag.py:3089} INFO - Sync 1 DAGs
[2026-08-31T11:26:54.077+0000] {logging_mixin.py:188} INFO - [2026-08-31T11:26:54.077+0000] {dag.py:3947} INFO - Setting next_dagrun for hybrid_lakehouse_weekly_maintenance to 2026-08-30 03:00:00+00:00, run_after=2026-09-06 03:00:00+00:00
[2026-08-31T11:26:54.104+0000] {processor.py:183} INFO - Processing /opt/airflow/dags/maintenance_dag.py took 0.181 seconds
[2026-08-31T11:27:24.350+0000] {processor.py:161} INFO - Started process (PID=2043) to work on /opt/airflow/dags/maintenance_dag.py
[2026-08-31T11:27:24.352+0000] {processor.py:830} INFO - Processing file /opt/airflow/dags/maintenance_dag.py for tasks to queue
[2026-08-31T11:27:24.354+0000] {logging_mixin.py:188} INFO - [2026-08-31T11:27:24.354+0000] {dagbag.py:545} INFO - Filling up the DagBag from /opt/airflow/dags/maintenance_dag.py
[2026-08-31T11:27:24.377+0000] {processor.py:840} INFO - DAG(s) 'hybrid_lakehouse_weekly_maintenance' retrieved from /opt/airflow/dags/maintenance_dag.py
[2026-08-31T11:27:24.470+0000] {logging_mixin.py:188} INFO - [2026-08-31T11:27:24.470+0000] {dag.py:3089} INFO - Sync 1 DAGs
[2026-08-31T11:27:24.491+0000] {logging_mixin.py:188} INFO - [2026-08-31T11:27:24.491+0000] {dag.py:3947} INFO - Setting next_dagrun for hybrid_lakehouse_weekly_maintenance to 2026-08-30 03:00:00+00:00, run_after=2026-09-06 03:00:00+00:00
[2026-08-31T11:27:24.511+0000] {processor.py:183} INFO - Processing /opt/airflow/dags/maintenance_dag.py took 0.167 seconds
[2026-08-31T11:27:54.765+0000] {processor.py:161} INFO - Started process (PID=2058) to work on /opt/airflow/dags/maintenance_dag.py
[2026-08-31T11:27:54.766+0000] {processor.py:830} INFO - Processing file /opt/airflow/dags/maintenance_dag.py for tasks to queue
[2026-08-31T11:27:54.768+0000] {logging_mixin.py:188} INFO - [2026-08-31T11:27:54.768+0000] {dagbag.py:545} INFO - Filling up the DagBag from /opt/airflow/dags/maintenance_dag.py
[2026-08-31T11:27:54.788+0000] {processor.py:840} INFO - DAG(s) 'hybrid_lakehouse_weekly_maintenance' retrieved from /opt/airflow/dags/maintenance_dag.py
[2026-08-31T11:27:54.896+0000] {logging_mixin.py:188} INFO - [2026-08-31T11:27:54.896+0000] {dag.py:3089} INFO - Sync 1 DAGs
[2026-08-31T11:27:54.917+0000] {logging_mixin.py:188} INFO - [2026-08-31T11:27:54.917+0000] {dag.py:3947} INFO - Setting next_dagrun for hybrid_lakehouse_weekly_maintenance to 2026-08-30 03:00:00+00:00, run_after=2026-09-06 03:00:00+00:00
[2026-08-31T11:27:54.941+0000] {processor.py:183} INFO - Processing /opt/airflow/dags/maintenance_dag.py took 0.182 seconds
[2026-08-31T11:28:25.178+0000] {processor.py:161} INFO - Started process (PID=2073) to work on /opt/airflow/dags/maintenance_dag.py
[2026-08-31T11:28:25.179+0000] {processor.py:830} INFO - Processing file /opt/airflow/dags/maintenance_dag.py for tasks to queue
[2026-08-31T11:28:25.181+0000] {logging_mixin.py:188} INFO - [2026-08-31T11:28:25.180+0000] {dagbag.py:545} INFO - Filling up the DagBag from /opt/airflow/dags/maintenance_dag.py
[2026-08-31T11:28:25.199+0000] {processor.py:840} INFO - DAG(s) 'hybrid_lakehouse_weekly_maintenance' retrieved from /opt/airflow/dags/maintenance_dag.py
[2026-08-31T11:28:25.288+0000] {logging_mixin.py:188} INFO - [2026-08-31T11:28:25.287+0000] {dag.py:3089} INFO - Sync 1 DAGs
[2026-08-31T11:28:25.304+0000] {logging_mixin.py:188} INFO - [2026-08-31T11:28:25.303+0000] {dag.py:3947} INFO - Setting next_dagrun for hybrid_lakehouse_weekly_maintenance to 2026-08-30 03:00:00+00:00, run_after=2026-09-06 03:00:00+00:00
[2026-08-31T11:28:25.320+0000] {processor.py:183} INFO - Processing /opt/airflow/dags/maintenance_dag.py took 0.149 seconds
[2026-08-31T11:28:55.582+0000] {processor.py:161} INFO - Started process (PID=2088) to work on /opt/airflow/dags/maintenance_dag.py
[2026-08-31T11:28:55.583+0000] {processor.py:830} INFO - Processing file /opt/airflow/dags/maintenance_dag.py for tasks to queue
[2026-08-31T11:28:55.585+0000] {logging_mixin.py:188} INFO - [2026-08-31T11:28:55.584+0000] {dagbag.py:545} INFO - Filling up the DagBag from /opt/airflow/dags/maintenance_dag.py
[2026-08-31T11:28:55.603+0000] {processor.py:840} INFO - DAG(s) 'hybrid_lakehouse_weekly_maintenance' retrieved from /opt/airflow/dags/maintenance_dag.py
[2026-08-31T11:28:55.699+0000] {logging_mixin.py:188} INFO - [2026-08-31T11:28:55.699+0000] {dag.py:3089} INFO - Sync 1 DAGs
[2026-08-31T11:28:55.717+0000] {logging_mixin.py:188} INFO - [2026-08-31T11:28:55.716+0000] {dag.py:3947} INFO - Setting next_dagrun for hybrid_lakehouse_weekly_maintenance to 2026-08-30 03:00:00+00:00, run_after=2026-09-06 03:00:00+00:00
[2026-08-31T11:28:55.734+0000] {processor.py:183} INFO - Processing /opt/airflow/dags/maintenance_dag.py took 0.158 seconds
[2026-08-31T11:29:25.970+0000] {processor.py:161} INFO - Started process (PID=2103) to work on /opt/airflow/dags/maintenance_dag.py
[2026-08-31T11:29:25.972+0000] {processor.py:830} INFO - Processing file /opt/airflow/dags/maintenance_dag.py for tasks to queue
[2026-08-31T11:29:25.974+0000] {logging_mixin.py:188} INFO - [2026-08-31T11:29:25.973+0000] {dagbag.py:545} INFO - Filling up the DagBag from /opt/airflow/dags/maintenance_dag.py
[2026-08-31T11:29:25.993+0000] {processor.py:840} INFO - DAG(s) 'hybrid_lakehouse_weekly_maintenance' retrieved from /opt/airflow/dags/maintenance_dag.py
[2026-08-31T11:29:26.084+0000] {logging_mixin.py:188} INFO - [2026-08-31T11:29:26.084+0000] {dag.py:3089} INFO - Sync 1 DAGs
[2026-08-31T11:29:26.101+0000] {logging_mixin.py:188} INFO - [2026-08-31T11:29:26.101+0000] {dag.py:3947} INFO - Setting next_dagrun for hybrid_lakehouse_weekly_maintenance to 2026-08-30 03:00:00+00:00, run_after=2026-09-06 03:00:00+00:00
[2026-08-31T11:29:26.121+0000] {processor.py:183} INFO - Processing /opt/airflow/dags/maintenance_dag.py took 0.157 seconds
[2026-08-31T11:29:56.364+0000] {processor.py:161} INFO - Started process (PID=2121) to work on /opt/airflow/dags/maintenance_dag.py
[2026-08-31T11:29:56.366+0000] {processor.py:830} INFO - Processing file /opt/airflow/dags/maintenance_dag.py for tasks to queue
[2026-08-31T11:29:56.368+0000] {logging_mixin.py:188} INFO - [2026-08-31T11:29:56.367+0000] {dagbag.py:545} INFO - Filling up the DagBag from /opt/airflow/dags/maintenance_dag.py
[2026-08-31T11:29:56.389+0000] {processor.py:840} INFO - DAG(s) 'hybrid_lakehouse_weekly_maintenance' retrieved from /opt/airflow/dags/maintenance_dag.py
[2026-08-31T11:29:56.483+0000] {logging_mixin.py:188} INFO - [2026-08-31T11:29:56.483+0000] {dag.py:3089} INFO - Sync 1 DAGs
[2026-08-31T11:29:56.505+0000] {logging_mixin.py:188} INFO - [2026-08-31T11:29:56.505+0000] {dag.py:3947} INFO - Setting next_dagrun for hybrid_lakehouse_weekly_maintenance to 2026-08-30 03:00:00+00:00, run_after=2026-09-06 03:00:00+00:00
[2026-08-31T11:29:56.528+0000] {processor.py:183} INFO - Processing /opt/airflow/dags/maintenance_dag.py took 0.170 seconds
[2026-08-31T11:30:26.759+0000] {processor.py:161} INFO - Started process (PID=2211) to work on /opt/airflow/dags/maintenance_dag.py
[2026-08-31T11:30:26.761+0000] {processor.py:830} INFO - Processing file /opt/airflow/dags/maintenance_dag.py for tasks to queue
[2026-08-31T11:30:26.763+0000] {logging_mixin.py:188} INFO - [2026-08-31T11:30:26.762+0000] {dagbag.py:545} INFO - Filling up the DagBag from /opt/airflow/dags/maintenance_dag.py
[2026-08-31T11:30:26.785+0000] {processor.py:840} INFO - DAG(s) 'hybrid_lakehouse_weekly_maintenance' retrieved from /opt/airflow/dags/maintenance_dag.py
[2026-08-31T11:30:26.887+0000] {logging_mixin.py:188} INFO - [2026-08-31T11:30:26.886+0000] {dag.py:3089} INFO - Sync 1 DAGs
[2026-08-31T11:30:26.908+0000] {logging_mixin.py:188} INFO - [2026-08-31T11:30:26.908+0000] {dag.py:3947} INFO - Setting next_dagrun for hybrid_lakehouse_weekly_maintenance to 2026-08-30 03:00:00+00:00, run_after=2026-09-06 03:00:00+00:00
[2026-08-31T11:30:26.929+0000] {processor.py:183} INFO - Processing /opt/airflow/dags/maintenance_dag.py took 0.177 seconds
[2026-08-31T11:30:57.167+0000] {processor.py:161} INFO - Started process (PID=2226) to work on /opt/airflow/dags/maintenance_dag.py
[2026-08-31T11:30:57.169+0000] {processor.py:830} INFO - Processing file /opt/airflow/dags/maintenance_dag.py for tasks to queue
[2026-08-31T11:30:57.171+0000] {logging_mixin.py:188} INFO - [2026-08-31T11:30:57.171+0000] {dagbag.py:545} INFO - Filling up the DagBag from /opt/airflow/dags/maintenance_dag.py
[2026-08-31T11:30:57.195+0000] {processor.py:840} INFO - DAG(s) 'hybrid_lakehouse_weekly_maintenance' retrieved from /opt/airflow/dags/maintenance_dag.py
[2026-08-31T11:30:57.294+0000] {logging_mixin.py:188} INFO - [2026-08-31T11:30:57.293+0000] {dag.py:3089} INFO - Sync 1 DAGs
[2026-08-31T11:30:57.313+0000] {logging_mixin.py:188} INFO - [2026-08-31T11:30:57.313+0000] {dag.py:3947} INFO - Setting next_dagrun for hybrid_lakehouse_weekly_maintenance to 2026-08-30 03:00:00+00:00, run_after=2026-09-06 03:00:00+00:00
[2026-08-31T11:30:57.332+0000] {processor.py:183} INFO - Processing /opt/airflow/dags/maintenance_dag.py took 0.171 seconds
[2026-08-31T11:31:27.595+0000] {processor.py:161} INFO - Started process (PID=2241) to work on /opt/airflow/dags/maintenance_dag.py
[2026-08-31T11:31:27.596+0000] {processor.py:830} INFO - Processing file /opt/airflow/dags/maintenance_dag.py for tasks to queue
[2026-08-31T11:31:27.598+0000] {logging_mixin.py:188} INFO - [2026-08-31T11:31:27.597+0000] {dagbag.py:545} INFO - Filling up the DagBag from /opt/airflow/dags/maintenance_dag.py
[2026-08-31T11:31:27.618+0000] {processor.py:840} INFO - DAG(s) 'hybrid_lakehouse_weekly_maintenance' retrieved from /opt/airflow/dags/maintenance_dag.py
[2026-08-31T11:31:27.719+0000] {logging_mixin.py:188} INFO - [2026-08-31T11:31:27.718+0000] {dag.py:3089} INFO - Sync 1 DAGs
[2026-08-31T11:31:27.737+0000] {logging_mixin.py:188} INFO - [2026-08-31T11:31:27.737+0000] {dag.py:3947} INFO - Setting next_dagrun for hybrid_lakehouse_weekly_maintenance to 2026-08-30 03:00:00+00:00, run_after=2026-09-06 03:00:00+00:00
[2026-08-31T11:31:27.759+0000] {processor.py:183} INFO - Processing /opt/airflow/dags/maintenance_dag.py took 0.172 seconds
[2026-08-31T11:31:58.001+0000] {processor.py:161} INFO - Started process (PID=2256) to work on /opt/airflow/dags/maintenance_dag.py
[2026-08-31T11:31:58.002+0000] {processor.py:830} INFO - Processing file /opt/airflow/dags/maintenance_dag.py for tasks to queue
[2026-08-31T11:31:58.004+0000] {logging_mixin.py:188} INFO - [2026-08-31T11:31:58.004+0000] {dagbag.py:545} INFO - Filling up the DagBag from /opt/airflow/dags/maintenance_dag.py
[2026-08-31T11:31:58.025+0000] {processor.py:840} INFO - DAG(s) 'hybrid_lakehouse_weekly_maintenance' retrieved from /opt/airflow/dags/maintenance_dag.py
[2026-08-31T11:31:58.136+0000] {logging_mixin.py:188} INFO - [2026-08-31T11:31:58.136+0000] {dag.py:3089} INFO - Sync 1 DAGs
[2026-08-31T11:31:58.158+0000] {logging_mixin.py:188} INFO - [2026-08-31T11:31:58.158+0000] {dag.py:3947} INFO - Setting next_dagrun for hybrid_lakehouse_weekly_maintenance to 2026-08-30 03:00:00+00:00, run_after=2026-09-06 03:00:00+00:00
[2026-08-31T11:31:58.178+0000] {processor.py:183} INFO - Processing /opt/airflow/dags/maintenance_dag.py took 0.184 seconds
[2026-08-31T11:32:28.417+0000] {processor.py:161} INFO - Started process (PID=2271) to work on /opt/airflow/dags/maintenance_dag.py
[2026-08-31T11:32:28.418+0000] {processor.py:830} INFO - Processing file /opt/airflow/dags/maintenance_dag.py for tasks to queue
[2026-08-31T11:32:28.420+0000] {logging_mixin.py:188} INFO - [2026-08-31T11:32:28.419+0000] {dagbag.py:545} INFO - Filling up the DagBag from /opt/airflow/dags/maintenance_dag.py
[2026-08-31T11:32:28.440+0000] {processor.py:840} INFO - DAG(s) 'hybrid_lakehouse_weekly_maintenance' retrieved from /opt/airflow/dags/maintenance_dag.py
[2026-08-31T11:32:28.533+0000] {logging_mixin.py:188} INFO - [2026-08-31T11:32:28.533+0000] {dag.py:3089} INFO - Sync 1 DAGs
[2026-08-31T11:32:28.553+0000] {logging_mixin.py:188} INFO - [2026-08-31T11:32:28.553+0000] {dag.py:3947} INFO - Setting next_dagrun for hybrid_lakehouse_weekly_maintenance to 2026-08-30 03:00:00+00:00, run_after=2026-09-06 03:00:00+00:00
[2026-08-31T11:32:28.573+0000] {processor.py:183} INFO - Processing /opt/airflow/dags/maintenance_dag.py took 0.162 seconds
[2026-08-31T11:32:58.824+0000] {processor.py:161} INFO - Started process (PID=2286) to work on /opt/airflow/dags/maintenance_dag.py
[2026-08-31T11:32:58.825+0000] {processor.py:830} INFO - Processing file /opt/airflow/dags/maintenance_dag.py for tasks to queue
[2026-08-31T11:32:58.827+0000] {logging_mixin.py:188} INFO - [2026-08-31T11:32:58.827+0000] {dagbag.py:545} INFO - Filling up the DagBag from /opt/airflow/dags/maintenance_dag.py
[2026-08-31T11:32:58.846+0000] {processor.py:840} INFO - DAG(s) 'hybrid_lakehouse_weekly_maintenance' retrieved from /opt/airflow/dags/maintenance_dag.py
[2026-08-31T11:32:58.934+0000] {logging_mixin.py:188} INFO - [2026-08-31T11:32:58.933+0000] {dag.py:3089} INFO - Sync 1 DAGs
[2026-08-31T11:32:58.953+0000] {logging_mixin.py:188} INFO - [2026-08-31T11:32:58.953+0000] {dag.py:3947} INFO - Setting next_dagrun for hybrid_lakehouse_weekly_maintenance to 2026-08-30 03:00:00+00:00, run_after=2026-09-06 03:00:00+00:00
[2026-08-31T11:32:58.977+0000] {processor.py:183} INFO - Processing /opt/airflow/dags/maintenance_dag.py took 0.159 seconds
[2026-08-31T11:33:29.215+0000] {processor.py:161} INFO - Started process (PID=2301) to work on /opt/airflow/dags/maintenance_dag.py
[2026-08-31T11:33:29.216+0000] {processor.py:830} INFO - Processing file /opt/airflow/dags/maintenance_dag.py for tasks to queue
[2026-08-31T11:33:29.218+0000] {logging_mixin.py:188} INFO - [2026-08-31T11:33:29.218+0000] {dagbag.py:545} INFO - Filling up the DagBag from /opt/airflow/dags/maintenance_dag.py
[2026-08-31T11:33:29.240+0000] {processor.py:840} INFO - DAG(s) 'hybrid_lakehouse_weekly_maintenance' retrieved from /opt/airflow/dags/maintenance_dag.py
[2026-08-31T11:33:29.332+0000] {logging_mixin.py:188} INFO - [2026-08-31T11:33:29.331+0000] {dag.py:3089} INFO - Sync 1 DAGs
[2026-08-31T11:33:29.355+0000] {logging_mixin.py:188} INFO - [2026-08-31T11:33:29.355+0000] {dag.py:3947} INFO - Setting next_dagrun for hybrid_lakehouse_weekly_maintenance to 2026-08-30 03:00:00+00:00, run_after=2026-09-06 03:00:00+00:00
[2026-08-31T11:33:29.374+0000] {processor.py:183} INFO - Processing /opt/airflow/dags/maintenance_dag.py took 0.165 seconds
[2026-08-31T11:33:59.647+0000] {processor.py:161} INFO - Started process (PID=2316) to work on /opt/airflow/dags/maintenance_dag.py
[2026-08-31T11:33:59.649+0000] {processor.py:830} INFO - Processing file /opt/airflow/dags/maintenance_dag.py for tasks to queue
[2026-08-31T11:33:59.651+0000] {logging_mixin.py:188} INFO - [2026-08-31T11:33:59.651+0000] {dagbag.py:545} INFO - Filling up the DagBag from /opt/airflow/dags/maintenance_dag.py
[2026-08-31T11:33:59.675+0000] {processor.py:840} INFO - DAG(s) 'hybrid_lakehouse_weekly_maintenance' retrieved from /opt/airflow/dags/maintenance_dag.py
[2026-08-31T11:33:59.778+0000] {logging_mixin.py:188} INFO - [2026-08-31T11:33:59.778+0000] {dag.py:3089} INFO - Sync 1 DAGs
[2026-08-31T11:33:59.799+0000] {logging_mixin.py:188} INFO - [2026-08-31T11:33:59.799+0000] {dag.py:3947} INFO - Setting next_dagrun for hybrid_lakehouse_weekly_maintenance to 2026-08-30 03:00:00+00:00, run_after=2026-09-06 03:00:00+00:00
[2026-08-31T11:33:59.820+0000] {processor.py:183} INFO - Processing /opt/airflow/dags/maintenance_dag.py took 0.183 seconds
[2026-08-31T11:34:30.069+0000] {processor.py:161} INFO - Started process (PID=2331) to work on /opt/airflow/dags/maintenance_dag.py
[2026-08-31T11:34:30.070+0000] {processor.py:830} INFO - Processing file /opt/airflow/dags/maintenance_dag.py for tasks to queue
[2026-08-31T11:34:30.072+0000] {logging_mixin.py:188} INFO - [2026-08-31T11:34:30.071+0000] {dagbag.py:545} INFO - Filling up the DagBag from /opt/airflow/dags/maintenance_dag.py
[2026-08-31T11:34:30.093+0000] {processor.py:840} INFO - DAG(s) 'hybrid_lakehouse_weekly_maintenance' retrieved from /opt/airflow/dags/maintenance_dag.py
[2026-08-31T11:34:30.186+0000] {logging_mixin.py:188} INFO - [2026-08-31T11:34:30.186+0000] {dag.py:3089} INFO - Sync 1 DAGs
[2026-08-31T11:34:30.204+0000] {logging_mixin.py:188} INFO - [2026-08-31T11:34:30.204+0000] {dag.py:3947} INFO - Setting next_dagrun for hybrid_lakehouse_weekly_maintenance to 2026-08-30 03:00:00+00:00, run_after=2026-09-06 03:00:00+00:00
[2026-08-31T11:34:30.223+0000] {processor.py:183} INFO - Processing /opt/airflow/dags/maintenance_dag.py took 0.160 seconds
[2026-08-31T11:35:00.463+0000] {processor.py:161} INFO - Started process (PID=2346) to work on /opt/airflow/dags/maintenance_dag.py
[2026-08-31T11:35:00.464+0000] {processor.py:830} INFO - Processing file /opt/airflow/dags/maintenance_dag.py for tasks to queue
[2026-08-31T11:35:00.467+0000] {logging_mixin.py:188} INFO - [2026-08-31T11:35:00.467+0000] {dagbag.py:545} INFO - Filling up the DagBag from /opt/airflow/dags/maintenance_dag.py
[2026-08-31T11:35:00.491+0000] {processor.py:840} INFO - DAG(s) 'hybrid_lakehouse_weekly_maintenance' retrieved from /opt/airflow/dags/maintenance_dag.py
[2026-08-31T11:35:00.589+0000] {logging_mixin.py:188} INFO - [2026-08-31T11:35:00.589+0000] {dag.py:3089} INFO - Sync 1 DAGs
[2026-08-31T11:35:00.607+0000] {logging_mixin.py:188} INFO - [2026-08-31T11:35:00.607+0000] {dag.py:3947} INFO - Setting next_dagrun for hybrid_lakehouse_weekly_maintenance to 2026-08-30 03:00:00+00:00, run_after=2026-09-06 03:00:00+00:00
[2026-08-31T11:35:00.627+0000] {processor.py:183} INFO - Processing /opt/airflow/dags/maintenance_dag.py took 0.173 seconds
[2026-08-31T11:35:30.866+0000] {processor.py:161} INFO - Started process (PID=2361) to work on /opt/airflow/dags/maintenance_dag.py
[2026-08-31T11:35:30.867+0000] {processor.py:830} INFO - Processing file /opt/airflow/dags/maintenance_dag.py for tasks to queue
[2026-08-31T11:35:30.869+0000] {logging_mixin.py:188} INFO - [2026-08-31T11:35:30.869+0000] {dagbag.py:545} INFO - Filling up the DagBag from /opt/airflow/dags/maintenance_dag.py
[2026-08-31T11:35:30.888+0000] {processor.py:840} INFO - DAG(s) 'hybrid_lakehouse_weekly_maintenance' retrieved from /opt/airflow/dags/maintenance_dag.py
[2026-08-31T11:35:30.980+0000] {logging_mixin.py:188} INFO - [2026-08-31T11:35:30.980+0000] {dag.py:3089} INFO - Sync 1 DAGs
[2026-08-31T11:35:30.999+0000] {logging_mixin.py:188} INFO - [2026-08-31T11:35:30.999+0000] {dag.py:3947} INFO - Setting next_dagrun for hybrid_lakehouse_weekly_maintenance to 2026-08-30 03:00:00+00:00, run_after=2026-09-06 03:00:00+00:00
[2026-08-31T11:35:31.021+0000] {processor.py:183} INFO - Processing /opt/airflow/dags/maintenance_dag.py took 0.160 seconds
[2026-08-31T11:36:01.248+0000] {processor.py:161} INFO - Started process (PID=2376) to work on /opt/airflow/dags/maintenance_dag.py
[2026-08-31T11:36:01.249+0000] {processor.py:830} INFO - Processing file /opt/airflow/dags/maintenance_dag.py for tasks to queue
[2026-08-31T11:36:01.252+0000] {logging_mixin.py:188} INFO - [2026-08-31T11:36:01.251+0000] {dagbag.py:545} INFO - Filling up the DagBag from /opt/airflow/dags/maintenance_dag.py
[2026-08-31T11:36:01.274+0000] {processor.py:840} INFO - DAG(s) 'hybrid_lakehouse_weekly_maintenance' retrieved from /opt/airflow/dags/maintenance_dag.py
[2026-08-31T11:36:01.376+0000] {logging_mixin.py:188} INFO - [2026-08-31T11:36:01.375+0000] {dag.py:3089} INFO - Sync 1 DAGs
[2026-08-31T11:36:01.397+0000] {logging_mixin.py:188} INFO - [2026-08-31T11:36:01.397+0000] {dag.py:3947} INFO - Setting next_dagrun for hybrid_lakehouse_weekly_maintenance to 2026-08-30 03:00:00+00:00, run_after=2026-09-06 03:00:00+00:00
[2026-08-31T11:36:01.416+0000] {processor.py:183} INFO - Processing /opt/airflow/dags/maintenance_dag.py took 0.174 seconds
[2026-08-31T11:36:31.646+0000] {processor.py:161} INFO - Started process (PID=2391) to work on /opt/airflow/dags/maintenance_dag.py
[2026-08-31T11:36:31.648+0000] {processor.py:830} INFO - Processing file /opt/airflow/dags/maintenance_dag.py for tasks to queue
[2026-08-31T11:36:31.650+0000] {logging_mixin.py:188} INFO - [2026-08-31T11:36:31.649+0000] {dagbag.py:545} INFO - Filling up the DagBag from /opt/airflow/dags/maintenance_dag.py
[2026-08-31T11:36:31.670+0000] {processor.py:840} INFO - DAG(s) 'hybrid_lakehouse_weekly_maintenance' retrieved from /opt/airflow/dags/maintenance_dag.py
[2026-08-31T11:36:31.758+0000] {logging_mixin.py:188} INFO - [2026-08-31T11:36:31.758+0000] {dag.py:3089} INFO - Sync 1 DAGs
[2026-08-31T11:36:31.777+0000] {logging_mixin.py:188} INFO - [2026-08-31T11:36:31.776+0000] {dag.py:3947} INFO - Setting next_dagrun for hybrid_lakehouse_weekly_maintenance to 2026-08-30 03:00:00+00:00, run_after=2026-09-06 03:00:00+00:00
[2026-08-31T11:36:31.794+0000] {processor.py:183} INFO - Processing /opt/airflow/dags/maintenance_dag.py took 0.154 seconds
[2026-08-31T11:37:02.034+0000] {processor.py:161} INFO - Started process (PID=2406) to work on /opt/airflow/dags/maintenance_dag.py
[2026-08-31T11:37:02.036+0000] {processor.py:830} INFO - Processing file /opt/airflow/dags/maintenance_dag.py for tasks to queue
[2026-08-31T11:37:02.038+0000] {logging_mixin.py:188} INFO - [2026-08-31T11:37:02.038+0000] {dagbag.py:545} INFO - Filling up the DagBag from /opt/airflow/dags/maintenance_dag.py
[2026-08-31T11:37:02.061+0000] {processor.py:840} INFO - DAG(s) 'hybrid_lakehouse_weekly_maintenance' retrieved from /opt/airflow/dags/maintenance_dag.py
[2026-08-31T11:37:02.158+0000] {logging_mixin.py:188} INFO - [2026-08-31T11:37:02.157+0000] {dag.py:3089} INFO - Sync 1 DAGs
[2026-08-31T11:37:02.179+0000] {logging_mixin.py:188} INFO - [2026-08-31T11:37:02.179+0000] {dag.py:3947} INFO - Setting next_dagrun for hybrid_lakehouse_weekly_maintenance to 2026-08-30 03:00:00+00:00, run_after=2026-09-06 03:00:00+00:00
[2026-08-31T11:37:02.203+0000] {processor.py:183} INFO - Processing /opt/airflow/dags/maintenance_dag.py took 0.178 seconds
[2026-08-31T11:37:32.447+0000] {processor.py:161} INFO - Started process (PID=2421) to work on /opt/airflow/dags/maintenance_dag.py
[2026-08-31T11:37:32.449+0000] {processor.py:830} INFO - Processing file /opt/airflow/dags/maintenance_dag.py for tasks to queue
[2026-08-31T11:37:32.450+0000] {logging_mixin.py:188} INFO - [2026-08-31T11:37:32.450+0000] {dagbag.py:545} INFO - Filling up the DagBag from /opt/airflow/dags/maintenance_dag.py
[2026-08-31T11:37:32.471+0000] {processor.py:840} INFO - DAG(s) 'hybrid_lakehouse_weekly_maintenance' retrieved from /opt/airflow/dags/maintenance_dag.py
[2026-08-31T11:37:32.571+0000] {logging_mixin.py:188} INFO - [2026-08-31T11:37:32.571+0000] {dag.py:3089} INFO - Sync 1 DAGs
[2026-08-31T11:37:32.588+0000] {logging_mixin.py:188} INFO - [2026-08-31T11:37:32.587+0000] {dag.py:3947} INFO - Setting next_dagrun for hybrid_lakehouse_weekly_maintenance to 2026-08-30 03:00:00+00:00, run_after=2026-09-06 03:00:00+00:00
[2026-08-31T11:37:32.606+0000] {processor.py:183} INFO - Processing /opt/airflow/dags/maintenance_dag.py took 0.165 seconds
[2026-08-31T11:38:02.846+0000] {processor.py:161} INFO - Started process (PID=2436) to work on /opt/airflow/dags/maintenance_dag.py
[2026-08-31T11:38:02.847+0000] {processor.py:830} INFO - Processing file /opt/airflow/dags/maintenance_dag.py for tasks to queue
[2026-08-31T11:38:02.849+0000] {logging_mixin.py:188} INFO - [2026-08-31T11:38:02.849+0000] {dagbag.py:545} INFO - Filling up the DagBag from /opt/airflow/dags/maintenance_dag.py
[2026-08-31T11:38:02.867+0000] {processor.py:840} INFO - DAG(s) 'hybrid_lakehouse_weekly_maintenance' retrieved from /opt/airflow/dags/maintenance_dag.py
[2026-08-31T11:38:02.954+0000] {logging_mixin.py:188} INFO - [2026-08-31T11:38:02.953+0000] {dag.py:3089} INFO - Sync 1 DAGs
[2026-08-31T11:38:02.970+0000] {logging_mixin.py:188} INFO - [2026-08-31T11:38:02.970+0000] {dag.py:3947} INFO - Setting next_dagrun for hybrid_lakehouse_weekly_maintenance to 2026-08-30 03:00:00+00:00, run_after=2026-09-06 03:00:00+00:00
[2026-08-31T11:38:02.989+0000] {processor.py:183} INFO - Processing /opt/airflow/dags/maintenance_dag.py took 0.148 seconds
[2026-08-31T11:38:33.237+0000] {processor.py:161} INFO - Started process (PID=2451) to work on /opt/airflow/dags/maintenance_dag.py
[2026-08-31T11:38:33.239+0000] {processor.py:830} INFO - Processing file /opt/airflow/dags/maintenance_dag.py for tasks to queue
[2026-08-31T11:38:33.241+0000] {logging_mixin.py:188} INFO - [2026-08-31T11:38:33.241+0000] {dagbag.py:545} INFO - Filling up the DagBag from /opt/airflow/dags/maintenance_dag.py
[2026-08-31T11:38:33.266+0000] {processor.py:840} INFO - DAG(s) 'hybrid_lakehouse_weekly_maintenance' retrieved from /opt/airflow/dags/maintenance_dag.py
[2026-08-31T11:38:33.382+0000] {logging_mixin.py:188} INFO - [2026-08-31T11:38:33.381+0000] {dag.py:3089} INFO - Sync 1 DAGs
[2026-08-31T11:38:33.403+0000] {logging_mixin.py:188} INFO - [2026-08-31T11:38:33.403+0000] {dag.py:3947} INFO - Setting next_dagrun for hybrid_lakehouse_weekly_maintenance to 2026-08-30 03:00:00+00:00, run_after=2026-09-06 03:00:00+00:00
[2026-08-31T11:38:33.426+0000] {processor.py:183} INFO - Processing /opt/airflow/dags/maintenance_dag.py took 0.197 seconds
[2026-08-31T11:39:03.736+0000] {processor.py:161} INFO - Started process (PID=2466) to work on /opt/airflow/dags/maintenance_dag.py
[2026-08-31T11:39:03.737+0000] {processor.py:830} INFO - Processing file /opt/airflow/dags/maintenance_dag.py for tasks to queue
[2026-08-31T11:39:03.739+0000] {logging_mixin.py:188} INFO - [2026-08-31T11:39:03.739+0000] {dagbag.py:545} INFO - Filling up the DagBag from /opt/airflow/dags/maintenance_dag.py
[2026-08-31T11:39:03.761+0000] {processor.py:840} INFO - DAG(s) 'hybrid_lakehouse_weekly_maintenance' retrieved from /opt/airflow/dags/maintenance_dag.py
[2026-08-31T11:39:03.854+0000] {logging_mixin.py:188} INFO - [2026-08-31T11:39:03.854+0000] {dag.py:3089} INFO - Sync 1 DAGs
[2026-08-31T11:39:03.875+0000] {logging_mixin.py:188} INFO - [2026-08-31T11:39:03.875+0000] {dag.py:3947} INFO - Setting next_dagrun for hybrid_lakehouse_weekly_maintenance to 2026-08-30 03:00:00+00:00, run_after=2026-09-06 03:00:00+00:00
[2026-08-31T11:39:03.893+0000] {processor.py:183} INFO - Processing /opt/airflow/dags/maintenance_dag.py took 0.166 seconds
[2026-08-31T11:39:34.124+0000] {processor.py:161} INFO - Started process (PID=2481) to work on /opt/airflow/dags/maintenance_dag.py
[2026-08-31T11:39:34.125+0000] {processor.py:830} INFO - Processing file /opt/airflow/dags/maintenance_dag.py for tasks to queue
[2026-08-31T11:39:34.127+0000] {logging_mixin.py:188} INFO - [2026-08-31T11:39:34.127+0000] {dagbag.py:545} INFO - Filling up the DagBag from /opt/airflow/dags/maintenance_dag.py
[2026-08-31T11:39:34.146+0000] {processor.py:840} INFO - DAG(s) 'hybrid_lakehouse_weekly_maintenance' retrieved from /opt/airflow/dags/maintenance_dag.py
[2026-08-31T11:39:34.238+0000] {logging_mixin.py:188} INFO - [2026-08-31T11:39:34.238+0000] {dag.py:3089} INFO - Sync 1 DAGs
[2026-08-31T11:39:34.258+0000] {logging_mixin.py:188} INFO - [2026-08-31T11:39:34.257+0000] {dag.py:3947} INFO - Setting next_dagrun for hybrid_lakehouse_weekly_maintenance to 2026-08-30 03:00:00+00:00, run_after=2026-09-06 03:00:00+00:00
[2026-08-31T11:39:34.279+0000] {processor.py:183} INFO - Processing /opt/airflow/dags/maintenance_dag.py took 0.161 seconds
[2026-08-31T11:40:04.520+0000] {processor.py:161} INFO - Started process (PID=2496) to work on /opt/airflow/dags/maintenance_dag.py
[2026-08-31T11:40:04.521+0000] {processor.py:830} INFO - Processing file /opt/airflow/dags/maintenance_dag.py for tasks to queue
[2026-08-31T11:40:04.524+0000] {logging_mixin.py:188} INFO - [2026-08-31T11:40:04.523+0000] {dagbag.py:545} INFO - Filling up the DagBag from /opt/airflow/dags/maintenance_dag.py
[2026-08-31T11:40:04.550+0000] {processor.py:840} INFO - DAG(s) 'hybrid_lakehouse_weekly_maintenance' retrieved from /opt/airflow/dags/maintenance_dag.py
[2026-08-31T11:40:04.652+0000] {logging_mixin.py:188} INFO - [2026-08-31T11:40:04.651+0000] {dag.py:3089} INFO - Sync 1 DAGs
[2026-08-31T11:40:04.672+0000] {logging_mixin.py:188} INFO - [2026-08-31T11:40:04.671+0000] {dag.py:3947} INFO - Setting next_dagrun for hybrid_lakehouse_weekly_maintenance to 2026-08-30 03:00:00+00:00, run_after=2026-09-06 03:00:00+00:00
[2026-08-31T11:40:04.692+0000] {processor.py:183} INFO - Processing /opt/airflow/dags/maintenance_dag.py took 0.179 seconds
[2026-08-31T11:40:34.938+0000] {processor.py:161} INFO - Started process (PID=2511) to work on /opt/airflow/dags/maintenance_dag.py
[2026-08-31T11:40:34.939+0000] {processor.py:830} INFO - Processing file /opt/airflow/dags/maintenance_dag.py for tasks to queue
[2026-08-31T11:40:34.941+0000] {logging_mixin.py:188} INFO - [2026-08-31T11:40:34.941+0000] {dagbag.py:545} INFO - Filling up the DagBag from /opt/airflow/dags/maintenance_dag.py
[2026-08-31T11:40:34.964+0000] {processor.py:840} INFO - DAG(s) 'hybrid_lakehouse_weekly_maintenance' retrieved from /opt/airflow/dags/maintenance_dag.py
[2026-08-31T11:40:35.080+0000] {logging_mixin.py:188} INFO - [2026-08-31T11:40:35.079+0000] {dag.py:3089} INFO - Sync 1 DAGs
[2026-08-31T11:40:35.100+0000] {logging_mixin.py:188} INFO - [2026-08-31T11:40:35.100+0000] {dag.py:3947} INFO - Setting next_dagrun for hybrid_lakehouse_weekly_maintenance to 2026-08-30 03:00:00+00:00, run_after=2026-09-06 03:00:00+00:00
[2026-08-31T11:40:35.121+0000] {processor.py:183} INFO - Processing /opt/airflow/dags/maintenance_dag.py took 0.189 seconds
[2026-08-31T11:41:05.374+0000] {processor.py:161} INFO - Started process (PID=2526) to work on /opt/airflow/dags/maintenance_dag.py
[2026-08-31T11:41:05.376+0000] {processor.py:830} INFO - Processing file /opt/airflow/dags/maintenance_dag.py for tasks to queue
[2026-08-31T11:41:05.381+0000] {logging_mixin.py:188} INFO - [2026-08-31T11:41:05.381+0000] {dagbag.py:545} INFO - Filling up the DagBag from /opt/airflow/dags/maintenance_dag.py
[2026-08-31T11:41:05.429+0000] {processor.py:840} INFO - DAG(s) 'hybrid_lakehouse_weekly_maintenance' retrieved from /opt/airflow/dags/maintenance_dag.py
[2026-08-31T11:41:05.588+0000] {logging_mixin.py:188} INFO - [2026-08-31T11:41:05.588+0000] {dag.py:3089} INFO - Sync 1 DAGs
[2026-08-31T11:41:05.607+0000] {logging_mixin.py:188} INFO - [2026-08-31T11:41:05.606+0000] {dag.py:3947} INFO - Setting next_dagrun for hybrid_lakehouse_weekly_maintenance to 2026-08-30 03:00:00+00:00, run_after=2026-09-06 03:00:00+00:00
[2026-08-31T11:41:05.629+0000] {processor.py:183} INFO - Processing /opt/airflow/dags/maintenance_dag.py took 0.269 seconds
[2026-08-31T11:41:35.884+0000] {processor.py:161} INFO - Started process (PID=2541) to work on /opt/airflow/dags/maintenance_dag.py
[2026-08-31T11:41:35.885+0000] {processor.py:830} INFO - Processing file /opt/airflow/dags/maintenance_dag.py for tasks to queue
[2026-08-31T11:41:35.888+0000] {logging_mixin.py:188} INFO - [2026-08-31T11:41:35.888+0000] {dagbag.py:545} INFO - Filling up the DagBag from /opt/airflow/dags/maintenance_dag.py
[2026-08-31T11:41:35.915+0000] {processor.py:840} INFO - DAG(s) 'hybrid_lakehouse_weekly_maintenance' retrieved from /opt/airflow/dags/maintenance_dag.py
[2026-08-31T11:41:36.026+0000] {logging_mixin.py:188} INFO - [2026-08-31T11:41:36.025+0000] {dag.py:3089} INFO - Sync 1 DAGs
[2026-08-31T11:41:36.048+0000] {logging_mixin.py:188} INFO - [2026-08-31T11:41:36.048+0000] {dag.py:3947} INFO - Setting next_dagrun for hybrid_lakehouse_weekly_maintenance to 2026-08-30 03:00:00+00:00, run_after=2026-09-06 03:00:00+00:00
[2026-08-31T11:41:36.072+0000] {processor.py:183} INFO - Processing /opt/airflow/dags/maintenance_dag.py took 0.196 seconds
[2026-08-31T11:42:06.323+0000] {processor.py:161} INFO - Started process (PID=2556) to work on /opt/airflow/dags/maintenance_dag.py
[2026-08-31T11:42:06.325+0000] {processor.py:830} INFO - Processing file /opt/airflow/dags/maintenance_dag.py for tasks to queue
[2026-08-31T11:42:06.327+0000] {logging_mixin.py:188} INFO - [2026-08-31T11:42:06.327+0000] {dagbag.py:545} INFO - Filling up the DagBag from /opt/airflow/dags/maintenance_dag.py
[2026-08-31T11:42:06.348+0000] {processor.py:840} INFO - DAG(s) 'hybrid_lakehouse_weekly_maintenance' retrieved from /opt/airflow/dags/maintenance_dag.py
[2026-08-31T11:42:06.441+0000] {logging_mixin.py:188} INFO - [2026-08-31T11:42:06.441+0000] {dag.py:3089} INFO - Sync 1 DAGs
[2026-08-31T11:42:06.458+0000] {logging_mixin.py:188} INFO - [2026-08-31T11:42:06.458+0000] {dag.py:3947} INFO - Setting next_dagrun for hybrid_lakehouse_weekly_maintenance to 2026-08-30 03:00:00+00:00, run_after=2026-09-06 03:00:00+00:00
[2026-08-31T11:42:06.480+0000] {processor.py:183} INFO - Processing /opt/airflow/dags/maintenance_dag.py took 0.163 seconds
[2026-08-31T11:42:36.743+0000] {processor.py:161} INFO - Started process (PID=2571) to work on /opt/airflow/dags/maintenance_dag.py
[2026-08-31T11:42:36.744+0000] {processor.py:830} INFO - Processing file /opt/airflow/dags/maintenance_dag.py for tasks to queue
[2026-08-31T11:42:36.746+0000] {logging_mixin.py:188} INFO - [2026-08-31T11:42:36.746+0000] {dagbag.py:545} INFO - Filling up the DagBag from /opt/airflow/dags/maintenance_dag.py
[2026-08-31T11:42:36.767+0000] {processor.py:840} INFO - DAG(s) 'hybrid_lakehouse_weekly_maintenance' retrieved from /opt/airflow/dags/maintenance_dag.py
[2026-08-31T11:42:36.866+0000] {logging_mixin.py:188} INFO - [2026-08-31T11:42:36.866+0000] {dag.py:3089} INFO - Sync 1 DAGs
[2026-08-31T11:42:36.886+0000] {logging_mixin.py:188} INFO - [2026-08-31T11:42:36.886+0000] {dag.py:3947} INFO - Setting next_dagrun for hybrid_lakehouse_weekly_maintenance to 2026-08-30 03:00:00+00:00, run_after=2026-09-06 03:00:00+00:00
[2026-08-31T11:42:36.909+0000] {processor.py:183} INFO - Processing /opt/airflow/dags/maintenance_dag.py took 0.172 seconds
[2026-08-31T11:43:07.170+0000] {processor.py:161} INFO - Started process (PID=2586) to work on /opt/airflow/dags/maintenance_dag.py
[2026-08-31T11:43:07.172+0000] {processor.py:830} INFO - Processing file /opt/airflow/dags/maintenance_dag.py for tasks to queue
[2026-08-31T11:43:07.176+0000] {logging_mixin.py:188} INFO - [2026-08-31T11:43:07.175+0000] {dagbag.py:545} INFO - Filling up the DagBag from /opt/airflow/dags/maintenance_dag.py
[2026-08-31T11:43:07.203+0000] {processor.py:840} INFO - DAG(s) 'hybrid_lakehouse_weekly_maintenance' retrieved from /opt/airflow/dags/maintenance_dag.py
[2026-08-31T11:43:07.317+0000] {logging_mixin.py:188} INFO - [2026-08-31T11:43:07.316+0000] {dag.py:3089} INFO - Sync 1 DAGs
[2026-08-31T11:43:07.339+0000] {logging_mixin.py:188} INFO - [2026-08-31T11:43:07.338+0000] {dag.py:3947} INFO - Setting next_dagrun for hybrid_lakehouse_weekly_maintenance to 2026-08-30 03:00:00+00:00, run_after=2026-09-06 03:00:00+00:00
[2026-08-31T11:43:07.362+0000] {processor.py:183} INFO - Processing /opt/airflow/dags/maintenance_dag.py took 0.205 seconds
[2026-08-31T11:43:37.630+0000] {processor.py:161} INFO - Started process (PID=2601) to work on /opt/airflow/dags/maintenance_dag.py
[2026-08-31T11:43:37.631+0000] {processor.py:830} INFO - Processing file /opt/airflow/dags/maintenance_dag.py for tasks to queue
[2026-08-31T11:43:37.635+0000] {logging_mixin.py:188} INFO - [2026-08-31T11:43:37.634+0000] {dagbag.py:545} INFO - Filling up the DagBag from /opt/airflow/dags/maintenance_dag.py
[2026-08-31T11:43:37.660+0000] {processor.py:840} INFO - DAG(s) 'hybrid_lakehouse_weekly_maintenance' retrieved from /opt/airflow/dags/maintenance_dag.py
[2026-08-31T11:43:37.767+0000] {logging_mixin.py:188} INFO - [2026-08-31T11:43:37.767+0000] {dag.py:3089} INFO - Sync 1 DAGs
[2026-08-31T11:43:37.785+0000] {logging_mixin.py:188} INFO - [2026-08-31T11:43:37.784+0000] {dag.py:3947} INFO - Setting next_dagrun for hybrid_lakehouse_weekly_maintenance to 2026-08-30 03:00:00+00:00, run_after=2026-09-06 03:00:00+00:00
[2026-08-31T11:43:37.805+0000] {processor.py:183} INFO - Processing /opt/airflow/dags/maintenance_dag.py took 0.186 seconds
[2026-08-31T11:44:08.082+0000] {processor.py:161} INFO - Started process (PID=2616) to work on /opt/airflow/dags/maintenance_dag.py
[2026-08-31T11:44:08.084+0000] {processor.py:830} INFO - Processing file /opt/airflow/dags/maintenance_dag.py for tasks to queue
[2026-08-31T11:44:08.086+0000] {logging_mixin.py:188} INFO - [2026-08-31T11:44:08.086+0000] {dagbag.py:545} INFO - Filling up the DagBag from /opt/airflow/dags/maintenance_dag.py
[2026-08-31T11:44:08.108+0000] {processor.py:840} INFO - DAG(s) 'hybrid_lakehouse_weekly_maintenance' retrieved from /opt/airflow/dags/maintenance_dag.py
[2026-08-31T11:44:08.212+0000] {logging_mixin.py:188} INFO - [2026-08-31T11:44:08.211+0000] {dag.py:3089} INFO - Sync 1 DAGs
[2026-08-31T11:44:08.232+0000] {logging_mixin.py:188} INFO - [2026-08-31T11:44:08.231+0000] {dag.py:3947} INFO - Setting next_dagrun for hybrid_lakehouse_weekly_maintenance to 2026-08-30 03:00:00+00:00, run_after=2026-09-06 03:00:00+00:00
[2026-08-31T11:44:08.255+0000] {processor.py:183} INFO - Processing /opt/airflow/dags/maintenance_dag.py took 0.181 seconds
[2026-08-31T11:44:38.507+0000] {processor.py:161} INFO - Started process (PID=2631) to work on /opt/airflow/dags/maintenance_dag.py
[2026-08-31T11:44:38.508+0000] {processor.py:830} INFO - Processing file /opt/airflow/dags/maintenance_dag.py for tasks to queue
[2026-08-31T11:44:38.512+0000] {logging_mixin.py:188} INFO - [2026-08-31T11:44:38.511+0000] {dagbag.py:545} INFO - Filling up the DagBag from /opt/airflow/dags/maintenance_dag.py
[2026-08-31T11:44:38.538+0000] {processor.py:840} INFO - DAG(s) 'hybrid_lakehouse_weekly_maintenance' retrieved from /opt/airflow/dags/maintenance_dag.py
[2026-08-31T11:44:38.658+0000] {logging_mixin.py:188} INFO - [2026-08-31T11:44:38.657+0000] {dag.py:3089} INFO - Sync 1 DAGs
[2026-08-31T11:44:38.684+0000] {logging_mixin.py:188} INFO - [2026-08-31T11:44:38.684+0000] {dag.py:3947} INFO - Setting next_dagrun for hybrid_lakehouse_weekly_maintenance to 2026-08-30 03:00:00+00:00, run_after=2026-09-06 03:00:00+00:00
[2026-08-31T11:44:38.714+0000] {processor.py:183} INFO - Processing /opt/airflow/dags/maintenance_dag.py took 0.217 seconds
[2026-08-31T11:45:08.961+0000] {processor.py:161} INFO - Started process (PID=2646) to work on /opt/airflow/dags/maintenance_dag.py
[2026-08-31T11:45:08.963+0000] {processor.py:830} INFO - Processing file /opt/airflow/dags/maintenance_dag.py for tasks to queue
[2026-08-31T11:45:08.966+0000] {logging_mixin.py:188} INFO - [2026-08-31T11:45:08.965+0000] {dagbag.py:545} INFO - Filling up the DagBag from /opt/airflow/dags/maintenance_dag.py
[2026-08-31T11:45:08.994+0000] {processor.py:840} INFO - DAG(s) 'hybrid_lakehouse_weekly_maintenance' retrieved from /opt/airflow/dags/maintenance_dag.py
[2026-08-31T11:45:09.095+0000] {logging_mixin.py:188} INFO - [2026-08-31T11:45:09.095+0000] {dag.py:3089} INFO - Sync 1 DAGs
[2026-08-31T11:45:09.114+0000] {logging_mixin.py:188} INFO - [2026-08-31T11:45:09.114+0000] {dag.py:3947} INFO - Setting next_dagrun for hybrid_lakehouse_weekly_maintenance to 2026-08-30 03:00:00+00:00, run_after=2026-09-06 03:00:00+00:00
[2026-08-31T11:45:09.135+0000] {processor.py:183} INFO - Processing /opt/airflow/dags/maintenance_dag.py took 0.182 seconds
[2026-08-31T11:45:39.364+0000] {processor.py:161} INFO - Started process (PID=2661) to work on /opt/airflow/dags/maintenance_dag.py
[2026-08-31T11:45:39.365+0000] {processor.py:830} INFO - Processing file /opt/airflow/dags/maintenance_dag.py for tasks to queue
[2026-08-31T11:45:39.367+0000] {logging_mixin.py:188} INFO - [2026-08-31T11:45:39.367+0000] {dagbag.py:545} INFO - Filling up the DagBag from /opt/airflow/dags/maintenance_dag.py
[2026-08-31T11:45:39.389+0000] {processor.py:840} INFO - DAG(s) 'hybrid_lakehouse_weekly_maintenance' retrieved from /opt/airflow/dags/maintenance_dag.py
[2026-08-31T11:45:39.481+0000] {logging_mixin.py:188} INFO - [2026-08-31T11:45:39.480+0000] {dag.py:3089} INFO - Sync 1 DAGs
[2026-08-31T11:45:39.498+0000] {logging_mixin.py:188} INFO - [2026-08-31T11:45:39.498+0000] {dag.py:3947} INFO - Setting next_dagrun for hybrid_lakehouse_weekly_maintenance to 2026-08-30 03:00:00+00:00, run_after=2026-09-06 03:00:00+00:00
[2026-08-31T11:45:39.520+0000] {processor.py:183} INFO - Processing /opt/airflow/dags/maintenance_dag.py took 0.163 seconds
[2026-08-31T11:46:09.765+0000] {processor.py:161} INFO - Started process (PID=2676) to work on /opt/airflow/dags/maintenance_dag.py
[2026-08-31T11:46:09.767+0000] {processor.py:830} INFO - Processing file /opt/airflow/dags/maintenance_dag.py for tasks to queue
[2026-08-31T11:46:09.769+0000] {logging_mixin.py:188} INFO - [2026-08-31T11:46:09.769+0000] {dagbag.py:545} INFO - Filling up the DagBag from /opt/airflow/dags/maintenance_dag.py
[2026-08-31T11:46:09.791+0000] {processor.py:840} INFO - DAG(s) 'hybrid_lakehouse_weekly_maintenance' retrieved from /opt/airflow/dags/maintenance_dag.py
[2026-08-31T11:46:09.891+0000] {logging_mixin.py:188} INFO - [2026-08-31T11:46:09.891+0000] {dag.py:3089} INFO - Sync 1 DAGs
[2026-08-31T11:46:09.911+0000] {logging_mixin.py:188} INFO - [2026-08-31T11:46:09.911+0000] {dag.py:3947} INFO - Setting next_dagrun for hybrid_lakehouse_weekly_maintenance to 2026-08-30 03:00:00+00:00, run_after=2026-09-06 03:00:00+00:00
[2026-08-31T11:46:09.937+0000] {processor.py:183} INFO - Processing /opt/airflow/dags/maintenance_dag.py took 0.178 seconds
[2026-08-31T11:46:40.218+0000] {processor.py:161} INFO - Started process (PID=2691) to work on /opt/airflow/dags/maintenance_dag.py
[2026-08-31T11:46:40.219+0000] {processor.py:830} INFO - Processing file /opt/airflow/dags/maintenance_dag.py for tasks to queue
[2026-08-31T11:46:40.221+0000] {logging_mixin.py:188} INFO - [2026-08-31T11:46:40.221+0000] {dagbag.py:545} INFO - Filling up the DagBag from /opt/airflow/dags/maintenance_dag.py
[2026-08-31T11:46:40.240+0000] {processor.py:840} INFO - DAG(s) 'hybrid_lakehouse_weekly_maintenance' retrieved from /opt/airflow/dags/maintenance_dag.py
[2026-08-31T11:46:40.324+0000] {logging_mixin.py:188} INFO - [2026-08-31T11:46:40.323+0000] {dag.py:3089} INFO - Sync 1 DAGs
[2026-08-31T11:46:40.344+0000] {logging_mixin.py:188} INFO - [2026-08-31T11:46:40.344+0000] {dag.py:3947} INFO - Setting next_dagrun for hybrid_lakehouse_weekly_maintenance to 2026-08-30 03:00:00+00:00, run_after=2026-09-06 03:00:00+00:00
[2026-08-31T11:46:40.366+0000] {processor.py:183} INFO - Processing /opt/airflow/dags/maintenance_dag.py took 0.154 seconds
[2026-08-31T11:47:10.644+0000] {processor.py:161} INFO - Started process (PID=2706) to work on /opt/airflow/dags/maintenance_dag.py
[2026-08-31T11:47:10.645+0000] {processor.py:830} INFO - Processing file /opt/airflow/dags/maintenance_dag.py for tasks to queue
[2026-08-31T11:47:10.647+0000] {logging_mixin.py:188} INFO - [2026-08-31T11:47:10.647+0000] {dagbag.py:545} INFO - Filling up the DagBag from /opt/airflow/dags/maintenance_dag.py
[2026-08-31T11:47:10.666+0000] {processor.py:840} INFO - DAG(s) 'hybrid_lakehouse_weekly_maintenance' retrieved from /opt/airflow/dags/maintenance_dag.py
[2026-08-31T11:47:10.752+0000] {logging_mixin.py:188} INFO - [2026-08-31T11:47:10.752+0000] {dag.py:3089} INFO - Sync 1 DAGs
[2026-08-31T11:47:10.770+0000] {logging_mixin.py:188} INFO - [2026-08-31T11:47:10.770+0000] {dag.py:3947} INFO - Setting next_dagrun for hybrid_lakehouse_weekly_maintenance to 2026-08-30 03:00:00+00:00, run_after=2026-09-06 03:00:00+00:00
[2026-08-31T11:47:10.797+0000] {processor.py:183} INFO - Processing /opt/airflow/dags/maintenance_dag.py took 0.159 seconds
[2026-08-31T11:47:41.078+0000] {processor.py:161} INFO - Started process (PID=2721) to work on /opt/airflow/dags/maintenance_dag.py
[2026-08-31T11:47:41.079+0000] {processor.py:830} INFO - Processing file /opt/airflow/dags/maintenance_dag.py for tasks to queue
[2026-08-31T11:47:41.081+0000] {logging_mixin.py:188} INFO - [2026-08-31T11:47:41.081+0000] {dagbag.py:545} INFO - Filling up the DagBag from /opt/airflow/dags/maintenance_dag.py
[2026-08-31T11:47:41.099+0000] {processor.py:840} INFO - DAG(s) 'hybrid_lakehouse_weekly_maintenance' retrieved from /opt/airflow/dags/maintenance_dag.py
[2026-08-31T11:47:41.189+0000] {logging_mixin.py:188} INFO - [2026-08-31T11:47:41.188+0000] {dag.py:3089} INFO - Sync 1 DAGs
[2026-08-31T11:47:41.208+0000] {logging_mixin.py:188} INFO - [2026-08-31T11:47:41.208+0000] {dag.py:3947} INFO - Setting next_dagrun for hybrid_lakehouse_weekly_maintenance to 2026-08-30 03:00:00+00:00, run_after=2026-09-06 03:00:00+00:00
[2026-08-31T11:47:41.226+0000] {processor.py:183} INFO - Processing /opt/airflow/dags/maintenance_dag.py took 0.153 seconds
[2026-08-31T11:48:11.471+0000] {processor.py:161} INFO - Started process (PID=2736) to work on /opt/airflow/dags/maintenance_dag.py
[2026-08-31T11:48:11.472+0000] {processor.py:830} INFO - Processing file /opt/airflow/dags/maintenance_dag.py for tasks to queue
[2026-08-31T11:48:11.474+0000] {logging_mixin.py:188} INFO - [2026-08-31T11:48:11.474+0000] {dagbag.py:545} INFO - Filling up the DagBag from /opt/airflow/dags/maintenance_dag.py
[2026-08-31T11:48:11.496+0000] {processor.py:840} INFO - DAG(s) 'hybrid_lakehouse_weekly_maintenance' retrieved from /opt/airflow/dags/maintenance_dag.py
[2026-08-31T11:48:11.595+0000] {logging_mixin.py:188} INFO - [2026-08-31T11:48:11.594+0000] {dag.py:3089} INFO - Sync 1 DAGs
[2026-08-31T11:48:11.614+0000] {logging_mixin.py:188} INFO - [2026-08-31T11:48:11.614+0000] {dag.py:3947} INFO - Setting next_dagrun for hybrid_lakehouse_weekly_maintenance to 2026-08-30 03:00:00+00:00, run_after=2026-09-06 03:00:00+00:00
[2026-08-31T11:48:11.635+0000] {processor.py:183} INFO - Processing /opt/airflow/dags/maintenance_dag.py took 0.170 seconds
[2026-08-31T11:48:41.891+0000] {processor.py:161} INFO - Started process (PID=2751) to work on /opt/airflow/dags/maintenance_dag.py
[2026-08-31T11:48:41.892+0000] {processor.py:830} INFO - Processing file /opt/airflow/dags/maintenance_dag.py for tasks to queue
[2026-08-31T11:48:41.894+0000] {logging_mixin.py:188} INFO - [2026-08-31T11:48:41.894+0000] {dagbag.py:545} INFO - Filling up the DagBag from /opt/airflow/dags/maintenance_dag.py
[2026-08-31T11:48:41.914+0000] {processor.py:840} INFO - DAG(s) 'hybrid_lakehouse_weekly_maintenance' retrieved from /opt/airflow/dags/maintenance_dag.py
[2026-08-31T11:48:41.999+0000] {logging_mixin.py:188} INFO - [2026-08-31T11:48:41.998+0000] {dag.py:3089} INFO - Sync 1 DAGs
[2026-08-31T11:48:42.016+0000] {logging_mixin.py:188} INFO - [2026-08-31T11:48:42.016+0000] {dag.py:3947} INFO - Setting next_dagrun for hybrid_lakehouse_weekly_maintenance to 2026-08-30 03:00:00+00:00, run_after=2026-09-06 03:00:00+00:00
[2026-08-31T11:48:42.033+0000] {processor.py:183} INFO - Processing /opt/airflow/dags/maintenance_dag.py took 0.148 seconds
[2026-08-31T11:49:12.348+0000] {processor.py:161} INFO - Started process (PID=2766) to work on /opt/airflow/dags/maintenance_dag.py
[2026-08-31T11:49:12.349+0000] {processor.py:830} INFO - Processing file /opt/airflow/dags/maintenance_dag.py for tasks to queue
[2026-08-31T11:49:12.352+0000] {logging_mixin.py:188} INFO - [2026-08-31T11:49:12.352+0000] {dagbag.py:545} INFO - Filling up the DagBag from /opt/airflow/dags/maintenance_dag.py
[2026-08-31T11:49:12.372+0000] {processor.py:840} INFO - DAG(s) 'hybrid_lakehouse_weekly_maintenance' retrieved from /opt/airflow/dags/maintenance_dag.py
[2026-08-31T11:49:12.463+0000] {logging_mixin.py:188} INFO - [2026-08-31T11:49:12.462+0000] {dag.py:3089} INFO - Sync 1 DAGs
[2026-08-31T11:49:12.480+0000] {logging_mixin.py:188} INFO - [2026-08-31T11:49:12.479+0000] {dag.py:3947} INFO - Setting next_dagrun for hybrid_lakehouse_weekly_maintenance to 2026-08-30 03:00:00+00:00, run_after=2026-09-06 03:00:00+00:00
[2026-08-31T11:49:12.498+0000] {processor.py:183} INFO - Processing /opt/airflow/dags/maintenance_dag.py took 0.156 seconds
[2026-08-31T11:49:42.769+0000] {processor.py:161} INFO - Started process (PID=2781) to work on /opt/airflow/dags/maintenance_dag.py
[2026-08-31T11:49:42.770+0000] {processor.py:830} INFO - Processing file /opt/airflow/dags/maintenance_dag.py for tasks to queue
[2026-08-31T11:49:42.772+0000] {logging_mixin.py:188} INFO - [2026-08-31T11:49:42.772+0000] {dagbag.py:545} INFO - Filling up the DagBag from /opt/airflow/dags/maintenance_dag.py
[2026-08-31T11:49:42.791+0000] {processor.py:840} INFO - DAG(s) 'hybrid_lakehouse_weekly_maintenance' retrieved from /opt/airflow/dags/maintenance_dag.py
[2026-08-31T11:49:42.874+0000] {logging_mixin.py:188} INFO - [2026-08-31T11:49:42.874+0000] {dag.py:3089} INFO - Sync 1 DAGs
[2026-08-31T11:49:42.891+0000] {logging_mixin.py:188} INFO - [2026-08-31T11:49:42.891+0000] {dag.py:3947} INFO - Setting next_dagrun for hybrid_lakehouse_weekly_maintenance to 2026-08-30 03:00:00+00:00, run_after=2026-09-06 03:00:00+00:00
[2026-08-31T11:49:42.911+0000] {processor.py:183} INFO - Processing /opt/airflow/dags/maintenance_dag.py took 0.148 seconds
[2026-08-31T11:50:13.167+0000] {processor.py:161} INFO - Started process (PID=2796) to work on /opt/airflow/dags/maintenance_dag.py
[2026-08-31T11:50:13.168+0000] {processor.py:830} INFO - Processing file /opt/airflow/dags/maintenance_dag.py for tasks to queue
[2026-08-31T11:50:13.170+0000] {logging_mixin.py:188} INFO - [2026-08-31T11:50:13.170+0000] {dagbag.py:545} INFO - Filling up the DagBag from /opt/airflow/dags/maintenance_dag.py
[2026-08-31T11:50:13.191+0000] {processor.py:840} INFO - DAG(s) 'hybrid_lakehouse_weekly_maintenance' retrieved from /opt/airflow/dags/maintenance_dag.py
[2026-08-31T11:50:13.276+0000] {logging_mixin.py:188} INFO - [2026-08-31T11:50:13.276+0000] {dag.py:3089} INFO - Sync 1 DAGs
[2026-08-31T11:50:13.296+0000] {logging_mixin.py:188} INFO - [2026-08-31T11:50:13.296+0000] {dag.py:3947} INFO - Setting next_dagrun for hybrid_lakehouse_weekly_maintenance to 2026-08-30 03:00:00+00:00, run_after=2026-09-06 03:00:00+00:00
[2026-08-31T11:50:13.321+0000] {processor.py:183} INFO - Processing /opt/airflow/dags/maintenance_dag.py took 0.161 seconds
[2026-08-31T11:50:43.594+0000] {processor.py:161} INFO - Started process (PID=2811) to work on /opt/airflow/dags/maintenance_dag.py
[2026-08-31T11:50:43.596+0000] {processor.py:830} INFO - Processing file /opt/airflow/dags/maintenance_dag.py for tasks to queue
[2026-08-31T11:50:43.598+0000] {logging_mixin.py:188} INFO - [2026-08-31T11:50:43.597+0000] {dagbag.py:545} INFO - Filling up the DagBag from /opt/airflow/dags/maintenance_dag.py
[2026-08-31T11:50:43.621+0000] {processor.py:840} INFO - DAG(s) 'hybrid_lakehouse_weekly_maintenance' retrieved from /opt/airflow/dags/maintenance_dag.py
[2026-08-31T11:50:43.711+0000] {logging_mixin.py:188} INFO - [2026-08-31T11:50:43.711+0000] {dag.py:3089} INFO - Sync 1 DAGs
[2026-08-31T11:50:43.728+0000] {logging_mixin.py:188} INFO - [2026-08-31T11:50:43.728+0000] {dag.py:3947} INFO - Setting next_dagrun for hybrid_lakehouse_weekly_maintenance to 2026-08-30 03:00:00+00:00, run_after=2026-09-06 03:00:00+00:00
[2026-08-31T11:50:43.750+0000] {processor.py:183} INFO - Processing /opt/airflow/dags/maintenance_dag.py took 0.161 seconds
[2026-08-31T11:51:14.008+0000] {processor.py:161} INFO - Started process (PID=2826) to work on /opt/airflow/dags/maintenance_dag.py
[2026-08-31T11:51:14.009+0000] {processor.py:830} INFO - Processing file /opt/airflow/dags/maintenance_dag.py for tasks to queue
[2026-08-31T11:51:14.012+0000] {logging_mixin.py:188} INFO - [2026-08-31T11:51:14.011+0000] {dagbag.py:545} INFO - Filling up the DagBag from /opt/airflow/dags/maintenance_dag.py
[2026-08-31T11:51:14.037+0000] {processor.py:840} INFO - DAG(s) 'hybrid_lakehouse_weekly_maintenance' retrieved from /opt/airflow/dags/maintenance_dag.py
[2026-08-31T11:51:14.131+0000] {logging_mixin.py:188} INFO - [2026-08-31T11:51:14.130+0000] {dag.py:3089} INFO - Sync 1 DAGs
[2026-08-31T11:51:14.149+0000] {logging_mixin.py:188} INFO - [2026-08-31T11:51:14.149+0000] {dag.py:3947} INFO - Setting next_dagrun for hybrid_lakehouse_weekly_maintenance to 2026-08-30 03:00:00+00:00, run_after=2026-09-06 03:00:00+00:00
[2026-08-31T11:51:14.168+0000] {processor.py:183} INFO - Processing /opt/airflow/dags/maintenance_dag.py took 0.168 seconds
[2026-08-31T11:51:44.456+0000] {processor.py:161} INFO - Started process (PID=2841) to work on /opt/airflow/dags/maintenance_dag.py
[2026-08-31T11:51:44.458+0000] {processor.py:830} INFO - Processing file /opt/airflow/dags/maintenance_dag.py for tasks to queue
[2026-08-31T11:51:44.462+0000] {logging_mixin.py:188} INFO - [2026-08-31T11:51:44.461+0000] {dagbag.py:545} INFO - Filling up the DagBag from /opt/airflow/dags/maintenance_dag.py
[2026-08-31T11:51:44.491+0000] {processor.py:840} INFO - DAG(s) 'hybrid_lakehouse_weekly_maintenance' retrieved from /opt/airflow/dags/maintenance_dag.py
[2026-08-31T11:51:44.617+0000] {logging_mixin.py:188} INFO - [2026-08-31T11:51:44.617+0000] {dag.py:3089} INFO - Sync 1 DAGs
[2026-08-31T11:51:44.635+0000] {logging_mixin.py:188} INFO - [2026-08-31T11:51:44.635+0000] {dag.py:3947} INFO - Setting next_dagrun for hybrid_lakehouse_weekly_maintenance to 2026-08-30 03:00:00+00:00, run_after=2026-09-06 03:00:00+00:00
[2026-08-31T11:51:44.655+0000] {processor.py:183} INFO - Processing /opt/airflow/dags/maintenance_dag.py took 0.211 seconds
[2026-08-31T11:52:14.895+0000] {processor.py:161} INFO - Started process (PID=2856) to work on /opt/airflow/dags/maintenance_dag.py
[2026-08-31T11:52:14.896+0000] {processor.py:830} INFO - Processing file /opt/airflow/dags/maintenance_dag.py for tasks to queue
[2026-08-31T11:52:14.898+0000] {logging_mixin.py:188} INFO - [2026-08-31T11:52:14.898+0000] {dagbag.py:545} INFO - Filling up the DagBag from /opt/airflow/dags/maintenance_dag.py
[2026-08-31T11:52:14.918+0000] {processor.py:840} INFO - DAG(s) 'hybrid_lakehouse_weekly_maintenance' retrieved from /opt/airflow/dags/maintenance_dag.py
[2026-08-31T11:52:15.020+0000] {logging_mixin.py:188} INFO - [2026-08-31T11:52:15.019+0000] {dag.py:3089} INFO - Sync 1 DAGs
[2026-08-31T11:52:15.042+0000] {logging_mixin.py:188} INFO - [2026-08-31T11:52:15.041+0000] {dag.py:3947} INFO - Setting next_dagrun for hybrid_lakehouse_weekly_maintenance to 2026-08-30 03:00:00+00:00, run_after=2026-09-06 03:00:00+00:00
[2026-08-31T11:52:15.063+0000] {processor.py:183} INFO - Processing /opt/airflow/dags/maintenance_dag.py took 0.174 seconds
[2026-08-31T11:52:45.317+0000] {processor.py:161} INFO - Started process (PID=2871) to work on /opt/airflow/dags/maintenance_dag.py
[2026-08-31T11:52:45.318+0000] {processor.py:830} INFO - Processing file /opt/airflow/dags/maintenance_dag.py for tasks to queue
[2026-08-31T11:52:45.320+0000] {logging_mixin.py:188} INFO - [2026-08-31T11:52:45.320+0000] {dagbag.py:545} INFO - Filling up the DagBag from /opt/airflow/dags/maintenance_dag.py
[2026-08-31T11:52:45.340+0000] {processor.py:840} INFO - DAG(s) 'hybrid_lakehouse_weekly_maintenance' retrieved from /opt/airflow/dags/maintenance_dag.py
[2026-08-31T11:52:45.442+0000] {logging_mixin.py:188} INFO - [2026-08-31T11:52:45.442+0000] {dag.py:3089} INFO - Sync 1 DAGs
[2026-08-31T11:52:45.464+0000] {logging_mixin.py:188} INFO - [2026-08-31T11:52:45.463+0000] {dag.py:3947} INFO - Setting next_dagrun for hybrid_lakehouse_weekly_maintenance to 2026-08-30 03:00:00+00:00, run_after=2026-09-06 03:00:00+00:00
[2026-08-31T11:52:45.492+0000] {processor.py:183} INFO - Processing /opt/airflow/dags/maintenance_dag.py took 0.182 seconds
[2026-08-31T11:53:15.757+0000] {processor.py:161} INFO - Started process (PID=2886) to work on /opt/airflow/dags/maintenance_dag.py
[2026-08-31T11:53:15.758+0000] {processor.py:830} INFO - Processing file /opt/airflow/dags/maintenance_dag.py for tasks to queue
[2026-08-31T11:53:15.761+0000] {logging_mixin.py:188} INFO - [2026-08-31T11:53:15.760+0000] {dagbag.py:545} INFO - Filling up the DagBag from /opt/airflow/dags/maintenance_dag.py
[2026-08-31T11:53:15.789+0000] {processor.py:840} INFO - DAG(s) 'hybrid_lakehouse_weekly_maintenance' retrieved from /opt/airflow/dags/maintenance_dag.py
[2026-08-31T11:53:15.950+0000] {logging_mixin.py:188} INFO - [2026-08-31T11:53:15.949+0000] {dag.py:3089} INFO - Sync 1 DAGs
[2026-08-31T11:53:15.989+0000] {logging_mixin.py:188} INFO - [2026-08-31T11:53:15.988+0000] {dag.py:3947} INFO - Setting next_dagrun for hybrid_lakehouse_weekly_maintenance to 2026-08-30 03:00:00+00:00, run_after=2026-09-06 03:00:00+00:00
[2026-08-31T11:53:16.011+0000] {processor.py:183} INFO - Processing /opt/airflow/dags/maintenance_dag.py took 0.263 seconds
[2026-08-31T11:53:46.260+0000] {processor.py:161} INFO - Started process (PID=2901) to work on /opt/airflow/dags/maintenance_dag.py
[2026-08-31T11:53:46.261+0000] {processor.py:830} INFO - Processing file /opt/airflow/dags/maintenance_dag.py for tasks to queue
[2026-08-31T11:53:46.264+0000] {logging_mixin.py:188} INFO - [2026-08-31T11:53:46.264+0000] {dagbag.py:545} INFO - Filling up the DagBag from /opt/airflow/dags/maintenance_dag.py
[2026-08-31T11:53:46.290+0000] {processor.py:840} INFO - DAG(s) 'hybrid_lakehouse_weekly_maintenance' retrieved from /opt/airflow/dags/maintenance_dag.py
[2026-08-31T11:53:46.398+0000] {logging_mixin.py:188} INFO - [2026-08-31T11:53:46.398+0000] {dag.py:3089} INFO - Sync 1 DAGs
[2026-08-31T11:53:46.421+0000] {logging_mixin.py:188} INFO - [2026-08-31T11:53:46.421+0000] {dag.py:3947} INFO - Setting next_dagrun for hybrid_lakehouse_weekly_maintenance to 2026-08-30 03:00:00+00:00, run_after=2026-09-06 03:00:00+00:00
[2026-08-31T11:53:46.455+0000] {processor.py:183} INFO - Processing /opt/airflow/dags/maintenance_dag.py took 0.202 seconds
[2026-08-31T11:54:16.725+0000] {processor.py:161} INFO - Started process (PID=2916) to work on /opt/airflow/dags/maintenance_dag.py
[2026-08-31T11:54:16.726+0000] {processor.py:830} INFO - Processing file /opt/airflow/dags/maintenance_dag.py for tasks to queue
[2026-08-31T11:54:16.729+0000] {logging_mixin.py:188} INFO - [2026-08-31T11:54:16.728+0000] {dagbag.py:545} INFO - Filling up the DagBag from /opt/airflow/dags/maintenance_dag.py
[2026-08-31T11:54:16.750+0000] {processor.py:840} INFO - DAG(s) 'hybrid_lakehouse_weekly_maintenance' retrieved from /opt/airflow/dags/maintenance_dag.py
[2026-08-31T11:54:16.852+0000] {logging_mixin.py:188} INFO - [2026-08-31T11:54:16.852+0000] {dag.py:3089} INFO - Sync 1 DAGs
[2026-08-31T11:54:16.871+0000] {logging_mixin.py:188} INFO - [2026-08-31T11:54:16.870+0000] {dag.py:3947} INFO - Setting next_dagrun for hybrid_lakehouse_weekly_maintenance to 2026-08-30 03:00:00+00:00, run_after=2026-09-06 03:00:00+00:00
[2026-08-31T11:54:16.893+0000] {processor.py:183} INFO - Processing /opt/airflow/dags/maintenance_dag.py took 0.175 seconds
[2026-08-31T11:54:47.137+0000] {processor.py:161} INFO - Started process (PID=2931) to work on /opt/airflow/dags/maintenance_dag.py
[2026-08-31T11:54:47.138+0000] {processor.py:830} INFO - Processing file /opt/airflow/dags/maintenance_dag.py for tasks to queue
[2026-08-31T11:54:47.141+0000] {logging_mixin.py:188} INFO - [2026-08-31T11:54:47.141+0000] {dagbag.py:545} INFO - Filling up the DagBag from /opt/airflow/dags/maintenance_dag.py
[2026-08-31T11:54:47.167+0000] {processor.py:840} INFO - DAG(s) 'hybrid_lakehouse_weekly_maintenance' retrieved from /opt/airflow/dags/maintenance_dag.py
[2026-08-31T11:54:47.290+0000] {logging_mixin.py:188} INFO - [2026-08-31T11:54:47.289+0000] {dag.py:3089} INFO - Sync 1 DAGs
[2026-08-31T11:54:47.307+0000] {logging_mixin.py:188} INFO - [2026-08-31T11:54:47.307+0000] {dag.py:3947} INFO - Setting next_dagrun for hybrid_lakehouse_weekly_maintenance to 2026-08-30 03:00:00+00:00, run_after=2026-09-06 03:00:00+00:00
[2026-08-31T11:54:47.326+0000] {processor.py:183} INFO - Processing /opt/airflow/dags/maintenance_dag.py took 0.196 seconds
[2026-08-31T11:55:17.565+0000] {processor.py:161} INFO - Started process (PID=2946) to work on /opt/airflow/dags/maintenance_dag.py
[2026-08-31T11:55:17.566+0000] {processor.py:830} INFO - Processing file /opt/airflow/dags/maintenance_dag.py for tasks to queue
[2026-08-31T11:55:17.568+0000] {logging_mixin.py:188} INFO - [2026-08-31T11:55:17.568+0000] {dagbag.py:545} INFO - Filling up the DagBag from /opt/airflow/dags/maintenance_dag.py
[2026-08-31T11:55:17.590+0000] {processor.py:840} INFO - DAG(s) 'hybrid_lakehouse_weekly_maintenance' retrieved from /opt/airflow/dags/maintenance_dag.py
[2026-08-31T11:55:17.681+0000] {logging_mixin.py:188} INFO - [2026-08-31T11:55:17.681+0000] {dag.py:3089} INFO - Sync 1 DAGs
[2026-08-31T11:55:17.700+0000] {logging_mixin.py:188} INFO - [2026-08-31T11:55:17.699+0000] {dag.py:3947} INFO - Setting next_dagrun for hybrid_lakehouse_weekly_maintenance to 2026-08-30 03:00:00+00:00, run_after=2026-09-06 03:00:00+00:00
[2026-08-31T11:55:17.720+0000] {processor.py:183} INFO - Processing /opt/airflow/dags/maintenance_dag.py took 0.161 seconds
[2026-08-31T11:55:47.960+0000] {processor.py:161} INFO - Started process (PID=2961) to work on /opt/airflow/dags/maintenance_dag.py
[2026-08-31T11:55:47.961+0000] {processor.py:830} INFO - Processing file /opt/airflow/dags/maintenance_dag.py for tasks to queue
[2026-08-31T11:55:47.964+0000] {logging_mixin.py:188} INFO - [2026-08-31T11:55:47.963+0000] {dagbag.py:545} INFO - Filling up the DagBag from /opt/airflow/dags/maintenance_dag.py
[2026-08-31T11:55:47.986+0000] {processor.py:840} INFO - DAG(s) 'hybrid_lakehouse_weekly_maintenance' retrieved from /opt/airflow/dags/maintenance_dag.py
[2026-08-31T11:55:48.097+0000] {logging_mixin.py:188} INFO - [2026-08-31T11:55:48.096+0000] {dag.py:3089} INFO - Sync 1 DAGs
[2026-08-31T11:55:48.119+0000] {logging_mixin.py:188} INFO - [2026-08-31T11:55:48.118+0000] {dag.py:3947} INFO - Setting next_dagrun for hybrid_lakehouse_weekly_maintenance to 2026-08-30 03:00:00+00:00, run_after=2026-09-06 03:00:00+00:00
[2026-08-31T11:55:48.146+0000] {processor.py:183} INFO - Processing /opt/airflow/dags/maintenance_dag.py took 0.193 seconds
[2026-08-31T11:56:18.391+0000] {processor.py:161} INFO - Started process (PID=2976) to work on /opt/airflow/dags/maintenance_dag.py
[2026-08-31T11:56:18.392+0000] {processor.py:830} INFO - Processing file /opt/airflow/dags/maintenance_dag.py for tasks to queue
[2026-08-31T11:56:18.394+0000] {logging_mixin.py:188} INFO - [2026-08-31T11:56:18.394+0000] {dagbag.py:545} INFO - Filling up the DagBag from /opt/airflow/dags/maintenance_dag.py
[2026-08-31T11:56:18.416+0000] {processor.py:840} INFO - DAG(s) 'hybrid_lakehouse_weekly_maintenance' retrieved from /opt/airflow/dags/maintenance_dag.py
[2026-08-31T11:56:18.520+0000] {logging_mixin.py:188} INFO - [2026-08-31T11:56:18.520+0000] {dag.py:3089} INFO - Sync 1 DAGs
[2026-08-31T11:56:18.542+0000] {logging_mixin.py:188} INFO - [2026-08-31T11:56:18.542+0000] {dag.py:3947} INFO - Setting next_dagrun for hybrid_lakehouse_weekly_maintenance to 2026-08-30 03:00:00+00:00, run_after=2026-09-06 03:00:00+00:00
[2026-08-31T11:56:18.567+0000] {processor.py:183} INFO - Processing /opt/airflow/dags/maintenance_dag.py took 0.184 seconds
[2026-08-31T11:56:48.814+0000] {processor.py:161} INFO - Started process (PID=2991) to work on /opt/airflow/dags/maintenance_dag.py
[2026-08-31T11:56:48.816+0000] {processor.py:830} INFO - Processing file /opt/airflow/dags/maintenance_dag.py for tasks to queue
[2026-08-31T11:56:48.818+0000] {logging_mixin.py:188} INFO - [2026-08-31T11:56:48.818+0000] {dagbag.py:545} INFO - Filling up the DagBag from /opt/airflow/dags/maintenance_dag.py
[2026-08-31T11:56:48.840+0000] {processor.py:840} INFO - DAG(s) 'hybrid_lakehouse_weekly_maintenance' retrieved from /opt/airflow/dags/maintenance_dag.py
[2026-08-31T11:56:48.954+0000] {logging_mixin.py:188} INFO - [2026-08-31T11:56:48.954+0000] {dag.py:3089} INFO - Sync 1 DAGs
[2026-08-31T11:56:48.977+0000] {logging_mixin.py:188} INFO - [2026-08-31T11:56:48.977+0000] {dag.py:3947} INFO - Setting next_dagrun for hybrid_lakehouse_weekly_maintenance to 2026-08-30 03:00:00+00:00, run_after=2026-09-06 03:00:00+00:00
[2026-08-31T11:56:49.002+0000] {processor.py:183} INFO - Processing /opt/airflow/dags/maintenance_dag.py took 0.194 seconds
[2026-08-31T11:57:19.250+0000] {processor.py:161} INFO - Started process (PID=3006) to work on /opt/airflow/dags/maintenance_dag.py
[2026-08-31T11:57:19.251+0000] {processor.py:830} INFO - Processing file /opt/airflow/dags/maintenance_dag.py for tasks to queue
[2026-08-31T11:57:19.253+0000] {logging_mixin.py:188} INFO - [2026-08-31T11:57:19.253+0000] {dagbag.py:545} INFO - Filling up the DagBag from /opt/airflow/dags/maintenance_dag.py
[2026-08-31T11:57:19.272+0000] {processor.py:840} INFO - DAG(s) 'hybrid_lakehouse_weekly_maintenance' retrieved from /opt/airflow/dags/maintenance_dag.py
[2026-08-31T11:57:19.359+0000] {logging_mixin.py:188} INFO - [2026-08-31T11:57:19.359+0000] {dag.py:3089} INFO - Sync 1 DAGs
[2026-08-31T11:57:19.377+0000] {logging_mixin.py:188} INFO - [2026-08-31T11:57:19.377+0000] {dag.py:3947} INFO - Setting next_dagrun for hybrid_lakehouse_weekly_maintenance to 2026-08-30 03:00:00+00:00, run_after=2026-09-06 03:00:00+00:00
[2026-08-31T11:57:19.402+0000] {processor.py:183} INFO - Processing /opt/airflow/dags/maintenance_dag.py took 0.158 seconds
[2026-08-31T11:57:49.643+0000] {processor.py:161} INFO - Started process (PID=3021) to work on /opt/airflow/dags/maintenance_dag.py
[2026-08-31T11:57:49.644+0000] {processor.py:830} INFO - Processing file /opt/airflow/dags/maintenance_dag.py for tasks to queue
[2026-08-31T11:57:49.646+0000] {logging_mixin.py:188} INFO - [2026-08-31T11:57:49.645+0000] {dagbag.py:545} INFO - Filling up the DagBag from /opt/airflow/dags/maintenance_dag.py
[2026-08-31T11:57:49.667+0000] {processor.py:840} INFO - DAG(s) 'hybrid_lakehouse_weekly_maintenance' retrieved from /opt/airflow/dags/maintenance_dag.py
[2026-08-31T11:57:49.777+0000] {logging_mixin.py:188} INFO - [2026-08-31T11:57:49.777+0000] {dag.py:3089} INFO - Sync 1 DAGs
[2026-08-31T11:57:49.801+0000] {logging_mixin.py:188} INFO - [2026-08-31T11:57:49.801+0000] {dag.py:3947} INFO - Setting next_dagrun for hybrid_lakehouse_weekly_maintenance to 2026-08-30 03:00:00+00:00, run_after=2026-09-06 03:00:00+00:00
[2026-08-31T11:57:49.822+0000] {processor.py:183} INFO - Processing /opt/airflow/dags/maintenance_dag.py took 0.186 seconds
[2026-08-31T11:58:20.075+0000] {processor.py:161} INFO - Started process (PID=3036) to work on /opt/airflow/dags/maintenance_dag.py
[2026-08-31T11:58:20.077+0000] {processor.py:830} INFO - Processing file /opt/airflow/dags/maintenance_dag.py for tasks to queue
[2026-08-31T11:58:20.079+0000] {logging_mixin.py:188} INFO - [2026-08-31T11:58:20.078+0000] {dagbag.py:545} INFO - Filling up the DagBag from /opt/airflow/dags/maintenance_dag.py
[2026-08-31T11:58:20.098+0000] {processor.py:840} INFO - DAG(s) 'hybrid_lakehouse_weekly_maintenance' retrieved from /opt/airflow/dags/maintenance_dag.py
[2026-08-31T11:58:20.188+0000] {logging_mixin.py:188} INFO - [2026-08-31T11:58:20.188+0000] {dag.py:3089} INFO - Sync 1 DAGs
[2026-08-31T11:58:20.209+0000] {logging_mixin.py:188} INFO - [2026-08-31T11:58:20.208+0000] {dag.py:3947} INFO - Setting next_dagrun for hybrid_lakehouse_weekly_maintenance to 2026-08-30 03:00:00+00:00, run_after=2026-09-06 03:00:00+00:00
[2026-08-31T11:58:20.232+0000] {processor.py:183} INFO - Processing /opt/airflow/dags/maintenance_dag.py took 0.162 seconds
[2026-08-31T11:58:50.488+0000] {processor.py:161} INFO - Started process (PID=3051) to work on /opt/airflow/dags/maintenance_dag.py
[2026-08-31T11:58:50.490+0000] {processor.py:830} INFO - Processing file /opt/airflow/dags/maintenance_dag.py for tasks to queue
[2026-08-31T11:58:50.493+0000] {logging_mixin.py:188} INFO - [2026-08-31T11:58:50.493+0000] {dagbag.py:545} INFO - Filling up the DagBag from /opt/airflow/dags/maintenance_dag.py
[2026-08-31T11:58:50.519+0000] {processor.py:840} INFO - DAG(s) 'hybrid_lakehouse_weekly_maintenance' retrieved from /opt/airflow/dags/maintenance_dag.py
[2026-08-31T11:58:50.641+0000] {logging_mixin.py:188} INFO - [2026-08-31T11:58:50.641+0000] {dag.py:3089} INFO - Sync 1 DAGs
[2026-08-31T11:58:50.666+0000] {logging_mixin.py:188} INFO - [2026-08-31T11:58:50.666+0000] {dag.py:3947} INFO - Setting next_dagrun for hybrid_lakehouse_weekly_maintenance to 2026-08-30 03:00:00+00:00, run_after=2026-09-06 03:00:00+00:00
[2026-08-31T11:58:50.689+0000] {processor.py:183} INFO - Processing /opt/airflow/dags/maintenance_dag.py took 0.210 seconds
[2026-08-31T11:59:20.957+0000] {processor.py:161} INFO - Started process (PID=3066) to work on /opt/airflow/dags/maintenance_dag.py
[2026-08-31T11:59:20.958+0000] {processor.py:830} INFO - Processing file /opt/airflow/dags/maintenance_dag.py for tasks to queue
[2026-08-31T11:59:20.961+0000] {logging_mixin.py:188} INFO - [2026-08-31T11:59:20.961+0000] {dagbag.py:545} INFO - Filling up the DagBag from /opt/airflow/dags/maintenance_dag.py
[2026-08-31T11:59:20.983+0000] {processor.py:840} INFO - DAG(s) 'hybrid_lakehouse_weekly_maintenance' retrieved from /opt/airflow/dags/maintenance_dag.py
[2026-08-31T11:59:21.091+0000] {logging_mixin.py:188} INFO - [2026-08-31T11:59:21.090+0000] {dag.py:3089} INFO - Sync 1 DAGs
[2026-08-31T11:59:21.115+0000] {logging_mixin.py:188} INFO - [2026-08-31T11:59:21.115+0000] {dag.py:3947} INFO - Setting next_dagrun for hybrid_lakehouse_weekly_maintenance to 2026-08-30 03:00:00+00:00, run_after=2026-09-06 03:00:00+00:00
[2026-08-31T11:59:21.143+0000] {processor.py:183} INFO - Processing /opt/airflow/dags/maintenance_dag.py took 0.192 seconds
[2026-08-31T11:59:51.384+0000] {processor.py:161} INFO - Started process (PID=3081) to work on /opt/airflow/dags/maintenance_dag.py
[2026-08-31T11:59:51.385+0000] {processor.py:830} INFO - Processing file /opt/airflow/dags/maintenance_dag.py for tasks to queue
[2026-08-31T11:59:51.388+0000] {logging_mixin.py:188} INFO - [2026-08-31T11:59:51.387+0000] {dagbag.py:545} INFO - Filling up the DagBag from /opt/airflow/dags/maintenance_dag.py
[2026-08-31T11:59:51.412+0000] {processor.py:840} INFO - DAG(s) 'hybrid_lakehouse_weekly_maintenance' retrieved from /opt/airflow/dags/maintenance_dag.py
[2026-08-31T11:59:51.506+0000] {logging_mixin.py:188} INFO - [2026-08-31T11:59:51.505+0000] {dag.py:3089} INFO - Sync 1 DAGs
[2026-08-31T11:59:51.523+0000] {logging_mixin.py:188} INFO - [2026-08-31T11:59:51.523+0000] {dag.py:3947} INFO - Setting next_dagrun for hybrid_lakehouse_weekly_maintenance to 2026-08-30 03:00:00+00:00, run_after=2026-09-06 03:00:00+00:00
[2026-08-31T11:59:51.541+0000] {processor.py:183} INFO - Processing /opt/airflow/dags/maintenance_dag.py took 0.163 seconds
[2026-08-31T12:00:21.803+0000] {processor.py:161} INFO - Started process (PID=3096) to work on /opt/airflow/dags/maintenance_dag.py
[2026-08-31T12:00:21.804+0000] {processor.py:830} INFO - Processing file /opt/airflow/dags/maintenance_dag.py for tasks to queue
[2026-08-31T12:00:21.807+0000] {logging_mixin.py:188} INFO - [2026-08-31T12:00:21.806+0000] {dagbag.py:545} INFO - Filling up the DagBag from /opt/airflow/dags/maintenance_dag.py
[2026-08-31T12:00:21.825+0000] {processor.py:840} INFO - DAG(s) 'hybrid_lakehouse_weekly_maintenance' retrieved from /opt/airflow/dags/maintenance_dag.py
[2026-08-31T12:00:21.915+0000] {logging_mixin.py:188} INFO - [2026-08-31T12:00:21.914+0000] {dag.py:3089} INFO - Sync 1 DAGs
[2026-08-31T12:00:21.932+0000] {logging_mixin.py:188} INFO - [2026-08-31T12:00:21.931+0000] {dag.py:3947} INFO - Setting next_dagrun for hybrid_lakehouse_weekly_maintenance to 2026-08-30 03:00:00+00:00, run_after=2026-09-06 03:00:00+00:00
[2026-08-31T12:00:21.949+0000] {processor.py:183} INFO - Processing /opt/airflow/dags/maintenance_dag.py took 0.153 seconds
[2026-08-31T12:00:52.205+0000] {processor.py:161} INFO - Started process (PID=3111) to work on /opt/airflow/dags/maintenance_dag.py
[2026-08-31T12:00:52.206+0000] {processor.py:830} INFO - Processing file /opt/airflow/dags/maintenance_dag.py for tasks to queue
[2026-08-31T12:00:52.209+0000] {logging_mixin.py:188} INFO - [2026-08-31T12:00:52.208+0000] {dagbag.py:545} INFO - Filling up the DagBag from /opt/airflow/dags/maintenance_dag.py
[2026-08-31T12:00:52.231+0000] {processor.py:840} INFO - DAG(s) 'hybrid_lakehouse_weekly_maintenance' retrieved from /opt/airflow/dags/maintenance_dag.py
[2026-08-31T12:00:52.333+0000] {logging_mixin.py:188} INFO - [2026-08-31T12:00:52.332+0000] {dag.py:3089} INFO - Sync 1 DAGs
[2026-08-31T12:00:52.350+0000] {logging_mixin.py:188} INFO - [2026-08-31T12:00:52.350+0000] {dag.py:3947} INFO - Setting next_dagrun for hybrid_lakehouse_weekly_maintenance to 2026-08-30 03:00:00+00:00, run_after=2026-09-06 03:00:00+00:00
[2026-08-31T12:00:52.372+0000] {processor.py:183} INFO - Processing /opt/airflow/dags/maintenance_dag.py took 0.173 seconds
[2026-08-31T12:01:22.622+0000] {processor.py:161} INFO - Started process (PID=3126) to work on /opt/airflow/dags/maintenance_dag.py
[2026-08-31T12:01:22.625+0000] {processor.py:830} INFO - Processing file /opt/airflow/dags/maintenance_dag.py for tasks to queue
[2026-08-31T12:01:22.630+0000] {logging_mixin.py:188} INFO - [2026-08-31T12:01:22.629+0000] {dagbag.py:545} INFO - Filling up the DagBag from /opt/airflow/dags/maintenance_dag.py
[2026-08-31T12:01:22.666+0000] {processor.py:840} INFO - DAG(s) 'hybrid_lakehouse_weekly_maintenance' retrieved from /opt/airflow/dags/maintenance_dag.py
[2026-08-31T12:01:22.779+0000] {logging_mixin.py:188} INFO - [2026-08-31T12:01:22.778+0000] {dag.py:3089} INFO - Sync 1 DAGs
[2026-08-31T12:01:22.801+0000] {logging_mixin.py:188} INFO - [2026-08-31T12:01:22.801+0000] {dag.py:3947} INFO - Setting next_dagrun for hybrid_lakehouse_weekly_maintenance to 2026-08-30 03:00:00+00:00, run_after=2026-09-06 03:00:00+00:00
[2026-08-31T12:01:22.827+0000] {processor.py:183} INFO - Processing /opt/airflow/dags/maintenance_dag.py took 0.214 seconds
[2026-08-31T12:01:53.062+0000] {processor.py:161} INFO - Started process (PID=3141) to work on /opt/airflow/dags/maintenance_dag.py
[2026-08-31T12:01:53.063+0000] {processor.py:830} INFO - Processing file /opt/airflow/dags/maintenance_dag.py for tasks to queue
[2026-08-31T12:01:53.065+0000] {logging_mixin.py:188} INFO - [2026-08-31T12:01:53.065+0000] {dagbag.py:545} INFO - Filling up the DagBag from /opt/airflow/dags/maintenance_dag.py
[2026-08-31T12:01:53.088+0000] {processor.py:840} INFO - DAG(s) 'hybrid_lakehouse_weekly_maintenance' retrieved from /opt/airflow/dags/maintenance_dag.py
[2026-08-31T12:01:53.190+0000] {logging_mixin.py:188} INFO - [2026-08-31T12:01:53.190+0000] {dag.py:3089} INFO - Sync 1 DAGs
[2026-08-31T12:01:53.212+0000] {logging_mixin.py:188} INFO - [2026-08-31T12:01:53.212+0000] {dag.py:3947} INFO - Setting next_dagrun for hybrid_lakehouse_weekly_maintenance to 2026-08-30 03:00:00+00:00, run_after=2026-09-06 03:00:00+00:00
[2026-08-31T12:01:53.233+0000] {processor.py:183} INFO - Processing /opt/airflow/dags/maintenance_dag.py took 0.177 seconds
[2026-08-31T12:02:23.466+0000] {processor.py:161} INFO - Started process (PID=3156) to work on /opt/airflow/dags/maintenance_dag.py
[2026-08-31T12:02:23.467+0000] {processor.py:830} INFO - Processing file /opt/airflow/dags/maintenance_dag.py for tasks to queue
[2026-08-31T12:02:23.469+0000] {logging_mixin.py:188} INFO - [2026-08-31T12:02:23.469+0000] {dagbag.py:545} INFO - Filling up the DagBag from /opt/airflow/dags/maintenance_dag.py
[2026-08-31T12:02:23.492+0000] {processor.py:840} INFO - DAG(s) 'hybrid_lakehouse_weekly_maintenance' retrieved from /opt/airflow/dags/maintenance_dag.py
[2026-08-31T12:02:23.597+0000] {logging_mixin.py:188} INFO - [2026-08-31T12:02:23.596+0000] {dag.py:3089} INFO - Sync 1 DAGs
[2026-08-31T12:02:23.640+0000] {logging_mixin.py:188} INFO - [2026-08-31T12:02:23.640+0000] {dag.py:3947} INFO - Setting next_dagrun for hybrid_lakehouse_weekly_maintenance to 2026-08-30 03:00:00+00:00, run_after=2026-09-06 03:00:00+00:00
[2026-08-31T12:02:23.677+0000] {processor.py:183} INFO - Processing /opt/airflow/dags/maintenance_dag.py took 0.219 seconds
[2026-08-31T12:02:53.942+0000] {processor.py:161} INFO - Started process (PID=3171) to work on /opt/airflow/dags/maintenance_dag.py
[2026-08-31T12:02:53.943+0000] {processor.py:830} INFO - Processing file /opt/airflow/dags/maintenance_dag.py for tasks to queue
[2026-08-31T12:02:53.945+0000] {logging_mixin.py:188} INFO - [2026-08-31T12:02:53.945+0000] {dagbag.py:545} INFO - Filling up the DagBag from /opt/airflow/dags/maintenance_dag.py
[2026-08-31T12:02:53.973+0000] {processor.py:840} INFO - DAG(s) 'hybrid_lakehouse_weekly_maintenance' retrieved from /opt/airflow/dags/maintenance_dag.py
[2026-08-31T12:02:54.104+0000] {logging_mixin.py:188} INFO - [2026-08-31T12:02:54.103+0000] {dag.py:3089} INFO - Sync 1 DAGs
[2026-08-31T12:02:54.128+0000] {logging_mixin.py:188} INFO - [2026-08-31T12:02:54.128+0000] {dag.py:3947} INFO - Setting next_dagrun for hybrid_lakehouse_weekly_maintenance to 2026-08-30 03:00:00+00:00, run_after=2026-09-06 03:00:00+00:00
[2026-08-31T12:02:54.155+0000] {processor.py:183} INFO - Processing /opt/airflow/dags/maintenance_dag.py took 0.220 seconds
[2026-08-31T12:03:24.416+0000] {processor.py:161} INFO - Started process (PID=3186) to work on /opt/airflow/dags/maintenance_dag.py
[2026-08-31T12:03:24.418+0000] {processor.py:830} INFO - Processing file /opt/airflow/dags/maintenance_dag.py for tasks to queue
[2026-08-31T12:03:24.422+0000] {logging_mixin.py:188} INFO - [2026-08-31T12:03:24.421+0000] {dagbag.py:545} INFO - Filling up the DagBag from /opt/airflow/dags/maintenance_dag.py
[2026-08-31T12:03:24.448+0000] {processor.py:840} INFO - DAG(s) 'hybrid_lakehouse_weekly_maintenance' retrieved from /opt/airflow/dags/maintenance_dag.py
[2026-08-31T12:03:24.572+0000] {logging_mixin.py:188} INFO - [2026-08-31T12:03:24.571+0000] {dag.py:3089} INFO - Sync 1 DAGs
[2026-08-31T12:03:24.596+0000] {logging_mixin.py:188} INFO - [2026-08-31T12:03:24.596+0000] {dag.py:3947} INFO - Setting next_dagrun for hybrid_lakehouse_weekly_maintenance to 2026-08-30 03:00:00+00:00, run_after=2026-09-06 03:00:00+00:00
[2026-08-31T12:03:24.623+0000] {processor.py:183} INFO - Processing /opt/airflow/dags/maintenance_dag.py took 0.216 seconds
[2026-08-31T12:03:54.905+0000] {processor.py:161} INFO - Started process (PID=3201) to work on /opt/airflow/dags/maintenance_dag.py
[2026-08-31T12:03:54.906+0000] {processor.py:830} INFO - Processing file /opt/airflow/dags/maintenance_dag.py for tasks to queue
[2026-08-31T12:03:54.909+0000] {logging_mixin.py:188} INFO - [2026-08-31T12:03:54.909+0000] {dagbag.py:545} INFO - Filling up the DagBag from /opt/airflow/dags/maintenance_dag.py
[2026-08-31T12:03:54.931+0000] {processor.py:840} INFO - DAG(s) 'hybrid_lakehouse_weekly_maintenance' retrieved from /opt/airflow/dags/maintenance_dag.py
[2026-08-31T12:03:55.042+0000] {logging_mixin.py:188} INFO - [2026-08-31T12:03:55.041+0000] {dag.py:3089} INFO - Sync 1 DAGs
[2026-08-31T12:03:55.064+0000] {logging_mixin.py:188} INFO - [2026-08-31T12:03:55.064+0000] {dag.py:3947} INFO - Setting next_dagrun for hybrid_lakehouse_weekly_maintenance to 2026-08-30 03:00:00+00:00, run_after=2026-09-06 03:00:00+00:00
[2026-08-31T12:03:55.086+0000] {processor.py:183} INFO - Processing /opt/airflow/dags/maintenance_dag.py took 0.188 seconds
[2026-08-31T12:04:25.323+0000] {processor.py:161} INFO - Started process (PID=3216) to work on /opt/airflow/dags/maintenance_dag.py
[2026-08-31T12:04:25.324+0000] {processor.py:830} INFO - Processing file /opt/airflow/dags/maintenance_dag.py for tasks to queue
[2026-08-31T12:04:25.326+0000] {logging_mixin.py:188} INFO - [2026-08-31T12:04:25.326+0000] {dagbag.py:545} INFO - Filling up the DagBag from /opt/airflow/dags/maintenance_dag.py
[2026-08-31T12:04:25.348+0000] {processor.py:840} INFO - DAG(s) 'hybrid_lakehouse_weekly_maintenance' retrieved from /opt/airflow/dags/maintenance_dag.py
[2026-08-31T12:04:25.454+0000] {logging_mixin.py:188} INFO - [2026-08-31T12:04:25.454+0000] {dag.py:3089} INFO - Sync 1 DAGs
[2026-08-31T12:04:25.479+0000] {logging_mixin.py:188} INFO - [2026-08-31T12:04:25.479+0000] {dag.py:3947} INFO - Setting next_dagrun for hybrid_lakehouse_weekly_maintenance to 2026-08-30 03:00:00+00:00, run_after=2026-09-06 03:00:00+00:00
[2026-08-31T12:04:25.507+0000] {processor.py:183} INFO - Processing /opt/airflow/dags/maintenance_dag.py took 0.190 seconds
[2026-08-31T12:04:55.742+0000] {processor.py:161} INFO - Started process (PID=3231) to work on /opt/airflow/dags/maintenance_dag.py
[2026-08-31T12:04:55.743+0000] {processor.py:830} INFO - Processing file /opt/airflow/dags/maintenance_dag.py for tasks to queue
[2026-08-31T12:04:55.746+0000] {logging_mixin.py:188} INFO - [2026-08-31T12:04:55.745+0000] {dagbag.py:545} INFO - Filling up the DagBag from /opt/airflow/dags/maintenance_dag.py
[2026-08-31T12:04:55.767+0000] {processor.py:840} INFO - DAG(s) 'hybrid_lakehouse_weekly_maintenance' retrieved from /opt/airflow/dags/maintenance_dag.py
[2026-08-31T12:04:55.857+0000] {logging_mixin.py:188} INFO - [2026-08-31T12:04:55.856+0000] {dag.py:3089} INFO - Sync 1 DAGs
[2026-08-31T12:04:55.878+0000] {logging_mixin.py:188} INFO - [2026-08-31T12:04:55.878+0000] {dag.py:3947} INFO - Setting next_dagrun for hybrid_lakehouse_weekly_maintenance to 2026-08-30 03:00:00+00:00, run_after=2026-09-06 03:00:00+00:00
[2026-08-31T12:04:55.900+0000] {processor.py:183} INFO - Processing /opt/airflow/dags/maintenance_dag.py took 0.166 seconds
[2026-08-31T12:05:26.136+0000] {processor.py:161} INFO - Started process (PID=3246) to work on /opt/airflow/dags/maintenance_dag.py
[2026-08-31T12:05:26.137+0000] {processor.py:830} INFO - Processing file /opt/airflow/dags/maintenance_dag.py for tasks to queue
[2026-08-31T12:05:26.139+0000] {logging_mixin.py:188} INFO - [2026-08-31T12:05:26.139+0000] {dagbag.py:545} INFO - Filling up the DagBag from /opt/airflow/dags/maintenance_dag.py
[2026-08-31T12:05:26.161+0000] {processor.py:840} INFO - DAG(s) 'hybrid_lakehouse_weekly_maintenance' retrieved from /opt/airflow/dags/maintenance_dag.py
[2026-08-31T12:05:26.251+0000] {logging_mixin.py:188} INFO - [2026-08-31T12:05:26.250+0000] {dag.py:3089} INFO - Sync 1 DAGs
[2026-08-31T12:05:26.267+0000] {logging_mixin.py:188} INFO - [2026-08-31T12:05:26.267+0000] {dag.py:3947} INFO - Setting next_dagrun for hybrid_lakehouse_weekly_maintenance to 2026-08-30 03:00:00+00:00, run_after=2026-09-06 03:00:00+00:00
[2026-08-31T12:05:26.288+0000] {processor.py:183} INFO - Processing /opt/airflow/dags/maintenance_dag.py took 0.158 seconds
[2026-08-31T12:05:56.537+0000] {processor.py:161} INFO - Started process (PID=3261) to work on /opt/airflow/dags/maintenance_dag.py
[2026-08-31T12:05:56.539+0000] {processor.py:830} INFO - Processing file /opt/airflow/dags/maintenance_dag.py for tasks to queue
[2026-08-31T12:05:56.542+0000] {logging_mixin.py:188} INFO - [2026-08-31T12:05:56.541+0000] {dagbag.py:545} INFO - Filling up the DagBag from /opt/airflow/dags/maintenance_dag.py
[2026-08-31T12:05:56.569+0000] {processor.py:840} INFO - DAG(s) 'hybrid_lakehouse_weekly_maintenance' retrieved from /opt/airflow/dags/maintenance_dag.py
[2026-08-31T12:05:56.678+0000] {logging_mixin.py:188} INFO - [2026-08-31T12:05:56.678+0000] {dag.py:3089} INFO - Sync 1 DAGs
[2026-08-31T12:05:56.698+0000] {logging_mixin.py:188} INFO - [2026-08-31T12:05:56.697+0000] {dag.py:3947} INFO - Setting next_dagrun for hybrid_lakehouse_weekly_maintenance to 2026-08-30 03:00:00+00:00, run_after=2026-09-06 03:00:00+00:00
[2026-08-31T12:05:56.723+0000] {processor.py:183} INFO - Processing /opt/airflow/dags/maintenance_dag.py took 0.193 seconds
[2026-08-31T12:06:26.967+0000] {processor.py:161} INFO - Started process (PID=3276) to work on /opt/airflow/dags/maintenance_dag.py
[2026-08-31T12:06:26.969+0000] {processor.py:830} INFO - Processing file /opt/airflow/dags/maintenance_dag.py for tasks to queue
[2026-08-31T12:06:26.971+0000] {logging_mixin.py:188} INFO - [2026-08-31T12:06:26.971+0000] {dagbag.py:545} INFO - Filling up the DagBag from /opt/airflow/dags/maintenance_dag.py
[2026-08-31T12:06:26.993+0000] {processor.py:840} INFO - DAG(s) 'hybrid_lakehouse_weekly_maintenance' retrieved from /opt/airflow/dags/maintenance_dag.py
[2026-08-31T12:06:27.085+0000] {logging_mixin.py:188} INFO - [2026-08-31T12:06:27.085+0000] {dag.py:3089} INFO - Sync 1 DAGs
[2026-08-31T12:06:27.103+0000] {logging_mixin.py:188} INFO - [2026-08-31T12:06:27.103+0000] {dag.py:3947} INFO - Setting next_dagrun for hybrid_lakehouse_weekly_maintenance to 2026-08-30 03:00:00+00:00, run_after=2026-09-06 03:00:00+00:00
[2026-08-31T12:06:27.126+0000] {processor.py:183} INFO - Processing /opt/airflow/dags/maintenance_dag.py took 0.164 seconds
[2026-08-31T12:06:57.370+0000] {processor.py:161} INFO - Started process (PID=3291) to work on /opt/airflow/dags/maintenance_dag.py
[2026-08-31T12:06:57.371+0000] {processor.py:830} INFO - Processing file /opt/airflow/dags/maintenance_dag.py for tasks to queue
[2026-08-31T12:06:57.374+0000] {logging_mixin.py:188} INFO - [2026-08-31T12:06:57.373+0000] {dagbag.py:545} INFO - Filling up the DagBag from /opt/airflow/dags/maintenance_dag.py
[2026-08-31T12:06:57.396+0000] {processor.py:840} INFO - DAG(s) 'hybrid_lakehouse_weekly_maintenance' retrieved from /opt/airflow/dags/maintenance_dag.py
[2026-08-31T12:06:57.500+0000] {logging_mixin.py:188} INFO - [2026-08-31T12:06:57.500+0000] {dag.py:3089} INFO - Sync 1 DAGs
[2026-08-31T12:06:57.520+0000] {logging_mixin.py:188} INFO - [2026-08-31T12:06:57.520+0000] {dag.py:3947} INFO - Setting next_dagrun for hybrid_lakehouse_weekly_maintenance to 2026-08-30 03:00:00+00:00, run_after=2026-09-06 03:00:00+00:00
[2026-08-31T12:06:57.549+0000] {processor.py:183} INFO - Processing /opt/airflow/dags/maintenance_dag.py took 0.185 seconds
[2026-08-31T12:07:27.811+0000] {processor.py:161} INFO - Started process (PID=3306) to work on /opt/airflow/dags/maintenance_dag.py
[2026-08-31T12:07:27.812+0000] {processor.py:830} INFO - Processing file /opt/airflow/dags/maintenance_dag.py for tasks to queue
[2026-08-31T12:07:27.814+0000] {logging_mixin.py:188} INFO - [2026-08-31T12:07:27.814+0000] {dagbag.py:545} INFO - Filling up the DagBag from /opt/airflow/dags/maintenance_dag.py
[2026-08-31T12:07:27.836+0000] {processor.py:840} INFO - DAG(s) 'hybrid_lakehouse_weekly_maintenance' retrieved from /opt/airflow/dags/maintenance_dag.py
[2026-08-31T12:07:27.933+0000] {logging_mixin.py:188} INFO - [2026-08-31T12:07:27.933+0000] {dag.py:3089} INFO - Sync 1 DAGs
[2026-08-31T12:07:27.951+0000] {logging_mixin.py:188} INFO - [2026-08-31T12:07:27.951+0000] {dag.py:3947} INFO - Setting next_dagrun for hybrid_lakehouse_weekly_maintenance to 2026-08-30 03:00:00+00:00, run_after=2026-09-06 03:00:00+00:00
[2026-08-31T12:07:27.970+0000] {processor.py:183} INFO - Processing /opt/airflow/dags/maintenance_dag.py took 0.166 seconds
[2026-08-31T12:07:58.220+0000] {processor.py:161} INFO - Started process (PID=3321) to work on /opt/airflow/dags/maintenance_dag.py
[2026-08-31T12:07:58.221+0000] {processor.py:830} INFO - Processing file /opt/airflow/dags/maintenance_dag.py for tasks to queue
[2026-08-31T12:07:58.223+0000] {logging_mixin.py:188} INFO - [2026-08-31T12:07:58.223+0000] {dagbag.py:545} INFO - Filling up the DagBag from /opt/airflow/dags/maintenance_dag.py
[2026-08-31T12:07:58.242+0000] {processor.py:840} INFO - DAG(s) 'hybrid_lakehouse_weekly_maintenance' retrieved from /opt/airflow/dags/maintenance_dag.py
[2026-08-31T12:07:58.331+0000] {logging_mixin.py:188} INFO - [2026-08-31T12:07:58.330+0000] {dag.py:3089} INFO - Sync 1 DAGs
[2026-08-31T12:07:58.349+0000] {logging_mixin.py:188} INFO - [2026-08-31T12:07:58.349+0000] {dag.py:3947} INFO - Setting next_dagrun for hybrid_lakehouse_weekly_maintenance to 2026-08-30 03:00:00+00:00, run_after=2026-09-06 03:00:00+00:00
[2026-08-31T12:07:58.371+0000] {processor.py:183} INFO - Processing /opt/airflow/dags/maintenance_dag.py took 0.157 seconds
[2026-08-31T12:08:28.623+0000] {processor.py:161} INFO - Started process (PID=3336) to work on /opt/airflow/dags/maintenance_dag.py
[2026-08-31T12:08:28.624+0000] {processor.py:830} INFO - Processing file /opt/airflow/dags/maintenance_dag.py for tasks to queue
[2026-08-31T12:08:28.626+0000] {logging_mixin.py:188} INFO - [2026-08-31T12:08:28.626+0000] {dagbag.py:545} INFO - Filling up the DagBag from /opt/airflow/dags/maintenance_dag.py
[2026-08-31T12:08:28.646+0000] {processor.py:840} INFO - DAG(s) 'hybrid_lakehouse_weekly_maintenance' retrieved from /opt/airflow/dags/maintenance_dag.py
[2026-08-31T12:08:28.728+0000] {logging_mixin.py:188} INFO - [2026-08-31T12:08:28.728+0000] {dag.py:3089} INFO - Sync 1 DAGs
[2026-08-31T12:08:28.744+0000] {logging_mixin.py:188} INFO - [2026-08-31T12:08:28.743+0000] {dag.py:3947} INFO - Setting next_dagrun for hybrid_lakehouse_weekly_maintenance to 2026-08-30 03:00:00+00:00, run_after=2026-09-06 03:00:00+00:00
[2026-08-31T12:08:28.760+0000] {processor.py:183} INFO - Processing /opt/airflow/dags/maintenance_dag.py took 0.144 seconds
[2026-08-31T12:08:59.054+0000] {processor.py:161} INFO - Started process (PID=3351) to work on /opt/airflow/dags/maintenance_dag.py
[2026-08-31T12:08:59.055+0000] {processor.py:830} INFO - Processing file /opt/airflow/dags/maintenance_dag.py for tasks to queue
[2026-08-31T12:08:59.057+0000] {logging_mixin.py:188} INFO - [2026-08-31T12:08:59.057+0000] {dagbag.py:545} INFO - Filling up the DagBag from /opt/airflow/dags/maintenance_dag.py
[2026-08-31T12:08:59.078+0000] {processor.py:840} INFO - DAG(s) 'hybrid_lakehouse_weekly_maintenance' retrieved from /opt/airflow/dags/maintenance_dag.py
[2026-08-31T12:08:59.168+0000] {logging_mixin.py:188} INFO - [2026-08-31T12:08:59.168+0000] {dag.py:3089} INFO - Sync 1 DAGs
[2026-08-31T12:08:59.186+0000] {logging_mixin.py:188} INFO - [2026-08-31T12:08:59.186+0000] {dag.py:3947} INFO - Setting next_dagrun for hybrid_lakehouse_weekly_maintenance to 2026-08-30 03:00:00+00:00, run_after=2026-09-06 03:00:00+00:00
[2026-08-31T12:08:59.206+0000] {processor.py:183} INFO - Processing /opt/airflow/dags/maintenance_dag.py took 0.160 seconds
[2026-08-31T12:09:29.443+0000] {processor.py:161} INFO - Started process (PID=3366) to work on /opt/airflow/dags/maintenance_dag.py
[2026-08-31T12:09:29.445+0000] {processor.py:830} INFO - Processing file /opt/airflow/dags/maintenance_dag.py for tasks to queue
[2026-08-31T12:09:29.447+0000] {logging_mixin.py:188} INFO - [2026-08-31T12:09:29.446+0000] {dagbag.py:545} INFO - Filling up the DagBag from /opt/airflow/dags/maintenance_dag.py
[2026-08-31T12:09:29.467+0000] {processor.py:840} INFO - DAG(s) 'hybrid_lakehouse_weekly_maintenance' retrieved from /opt/airflow/dags/maintenance_dag.py
[2026-08-31T12:09:29.567+0000] {logging_mixin.py:188} INFO - [2026-08-31T12:09:29.567+0000] {dag.py:3089} INFO - Sync 1 DAGs
[2026-08-31T12:09:29.590+0000] {logging_mixin.py:188} INFO - [2026-08-31T12:09:29.589+0000] {dag.py:3947} INFO - Setting next_dagrun for hybrid_lakehouse_weekly_maintenance to 2026-08-30 03:00:00+00:00, run_after=2026-09-06 03:00:00+00:00
[2026-08-31T12:09:29.612+0000] {processor.py:183} INFO - Processing /opt/airflow/dags/maintenance_dag.py took 0.176 seconds
[2026-08-31T12:09:59.896+0000] {processor.py:161} INFO - Started process (PID=3381) to work on /opt/airflow/dags/maintenance_dag.py
[2026-08-31T12:09:59.898+0000] {processor.py:830} INFO - Processing file /opt/airflow/dags/maintenance_dag.py for tasks to queue
[2026-08-31T12:09:59.902+0000] {logging_mixin.py:188} INFO - [2026-08-31T12:09:59.901+0000] {dagbag.py:545} INFO - Filling up the DagBag from /opt/airflow/dags/maintenance_dag.py
[2026-08-31T12:09:59.932+0000] {processor.py:840} INFO - DAG(s) 'hybrid_lakehouse_weekly_maintenance' retrieved from /opt/airflow/dags/maintenance_dag.py
[2026-08-31T12:10:00.071+0000] {logging_mixin.py:188} INFO - [2026-08-31T12:10:00.071+0000] {dag.py:3089} INFO - Sync 1 DAGs
[2026-08-31T12:10:00.092+0000] {logging_mixin.py:188} INFO - [2026-08-31T12:10:00.092+0000] {dag.py:3947} INFO - Setting next_dagrun for hybrid_lakehouse_weekly_maintenance to 2026-08-30 03:00:00+00:00, run_after=2026-09-06 03:00:00+00:00
[2026-08-31T12:10:00.115+0000] {processor.py:183} INFO - Processing /opt/airflow/dags/maintenance_dag.py took 0.229 seconds
[2026-08-31T12:10:30.372+0000] {processor.py:161} INFO - Started process (PID=3396) to work on /opt/airflow/dags/maintenance_dag.py
[2026-08-31T12:10:30.374+0000] {processor.py:830} INFO - Processing file /opt/airflow/dags/maintenance_dag.py for tasks to queue
[2026-08-31T12:10:30.376+0000] {logging_mixin.py:188} INFO - [2026-08-31T12:10:30.376+0000] {dagbag.py:545} INFO - Filling up the DagBag from /opt/airflow/dags/maintenance_dag.py
[2026-08-31T12:10:30.396+0000] {processor.py:840} INFO - DAG(s) 'hybrid_lakehouse_weekly_maintenance' retrieved from /opt/airflow/dags/maintenance_dag.py
[2026-08-31T12:10:30.517+0000] {logging_mixin.py:188} INFO - [2026-08-31T12:10:30.516+0000] {dag.py:3089} INFO - Sync 1 DAGs
[2026-08-31T12:10:30.540+0000] {logging_mixin.py:188} INFO - [2026-08-31T12:10:30.540+0000] {dag.py:3947} INFO - Setting next_dagrun for hybrid_lakehouse_weekly_maintenance to 2026-08-30 03:00:00+00:00, run_after=2026-09-06 03:00:00+00:00
[2026-08-31T12:10:30.562+0000] {processor.py:183} INFO - Processing /opt/airflow/dags/maintenance_dag.py took 0.196 seconds
[2026-08-31T12:11:00.803+0000] {processor.py:161} INFO - Started process (PID=3411) to work on /opt/airflow/dags/maintenance_dag.py
[2026-08-31T12:11:00.804+0000] {processor.py:830} INFO - Processing file /opt/airflow/dags/maintenance_dag.py for tasks to queue
[2026-08-31T12:11:00.806+0000] {logging_mixin.py:188} INFO - [2026-08-31T12:11:00.806+0000] {dagbag.py:545} INFO - Filling up the DagBag from /opt/airflow/dags/maintenance_dag.py
[2026-08-31T12:11:00.827+0000] {processor.py:840} INFO - DAG(s) 'hybrid_lakehouse_weekly_maintenance' retrieved from /opt/airflow/dags/maintenance_dag.py
[2026-08-31T12:11:00.915+0000] {logging_mixin.py:188} INFO - [2026-08-31T12:11:00.915+0000] {dag.py:3089} INFO - Sync 1 DAGs
[2026-08-31T12:11:00.932+0000] {logging_mixin.py:188} INFO - [2026-08-31T12:11:00.932+0000] {dag.py:3947} INFO - Setting next_dagrun for hybrid_lakehouse_weekly_maintenance to 2026-08-30 03:00:00+00:00, run_after=2026-09-06 03:00:00+00:00
[2026-08-31T12:11:00.951+0000] {processor.py:183} INFO - Processing /opt/airflow/dags/maintenance_dag.py took 0.153 seconds
[2026-08-31T12:11:31.192+0000] {processor.py:161} INFO - Started process (PID=3426) to work on /opt/airflow/dags/maintenance_dag.py
[2026-08-31T12:11:31.193+0000] {processor.py:830} INFO - Processing file /opt/airflow/dags/maintenance_dag.py for tasks to queue
[2026-08-31T12:11:31.195+0000] {logging_mixin.py:188} INFO - [2026-08-31T12:11:31.195+0000] {dagbag.py:545} INFO - Filling up the DagBag from /opt/airflow/dags/maintenance_dag.py
[2026-08-31T12:11:31.214+0000] {processor.py:840} INFO - DAG(s) 'hybrid_lakehouse_weekly_maintenance' retrieved from /opt/airflow/dags/maintenance_dag.py
[2026-08-31T12:11:31.301+0000] {logging_mixin.py:188} INFO - [2026-08-31T12:11:31.300+0000] {dag.py:3089} INFO - Sync 1 DAGs
[2026-08-31T12:11:31.317+0000] {logging_mixin.py:188} INFO - [2026-08-31T12:11:31.317+0000] {dag.py:3947} INFO - Setting next_dagrun for hybrid_lakehouse_weekly_maintenance to 2026-08-30 03:00:00+00:00, run_after=2026-09-06 03:00:00+00:00
[2026-08-31T12:11:31.334+0000] {processor.py:183} INFO - Processing /opt/airflow/dags/maintenance_dag.py took 0.148 seconds
[2026-08-31T12:12:01.569+0000] {processor.py:161} INFO - Started process (PID=3441) to work on /opt/airflow/dags/maintenance_dag.py
[2026-08-31T12:12:01.570+0000] {processor.py:830} INFO - Processing file /opt/airflow/dags/maintenance_dag.py for tasks to queue
[2026-08-31T12:12:01.573+0000] {logging_mixin.py:188} INFO - [2026-08-31T12:12:01.573+0000] {dagbag.py:545} INFO - Filling up the DagBag from /opt/airflow/dags/maintenance_dag.py
[2026-08-31T12:12:01.595+0000] {processor.py:840} INFO - DAG(s) 'hybrid_lakehouse_weekly_maintenance' retrieved from /opt/airflow/dags/maintenance_dag.py
[2026-08-31T12:12:01.688+0000] {logging_mixin.py:188} INFO - [2026-08-31T12:12:01.688+0000] {dag.py:3089} INFO - Sync 1 DAGs
[2026-08-31T12:12:01.705+0000] {logging_mixin.py:188} INFO - [2026-08-31T12:12:01.705+0000] {dag.py:3947} INFO - Setting next_dagrun for hybrid_lakehouse_weekly_maintenance to 2026-08-30 03:00:00+00:00, run_after=2026-09-06 03:00:00+00:00
[2026-08-31T12:12:01.725+0000] {processor.py:183} INFO - Processing /opt/airflow/dags/maintenance_dag.py took 0.163 seconds
[2026-08-31T12:12:31.959+0000] {processor.py:161} INFO - Started process (PID=3456) to work on /opt/airflow/dags/maintenance_dag.py
[2026-08-31T12:12:31.960+0000] {processor.py:830} INFO - Processing file /opt/airflow/dags/maintenance_dag.py for tasks to queue
[2026-08-31T12:12:31.962+0000] {logging_mixin.py:188} INFO - [2026-08-31T12:12:31.962+0000] {dagbag.py:545} INFO - Filling up the DagBag from /opt/airflow/dags/maintenance_dag.py
[2026-08-31T12:12:31.980+0000] {processor.py:840} INFO - DAG(s) 'hybrid_lakehouse_weekly_maintenance' retrieved from /opt/airflow/dags/maintenance_dag.py
[2026-08-31T12:12:32.064+0000] {logging_mixin.py:188} INFO - [2026-08-31T12:12:32.063+0000] {dag.py:3089} INFO - Sync 1 DAGs
[2026-08-31T12:12:32.082+0000] {logging_mixin.py:188} INFO - [2026-08-31T12:12:32.081+0000] {dag.py:3947} INFO - Setting next_dagrun for hybrid_lakehouse_weekly_maintenance to 2026-08-30 03:00:00+00:00, run_after=2026-09-06 03:00:00+00:00
[2026-08-31T12:12:32.103+0000] {processor.py:183} INFO - Processing /opt/airflow/dags/maintenance_dag.py took 0.150 seconds
[2026-08-31T12:13:02.335+0000] {processor.py:161} INFO - Started process (PID=3471) to work on /opt/airflow/dags/maintenance_dag.py
[2026-08-31T12:13:02.336+0000] {processor.py:830} INFO - Processing file /opt/airflow/dags/maintenance_dag.py for tasks to queue
[2026-08-31T12:13:02.338+0000] {logging_mixin.py:188} INFO - [2026-08-31T12:13:02.337+0000] {dagbag.py:545} INFO - Filling up the DagBag from /opt/airflow/dags/maintenance_dag.py
[2026-08-31T12:13:02.360+0000] {processor.py:840} INFO - DAG(s) 'hybrid_lakehouse_weekly_maintenance' retrieved from /opt/airflow/dags/maintenance_dag.py
[2026-08-31T12:13:02.445+0000] {logging_mixin.py:188} INFO - [2026-08-31T12:13:02.445+0000] {dag.py:3089} INFO - Sync 1 DAGs
[2026-08-31T12:13:02.462+0000] {logging_mixin.py:188} INFO - [2026-08-31T12:13:02.461+0000] {dag.py:3947} INFO - Setting next_dagrun for hybrid_lakehouse_weekly_maintenance to 2026-08-30 03:00:00+00:00, run_after=2026-09-06 03:00:00+00:00
[2026-08-31T12:13:02.482+0000] {processor.py:183} INFO - Processing /opt/airflow/dags/maintenance_dag.py took 0.154 seconds
[2026-08-31T12:13:32.709+0000] {processor.py:161} INFO - Started process (PID=3486) to work on /opt/airflow/dags/maintenance_dag.py
[2026-08-31T12:13:32.710+0000] {processor.py:830} INFO - Processing file /opt/airflow/dags/maintenance_dag.py for tasks to queue
[2026-08-31T12:13:32.712+0000] {logging_mixin.py:188} INFO - [2026-08-31T12:13:32.712+0000] {dagbag.py:545} INFO - Filling up the DagBag from /opt/airflow/dags/maintenance_dag.py
[2026-08-31T12:13:32.731+0000] {processor.py:840} INFO - DAG(s) 'hybrid_lakehouse_weekly_maintenance' retrieved from /opt/airflow/dags/maintenance_dag.py
[2026-08-31T12:13:32.818+0000] {logging_mixin.py:188} INFO - [2026-08-31T12:13:32.817+0000] {dag.py:3089} INFO - Sync 1 DAGs
[2026-08-31T12:13:32.835+0000] {logging_mixin.py:188} INFO - [2026-08-31T12:13:32.835+0000] {dag.py:3947} INFO - Setting next_dagrun for hybrid_lakehouse_weekly_maintenance to 2026-08-30 03:00:00+00:00, run_after=2026-09-06 03:00:00+00:00
[2026-08-31T12:13:32.852+0000] {processor.py:183} INFO - Processing /opt/airflow/dags/maintenance_dag.py took 0.149 seconds
[2026-08-31T12:14:03.130+0000] {processor.py:161} INFO - Started process (PID=3501) to work on /opt/airflow/dags/maintenance_dag.py
[2026-08-31T12:14:03.132+0000] {processor.py:830} INFO - Processing file /opt/airflow/dags/maintenance_dag.py for tasks to queue
[2026-08-31T12:14:03.134+0000] {logging_mixin.py:188} INFO - [2026-08-31T12:14:03.134+0000] {dagbag.py:545} INFO - Filling up the DagBag from /opt/airflow/dags/maintenance_dag.py
[2026-08-31T12:14:03.153+0000] {processor.py:840} INFO - DAG(s) 'hybrid_lakehouse_weekly_maintenance' retrieved from /opt/airflow/dags/maintenance_dag.py
[2026-08-31T12:14:03.244+0000] {logging_mixin.py:188} INFO - [2026-08-31T12:14:03.243+0000] {dag.py:3089} INFO - Sync 1 DAGs
[2026-08-31T12:14:03.262+0000] {logging_mixin.py:188} INFO - [2026-08-31T12:14:03.262+0000] {dag.py:3947} INFO - Setting next_dagrun for hybrid_lakehouse_weekly_maintenance to 2026-08-30 03:00:00+00:00, run_after=2026-09-06 03:00:00+00:00
[2026-08-31T12:14:03.281+0000] {processor.py:183} INFO - Processing /opt/airflow/dags/maintenance_dag.py took 0.157 seconds
[2026-08-31T12:14:33.537+0000] {processor.py:161} INFO - Started process (PID=3516) to work on /opt/airflow/dags/maintenance_dag.py
[2026-08-31T12:14:33.539+0000] {processor.py:830} INFO - Processing file /opt/airflow/dags/maintenance_dag.py for tasks to queue
[2026-08-31T12:14:33.541+0000] {logging_mixin.py:188} INFO - [2026-08-31T12:14:33.541+0000] {dagbag.py:545} INFO - Filling up the DagBag from /opt/airflow/dags/maintenance_dag.py
[2026-08-31T12:14:33.563+0000] {processor.py:840} INFO - DAG(s) 'hybrid_lakehouse_weekly_maintenance' retrieved from /opt/airflow/dags/maintenance_dag.py
[2026-08-31T12:14:33.665+0000] {logging_mixin.py:188} INFO - [2026-08-31T12:14:33.664+0000] {dag.py:3089} INFO - Sync 1 DAGs
[2026-08-31T12:14:33.685+0000] {logging_mixin.py:188} INFO - [2026-08-31T12:14:33.685+0000] {dag.py:3947} INFO - Setting next_dagrun for hybrid_lakehouse_weekly_maintenance to 2026-08-30 03:00:00+00:00, run_after=2026-09-06 03:00:00+00:00
[2026-08-31T12:14:33.709+0000] {processor.py:183} INFO - Processing /opt/airflow/dags/maintenance_dag.py took 0.179 seconds
[2026-08-31T12:15:03.976+0000] {processor.py:161} INFO - Started process (PID=3531) to work on /opt/airflow/dags/maintenance_dag.py
[2026-08-31T12:15:03.978+0000] {processor.py:830} INFO - Processing file /opt/airflow/dags/maintenance_dag.py for tasks to queue
[2026-08-31T12:15:03.980+0000] {logging_mixin.py:188} INFO - [2026-08-31T12:15:03.980+0000] {dagbag.py:545} INFO - Filling up the DagBag from /opt/airflow/dags/maintenance_dag.py
[2026-08-31T12:15:03.999+0000] {processor.py:840} INFO - DAG(s) 'hybrid_lakehouse_weekly_maintenance' retrieved from /opt/airflow/dags/maintenance_dag.py
[2026-08-31T12:15:04.098+0000] {logging_mixin.py:188} INFO - [2026-08-31T12:15:04.097+0000] {dag.py:3089} INFO - Sync 1 DAGs
[2026-08-31T12:15:04.115+0000] {logging_mixin.py:188} INFO - [2026-08-31T12:15:04.115+0000] {dag.py:3947} INFO - Setting next_dagrun for hybrid_lakehouse_weekly_maintenance to 2026-08-30 03:00:00+00:00, run_after=2026-09-06 03:00:00+00:00
[2026-08-31T12:15:04.132+0000] {processor.py:183} INFO - Processing /opt/airflow/dags/maintenance_dag.py took 0.162 seconds
[2026-08-31T12:15:34.363+0000] {processor.py:161} INFO - Started process (PID=3546) to work on /opt/airflow/dags/maintenance_dag.py
[2026-08-31T12:15:34.364+0000] {processor.py:830} INFO - Processing file /opt/airflow/dags/maintenance_dag.py for tasks to queue
[2026-08-31T12:15:34.366+0000] {logging_mixin.py:188} INFO - [2026-08-31T12:15:34.366+0000] {dagbag.py:545} INFO - Filling up the DagBag from /opt/airflow/dags/maintenance_dag.py
[2026-08-31T12:15:34.387+0000] {processor.py:840} INFO - DAG(s) 'hybrid_lakehouse_weekly_maintenance' retrieved from /opt/airflow/dags/maintenance_dag.py
[2026-08-31T12:15:34.480+0000] {logging_mixin.py:188} INFO - [2026-08-31T12:15:34.479+0000] {dag.py:3089} INFO - Sync 1 DAGs
[2026-08-31T12:15:34.505+0000] {logging_mixin.py:188} INFO - [2026-08-31T12:15:34.505+0000] {dag.py:3947} INFO - Setting next_dagrun for hybrid_lakehouse_weekly_maintenance to 2026-08-30 03:00:00+00:00, run_after=2026-09-06 03:00:00+00:00
[2026-08-31T12:15:34.530+0000] {processor.py:183} INFO - Processing /opt/airflow/dags/maintenance_dag.py took 0.172 seconds
[2026-08-31T12:16:04.782+0000] {processor.py:161} INFO - Started process (PID=3561) to work on /opt/airflow/dags/maintenance_dag.py
[2026-08-31T12:16:04.784+0000] {processor.py:830} INFO - Processing file /opt/airflow/dags/maintenance_dag.py for tasks to queue
[2026-08-31T12:16:04.786+0000] {logging_mixin.py:188} INFO - [2026-08-31T12:16:04.786+0000] {dagbag.py:545} INFO - Filling up the DagBag from /opt/airflow/dags/maintenance_dag.py
[2026-08-31T12:16:04.809+0000] {processor.py:840} INFO - DAG(s) 'hybrid_lakehouse_weekly_maintenance' retrieved from /opt/airflow/dags/maintenance_dag.py
[2026-08-31T12:16:04.910+0000] {logging_mixin.py:188} INFO - [2026-08-31T12:16:04.909+0000] {dag.py:3089} INFO - Sync 1 DAGs
[2026-08-31T12:16:04.933+0000] {logging_mixin.py:188} INFO - [2026-08-31T12:16:04.933+0000] {dag.py:3947} INFO - Setting next_dagrun for hybrid_lakehouse_weekly_maintenance to 2026-08-30 03:00:00+00:00, run_after=2026-09-06 03:00:00+00:00
[2026-08-31T12:16:04.956+0000] {processor.py:183} INFO - Processing /opt/airflow/dags/maintenance_dag.py took 0.181 seconds
[2026-08-31T12:16:35.225+0000] {processor.py:161} INFO - Started process (PID=3576) to work on /opt/airflow/dags/maintenance_dag.py
[2026-08-31T12:16:35.226+0000] {processor.py:830} INFO - Processing file /opt/airflow/dags/maintenance_dag.py for tasks to queue
[2026-08-31T12:16:35.229+0000] {logging_mixin.py:188} INFO - [2026-08-31T12:16:35.228+0000] {dagbag.py:545} INFO - Filling up the DagBag from /opt/airflow/dags/maintenance_dag.py
[2026-08-31T12:16:35.252+0000] {processor.py:840} INFO - DAG(s) 'hybrid_lakehouse_weekly_maintenance' retrieved from /opt/airflow/dags/maintenance_dag.py
[2026-08-31T12:16:35.338+0000] {logging_mixin.py:188} INFO - [2026-08-31T12:16:35.338+0000] {dag.py:3089} INFO - Sync 1 DAGs
[2026-08-31T12:16:35.359+0000] {logging_mixin.py:188} INFO - [2026-08-31T12:16:35.358+0000] {dag.py:3947} INFO - Setting next_dagrun for hybrid_lakehouse_weekly_maintenance to 2026-08-30 03:00:00+00:00, run_after=2026-09-06 03:00:00+00:00
[2026-08-31T12:16:35.381+0000] {processor.py:183} INFO - Processing /opt/airflow/dags/maintenance_dag.py took 0.166 seconds
[2026-08-31T12:17:05.625+0000] {processor.py:161} INFO - Started process (PID=3591) to work on /opt/airflow/dags/maintenance_dag.py
[2026-08-31T12:17:05.627+0000] {processor.py:830} INFO - Processing file /opt/airflow/dags/maintenance_dag.py for tasks to queue
[2026-08-31T12:17:05.629+0000] {logging_mixin.py:188} INFO - [2026-08-31T12:17:05.629+0000] {dagbag.py:545} INFO - Filling up the DagBag from /opt/airflow/dags/maintenance_dag.py
[2026-08-31T12:17:05.651+0000] {processor.py:840} INFO - DAG(s) 'hybrid_lakehouse_weekly_maintenance' retrieved from /opt/airflow/dags/maintenance_dag.py
[2026-08-31T12:17:05.754+0000] {logging_mixin.py:188} INFO - [2026-08-31T12:17:05.754+0000] {dag.py:3089} INFO - Sync 1 DAGs
[2026-08-31T12:17:05.774+0000] {logging_mixin.py:188} INFO - [2026-08-31T12:17:05.773+0000] {dag.py:3947} INFO - Setting next_dagrun for hybrid_lakehouse_weekly_maintenance to 2026-08-30 03:00:00+00:00, run_after=2026-09-06 03:00:00+00:00
[2026-08-31T12:17:05.794+0000] {processor.py:183} INFO - Processing /opt/airflow/dags/maintenance_dag.py took 0.175 seconds
[2026-08-31T12:17:36.039+0000] {processor.py:161} INFO - Started process (PID=3606) to work on /opt/airflow/dags/maintenance_dag.py
[2026-08-31T12:17:36.040+0000] {processor.py:830} INFO - Processing file /opt/airflow/dags/maintenance_dag.py for tasks to queue
[2026-08-31T12:17:36.043+0000] {logging_mixin.py:188} INFO - [2026-08-31T12:17:36.043+0000] {dagbag.py:545} INFO - Filling up the DagBag from /opt/airflow/dags/maintenance_dag.py
[2026-08-31T12:17:36.067+0000] {processor.py:840} INFO - DAG(s) 'hybrid_lakehouse_weekly_maintenance' retrieved from /opt/airflow/dags/maintenance_dag.py
[2026-08-31T12:17:36.173+0000] {logging_mixin.py:188} INFO - [2026-08-31T12:17:36.173+0000] {dag.py:3089} INFO - Sync 1 DAGs
[2026-08-31T12:17:36.195+0000] {logging_mixin.py:188} INFO - [2026-08-31T12:17:36.194+0000] {dag.py:3947} INFO - Setting next_dagrun for hybrid_lakehouse_weekly_maintenance to 2026-08-30 03:00:00+00:00, run_after=2026-09-06 03:00:00+00:00
[2026-08-31T12:17:36.214+0000] {processor.py:183} INFO - Processing /opt/airflow/dags/maintenance_dag.py took 0.182 seconds
[2026-08-31T12:18:06.475+0000] {processor.py:161} INFO - Started process (PID=3621) to work on /opt/airflow/dags/maintenance_dag.py
[2026-08-31T12:18:06.476+0000] {processor.py:830} INFO - Processing file /opt/airflow/dags/maintenance_dag.py for tasks to queue
[2026-08-31T12:18:06.479+0000] {logging_mixin.py:188} INFO - [2026-08-31T12:18:06.478+0000] {dagbag.py:545} INFO - Filling up the DagBag from /opt/airflow/dags/maintenance_dag.py
[2026-08-31T12:18:06.496+0000] {processor.py:840} INFO - DAG(s) 'hybrid_lakehouse_weekly_maintenance' retrieved from /opt/airflow/dags/maintenance_dag.py
[2026-08-31T12:18:06.583+0000] {logging_mixin.py:188} INFO - [2026-08-31T12:18:06.582+0000] {dag.py:3089} INFO - Sync 1 DAGs
[2026-08-31T12:18:06.601+0000] {logging_mixin.py:188} INFO - [2026-08-31T12:18:06.601+0000] {dag.py:3947} INFO - Setting next_dagrun for hybrid_lakehouse_weekly_maintenance to 2026-08-30 03:00:00+00:00, run_after=2026-09-06 03:00:00+00:00
[2026-08-31T12:18:06.623+0000] {processor.py:183} INFO - Processing /opt/airflow/dags/maintenance_dag.py took 0.154 seconds
[2026-08-31T12:18:36.851+0000] {processor.py:161} INFO - Started process (PID=3636) to work on /opt/airflow/dags/maintenance_dag.py
[2026-08-31T12:18:36.852+0000] {processor.py:830} INFO - Processing file /opt/airflow/dags/maintenance_dag.py for tasks to queue
[2026-08-31T12:18:36.854+0000] {logging_mixin.py:188} INFO - [2026-08-31T12:18:36.853+0000] {dagbag.py:545} INFO - Filling up the DagBag from /opt/airflow/dags/maintenance_dag.py
[2026-08-31T12:18:36.882+0000] {processor.py:840} INFO - DAG(s) 'hybrid_lakehouse_weekly_maintenance' retrieved from /opt/airflow/dags/maintenance_dag.py
[2026-08-31T12:18:37.014+0000] {logging_mixin.py:188} INFO - [2026-08-31T12:18:37.013+0000] {dag.py:3089} INFO - Sync 1 DAGs
[2026-08-31T12:18:37.033+0000] {logging_mixin.py:188} INFO - [2026-08-31T12:18:37.033+0000] {dag.py:3947} INFO - Setting next_dagrun for hybrid_lakehouse_weekly_maintenance to 2026-08-30 03:00:00+00:00, run_after=2026-09-06 03:00:00+00:00
[2026-08-31T12:18:37.054+0000] {processor.py:183} INFO - Processing /opt/airflow/dags/maintenance_dag.py took 0.210 seconds
[2026-08-31T12:19:07.343+0000] {processor.py:161} INFO - Started process (PID=3651) to work on /opt/airflow/dags/maintenance_dag.py
[2026-08-31T12:19:07.344+0000] {processor.py:830} INFO - Processing file /opt/airflow/dags/maintenance_dag.py for tasks to queue
[2026-08-31T12:19:07.346+0000] {logging_mixin.py:188} INFO - [2026-08-31T12:19:07.346+0000] {dagbag.py:545} INFO - Filling up the DagBag from /opt/airflow/dags/maintenance_dag.py
[2026-08-31T12:19:07.364+0000] {processor.py:840} INFO - DAG(s) 'hybrid_lakehouse_weekly_maintenance' retrieved from /opt/airflow/dags/maintenance_dag.py
[2026-08-31T12:19:07.446+0000] {logging_mixin.py:188} INFO - [2026-08-31T12:19:07.445+0000] {dag.py:3089} INFO - Sync 1 DAGs
[2026-08-31T12:19:07.463+0000] {logging_mixin.py:188} INFO - [2026-08-31T12:19:07.463+0000] {dag.py:3947} INFO - Setting next_dagrun for hybrid_lakehouse_weekly_maintenance to 2026-08-30 03:00:00+00:00, run_after=2026-09-06 03:00:00+00:00
[2026-08-31T12:19:07.484+0000] {processor.py:183} INFO - Processing /opt/airflow/dags/maintenance_dag.py took 0.147 seconds
[2026-08-31T12:19:37.729+0000] {processor.py:161} INFO - Started process (PID=3666) to work on /opt/airflow/dags/maintenance_dag.py
[2026-08-31T12:19:37.730+0000] {processor.py:830} INFO - Processing file /opt/airflow/dags/maintenance_dag.py for tasks to queue
[2026-08-31T12:19:37.732+0000] {logging_mixin.py:188} INFO - [2026-08-31T12:19:37.732+0000] {dagbag.py:545} INFO - Filling up the DagBag from /opt/airflow/dags/maintenance_dag.py
[2026-08-31T12:19:37.752+0000] {processor.py:840} INFO - DAG(s) 'hybrid_lakehouse_weekly_maintenance' retrieved from /opt/airflow/dags/maintenance_dag.py
[2026-08-31T12:19:37.841+0000] {logging_mixin.py:188} INFO - [2026-08-31T12:19:37.841+0000] {dag.py:3089} INFO - Sync 1 DAGs
[2026-08-31T12:19:37.859+0000] {logging_mixin.py:188} INFO - [2026-08-31T12:19:37.859+0000] {dag.py:3947} INFO - Setting next_dagrun for hybrid_lakehouse_weekly_maintenance to 2026-08-30 03:00:00+00:00, run_after=2026-09-06 03:00:00+00:00
[2026-08-31T12:19:37.884+0000] {processor.py:183} INFO - Processing /opt/airflow/dags/maintenance_dag.py took 0.161 seconds
[2026-08-31T12:20:08.124+0000] {processor.py:161} INFO - Started process (PID=3681) to work on /opt/airflow/dags/maintenance_dag.py
[2026-08-31T12:20:08.126+0000] {processor.py:830} INFO - Processing file /opt/airflow/dags/maintenance_dag.py for tasks to queue
[2026-08-31T12:20:08.128+0000] {logging_mixin.py:188} INFO - [2026-08-31T12:20:08.128+0000] {dagbag.py:545} INFO - Filling up the DagBag from /opt/airflow/dags/maintenance_dag.py
[2026-08-31T12:20:08.149+0000] {processor.py:840} INFO - DAG(s) 'hybrid_lakehouse_weekly_maintenance' retrieved from /opt/airflow/dags/maintenance_dag.py
[2026-08-31T12:20:08.241+0000] {logging_mixin.py:188} INFO - [2026-08-31T12:20:08.240+0000] {dag.py:3089} INFO - Sync 1 DAGs
[2026-08-31T12:20:08.259+0000] {logging_mixin.py:188} INFO - [2026-08-31T12:20:08.259+0000] {dag.py:3947} INFO - Setting next_dagrun for hybrid_lakehouse_weekly_maintenance to 2026-08-30 03:00:00+00:00, run_after=2026-09-06 03:00:00+00:00
[2026-08-31T12:20:08.278+0000] {processor.py:183} INFO - Processing /opt/airflow/dags/maintenance_dag.py took 0.160 seconds
[2026-08-31T12:20:38.529+0000] {processor.py:161} INFO - Started process (PID=3696) to work on /opt/airflow/dags/maintenance_dag.py
[2026-08-31T12:20:38.531+0000] {processor.py:830} INFO - Processing file /opt/airflow/dags/maintenance_dag.py for tasks to queue
[2026-08-31T12:20:38.533+0000] {logging_mixin.py:188} INFO - [2026-08-31T12:20:38.532+0000] {dagbag.py:545} INFO - Filling up the DagBag from /opt/airflow/dags/maintenance_dag.py
[2026-08-31T12:20:38.554+0000] {processor.py:840} INFO - DAG(s) 'hybrid_lakehouse_weekly_maintenance' retrieved from /opt/airflow/dags/maintenance_dag.py
[2026-08-31T12:20:38.641+0000] {logging_mixin.py:188} INFO - [2026-08-31T12:20:38.640+0000] {dag.py:3089} INFO - Sync 1 DAGs
[2026-08-31T12:20:38.657+0000] {logging_mixin.py:188} INFO - [2026-08-31T12:20:38.657+0000] {dag.py:3947} INFO - Setting next_dagrun for hybrid_lakehouse_weekly_maintenance to 2026-08-30 03:00:00+00:00, run_after=2026-09-06 03:00:00+00:00
[2026-08-31T12:20:38.680+0000] {processor.py:183} INFO - Processing /opt/airflow/dags/maintenance_dag.py took 0.157 seconds
[2026-08-31T12:21:08.942+0000] {processor.py:161} INFO - Started process (PID=3711) to work on /opt/airflow/dags/maintenance_dag.py
[2026-08-31T12:21:08.943+0000] {processor.py:830} INFO - Processing file /opt/airflow/dags/maintenance_dag.py for tasks to queue
[2026-08-31T12:21:08.945+0000] {logging_mixin.py:188} INFO - [2026-08-31T12:21:08.945+0000] {dagbag.py:545} INFO - Filling up the DagBag from /opt/airflow/dags/maintenance_dag.py
[2026-08-31T12:21:08.965+0000] {processor.py:840} INFO - DAG(s) 'hybrid_lakehouse_weekly_maintenance' retrieved from /opt/airflow/dags/maintenance_dag.py
[2026-08-31T12:21:09.049+0000] {logging_mixin.py:188} INFO - [2026-08-31T12:21:09.048+0000] {dag.py:3089} INFO - Sync 1 DAGs
[2026-08-31T12:21:09.067+0000] {logging_mixin.py:188} INFO - [2026-08-31T12:21:09.067+0000] {dag.py:3947} INFO - Setting next_dagrun for hybrid_lakehouse_weekly_maintenance to 2026-08-30 03:00:00+00:00, run_after=2026-09-06 03:00:00+00:00
[2026-08-31T12:21:09.088+0000] {processor.py:183} INFO - Processing /opt/airflow/dags/maintenance_dag.py took 0.152 seconds
[2026-08-31T12:21:39.334+0000] {processor.py:161} INFO - Started process (PID=3726) to work on /opt/airflow/dags/maintenance_dag.py
[2026-08-31T12:21:39.336+0000] {processor.py:830} INFO - Processing file /opt/airflow/dags/maintenance_dag.py for tasks to queue
[2026-08-31T12:21:39.338+0000] {logging_mixin.py:188} INFO - [2026-08-31T12:21:39.337+0000] {dagbag.py:545} INFO - Filling up the DagBag from /opt/airflow/dags/maintenance_dag.py
[2026-08-31T12:21:39.357+0000] {processor.py:840} INFO - DAG(s) 'hybrid_lakehouse_weekly_maintenance' retrieved from /opt/airflow/dags/maintenance_dag.py
[2026-08-31T12:21:39.445+0000] {logging_mixin.py:188} INFO - [2026-08-31T12:21:39.444+0000] {dag.py:3089} INFO - Sync 1 DAGs
[2026-08-31T12:21:39.464+0000] {logging_mixin.py:188} INFO - [2026-08-31T12:21:39.464+0000] {dag.py:3947} INFO - Setting next_dagrun for hybrid_lakehouse_weekly_maintenance to 2026-08-30 03:00:00+00:00, run_after=2026-09-06 03:00:00+00:00
[2026-08-31T12:21:39.486+0000] {processor.py:183} INFO - Processing /opt/airflow/dags/maintenance_dag.py took 0.158 seconds
[2026-08-31T12:22:09.741+0000] {processor.py:161} INFO - Started process (PID=3741) to work on /opt/airflow/dags/maintenance_dag.py
[2026-08-31T12:22:09.742+0000] {processor.py:830} INFO - Processing file /opt/airflow/dags/maintenance_dag.py for tasks to queue
[2026-08-31T12:22:09.744+0000] {logging_mixin.py:188} INFO - [2026-08-31T12:22:09.744+0000] {dagbag.py:545} INFO - Filling up the DagBag from /opt/airflow/dags/maintenance_dag.py
[2026-08-31T12:22:09.768+0000] {processor.py:840} INFO - DAG(s) 'hybrid_lakehouse_weekly_maintenance' retrieved from /opt/airflow/dags/maintenance_dag.py
[2026-08-31T12:22:09.871+0000] {logging_mixin.py:188} INFO - [2026-08-31T12:22:09.870+0000] {dag.py:3089} INFO - Sync 1 DAGs
[2026-08-31T12:22:09.889+0000] {logging_mixin.py:188} INFO - [2026-08-31T12:22:09.889+0000] {dag.py:3947} INFO - Setting next_dagrun for hybrid_lakehouse_weekly_maintenance to 2026-08-30 03:00:00+00:00, run_after=2026-09-06 03:00:00+00:00
[2026-08-31T12:22:09.908+0000] {processor.py:183} INFO - Processing /opt/airflow/dags/maintenance_dag.py took 0.175 seconds
[2026-08-31T12:22:40.144+0000] {processor.py:161} INFO - Started process (PID=3756) to work on /opt/airflow/dags/maintenance_dag.py
[2026-08-31T12:22:40.145+0000] {processor.py:830} INFO - Processing file /opt/airflow/dags/maintenance_dag.py for tasks to queue
[2026-08-31T12:22:40.148+0000] {logging_mixin.py:188} INFO - [2026-08-31T12:22:40.147+0000] {dagbag.py:545} INFO - Filling up the DagBag from /opt/airflow/dags/maintenance_dag.py
[2026-08-31T12:22:40.168+0000] {processor.py:840} INFO - DAG(s) 'hybrid_lakehouse_weekly_maintenance' retrieved from /opt/airflow/dags/maintenance_dag.py
[2026-08-31T12:22:40.259+0000] {logging_mixin.py:188} INFO - [2026-08-31T12:22:40.259+0000] {dag.py:3089} INFO - Sync 1 DAGs
[2026-08-31T12:22:40.276+0000] {logging_mixin.py:188} INFO - [2026-08-31T12:22:40.276+0000] {dag.py:3947} INFO - Setting next_dagrun for hybrid_lakehouse_weekly_maintenance to 2026-08-30 03:00:00+00:00, run_after=2026-09-06 03:00:00+00:00
[2026-08-31T12:22:40.295+0000] {processor.py:183} INFO - Processing /opt/airflow/dags/maintenance_dag.py took 0.157 seconds
[2026-08-31T12:23:10.533+0000] {processor.py:161} INFO - Started process (PID=3771) to work on /opt/airflow/dags/maintenance_dag.py
[2026-08-31T12:23:10.534+0000] {processor.py:830} INFO - Processing file /opt/airflow/dags/maintenance_dag.py for tasks to queue
[2026-08-31T12:23:10.536+0000] {logging_mixin.py:188} INFO - [2026-08-31T12:23:10.536+0000] {dagbag.py:545} INFO - Filling up the DagBag from /opt/airflow/dags/maintenance_dag.py
[2026-08-31T12:23:10.558+0000] {processor.py:840} INFO - DAG(s) 'hybrid_lakehouse_weekly_maintenance' retrieved from /opt/airflow/dags/maintenance_dag.py
[2026-08-31T12:23:10.649+0000] {logging_mixin.py:188} INFO - [2026-08-31T12:23:10.648+0000] {dag.py:3089} INFO - Sync 1 DAGs
[2026-08-31T12:23:10.666+0000] {logging_mixin.py:188} INFO - [2026-08-31T12:23:10.666+0000] {dag.py:3947} INFO - Setting next_dagrun for hybrid_lakehouse_weekly_maintenance to 2026-08-30 03:00:00+00:00, run_after=2026-09-06 03:00:00+00:00
[2026-08-31T12:23:10.685+0000] {processor.py:183} INFO - Processing /opt/airflow/dags/maintenance_dag.py took 0.158 seconds
[2026-08-31T12:23:40.926+0000] {processor.py:161} INFO - Started process (PID=3786) to work on /opt/airflow/dags/maintenance_dag.py
[2026-08-31T12:23:40.927+0000] {processor.py:830} INFO - Processing file /opt/airflow/dags/maintenance_dag.py for tasks to queue
[2026-08-31T12:23:40.930+0000] {logging_mixin.py:188} INFO - [2026-08-31T12:23:40.929+0000] {dagbag.py:545} INFO - Filling up the DagBag from /opt/airflow/dags/maintenance_dag.py
[2026-08-31T12:23:40.951+0000] {processor.py:840} INFO - DAG(s) 'hybrid_lakehouse_weekly_maintenance' retrieved from /opt/airflow/dags/maintenance_dag.py
[2026-08-31T12:23:41.044+0000] {logging_mixin.py:188} INFO - [2026-08-31T12:23:41.043+0000] {dag.py:3089} INFO - Sync 1 DAGs
[2026-08-31T12:23:41.068+0000] {logging_mixin.py:188} INFO - [2026-08-31T12:23:41.067+0000] {dag.py:3947} INFO - Setting next_dagrun for hybrid_lakehouse_weekly_maintenance to 2026-08-30 03:00:00+00:00, run_after=2026-09-06 03:00:00+00:00
[2026-08-31T12:23:41.088+0000] {processor.py:183} INFO - Processing /opt/airflow/dags/maintenance_dag.py took 0.170 seconds
[2026-08-31T12:24:11.330+0000] {processor.py:161} INFO - Started process (PID=3801) to work on /opt/airflow/dags/maintenance_dag.py
[2026-08-31T12:24:11.331+0000] {processor.py:830} INFO - Processing file /opt/airflow/dags/maintenance_dag.py for tasks to queue
[2026-08-31T12:24:11.333+0000] {logging_mixin.py:188} INFO - [2026-08-31T12:24:11.333+0000] {dagbag.py:545} INFO - Filling up the DagBag from /opt/airflow/dags/maintenance_dag.py
[2026-08-31T12:24:11.352+0000] {processor.py:840} INFO - DAG(s) 'hybrid_lakehouse_weekly_maintenance' retrieved from /opt/airflow/dags/maintenance_dag.py
[2026-08-31T12:24:11.436+0000] {logging_mixin.py:188} INFO - [2026-08-31T12:24:11.435+0000] {dag.py:3089} INFO - Sync 1 DAGs
[2026-08-31T12:24:11.452+0000] {logging_mixin.py:188} INFO - [2026-08-31T12:24:11.452+0000] {dag.py:3947} INFO - Setting next_dagrun for hybrid_lakehouse_weekly_maintenance to 2026-08-30 03:00:00+00:00, run_after=2026-09-06 03:00:00+00:00
[2026-08-31T12:24:11.470+0000] {processor.py:183} INFO - Processing /opt/airflow/dags/maintenance_dag.py took 0.146 seconds
[2026-08-31T12:24:41.719+0000] {processor.py:161} INFO - Started process (PID=3816) to work on /opt/airflow/dags/maintenance_dag.py
[2026-08-31T12:24:41.720+0000] {processor.py:830} INFO - Processing file /opt/airflow/dags/maintenance_dag.py for tasks to queue
[2026-08-31T12:24:41.723+0000] {logging_mixin.py:188} INFO - [2026-08-31T12:24:41.722+0000] {dagbag.py:545} INFO - Filling up the DagBag from /opt/airflow/dags/maintenance_dag.py
[2026-08-31T12:24:41.743+0000] {processor.py:840} INFO - DAG(s) 'hybrid_lakehouse_weekly_maintenance' retrieved from /opt/airflow/dags/maintenance_dag.py
[2026-08-31T12:24:41.833+0000] {logging_mixin.py:188} INFO - [2026-08-31T12:24:41.832+0000] {dag.py:3089} INFO - Sync 1 DAGs
[2026-08-31T12:24:41.853+0000] {logging_mixin.py:188} INFO - [2026-08-31T12:24:41.853+0000] {dag.py:3947} INFO - Setting next_dagrun for hybrid_lakehouse_weekly_maintenance to 2026-08-30 03:00:00+00:00, run_after=2026-09-06 03:00:00+00:00
[2026-08-31T12:24:41.872+0000] {processor.py:183} INFO - Processing /opt/airflow/dags/maintenance_dag.py took 0.159 seconds
[2026-08-31T12:25:12.122+0000] {processor.py:161} INFO - Started process (PID=3831) to work on /opt/airflow/dags/maintenance_dag.py
[2026-08-31T12:25:12.123+0000] {processor.py:830} INFO - Processing file /opt/airflow/dags/maintenance_dag.py for tasks to queue
[2026-08-31T12:25:12.125+0000] {logging_mixin.py:188} INFO - [2026-08-31T12:25:12.125+0000] {dagbag.py:545} INFO - Filling up the DagBag from /opt/airflow/dags/maintenance_dag.py
[2026-08-31T12:25:12.146+0000] {processor.py:840} INFO - DAG(s) 'hybrid_lakehouse_weekly_maintenance' retrieved from /opt/airflow/dags/maintenance_dag.py
[2026-08-31T12:25:12.239+0000] {logging_mixin.py:188} INFO - [2026-08-31T12:25:12.239+0000] {dag.py:3089} INFO - Sync 1 DAGs
[2026-08-31T12:25:12.257+0000] {logging_mixin.py:188} INFO - [2026-08-31T12:25:12.257+0000] {dag.py:3947} INFO - Setting next_dagrun for hybrid_lakehouse_weekly_maintenance to 2026-08-30 03:00:00+00:00, run_after=2026-09-06 03:00:00+00:00
[2026-08-31T12:25:12.276+0000] {processor.py:183} INFO - Processing /opt/airflow/dags/maintenance_dag.py took 0.161 seconds
[2026-08-31T12:25:42.514+0000] {processor.py:161} INFO - Started process (PID=3846) to work on /opt/airflow/dags/maintenance_dag.py
[2026-08-31T12:25:42.516+0000] {processor.py:830} INFO - Processing file /opt/airflow/dags/maintenance_dag.py for tasks to queue
[2026-08-31T12:25:42.518+0000] {logging_mixin.py:188} INFO - [2026-08-31T12:25:42.517+0000] {dagbag.py:545} INFO - Filling up the DagBag from /opt/airflow/dags/maintenance_dag.py
[2026-08-31T12:25:42.537+0000] {processor.py:840} INFO - DAG(s) 'hybrid_lakehouse_weekly_maintenance' retrieved from /opt/airflow/dags/maintenance_dag.py
[2026-08-31T12:25:42.624+0000] {logging_mixin.py:188} INFO - [2026-08-31T12:25:42.623+0000] {dag.py:3089} INFO - Sync 1 DAGs
[2026-08-31T12:25:42.642+0000] {logging_mixin.py:188} INFO - [2026-08-31T12:25:42.641+0000] {dag.py:3947} INFO - Setting next_dagrun for hybrid_lakehouse_weekly_maintenance to 2026-08-30 03:00:00+00:00, run_after=2026-09-06 03:00:00+00:00
[2026-08-31T12:25:42.659+0000] {processor.py:183} INFO - Processing /opt/airflow/dags/maintenance_dag.py took 0.151 seconds
[2026-08-31T12:26:12.896+0000] {processor.py:161} INFO - Started process (PID=3861) to work on /opt/airflow/dags/maintenance_dag.py
[2026-08-31T12:26:12.898+0000] {processor.py:830} INFO - Processing file /opt/airflow/dags/maintenance_dag.py for tasks to queue
[2026-08-31T12:26:12.900+0000] {logging_mixin.py:188} INFO - [2026-08-31T12:26:12.899+0000] {dagbag.py:545} INFO - Filling up the DagBag from /opt/airflow/dags/maintenance_dag.py
[2026-08-31T12:26:12.918+0000] {processor.py:840} INFO - DAG(s) 'hybrid_lakehouse_weekly_maintenance' retrieved from /opt/airflow/dags/maintenance_dag.py
[2026-08-31T12:26:13.008+0000] {logging_mixin.py:188} INFO - [2026-08-31T12:26:13.008+0000] {dag.py:3089} INFO - Sync 1 DAGs
[2026-08-31T12:26:13.026+0000] {logging_mixin.py:188} INFO - [2026-08-31T12:26:13.026+0000] {dag.py:3947} INFO - Setting next_dagrun for hybrid_lakehouse_weekly_maintenance to 2026-08-30 03:00:00+00:00, run_after=2026-09-06 03:00:00+00:00
[2026-08-31T12:26:13.044+0000] {processor.py:183} INFO - Processing /opt/airflow/dags/maintenance_dag.py took 0.154 seconds
[2026-08-31T12:26:43.289+0000] {processor.py:161} INFO - Started process (PID=3876) to work on /opt/airflow/dags/maintenance_dag.py
[2026-08-31T12:26:43.290+0000] {processor.py:830} INFO - Processing file /opt/airflow/dags/maintenance_dag.py for tasks to queue
[2026-08-31T12:26:43.292+0000] {logging_mixin.py:188} INFO - [2026-08-31T12:26:43.292+0000] {dagbag.py:545} INFO - Filling up the DagBag from /opt/airflow/dags/maintenance_dag.py
[2026-08-31T12:26:43.312+0000] {processor.py:840} INFO - DAG(s) 'hybrid_lakehouse_weekly_maintenance' retrieved from /opt/airflow/dags/maintenance_dag.py
[2026-08-31T12:26:43.405+0000] {logging_mixin.py:188} INFO - [2026-08-31T12:26:43.404+0000] {dag.py:3089} INFO - Sync 1 DAGs
[2026-08-31T12:26:43.437+0000] {logging_mixin.py:188} INFO - [2026-08-31T12:26:43.437+0000] {dag.py:3947} INFO - Setting next_dagrun for hybrid_lakehouse_weekly_maintenance to 2026-08-30 03:00:00+00:00, run_after=2026-09-06 03:00:00+00:00
[2026-08-31T12:26:43.462+0000] {processor.py:183} INFO - Processing /opt/airflow/dags/maintenance_dag.py took 0.179 seconds
[2026-08-31T12:27:13.707+0000] {processor.py:161} INFO - Started process (PID=3891) to work on /opt/airflow/dags/maintenance_dag.py
[2026-08-31T12:27:13.708+0000] {processor.py:830} INFO - Processing file /opt/airflow/dags/maintenance_dag.py for tasks to queue
[2026-08-31T12:27:13.710+0000] {logging_mixin.py:188} INFO - [2026-08-31T12:27:13.710+0000] {dagbag.py:545} INFO - Filling up the DagBag from /opt/airflow/dags/maintenance_dag.py
[2026-08-31T12:27:13.729+0000] {processor.py:840} INFO - DAG(s) 'hybrid_lakehouse_weekly_maintenance' retrieved from /opt/airflow/dags/maintenance_dag.py
[2026-08-31T12:27:13.824+0000] {logging_mixin.py:188} INFO - [2026-08-31T12:27:13.824+0000] {dag.py:3089} INFO - Sync 1 DAGs
[2026-08-31T12:27:13.841+0000] {logging_mixin.py:188} INFO - [2026-08-31T12:27:13.841+0000] {dag.py:3947} INFO - Setting next_dagrun for hybrid_lakehouse_weekly_maintenance to 2026-08-30 03:00:00+00:00, run_after=2026-09-06 03:00:00+00:00
[2026-08-31T12:27:13.859+0000] {processor.py:183} INFO - Processing /opt/airflow/dags/maintenance_dag.py took 0.159 seconds
[2026-08-31T12:27:44.100+0000] {processor.py:161} INFO - Started process (PID=3906) to work on /opt/airflow/dags/maintenance_dag.py
[2026-08-31T12:27:44.101+0000] {processor.py:830} INFO - Processing file /opt/airflow/dags/maintenance_dag.py for tasks to queue
[2026-08-31T12:27:44.103+0000] {logging_mixin.py:188} INFO - [2026-08-31T12:27:44.102+0000] {dagbag.py:545} INFO - Filling up the DagBag from /opt/airflow/dags/maintenance_dag.py
[2026-08-31T12:27:44.123+0000] {processor.py:840} INFO - DAG(s) 'hybrid_lakehouse_weekly_maintenance' retrieved from /opt/airflow/dags/maintenance_dag.py
[2026-08-31T12:27:44.221+0000] {logging_mixin.py:188} INFO - [2026-08-31T12:27:44.221+0000] {dag.py:3089} INFO - Sync 1 DAGs
[2026-08-31T12:27:44.245+0000] {logging_mixin.py:188} INFO - [2026-08-31T12:27:44.244+0000] {dag.py:3947} INFO - Setting next_dagrun for hybrid_lakehouse_weekly_maintenance to 2026-08-30 03:00:00+00:00, run_after=2026-09-06 03:00:00+00:00
[2026-08-31T12:27:44.268+0000] {processor.py:183} INFO - Processing /opt/airflow/dags/maintenance_dag.py took 0.174 seconds
[2026-08-31T12:28:14.518+0000] {processor.py:161} INFO - Started process (PID=3921) to work on /opt/airflow/dags/maintenance_dag.py
[2026-08-31T12:28:14.519+0000] {processor.py:830} INFO - Processing file /opt/airflow/dags/maintenance_dag.py for tasks to queue
[2026-08-31T12:28:14.521+0000] {logging_mixin.py:188} INFO - [2026-08-31T12:28:14.521+0000] {dagbag.py:545} INFO - Filling up the DagBag from /opt/airflow/dags/maintenance_dag.py
[2026-08-31T12:28:14.541+0000] {processor.py:840} INFO - DAG(s) 'hybrid_lakehouse_weekly_maintenance' retrieved from /opt/airflow/dags/maintenance_dag.py
[2026-08-31T12:28:14.626+0000] {logging_mixin.py:188} INFO - [2026-08-31T12:28:14.626+0000] {dag.py:3089} INFO - Sync 1 DAGs
[2026-08-31T12:28:14.646+0000] {logging_mixin.py:188} INFO - [2026-08-31T12:28:14.645+0000] {dag.py:3947} INFO - Setting next_dagrun for hybrid_lakehouse_weekly_maintenance to 2026-08-30 03:00:00+00:00, run_after=2026-09-06 03:00:00+00:00
[2026-08-31T12:28:14.664+0000] {processor.py:183} INFO - Processing /opt/airflow/dags/maintenance_dag.py took 0.153 seconds
[2026-08-31T12:28:44.891+0000] {processor.py:161} INFO - Started process (PID=3936) to work on /opt/airflow/dags/maintenance_dag.py
[2026-08-31T12:28:44.892+0000] {processor.py:830} INFO - Processing file /opt/airflow/dags/maintenance_dag.py for tasks to queue
[2026-08-31T12:28:44.894+0000] {logging_mixin.py:188} INFO - [2026-08-31T12:28:44.894+0000] {dagbag.py:545} INFO - Filling up the DagBag from /opt/airflow/dags/maintenance_dag.py
[2026-08-31T12:28:44.916+0000] {processor.py:840} INFO - DAG(s) 'hybrid_lakehouse_weekly_maintenance' retrieved from /opt/airflow/dags/maintenance_dag.py
[2026-08-31T12:28:45.013+0000] {logging_mixin.py:188} INFO - [2026-08-31T12:28:45.013+0000] {dag.py:3089} INFO - Sync 1 DAGs
[2026-08-31T12:28:45.034+0000] {logging_mixin.py:188} INFO - [2026-08-31T12:28:45.033+0000] {dag.py:3947} INFO - Setting next_dagrun for hybrid_lakehouse_weekly_maintenance to 2026-08-30 03:00:00+00:00, run_after=2026-09-06 03:00:00+00:00
[2026-08-31T12:28:45.054+0000] {processor.py:183} INFO - Processing /opt/airflow/dags/maintenance_dag.py took 0.169 seconds
[2026-08-31T12:29:15.322+0000] {processor.py:161} INFO - Started process (PID=3951) to work on /opt/airflow/dags/maintenance_dag.py
[2026-08-31T12:29:15.325+0000] {processor.py:830} INFO - Processing file /opt/airflow/dags/maintenance_dag.py for tasks to queue
[2026-08-31T12:29:15.328+0000] {logging_mixin.py:188} INFO - [2026-08-31T12:29:15.327+0000] {dagbag.py:545} INFO - Filling up the DagBag from /opt/airflow/dags/maintenance_dag.py
[2026-08-31T12:29:15.351+0000] {processor.py:840} INFO - DAG(s) 'hybrid_lakehouse_weekly_maintenance' retrieved from /opt/airflow/dags/maintenance_dag.py
[2026-08-31T12:29:15.463+0000] {logging_mixin.py:188} INFO - [2026-08-31T12:29:15.462+0000] {dag.py:3089} INFO - Sync 1 DAGs
[2026-08-31T12:29:15.485+0000] {logging_mixin.py:188} INFO - [2026-08-31T12:29:15.485+0000] {dag.py:3947} INFO - Setting next_dagrun for hybrid_lakehouse_weekly_maintenance to 2026-08-30 03:00:00+00:00, run_after=2026-09-06 03:00:00+00:00
[2026-08-31T12:29:15.505+0000] {processor.py:183} INFO - Processing /opt/airflow/dags/maintenance_dag.py took 0.188 seconds
[2026-08-31T12:29:45.738+0000] {processor.py:161} INFO - Started process (PID=3966) to work on /opt/airflow/dags/maintenance_dag.py
[2026-08-31T12:29:45.739+0000] {processor.py:830} INFO - Processing file /opt/airflow/dags/maintenance_dag.py for tasks to queue
[2026-08-31T12:29:45.741+0000] {logging_mixin.py:188} INFO - [2026-08-31T12:29:45.741+0000] {dagbag.py:545} INFO - Filling up the DagBag from /opt/airflow/dags/maintenance_dag.py
[2026-08-31T12:29:45.760+0000] {processor.py:840} INFO - DAG(s) 'hybrid_lakehouse_weekly_maintenance' retrieved from /opt/airflow/dags/maintenance_dag.py
[2026-08-31T12:29:45.877+0000] {logging_mixin.py:188} INFO - [2026-08-31T12:29:45.877+0000] {dag.py:3089} INFO - Sync 1 DAGs
[2026-08-31T12:29:45.894+0000] {logging_mixin.py:188} INFO - [2026-08-31T12:29:45.894+0000] {dag.py:3947} INFO - Setting next_dagrun for hybrid_lakehouse_weekly_maintenance to 2026-08-30 03:00:00+00:00, run_after=2026-09-06 03:00:00+00:00
[2026-08-31T12:29:45.912+0000] {processor.py:183} INFO - Processing /opt/airflow/dags/maintenance_dag.py took 0.180 seconds
[2026-08-31T12:30:16.142+0000] {processor.py:161} INFO - Started process (PID=3981) to work on /opt/airflow/dags/maintenance_dag.py
[2026-08-31T12:30:16.144+0000] {processor.py:830} INFO - Processing file /opt/airflow/dags/maintenance_dag.py for tasks to queue
[2026-08-31T12:30:16.146+0000] {logging_mixin.py:188} INFO - [2026-08-31T12:30:16.146+0000] {dagbag.py:545} INFO - Filling up the DagBag from /opt/airflow/dags/maintenance_dag.py
[2026-08-31T12:30:16.168+0000] {processor.py:840} INFO - DAG(s) 'hybrid_lakehouse_weekly_maintenance' retrieved from /opt/airflow/dags/maintenance_dag.py
[2026-08-31T12:30:16.266+0000] {logging_mixin.py:188} INFO - [2026-08-31T12:30:16.266+0000] {dag.py:3089} INFO - Sync 1 DAGs
[2026-08-31T12:30:16.285+0000] {logging_mixin.py:188} INFO - [2026-08-31T12:30:16.284+0000] {dag.py:3947} INFO - Setting next_dagrun for hybrid_lakehouse_weekly_maintenance to 2026-08-30 03:00:00+00:00, run_after=2026-09-06 03:00:00+00:00
[2026-08-31T12:30:16.306+0000] {processor.py:183} INFO - Processing /opt/airflow/dags/maintenance_dag.py took 0.171 seconds
[2026-08-31T12:30:46.538+0000] {processor.py:161} INFO - Started process (PID=3996) to work on /opt/airflow/dags/maintenance_dag.py
[2026-08-31T12:30:46.539+0000] {processor.py:830} INFO - Processing file /opt/airflow/dags/maintenance_dag.py for tasks to queue
[2026-08-31T12:30:46.541+0000] {logging_mixin.py:188} INFO - [2026-08-31T12:30:46.541+0000] {dagbag.py:545} INFO - Filling up the DagBag from /opt/airflow/dags/maintenance_dag.py
[2026-08-31T12:30:46.560+0000] {processor.py:840} INFO - DAG(s) 'hybrid_lakehouse_weekly_maintenance' retrieved from /opt/airflow/dags/maintenance_dag.py
[2026-08-31T12:30:46.674+0000] {logging_mixin.py:188} INFO - [2026-08-31T12:30:46.673+0000] {dag.py:3089} INFO - Sync 1 DAGs
[2026-08-31T12:30:46.694+0000] {logging_mixin.py:188} INFO - [2026-08-31T12:30:46.694+0000] {dag.py:3947} INFO - Setting next_dagrun for hybrid_lakehouse_weekly_maintenance to 2026-08-30 03:00:00+00:00, run_after=2026-09-06 03:00:00+00:00
[2026-08-31T12:30:46.715+0000] {processor.py:183} INFO - Processing /opt/airflow/dags/maintenance_dag.py took 0.183 seconds
[2026-08-31T12:31:16.974+0000] {processor.py:161} INFO - Started process (PID=4011) to work on /opt/airflow/dags/maintenance_dag.py
[2026-08-31T12:31:16.975+0000] {processor.py:830} INFO - Processing file /opt/airflow/dags/maintenance_dag.py for tasks to queue
[2026-08-31T12:31:16.977+0000] {logging_mixin.py:188} INFO - [2026-08-31T12:31:16.977+0000] {dagbag.py:545} INFO - Filling up the DagBag from /opt/airflow/dags/maintenance_dag.py
[2026-08-31T12:31:16.996+0000] {processor.py:840} INFO - DAG(s) 'hybrid_lakehouse_weekly_maintenance' retrieved from /opt/airflow/dags/maintenance_dag.py
[2026-08-31T12:31:17.097+0000] {logging_mixin.py:188} INFO - [2026-08-31T12:31:17.097+0000] {dag.py:3089} INFO - Sync 1 DAGs
[2026-08-31T12:31:17.114+0000] {logging_mixin.py:188} INFO - [2026-08-31T12:31:17.114+0000] {dag.py:3947} INFO - Setting next_dagrun for hybrid_lakehouse_weekly_maintenance to 2026-08-30 03:00:00+00:00, run_after=2026-09-06 03:00:00+00:00
[2026-08-31T12:31:17.132+0000] {processor.py:183} INFO - Processing /opt/airflow/dags/maintenance_dag.py took 0.164 seconds
[2026-08-31T12:31:47.357+0000] {processor.py:161} INFO - Started process (PID=4026) to work on /opt/airflow/dags/maintenance_dag.py
[2026-08-31T12:31:47.358+0000] {processor.py:830} INFO - Processing file /opt/airflow/dags/maintenance_dag.py for tasks to queue
[2026-08-31T12:31:47.360+0000] {logging_mixin.py:188} INFO - [2026-08-31T12:31:47.360+0000] {dagbag.py:545} INFO - Filling up the DagBag from /opt/airflow/dags/maintenance_dag.py
[2026-08-31T12:31:47.382+0000] {processor.py:840} INFO - DAG(s) 'hybrid_lakehouse_weekly_maintenance' retrieved from /opt/airflow/dags/maintenance_dag.py
[2026-08-31T12:31:47.504+0000] {logging_mixin.py:188} INFO - [2026-08-31T12:31:47.503+0000] {dag.py:3089} INFO - Sync 1 DAGs
[2026-08-31T12:31:47.526+0000] {logging_mixin.py:188} INFO - [2026-08-31T12:31:47.526+0000] {dag.py:3947} INFO - Setting next_dagrun for hybrid_lakehouse_weekly_maintenance to 2026-08-30 03:00:00+00:00, run_after=2026-09-06 03:00:00+00:00
[2026-08-31T12:31:47.555+0000] {processor.py:183} INFO - Processing /opt/airflow/dags/maintenance_dag.py took 0.205 seconds
[2026-08-31T12:32:17.802+0000] {processor.py:161} INFO - Started process (PID=4041) to work on /opt/airflow/dags/maintenance_dag.py
[2026-08-31T12:32:17.803+0000] {processor.py:830} INFO - Processing file /opt/airflow/dags/maintenance_dag.py for tasks to queue
[2026-08-31T12:32:17.805+0000] {logging_mixin.py:188} INFO - [2026-08-31T12:32:17.805+0000] {dagbag.py:545} INFO - Filling up the DagBag from /opt/airflow/dags/maintenance_dag.py
[2026-08-31T12:32:17.825+0000] {processor.py:840} INFO - DAG(s) 'hybrid_lakehouse_weekly_maintenance' retrieved from /opt/airflow/dags/maintenance_dag.py
[2026-08-31T12:32:17.917+0000] {logging_mixin.py:188} INFO - [2026-08-31T12:32:17.917+0000] {dag.py:3089} INFO - Sync 1 DAGs
[2026-08-31T12:32:17.940+0000] {logging_mixin.py:188} INFO - [2026-08-31T12:32:17.940+0000] {dag.py:3947} INFO - Setting next_dagrun for hybrid_lakehouse_weekly_maintenance to 2026-08-30 03:00:00+00:00, run_after=2026-09-06 03:00:00+00:00
[2026-08-31T12:32:17.964+0000] {processor.py:183} INFO - Processing /opt/airflow/dags/maintenance_dag.py took 0.169 seconds
