[2026-08-15T13:38:01.033+0000] {processor.py:161} INFO - Started process (PID=172) to work on /opt/airflow/dags/lakehouse_pipeline.py
[2026-08-15T13:38:01.034+0000] {processor.py:830} INFO - Processing file /opt/airflow/dags/lakehouse_pipeline.py for tasks to queue
[2026-08-15T13:38:01.036+0000] {logging_mixin.py:188} INFO - [2026-08-15T13:38:01.035+0000] {dagbag.py:545} INFO - Filling up the DagBag from /opt/airflow/dags/lakehouse_pipeline.py
[2026-08-15T13:38:01.070+0000] {processor.py:840} INFO - DAG(s) 'hybrid_lakehouse_daily_pipeline' retrieved from /opt/airflow/dags/lakehouse_pipeline.py
[2026-08-15T13:38:01.295+0000] {logging_mixin.py:188} INFO - [2026-08-15T13:38:01.294+0000] {override.py:1858} INFO - Created Permission View: can delete on DAG:hybrid_lakehouse_daily_pipeline
[2026-08-15T13:38:01.307+0000] {logging_mixin.py:188} INFO - [2026-08-15T13:38:01.307+0000] {override.py:1858} INFO - Created Permission View: can read on DAG:hybrid_lakehouse_daily_pipeline
[2026-08-15T13:38:01.315+0000] {logging_mixin.py:188} INFO - [2026-08-15T13:38:01.314+0000] {override.py:1858} INFO - Created Permission View: can edit on DAG:hybrid_lakehouse_daily_pipeline
[2026-08-15T13:38:01.316+0000] {logging_mixin.py:188} INFO - [2026-08-15T13:38:01.316+0000] {dag.py:3089} INFO - Sync 1 DAGs
[2026-08-15T13:38:01.326+0000] {logging_mixin.py:188} INFO - [2026-08-15T13:38:01.326+0000] {dag.py:3111} INFO - Creating ORM DAG for hybrid_lakehouse_daily_pipeline
[2026-08-15T13:38:01.337+0000] {logging_mixin.py:188} INFO - [2026-08-15T13:38:01.337+0000] {dag.py:3947} INFO - Setting next_dagrun for hybrid_lakehouse_daily_pipeline to 2026-08-14 02:00:00+00:00, run_after=2026-08-15 02:00:00+00:00
[2026-08-15T13:38:01.356+0000] {processor.py:183} INFO - Processing /opt/airflow/dags/lakehouse_pipeline.py took 0.330 seconds
[2026-08-15T13:38:31.554+0000] {processor.py:161} INFO - Started process (PID=177) to work on /opt/airflow/dags/lakehouse_pipeline.py
[2026-08-15T13:38:31.556+0000] {processor.py:830} INFO - Processing file /opt/airflow/dags/lakehouse_pipeline.py for tasks to queue
[2026-08-15T13:38:31.560+0000] {logging_mixin.py:188} INFO - [2026-08-15T13:38:31.559+0000] {dagbag.py:545} INFO - Filling up the DagBag from /opt/airflow/dags/lakehouse_pipeline.py
[2026-08-15T13:38:31.582+0000] {processor.py:840} INFO - DAG(s) 'hybrid_lakehouse_daily_pipeline' retrieved from /opt/airflow/dags/lakehouse_pipeline.py
[2026-08-15T13:38:31.617+0000] {logging_mixin.py:188} INFO - [2026-08-15T13:38:31.617+0000] {dag.py:3089} INFO - Sync 1 DAGs
[2026-08-15T13:38:31.648+0000] {logging_mixin.py:188} INFO - [2026-08-15T13:38:31.648+0000] {dag.py:3947} INFO - Setting next_dagrun for hybrid_lakehouse_daily_pipeline to 2026-08-14 02:00:00+00:00, run_after=2026-08-15 02:00:00+00:00
[2026-08-15T13:38:31.670+0000] {processor.py:183} INFO - Processing /opt/airflow/dags/lakehouse_pipeline.py took 0.125 seconds
[2026-08-15T13:39:01.706+0000] {processor.py:161} INFO - Started process (PID=182) to work on /opt/airflow/dags/lakehouse_pipeline.py
[2026-08-15T13:39:01.707+0000] {processor.py:830} INFO - Processing file /opt/airflow/dags/lakehouse_pipeline.py for tasks to queue
[2026-08-15T13:39:01.709+0000] {logging_mixin.py:188} INFO - [2026-08-15T13:39:01.709+0000] {dagbag.py:545} INFO - Filling up the DagBag from /opt/airflow/dags/lakehouse_pipeline.py
[2026-08-15T13:39:01.727+0000] {processor.py:840} INFO - DAG(s) 'hybrid_lakehouse_daily_pipeline' retrieved from /opt/airflow/dags/lakehouse_pipeline.py
[2026-08-15T13:39:01.755+0000] {logging_mixin.py:188} INFO - [2026-08-15T13:39:01.754+0000] {dag.py:3089} INFO - Sync 1 DAGs
[2026-08-15T13:39:01.775+0000] {logging_mixin.py:188} INFO - [2026-08-15T13:39:01.775+0000] {dag.py:3947} INFO - Setting next_dagrun for hybrid_lakehouse_daily_pipeline to 2026-08-14 02:00:00+00:00, run_after=2026-08-15 02:00:00+00:00
[2026-08-15T13:39:01.792+0000] {processor.py:183} INFO - Processing /opt/airflow/dags/lakehouse_pipeline.py took 0.092 seconds
[2026-08-15T13:39:31.916+0000] {processor.py:161} INFO - Started process (PID=187) to work on /opt/airflow/dags/lakehouse_pipeline.py
[2026-08-15T13:39:31.917+0000] {processor.py:830} INFO - Processing file /opt/airflow/dags/lakehouse_pipeline.py for tasks to queue
[2026-08-15T13:39:31.920+0000] {logging_mixin.py:188} INFO - [2026-08-15T13:39:31.919+0000] {dagbag.py:545} INFO - Filling up the DagBag from /opt/airflow/dags/lakehouse_pipeline.py
[2026-08-15T13:39:31.942+0000] {processor.py:840} INFO - DAG(s) 'hybrid_lakehouse_daily_pipeline' retrieved from /opt/airflow/dags/lakehouse_pipeline.py
[2026-08-15T13:39:31.970+0000] {logging_mixin.py:188} INFO - [2026-08-15T13:39:31.970+0000] {dag.py:3089} INFO - Sync 1 DAGs
[2026-08-15T13:39:31.994+0000] {logging_mixin.py:188} INFO - [2026-08-15T13:39:31.994+0000] {dag.py:3947} INFO - Setting next_dagrun for hybrid_lakehouse_daily_pipeline to 2026-08-14 02:00:00+00:00, run_after=2026-08-15 02:00:00+00:00
[2026-08-15T13:39:32.013+0000] {processor.py:183} INFO - Processing /opt/airflow/dags/lakehouse_pipeline.py took 0.104 seconds
[2026-08-15T13:40:02.160+0000] {processor.py:161} INFO - Started process (PID=192) to work on /opt/airflow/dags/lakehouse_pipeline.py
[2026-08-15T13:40:02.161+0000] {processor.py:830} INFO - Processing file /opt/airflow/dags/lakehouse_pipeline.py for tasks to queue
[2026-08-15T13:40:02.163+0000] {logging_mixin.py:188} INFO - [2026-08-15T13:40:02.162+0000] {dagbag.py:545} INFO - Filling up the DagBag from /opt/airflow/dags/lakehouse_pipeline.py
[2026-08-15T13:40:02.182+0000] {processor.py:840} INFO - DAG(s) 'hybrid_lakehouse_daily_pipeline' retrieved from /opt/airflow/dags/lakehouse_pipeline.py
[2026-08-15T13:40:02.205+0000] {logging_mixin.py:188} INFO - [2026-08-15T13:40:02.204+0000] {dag.py:3089} INFO - Sync 1 DAGs
[2026-08-15T13:40:02.223+0000] {logging_mixin.py:188} INFO - [2026-08-15T13:40:02.223+0000] {dag.py:3947} INFO - Setting next_dagrun for hybrid_lakehouse_daily_pipeline to 2026-08-14 02:00:00+00:00, run_after=2026-08-15 02:00:00+00:00
[2026-08-15T13:40:02.249+0000] {processor.py:183} INFO - Processing /opt/airflow/dags/lakehouse_pipeline.py took 0.094 seconds
[2026-08-15T13:40:32.352+0000] {processor.py:161} INFO - Started process (PID=201) to work on /opt/airflow/dags/lakehouse_pipeline.py
[2026-08-15T13:40:32.353+0000] {processor.py:830} INFO - Processing file /opt/airflow/dags/lakehouse_pipeline.py for tasks to queue
[2026-08-15T13:40:32.355+0000] {logging_mixin.py:188} INFO - [2026-08-15T13:40:32.354+0000] {dagbag.py:545} INFO - Filling up the DagBag from /opt/airflow/dags/lakehouse_pipeline.py
[2026-08-15T13:40:32.375+0000] {processor.py:840} INFO - DAG(s) 'hybrid_lakehouse_daily_pipeline' retrieved from /opt/airflow/dags/lakehouse_pipeline.py
[2026-08-15T13:40:32.405+0000] {logging_mixin.py:188} INFO - [2026-08-15T13:40:32.405+0000] {dag.py:3089} INFO - Sync 1 DAGs
[2026-08-15T13:40:32.428+0000] {logging_mixin.py:188} INFO - [2026-08-15T13:40:32.427+0000] {dag.py:3947} INFO - Setting next_dagrun for hybrid_lakehouse_daily_pipeline to 2026-08-15 02:00:00+00:00, run_after=2026-08-16 02:00:00+00:00
[2026-08-15T13:40:32.445+0000] {processor.py:183} INFO - Processing /opt/airflow/dags/lakehouse_pipeline.py took 0.098 seconds
[2026-08-15T13:41:02.602+0000] {processor.py:161} INFO - Started process (PID=206) to work on /opt/airflow/dags/lakehouse_pipeline.py
[2026-08-15T13:41:02.603+0000] {processor.py:830} INFO - Processing file /opt/airflow/dags/lakehouse_pipeline.py for tasks to queue
[2026-08-15T13:41:02.605+0000] {logging_mixin.py:188} INFO - [2026-08-15T13:41:02.604+0000] {dagbag.py:545} INFO - Filling up the DagBag from /opt/airflow/dags/lakehouse_pipeline.py
[2026-08-15T13:41:02.623+0000] {processor.py:840} INFO - DAG(s) 'hybrid_lakehouse_daily_pipeline' retrieved from /opt/airflow/dags/lakehouse_pipeline.py
[2026-08-15T13:41:02.647+0000] {logging_mixin.py:188} INFO - [2026-08-15T13:41:02.647+0000] {dag.py:3089} INFO - Sync 1 DAGs
[2026-08-15T13:41:02.667+0000] {logging_mixin.py:188} INFO - [2026-08-15T13:41:02.667+0000] {dag.py:3947} INFO - Setting next_dagrun for hybrid_lakehouse_daily_pipeline to 2026-08-15 02:00:00+00:00, run_after=2026-08-16 02:00:00+00:00
[2026-08-15T13:41:02.685+0000] {processor.py:183} INFO - Processing /opt/airflow/dags/lakehouse_pipeline.py took 0.088 seconds
[2026-08-15T13:41:32.782+0000] {processor.py:161} INFO - Started process (PID=211) to work on /opt/airflow/dags/lakehouse_pipeline.py
[2026-08-15T13:41:32.783+0000] {processor.py:830} INFO - Processing file /opt/airflow/dags/lakehouse_pipeline.py for tasks to queue
[2026-08-15T13:41:32.785+0000] {logging_mixin.py:188} INFO - [2026-08-15T13:41:32.785+0000] {dagbag.py:545} INFO - Filling up the DagBag from /opt/airflow/dags/lakehouse_pipeline.py
[2026-08-15T13:41:32.806+0000] {processor.py:840} INFO - DAG(s) 'hybrid_lakehouse_daily_pipeline' retrieved from /opt/airflow/dags/lakehouse_pipeline.py
[2026-08-15T13:41:32.903+0000] {logging_mixin.py:188} INFO - [2026-08-15T13:41:32.902+0000] {dag.py:3089} INFO - Sync 1 DAGs
[2026-08-15T13:41:32.912+0000] {logging_mixin.py:188} INFO - [2026-08-15T13:41:32.912+0000] {dag.py:3111} INFO - Creating ORM DAG for hybrid_lakehouse_daily_pipeline
[2026-08-15T13:41:32.921+0000] {logging_mixin.py:188} INFO - [2026-08-15T13:41:32.921+0000] {dag.py:3947} INFO - Setting next_dagrun for hybrid_lakehouse_daily_pipeline to 2026-08-14 02:00:00+00:00, run_after=2026-08-15 02:00:00+00:00
[2026-08-15T13:41:32.939+0000] {processor.py:183} INFO - Processing /opt/airflow/dags/lakehouse_pipeline.py took 0.163 seconds
[2026-08-15T13:42:02.999+0000] {processor.py:161} INFO - Started process (PID=216) to work on /opt/airflow/dags/lakehouse_pipeline.py
[2026-08-15T13:42:03.000+0000] {processor.py:830} INFO - Processing file /opt/airflow/dags/lakehouse_pipeline.py for tasks to queue
[2026-08-15T13:42:03.002+0000] {logging_mixin.py:188} INFO - [2026-08-15T13:42:03.002+0000] {dagbag.py:545} INFO - Filling up the DagBag from /opt/airflow/dags/lakehouse_pipeline.py
[2026-08-15T13:42:03.021+0000] {processor.py:840} INFO - DAG(s) 'hybrid_lakehouse_daily_pipeline' retrieved from /opt/airflow/dags/lakehouse_pipeline.py
[2026-08-15T13:42:03.047+0000] {logging_mixin.py:188} INFO - [2026-08-15T13:42:03.047+0000] {dag.py:3089} INFO - Sync 1 DAGs
[2026-08-15T13:42:03.070+0000] {logging_mixin.py:188} INFO - [2026-08-15T13:42:03.070+0000] {dag.py:3947} INFO - Setting next_dagrun for hybrid_lakehouse_daily_pipeline to 2026-08-14 02:00:00+00:00, run_after=2026-08-15 02:00:00+00:00
[2026-08-15T13:42:03.091+0000] {processor.py:183} INFO - Processing /opt/airflow/dags/lakehouse_pipeline.py took 0.098 seconds
[2026-08-15T13:42:33.243+0000] {processor.py:161} INFO - Started process (PID=221) to work on /opt/airflow/dags/lakehouse_pipeline.py
[2026-08-15T13:42:33.244+0000] {processor.py:830} INFO - Processing file /opt/airflow/dags/lakehouse_pipeline.py for tasks to queue
[2026-08-15T13:42:33.247+0000] {logging_mixin.py:188} INFO - [2026-08-15T13:42:33.246+0000] {dagbag.py:545} INFO - Filling up the DagBag from /opt/airflow/dags/lakehouse_pipeline.py
[2026-08-15T13:42:33.265+0000] {processor.py:840} INFO - DAG(s) 'hybrid_lakehouse_daily_pipeline' retrieved from /opt/airflow/dags/lakehouse_pipeline.py
[2026-08-15T13:42:33.288+0000] {logging_mixin.py:188} INFO - [2026-08-15T13:42:33.288+0000] {dag.py:3089} INFO - Sync 1 DAGs
[2026-08-15T13:42:33.307+0000] {logging_mixin.py:188} INFO - [2026-08-15T13:42:33.307+0000] {dag.py:3947} INFO - Setting next_dagrun for hybrid_lakehouse_daily_pipeline to 2026-08-14 02:00:00+00:00, run_after=2026-08-15 02:00:00+00:00
[2026-08-15T13:42:33.324+0000] {processor.py:183} INFO - Processing /opt/airflow/dags/lakehouse_pipeline.py took 0.086 seconds
[2026-08-15T13:42:37.391+0000] {processor.py:161} INFO - Started process (PID=226) to work on /opt/airflow/dags/lakehouse_pipeline.py
[2026-08-15T13:42:37.393+0000] {processor.py:830} INFO - Processing file /opt/airflow/dags/lakehouse_pipeline.py for tasks to queue
[2026-08-15T13:42:37.395+0000] {logging_mixin.py:188} INFO - [2026-08-15T13:42:37.395+0000] {dagbag.py:545} INFO - Filling up the DagBag from /opt/airflow/dags/lakehouse_pipeline.py
[2026-08-15T13:42:37.424+0000] {processor.py:840} INFO - DAG(s) 'hybrid_lakehouse_daily_pipeline' retrieved from /opt/airflow/dags/lakehouse_pipeline.py
[2026-08-15T13:42:37.525+0000] {logging_mixin.py:188} INFO - [2026-08-15T13:42:37.524+0000] {dag.py:3089} INFO - Sync 1 DAGs
[2026-08-15T13:42:37.544+0000] {logging_mixin.py:188} INFO - [2026-08-15T13:42:37.544+0000] {dag.py:3947} INFO - Setting next_dagrun for hybrid_lakehouse_daily_pipeline to 2026-08-14 02:00:00+00:00, run_after=2026-08-15 02:00:00+00:00
[2026-08-15T13:42:37.572+0000] {processor.py:183} INFO - Processing /opt/airflow/dags/lakehouse_pipeline.py took 0.187 seconds
[2026-08-15T13:43:07.770+0000] {processor.py:161} INFO - Started process (PID=231) to work on /opt/airflow/dags/lakehouse_pipeline.py
[2026-08-15T13:43:07.771+0000] {processor.py:830} INFO - Processing file /opt/airflow/dags/lakehouse_pipeline.py for tasks to queue
[2026-08-15T13:43:07.773+0000] {logging_mixin.py:188} INFO - [2026-08-15T13:43:07.773+0000] {dagbag.py:545} INFO - Filling up the DagBag from /opt/airflow/dags/lakehouse_pipeline.py
[2026-08-15T13:43:07.790+0000] {processor.py:840} INFO - DAG(s) 'hybrid_lakehouse_daily_pipeline' retrieved from /opt/airflow/dags/lakehouse_pipeline.py
[2026-08-15T13:43:07.872+0000] {logging_mixin.py:188} INFO - [2026-08-15T13:43:07.872+0000] {dag.py:3089} INFO - Sync 1 DAGs
[2026-08-15T13:43:07.888+0000] {logging_mixin.py:188} INFO - [2026-08-15T13:43:07.888+0000] {dag.py:3947} INFO - Setting next_dagrun for hybrid_lakehouse_daily_pipeline to 2026-08-14 02:00:00+00:00, run_after=2026-08-15 02:00:00+00:00
[2026-08-15T13:43:07.908+0000] {processor.py:183} INFO - Processing /opt/airflow/dags/lakehouse_pipeline.py took 0.143 seconds
[2026-08-15T13:43:37.951+0000] {processor.py:161} INFO - Started process (PID=236) to work on /opt/airflow/dags/lakehouse_pipeline.py
[2026-08-15T13:43:37.952+0000] {processor.py:830} INFO - Processing file /opt/airflow/dags/lakehouse_pipeline.py for tasks to queue
[2026-08-15T13:43:37.955+0000] {logging_mixin.py:188} INFO - [2026-08-15T13:43:37.955+0000] {dagbag.py:545} INFO - Filling up the DagBag from /opt/airflow/dags/lakehouse_pipeline.py
[2026-08-15T13:43:37.979+0000] {processor.py:840} INFO - DAG(s) 'hybrid_lakehouse_daily_pipeline' retrieved from /opt/airflow/dags/lakehouse_pipeline.py
[2026-08-15T13:43:38.085+0000] {logging_mixin.py:188} INFO - [2026-08-15T13:43:38.084+0000] {dag.py:3089} INFO - Sync 1 DAGs
[2026-08-15T13:43:38.102+0000] {logging_mixin.py:188} INFO - [2026-08-15T13:43:38.102+0000] {dag.py:3947} INFO - Setting next_dagrun for hybrid_lakehouse_daily_pipeline to 2026-08-14 02:00:00+00:00, run_after=2026-08-15 02:00:00+00:00
[2026-08-15T13:43:38.121+0000] {processor.py:183} INFO - Processing /opt/airflow/dags/lakehouse_pipeline.py took 0.175 seconds
[2026-08-15T13:44:08.241+0000] {processor.py:161} INFO - Started process (PID=241) to work on /opt/airflow/dags/lakehouse_pipeline.py
[2026-08-15T13:44:08.242+0000] {processor.py:830} INFO - Processing file /opt/airflow/dags/lakehouse_pipeline.py for tasks to queue
[2026-08-15T13:44:08.244+0000] {logging_mixin.py:188} INFO - [2026-08-15T13:44:08.244+0000] {dagbag.py:545} INFO - Filling up the DagBag from /opt/airflow/dags/lakehouse_pipeline.py
[2026-08-15T13:44:08.262+0000] {processor.py:840} INFO - DAG(s) 'hybrid_lakehouse_daily_pipeline' retrieved from /opt/airflow/dags/lakehouse_pipeline.py
[2026-08-15T13:44:08.350+0000] {logging_mixin.py:188} INFO - [2026-08-15T13:44:08.349+0000] {dag.py:3089} INFO - Sync 1 DAGs
[2026-08-15T13:44:08.364+0000] {logging_mixin.py:188} INFO - [2026-08-15T13:44:08.364+0000] {dag.py:3947} INFO - Setting next_dagrun for hybrid_lakehouse_daily_pipeline to 2026-08-14 02:00:00+00:00, run_after=2026-08-15 02:00:00+00:00
[2026-08-15T13:44:08.384+0000] {processor.py:183} INFO - Processing /opt/airflow/dags/lakehouse_pipeline.py took 0.149 seconds
[2026-08-15T13:44:38.437+0000] {processor.py:161} INFO - Started process (PID=246) to work on /opt/airflow/dags/lakehouse_pipeline.py
[2026-08-15T13:44:38.438+0000] {processor.py:830} INFO - Processing file /opt/airflow/dags/lakehouse_pipeline.py for tasks to queue
[2026-08-15T13:44:38.440+0000] {logging_mixin.py:188} INFO - [2026-08-15T13:44:38.440+0000] {dagbag.py:545} INFO - Filling up the DagBag from /opt/airflow/dags/lakehouse_pipeline.py
[2026-08-15T13:44:38.458+0000] {processor.py:840} INFO - DAG(s) 'hybrid_lakehouse_daily_pipeline' retrieved from /opt/airflow/dags/lakehouse_pipeline.py
[2026-08-15T13:44:38.552+0000] {logging_mixin.py:188} INFO - [2026-08-15T13:44:38.551+0000] {dag.py:3089} INFO - Sync 1 DAGs
[2026-08-15T13:44:38.578+0000] {logging_mixin.py:188} INFO - [2026-08-15T13:44:38.577+0000] {dag.py:3947} INFO - Setting next_dagrun for hybrid_lakehouse_daily_pipeline to 2026-08-14 02:00:00+00:00, run_after=2026-08-15 02:00:00+00:00
[2026-08-15T13:44:38.604+0000] {processor.py:183} INFO - Processing /opt/airflow/dags/lakehouse_pipeline.py took 0.173 seconds
[2026-08-15T13:45:08.706+0000] {processor.py:161} INFO - Started process (PID=251) to work on /opt/airflow/dags/lakehouse_pipeline.py
[2026-08-15T13:45:08.707+0000] {processor.py:830} INFO - Processing file /opt/airflow/dags/lakehouse_pipeline.py for tasks to queue
[2026-08-15T13:45:08.709+0000] {logging_mixin.py:188} INFO - [2026-08-15T13:45:08.709+0000] {dagbag.py:545} INFO - Filling up the DagBag from /opt/airflow/dags/lakehouse_pipeline.py
[2026-08-15T13:45:08.728+0000] {processor.py:840} INFO - DAG(s) 'hybrid_lakehouse_daily_pipeline' retrieved from /opt/airflow/dags/lakehouse_pipeline.py
[2026-08-15T13:45:08.823+0000] {logging_mixin.py:188} INFO - [2026-08-15T13:45:08.822+0000] {dag.py:3089} INFO - Sync 1 DAGs
[2026-08-15T13:45:08.842+0000] {logging_mixin.py:188} INFO - [2026-08-15T13:45:08.841+0000] {dag.py:3947} INFO - Setting next_dagrun for hybrid_lakehouse_daily_pipeline to 2026-08-14 02:00:00+00:00, run_after=2026-08-15 02:00:00+00:00
[2026-08-15T13:45:08.867+0000] {processor.py:183} INFO - Processing /opt/airflow/dags/lakehouse_pipeline.py took 0.167 seconds
[2026-08-15T13:45:15.807+0000] {processor.py:161} INFO - Started process (PID=256) to work on /opt/airflow/dags/lakehouse_pipeline.py
[2026-08-15T13:45:15.809+0000] {processor.py:830} INFO - Processing file /opt/airflow/dags/lakehouse_pipeline.py for tasks to queue
[2026-08-15T13:45:15.811+0000] {logging_mixin.py:188} INFO - [2026-08-15T13:45:15.811+0000] {dagbag.py:545} INFO - Filling up the DagBag from /opt/airflow/dags/lakehouse_pipeline.py
[2026-08-15T13:45:15.842+0000] {processor.py:840} INFO - DAG(s) 'hybrid_lakehouse_daily_pipeline' retrieved from /opt/airflow/dags/lakehouse_pipeline.py
[2026-08-15T13:45:15.859+0000] {logging_mixin.py:188} INFO - [2026-08-15T13:45:15.858+0000] {dag.py:3089} INFO - Sync 1 DAGs
[2026-08-15T13:45:15.883+0000] {logging_mixin.py:188} INFO - [2026-08-15T13:45:15.883+0000] {dag.py:3947} INFO - Setting next_dagrun for hybrid_lakehouse_daily_pipeline to 2026-08-14 02:00:00+00:00, run_after=2026-08-15 02:00:00+00:00
[2026-08-15T13:45:15.911+0000] {processor.py:183} INFO - Processing /opt/airflow/dags/lakehouse_pipeline.py took 0.110 seconds
[2026-08-15T13:45:46.089+0000] {processor.py:161} INFO - Started process (PID=273) to work on /opt/airflow/dags/lakehouse_pipeline.py
[2026-08-15T13:45:46.090+0000] {processor.py:830} INFO - Processing file /opt/airflow/dags/lakehouse_pipeline.py for tasks to queue
[2026-08-15T13:45:46.093+0000] {logging_mixin.py:188} INFO - [2026-08-15T13:45:46.092+0000] {dagbag.py:545} INFO - Filling up the DagBag from /opt/airflow/dags/lakehouse_pipeline.py
[2026-08-15T13:45:46.112+0000] {processor.py:840} INFO - DAG(s) 'hybrid_lakehouse_daily_pipeline' retrieved from /opt/airflow/dags/lakehouse_pipeline.py
[2026-08-15T13:45:46.197+0000] {logging_mixin.py:188} INFO - [2026-08-15T13:45:46.197+0000] {dag.py:3089} INFO - Sync 1 DAGs
[2026-08-15T13:45:46.214+0000] {logging_mixin.py:188} INFO - [2026-08-15T13:45:46.214+0000] {dag.py:3947} INFO - Setting next_dagrun for hybrid_lakehouse_daily_pipeline to 2026-08-14 02:00:00+00:00, run_after=2026-08-15 02:00:00+00:00
[2026-08-15T13:45:46.231+0000] {processor.py:183} INFO - Processing /opt/airflow/dags/lakehouse_pipeline.py took 0.147 seconds
[2026-08-15T13:46:16.407+0000] {processor.py:161} INFO - Started process (PID=278) to work on /opt/airflow/dags/lakehouse_pipeline.py
[2026-08-15T13:46:16.408+0000] {processor.py:830} INFO - Processing file /opt/airflow/dags/lakehouse_pipeline.py for tasks to queue
[2026-08-15T13:46:16.411+0000] {logging_mixin.py:188} INFO - [2026-08-15T13:46:16.410+0000] {dagbag.py:545} INFO - Filling up the DagBag from /opt/airflow/dags/lakehouse_pipeline.py
[2026-08-15T13:46:16.430+0000] {processor.py:840} INFO - DAG(s) 'hybrid_lakehouse_daily_pipeline' retrieved from /opt/airflow/dags/lakehouse_pipeline.py
[2026-08-15T13:46:16.526+0000] {logging_mixin.py:188} INFO - [2026-08-15T13:46:16.525+0000] {dag.py:3089} INFO - Sync 1 DAGs
[2026-08-15T13:46:16.546+0000] {logging_mixin.py:188} INFO - [2026-08-15T13:46:16.546+0000] {dag.py:3947} INFO - Setting next_dagrun for hybrid_lakehouse_daily_pipeline to 2026-08-14 02:00:00+00:00, run_after=2026-08-15 02:00:00+00:00
[2026-08-15T13:46:16.565+0000] {processor.py:183} INFO - Processing /opt/airflow/dags/lakehouse_pipeline.py took 0.164 seconds
[2026-08-15T13:46:46.747+0000] {processor.py:161} INFO - Started process (PID=283) to work on /opt/airflow/dags/lakehouse_pipeline.py
[2026-08-15T13:46:46.748+0000] {processor.py:830} INFO - Processing file /opt/airflow/dags/lakehouse_pipeline.py for tasks to queue
[2026-08-15T13:46:46.750+0000] {logging_mixin.py:188} INFO - [2026-08-15T13:46:46.750+0000] {dagbag.py:545} INFO - Filling up the DagBag from /opt/airflow/dags/lakehouse_pipeline.py
[2026-08-15T13:46:46.767+0000] {processor.py:840} INFO - DAG(s) 'hybrid_lakehouse_daily_pipeline' retrieved from /opt/airflow/dags/lakehouse_pipeline.py
[2026-08-15T13:46:46.855+0000] {logging_mixin.py:188} INFO - [2026-08-15T13:46:46.854+0000] {dag.py:3089} INFO - Sync 1 DAGs
[2026-08-15T13:46:46.872+0000] {logging_mixin.py:188} INFO - [2026-08-15T13:46:46.872+0000] {dag.py:3947} INFO - Setting next_dagrun for hybrid_lakehouse_daily_pipeline to 2026-08-14 02:00:00+00:00, run_after=2026-08-15 02:00:00+00:00
[2026-08-15T13:46:46.890+0000] {processor.py:183} INFO - Processing /opt/airflow/dags/lakehouse_pipeline.py took 0.148 seconds
[2026-08-15T13:47:17.065+0000] {processor.py:161} INFO - Started process (PID=288) to work on /opt/airflow/dags/lakehouse_pipeline.py
[2026-08-15T13:47:17.066+0000] {processor.py:830} INFO - Processing file /opt/airflow/dags/lakehouse_pipeline.py for tasks to queue
[2026-08-15T13:47:17.068+0000] {logging_mixin.py:188} INFO - [2026-08-15T13:47:17.067+0000] {dagbag.py:545} INFO - Filling up the DagBag from /opt/airflow/dags/lakehouse_pipeline.py
[2026-08-15T13:47:17.086+0000] {processor.py:840} INFO - DAG(s) 'hybrid_lakehouse_daily_pipeline' retrieved from /opt/airflow/dags/lakehouse_pipeline.py
[2026-08-15T13:47:17.170+0000] {logging_mixin.py:188} INFO - [2026-08-15T13:47:17.170+0000] {dag.py:3089} INFO - Sync 1 DAGs
[2026-08-15T13:47:17.186+0000] {logging_mixin.py:188} INFO - [2026-08-15T13:47:17.186+0000] {dag.py:3947} INFO - Setting next_dagrun for hybrid_lakehouse_daily_pipeline to 2026-08-14 02:00:00+00:00, run_after=2026-08-15 02:00:00+00:00
[2026-08-15T13:47:17.208+0000] {processor.py:183} INFO - Processing /opt/airflow/dags/lakehouse_pipeline.py took 0.148 seconds
[2026-08-15T13:47:47.382+0000] {processor.py:161} INFO - Started process (PID=293) to work on /opt/airflow/dags/lakehouse_pipeline.py
[2026-08-15T13:47:47.383+0000] {processor.py:830} INFO - Processing file /opt/airflow/dags/lakehouse_pipeline.py for tasks to queue
[2026-08-15T13:47:47.385+0000] {logging_mixin.py:188} INFO - [2026-08-15T13:47:47.385+0000] {dagbag.py:545} INFO - Filling up the DagBag from /opt/airflow/dags/lakehouse_pipeline.py
[2026-08-15T13:47:47.402+0000] {processor.py:840} INFO - DAG(s) 'hybrid_lakehouse_daily_pipeline' retrieved from /opt/airflow/dags/lakehouse_pipeline.py
[2026-08-15T13:47:47.491+0000] {logging_mixin.py:188} INFO - [2026-08-15T13:47:47.490+0000] {dag.py:3089} INFO - Sync 1 DAGs
[2026-08-15T13:47:47.507+0000] {logging_mixin.py:188} INFO - [2026-08-15T13:47:47.507+0000] {dag.py:3947} INFO - Setting next_dagrun for hybrid_lakehouse_daily_pipeline to 2026-08-14 02:00:00+00:00, run_after=2026-08-15 02:00:00+00:00
[2026-08-15T13:47:47.528+0000] {processor.py:183} INFO - Processing /opt/airflow/dags/lakehouse_pipeline.py took 0.152 seconds
[2026-08-15T13:48:17.747+0000] {processor.py:161} INFO - Started process (PID=303) to work on /opt/airflow/dags/lakehouse_pipeline.py
[2026-08-15T13:48:17.748+0000] {processor.py:830} INFO - Processing file /opt/airflow/dags/lakehouse_pipeline.py for tasks to queue
[2026-08-15T13:48:17.750+0000] {logging_mixin.py:188} INFO - [2026-08-15T13:48:17.750+0000] {dagbag.py:545} INFO - Filling up the DagBag from /opt/airflow/dags/lakehouse_pipeline.py
[2026-08-15T13:48:17.770+0000] {processor.py:840} INFO - DAG(s) 'hybrid_lakehouse_daily_pipeline' retrieved from /opt/airflow/dags/lakehouse_pipeline.py
[2026-08-15T13:48:17.864+0000] {logging_mixin.py:188} INFO - [2026-08-15T13:48:17.864+0000] {dag.py:3089} INFO - Sync 1 DAGs
[2026-08-15T13:48:17.883+0000] {logging_mixin.py:188} INFO - [2026-08-15T13:48:17.883+0000] {dag.py:3947} INFO - Setting next_dagrun for hybrid_lakehouse_daily_pipeline to 2026-08-14 02:00:00+00:00, run_after=2026-08-15 02:00:00+00:00
[2026-08-15T13:48:17.901+0000] {processor.py:183} INFO - Processing /opt/airflow/dags/lakehouse_pipeline.py took 0.160 seconds
[2026-08-15T13:48:48.098+0000] {processor.py:161} INFO - Started process (PID=313) to work on /opt/airflow/dags/lakehouse_pipeline.py
[2026-08-15T13:48:48.101+0000] {processor.py:830} INFO - Processing file /opt/airflow/dags/lakehouse_pipeline.py for tasks to queue
[2026-08-15T13:48:48.104+0000] {logging_mixin.py:188} INFO - [2026-08-15T13:48:48.104+0000] {dagbag.py:545} INFO - Filling up the DagBag from /opt/airflow/dags/lakehouse_pipeline.py
[2026-08-15T13:48:48.135+0000] {processor.py:840} INFO - DAG(s) 'hybrid_lakehouse_daily_pipeline' retrieved from /opt/airflow/dags/lakehouse_pipeline.py
[2026-08-15T13:48:48.285+0000] {logging_mixin.py:188} INFO - [2026-08-15T13:48:48.285+0000] {dag.py:3089} INFO - Sync 1 DAGs
[2026-08-15T13:48:48.332+0000] {logging_mixin.py:188} INFO - [2026-08-15T13:48:48.332+0000] {dag.py:3947} INFO - Setting next_dagrun for hybrid_lakehouse_daily_pipeline to 2026-08-14 02:00:00+00:00, run_after=2026-08-15 02:00:00+00:00
[2026-08-15T13:48:48.367+0000] {processor.py:183} INFO - Processing /opt/airflow/dags/lakehouse_pipeline.py took 0.276 seconds
[2026-08-15T13:49:18.504+0000] {processor.py:161} INFO - Started process (PID=323) to work on /opt/airflow/dags/lakehouse_pipeline.py
[2026-08-15T13:49:18.505+0000] {processor.py:830} INFO - Processing file /opt/airflow/dags/lakehouse_pipeline.py for tasks to queue
[2026-08-15T13:49:18.507+0000] {logging_mixin.py:188} INFO - [2026-08-15T13:49:18.507+0000] {dagbag.py:545} INFO - Filling up the DagBag from /opt/airflow/dags/lakehouse_pipeline.py
[2026-08-15T13:49:18.525+0000] {processor.py:840} INFO - DAG(s) 'hybrid_lakehouse_daily_pipeline' retrieved from /opt/airflow/dags/lakehouse_pipeline.py
[2026-08-15T13:49:18.617+0000] {logging_mixin.py:188} INFO - [2026-08-15T13:49:18.617+0000] {dag.py:3089} INFO - Sync 1 DAGs
[2026-08-15T13:49:18.636+0000] {logging_mixin.py:188} INFO - [2026-08-15T13:49:18.636+0000] {dag.py:3947} INFO - Setting next_dagrun for hybrid_lakehouse_daily_pipeline to 2026-08-14 02:00:00+00:00, run_after=2026-08-15 02:00:00+00:00
[2026-08-15T13:49:18.655+0000] {processor.py:183} INFO - Processing /opt/airflow/dags/lakehouse_pipeline.py took 0.157 seconds
[2026-08-15T13:49:48.874+0000] {processor.py:161} INFO - Started process (PID=333) to work on /opt/airflow/dags/lakehouse_pipeline.py
[2026-08-15T13:49:48.875+0000] {processor.py:830} INFO - Processing file /opt/airflow/dags/lakehouse_pipeline.py for tasks to queue
[2026-08-15T13:49:48.877+0000] {logging_mixin.py:188} INFO - [2026-08-15T13:49:48.877+0000] {dagbag.py:545} INFO - Filling up the DagBag from /opt/airflow/dags/lakehouse_pipeline.py
[2026-08-15T13:49:48.894+0000] {processor.py:840} INFO - DAG(s) 'hybrid_lakehouse_daily_pipeline' retrieved from /opt/airflow/dags/lakehouse_pipeline.py
[2026-08-15T13:49:48.986+0000] {logging_mixin.py:188} INFO - [2026-08-15T13:49:48.985+0000] {dag.py:3089} INFO - Sync 1 DAGs
[2026-08-15T13:49:49.005+0000] {logging_mixin.py:188} INFO - [2026-08-15T13:49:49.004+0000] {dag.py:3947} INFO - Setting next_dagrun for hybrid_lakehouse_daily_pipeline to 2026-08-14 02:00:00+00:00, run_after=2026-08-15 02:00:00+00:00
[2026-08-15T13:49:49.022+0000] {processor.py:183} INFO - Processing /opt/airflow/dags/lakehouse_pipeline.py took 0.153 seconds
[2026-08-15T13:50:19.268+0000] {processor.py:161} INFO - Started process (PID=343) to work on /opt/airflow/dags/lakehouse_pipeline.py
[2026-08-15T13:50:19.269+0000] {processor.py:830} INFO - Processing file /opt/airflow/dags/lakehouse_pipeline.py for tasks to queue
[2026-08-15T13:50:19.271+0000] {logging_mixin.py:188} INFO - [2026-08-15T13:50:19.271+0000] {dagbag.py:545} INFO - Filling up the DagBag from /opt/airflow/dags/lakehouse_pipeline.py
[2026-08-15T13:50:19.288+0000] {processor.py:840} INFO - DAG(s) 'hybrid_lakehouse_daily_pipeline' retrieved from /opt/airflow/dags/lakehouse_pipeline.py
[2026-08-15T13:50:19.373+0000] {logging_mixin.py:188} INFO - [2026-08-15T13:50:19.372+0000] {dag.py:3089} INFO - Sync 1 DAGs
[2026-08-15T13:50:19.392+0000] {logging_mixin.py:188} INFO - [2026-08-15T13:50:19.391+0000] {dag.py:3947} INFO - Setting next_dagrun for hybrid_lakehouse_daily_pipeline to 2026-08-14 02:00:00+00:00, run_after=2026-08-15 02:00:00+00:00
[2026-08-15T13:50:19.411+0000] {processor.py:183} INFO - Processing /opt/airflow/dags/lakehouse_pipeline.py took 0.148 seconds
[2026-08-15T13:50:49.619+0000] {processor.py:161} INFO - Started process (PID=353) to work on /opt/airflow/dags/lakehouse_pipeline.py
[2026-08-15T13:50:49.620+0000] {processor.py:830} INFO - Processing file /opt/airflow/dags/lakehouse_pipeline.py for tasks to queue
[2026-08-15T13:50:49.622+0000] {logging_mixin.py:188} INFO - [2026-08-15T13:50:49.621+0000] {dagbag.py:545} INFO - Filling up the DagBag from /opt/airflow/dags/lakehouse_pipeline.py
[2026-08-15T13:50:49.638+0000] {processor.py:840} INFO - DAG(s) 'hybrid_lakehouse_daily_pipeline' retrieved from /opt/airflow/dags/lakehouse_pipeline.py
[2026-08-15T13:50:49.717+0000] {logging_mixin.py:188} INFO - [2026-08-15T13:50:49.717+0000] {dag.py:3089} INFO - Sync 1 DAGs
[2026-08-15T13:50:49.732+0000] {logging_mixin.py:188} INFO - [2026-08-15T13:50:49.732+0000] {dag.py:3947} INFO - Setting next_dagrun for hybrid_lakehouse_daily_pipeline to 2026-08-14 02:00:00+00:00, run_after=2026-08-15 02:00:00+00:00
[2026-08-15T13:50:49.748+0000] {processor.py:183} INFO - Processing /opt/airflow/dags/lakehouse_pipeline.py took 0.134 seconds
[2026-08-15T13:51:20.009+0000] {processor.py:161} INFO - Started process (PID=363) to work on /opt/airflow/dags/lakehouse_pipeline.py
[2026-08-15T13:51:20.010+0000] {processor.py:830} INFO - Processing file /opt/airflow/dags/lakehouse_pipeline.py for tasks to queue
[2026-08-15T13:51:20.011+0000] {logging_mixin.py:188} INFO - [2026-08-15T13:51:20.011+0000] {dagbag.py:545} INFO - Filling up the DagBag from /opt/airflow/dags/lakehouse_pipeline.py
[2026-08-15T13:51:20.028+0000] {processor.py:840} INFO - DAG(s) 'hybrid_lakehouse_daily_pipeline' retrieved from /opt/airflow/dags/lakehouse_pipeline.py
[2026-08-15T13:51:20.112+0000] {logging_mixin.py:188} INFO - [2026-08-15T13:51:20.112+0000] {dag.py:3089} INFO - Sync 1 DAGs
[2026-08-15T13:51:20.128+0000] {logging_mixin.py:188} INFO - [2026-08-15T13:51:20.127+0000] {dag.py:3947} INFO - Setting next_dagrun for hybrid_lakehouse_daily_pipeline to 2026-08-14 02:00:00+00:00, run_after=2026-08-15 02:00:00+00:00
[2026-08-15T13:51:20.144+0000] {processor.py:183} INFO - Processing /opt/airflow/dags/lakehouse_pipeline.py took 0.140 seconds
[2026-08-15T13:51:50.386+0000] {processor.py:161} INFO - Started process (PID=373) to work on /opt/airflow/dags/lakehouse_pipeline.py
[2026-08-15T13:51:50.387+0000] {processor.py:830} INFO - Processing file /opt/airflow/dags/lakehouse_pipeline.py for tasks to queue
[2026-08-15T13:51:50.389+0000] {logging_mixin.py:188} INFO - [2026-08-15T13:51:50.389+0000] {dagbag.py:545} INFO - Filling up the DagBag from /opt/airflow/dags/lakehouse_pipeline.py
[2026-08-15T13:51:50.405+0000] {processor.py:840} INFO - DAG(s) 'hybrid_lakehouse_daily_pipeline' retrieved from /opt/airflow/dags/lakehouse_pipeline.py
[2026-08-15T13:51:50.494+0000] {logging_mixin.py:188} INFO - [2026-08-15T13:51:50.494+0000] {dag.py:3089} INFO - Sync 1 DAGs
[2026-08-15T13:51:50.511+0000] {logging_mixin.py:188} INFO - [2026-08-15T13:51:50.511+0000] {dag.py:3947} INFO - Setting next_dagrun for hybrid_lakehouse_daily_pipeline to 2026-08-14 02:00:00+00:00, run_after=2026-08-15 02:00:00+00:00
[2026-08-15T13:51:50.538+0000] {processor.py:183} INFO - Processing /opt/airflow/dags/lakehouse_pipeline.py took 0.157 seconds
[2026-08-15T13:52:20.780+0000] {processor.py:161} INFO - Started process (PID=383) to work on /opt/airflow/dags/lakehouse_pipeline.py
[2026-08-15T13:52:20.782+0000] {processor.py:830} INFO - Processing file /opt/airflow/dags/lakehouse_pipeline.py for tasks to queue
[2026-08-15T13:52:20.784+0000] {logging_mixin.py:188} INFO - [2026-08-15T13:52:20.783+0000] {dagbag.py:545} INFO - Filling up the DagBag from /opt/airflow/dags/lakehouse_pipeline.py
[2026-08-15T13:52:20.801+0000] {processor.py:840} INFO - DAG(s) 'hybrid_lakehouse_daily_pipeline' retrieved from /opt/airflow/dags/lakehouse_pipeline.py
[2026-08-15T13:52:20.880+0000] {logging_mixin.py:188} INFO - [2026-08-15T13:52:20.879+0000] {dag.py:3089} INFO - Sync 1 DAGs
[2026-08-15T13:52:20.895+0000] {logging_mixin.py:188} INFO - [2026-08-15T13:52:20.895+0000] {dag.py:3947} INFO - Setting next_dagrun for hybrid_lakehouse_daily_pipeline to 2026-08-14 02:00:00+00:00, run_after=2026-08-15 02:00:00+00:00
[2026-08-15T13:52:20.914+0000] {processor.py:183} INFO - Processing /opt/airflow/dags/lakehouse_pipeline.py took 0.138 seconds
[2026-08-15T13:52:51.160+0000] {processor.py:161} INFO - Started process (PID=393) to work on /opt/airflow/dags/lakehouse_pipeline.py
[2026-08-15T13:52:51.161+0000] {processor.py:830} INFO - Processing file /opt/airflow/dags/lakehouse_pipeline.py for tasks to queue
[2026-08-15T13:52:51.163+0000] {logging_mixin.py:188} INFO - [2026-08-15T13:52:51.163+0000] {dagbag.py:545} INFO - Filling up the DagBag from /opt/airflow/dags/lakehouse_pipeline.py
[2026-08-15T13:52:51.180+0000] {processor.py:840} INFO - DAG(s) 'hybrid_lakehouse_daily_pipeline' retrieved from /opt/airflow/dags/lakehouse_pipeline.py
[2026-08-15T13:52:51.263+0000] {logging_mixin.py:188} INFO - [2026-08-15T13:52:51.263+0000] {dag.py:3089} INFO - Sync 1 DAGs
[2026-08-15T13:52:51.279+0000] {logging_mixin.py:188} INFO - [2026-08-15T13:52:51.278+0000] {dag.py:3947} INFO - Setting next_dagrun for hybrid_lakehouse_daily_pipeline to 2026-08-14 02:00:00+00:00, run_after=2026-08-15 02:00:00+00:00
[2026-08-15T13:52:51.305+0000] {processor.py:183} INFO - Processing /opt/airflow/dags/lakehouse_pipeline.py took 0.150 seconds
[2026-08-15T13:53:21.547+0000] {processor.py:161} INFO - Started process (PID=403) to work on /opt/airflow/dags/lakehouse_pipeline.py
[2026-08-15T13:53:21.548+0000] {processor.py:830} INFO - Processing file /opt/airflow/dags/lakehouse_pipeline.py for tasks to queue
[2026-08-15T13:53:21.551+0000] {logging_mixin.py:188} INFO - [2026-08-15T13:53:21.550+0000] {dagbag.py:545} INFO - Filling up the DagBag from /opt/airflow/dags/lakehouse_pipeline.py
[2026-08-15T13:53:21.567+0000] {processor.py:840} INFO - DAG(s) 'hybrid_lakehouse_daily_pipeline' retrieved from /opt/airflow/dags/lakehouse_pipeline.py
[2026-08-15T13:53:21.648+0000] {logging_mixin.py:188} INFO - [2026-08-15T13:53:21.648+0000] {dag.py:3089} INFO - Sync 1 DAGs
[2026-08-15T13:53:21.663+0000] {logging_mixin.py:188} INFO - [2026-08-15T13:53:21.663+0000] {dag.py:3947} INFO - Setting next_dagrun for hybrid_lakehouse_daily_pipeline to 2026-08-14 02:00:00+00:00, run_after=2026-08-15 02:00:00+00:00
[2026-08-15T13:53:21.686+0000] {processor.py:183} INFO - Processing /opt/airflow/dags/lakehouse_pipeline.py took 0.143 seconds
[2026-08-15T13:53:51.920+0000] {processor.py:161} INFO - Started process (PID=413) to work on /opt/airflow/dags/lakehouse_pipeline.py
[2026-08-15T13:53:51.921+0000] {processor.py:830} INFO - Processing file /opt/airflow/dags/lakehouse_pipeline.py for tasks to queue
[2026-08-15T13:53:51.923+0000] {logging_mixin.py:188} INFO - [2026-08-15T13:53:51.922+0000] {dagbag.py:545} INFO - Filling up the DagBag from /opt/airflow/dags/lakehouse_pipeline.py
[2026-08-15T13:53:51.939+0000] {processor.py:840} INFO - DAG(s) 'hybrid_lakehouse_daily_pipeline' retrieved from /opt/airflow/dags/lakehouse_pipeline.py
[2026-08-15T13:53:52.026+0000] {logging_mixin.py:188} INFO - [2026-08-15T13:53:52.026+0000] {dag.py:3089} INFO - Sync 1 DAGs
[2026-08-15T13:53:52.046+0000] {logging_mixin.py:188} INFO - [2026-08-15T13:53:52.046+0000] {dag.py:3947} INFO - Setting next_dagrun for hybrid_lakehouse_daily_pipeline to 2026-08-14 02:00:00+00:00, run_after=2026-08-15 02:00:00+00:00
[2026-08-15T13:53:52.066+0000] {processor.py:183} INFO - Processing /opt/airflow/dags/lakehouse_pipeline.py took 0.151 seconds
[2026-08-15T13:54:22.278+0000] {processor.py:161} INFO - Started process (PID=423) to work on /opt/airflow/dags/lakehouse_pipeline.py
[2026-08-15T13:54:22.279+0000] {processor.py:830} INFO - Processing file /opt/airflow/dags/lakehouse_pipeline.py for tasks to queue
[2026-08-15T13:54:22.281+0000] {logging_mixin.py:188} INFO - [2026-08-15T13:54:22.281+0000] {dagbag.py:545} INFO - Filling up the DagBag from /opt/airflow/dags/lakehouse_pipeline.py
[2026-08-15T13:54:22.298+0000] {processor.py:840} INFO - DAG(s) 'hybrid_lakehouse_daily_pipeline' retrieved from /opt/airflow/dags/lakehouse_pipeline.py
[2026-08-15T13:54:22.379+0000] {logging_mixin.py:188} INFO - [2026-08-15T13:54:22.379+0000] {dag.py:3089} INFO - Sync 1 DAGs
[2026-08-15T13:54:22.395+0000] {logging_mixin.py:188} INFO - [2026-08-15T13:54:22.395+0000] {dag.py:3947} INFO - Setting next_dagrun for hybrid_lakehouse_daily_pipeline to 2026-08-14 02:00:00+00:00, run_after=2026-08-15 02:00:00+00:00
[2026-08-15T13:54:22.413+0000] {processor.py:183} INFO - Processing /opt/airflow/dags/lakehouse_pipeline.py took 0.140 seconds
[2026-08-15T13:54:52.630+0000] {processor.py:161} INFO - Started process (PID=433) to work on /opt/airflow/dags/lakehouse_pipeline.py
[2026-08-15T13:54:52.631+0000] {processor.py:830} INFO - Processing file /opt/airflow/dags/lakehouse_pipeline.py for tasks to queue
[2026-08-15T13:54:52.633+0000] {logging_mixin.py:188} INFO - [2026-08-15T13:54:52.633+0000] {dagbag.py:545} INFO - Filling up the DagBag from /opt/airflow/dags/lakehouse_pipeline.py
[2026-08-15T13:54:52.649+0000] {processor.py:840} INFO - DAG(s) 'hybrid_lakehouse_daily_pipeline' retrieved from /opt/airflow/dags/lakehouse_pipeline.py
[2026-08-15T13:54:52.733+0000] {logging_mixin.py:188} INFO - [2026-08-15T13:54:52.733+0000] {dag.py:3089} INFO - Sync 1 DAGs
[2026-08-15T13:54:52.748+0000] {logging_mixin.py:188} INFO - [2026-08-15T13:54:52.747+0000] {dag.py:3947} INFO - Setting next_dagrun for hybrid_lakehouse_daily_pipeline to 2026-08-14 02:00:00+00:00, run_after=2026-08-15 02:00:00+00:00
[2026-08-15T13:54:52.765+0000] {processor.py:183} INFO - Processing /opt/airflow/dags/lakehouse_pipeline.py took 0.139 seconds
[2026-08-15T13:55:23.031+0000] {processor.py:161} INFO - Started process (PID=443) to work on /opt/airflow/dags/lakehouse_pipeline.py
[2026-08-15T13:55:23.033+0000] {processor.py:830} INFO - Processing file /opt/airflow/dags/lakehouse_pipeline.py for tasks to queue
[2026-08-15T13:55:23.035+0000] {logging_mixin.py:188} INFO - [2026-08-15T13:55:23.034+0000] {dagbag.py:545} INFO - Filling up the DagBag from /opt/airflow/dags/lakehouse_pipeline.py
[2026-08-15T13:55:23.051+0000] {processor.py:840} INFO - DAG(s) 'hybrid_lakehouse_daily_pipeline' retrieved from /opt/airflow/dags/lakehouse_pipeline.py
[2026-08-15T13:55:23.129+0000] {logging_mixin.py:188} INFO - [2026-08-15T13:55:23.128+0000] {dag.py:3089} INFO - Sync 1 DAGs
[2026-08-15T13:55:23.143+0000] {logging_mixin.py:188} INFO - [2026-08-15T13:55:23.143+0000] {dag.py:3947} INFO - Setting next_dagrun for hybrid_lakehouse_daily_pipeline to 2026-08-14 02:00:00+00:00, run_after=2026-08-15 02:00:00+00:00
[2026-08-15T13:55:23.169+0000] {processor.py:183} INFO - Processing /opt/airflow/dags/lakehouse_pipeline.py took 0.143 seconds
[2026-08-15T13:55:53.428+0000] {processor.py:161} INFO - Started process (PID=453) to work on /opt/airflow/dags/lakehouse_pipeline.py
[2026-08-15T13:55:53.429+0000] {processor.py:830} INFO - Processing file /opt/airflow/dags/lakehouse_pipeline.py for tasks to queue
[2026-08-15T13:55:53.431+0000] {logging_mixin.py:188} INFO - [2026-08-15T13:55:53.431+0000] {dagbag.py:545} INFO - Filling up the DagBag from /opt/airflow/dags/lakehouse_pipeline.py
[2026-08-15T13:55:53.449+0000] {processor.py:840} INFO - DAG(s) 'hybrid_lakehouse_daily_pipeline' retrieved from /opt/airflow/dags/lakehouse_pipeline.py
[2026-08-15T13:55:53.528+0000] {logging_mixin.py:188} INFO - [2026-08-15T13:55:53.528+0000] {dag.py:3089} INFO - Sync 1 DAGs
[2026-08-15T13:55:53.543+0000] {logging_mixin.py:188} INFO - [2026-08-15T13:55:53.543+0000] {dag.py:3947} INFO - Setting next_dagrun for hybrid_lakehouse_daily_pipeline to 2026-08-14 02:00:00+00:00, run_after=2026-08-15 02:00:00+00:00
[2026-08-15T13:55:53.562+0000] {processor.py:183} INFO - Processing /opt/airflow/dags/lakehouse_pipeline.py took 0.139 seconds
[2026-08-15T13:56:23.764+0000] {processor.py:161} INFO - Started process (PID=463) to work on /opt/airflow/dags/lakehouse_pipeline.py
[2026-08-15T13:56:23.765+0000] {processor.py:830} INFO - Processing file /opt/airflow/dags/lakehouse_pipeline.py for tasks to queue
[2026-08-15T13:56:23.767+0000] {logging_mixin.py:188} INFO - [2026-08-15T13:56:23.767+0000] {dagbag.py:545} INFO - Filling up the DagBag from /opt/airflow/dags/lakehouse_pipeline.py
[2026-08-15T13:56:23.783+0000] {processor.py:840} INFO - DAG(s) 'hybrid_lakehouse_daily_pipeline' retrieved from /opt/airflow/dags/lakehouse_pipeline.py
[2026-08-15T13:56:23.862+0000] {logging_mixin.py:188} INFO - [2026-08-15T13:56:23.862+0000] {dag.py:3089} INFO - Sync 1 DAGs
[2026-08-15T13:56:23.876+0000] {logging_mixin.py:188} INFO - [2026-08-15T13:56:23.876+0000] {dag.py:3947} INFO - Setting next_dagrun for hybrid_lakehouse_daily_pipeline to 2026-08-14 02:00:00+00:00, run_after=2026-08-15 02:00:00+00:00
[2026-08-15T13:56:23.902+0000] {processor.py:183} INFO - Processing /opt/airflow/dags/lakehouse_pipeline.py took 0.143 seconds
[2026-08-15T13:56:54.175+0000] {processor.py:161} INFO - Started process (PID=473) to work on /opt/airflow/dags/lakehouse_pipeline.py
[2026-08-15T13:56:54.176+0000] {processor.py:830} INFO - Processing file /opt/airflow/dags/lakehouse_pipeline.py for tasks to queue
[2026-08-15T13:56:54.178+0000] {logging_mixin.py:188} INFO - [2026-08-15T13:56:54.178+0000] {dagbag.py:545} INFO - Filling up the DagBag from /opt/airflow/dags/lakehouse_pipeline.py
[2026-08-15T13:56:54.195+0000] {processor.py:840} INFO - DAG(s) 'hybrid_lakehouse_daily_pipeline' retrieved from /opt/airflow/dags/lakehouse_pipeline.py
[2026-08-15T13:56:54.280+0000] {logging_mixin.py:188} INFO - [2026-08-15T13:56:54.280+0000] {dag.py:3089} INFO - Sync 1 DAGs
[2026-08-15T13:56:54.296+0000] {logging_mixin.py:188} INFO - [2026-08-15T13:56:54.295+0000] {dag.py:3947} INFO - Setting next_dagrun for hybrid_lakehouse_daily_pipeline to 2026-08-14 02:00:00+00:00, run_after=2026-08-15 02:00:00+00:00
[2026-08-15T13:56:54.313+0000] {processor.py:183} INFO - Processing /opt/airflow/dags/lakehouse_pipeline.py took 0.143 seconds
[2026-08-15T13:57:24.549+0000] {processor.py:161} INFO - Started process (PID=483) to work on /opt/airflow/dags/lakehouse_pipeline.py
[2026-08-15T13:57:24.550+0000] {processor.py:830} INFO - Processing file /opt/airflow/dags/lakehouse_pipeline.py for tasks to queue
[2026-08-15T13:57:24.552+0000] {logging_mixin.py:188} INFO - [2026-08-15T13:57:24.551+0000] {dagbag.py:545} INFO - Filling up the DagBag from /opt/airflow/dags/lakehouse_pipeline.py
[2026-08-15T13:57:24.568+0000] {processor.py:840} INFO - DAG(s) 'hybrid_lakehouse_daily_pipeline' retrieved from /opt/airflow/dags/lakehouse_pipeline.py
[2026-08-15T13:57:24.654+0000] {logging_mixin.py:188} INFO - [2026-08-15T13:57:24.654+0000] {dag.py:3089} INFO - Sync 1 DAGs
[2026-08-15T13:57:24.669+0000] {logging_mixin.py:188} INFO - [2026-08-15T13:57:24.669+0000] {dag.py:3947} INFO - Setting next_dagrun for hybrid_lakehouse_daily_pipeline to 2026-08-14 02:00:00+00:00, run_after=2026-08-15 02:00:00+00:00
[2026-08-15T13:57:24.685+0000] {processor.py:183} INFO - Processing /opt/airflow/dags/lakehouse_pipeline.py took 0.141 seconds
[2026-08-15T13:57:54.915+0000] {processor.py:161} INFO - Started process (PID=493) to work on /opt/airflow/dags/lakehouse_pipeline.py
[2026-08-15T13:57:54.916+0000] {processor.py:830} INFO - Processing file /opt/airflow/dags/lakehouse_pipeline.py for tasks to queue
[2026-08-15T13:57:54.918+0000] {logging_mixin.py:188} INFO - [2026-08-15T13:57:54.918+0000] {dagbag.py:545} INFO - Filling up the DagBag from /opt/airflow/dags/lakehouse_pipeline.py
[2026-08-15T13:57:54.936+0000] {processor.py:840} INFO - DAG(s) 'hybrid_lakehouse_daily_pipeline' retrieved from /opt/airflow/dags/lakehouse_pipeline.py
[2026-08-15T13:57:55.018+0000] {logging_mixin.py:188} INFO - [2026-08-15T13:57:55.018+0000] {dag.py:3089} INFO - Sync 1 DAGs
[2026-08-15T13:57:55.033+0000] {logging_mixin.py:188} INFO - [2026-08-15T13:57:55.033+0000] {dag.py:3947} INFO - Setting next_dagrun for hybrid_lakehouse_daily_pipeline to 2026-08-14 02:00:00+00:00, run_after=2026-08-15 02:00:00+00:00
[2026-08-15T13:57:55.052+0000] {processor.py:183} INFO - Processing /opt/airflow/dags/lakehouse_pipeline.py took 0.142 seconds
[2026-08-15T13:58:25.266+0000] {processor.py:161} INFO - Started process (PID=503) to work on /opt/airflow/dags/lakehouse_pipeline.py
[2026-08-15T13:58:25.267+0000] {processor.py:830} INFO - Processing file /opt/airflow/dags/lakehouse_pipeline.py for tasks to queue
[2026-08-15T13:58:25.269+0000] {logging_mixin.py:188} INFO - [2026-08-15T13:58:25.269+0000] {dagbag.py:545} INFO - Filling up the DagBag from /opt/airflow/dags/lakehouse_pipeline.py
[2026-08-15T13:58:25.287+0000] {processor.py:840} INFO - DAG(s) 'hybrid_lakehouse_daily_pipeline' retrieved from /opt/airflow/dags/lakehouse_pipeline.py
[2026-08-15T13:58:25.380+0000] {logging_mixin.py:188} INFO - [2026-08-15T13:58:25.379+0000] {dag.py:3089} INFO - Sync 1 DAGs
[2026-08-15T13:58:25.401+0000] {logging_mixin.py:188} INFO - [2026-08-15T13:58:25.400+0000] {dag.py:3947} INFO - Setting next_dagrun for hybrid_lakehouse_daily_pipeline to 2026-08-14 02:00:00+00:00, run_after=2026-08-15 02:00:00+00:00
[2026-08-15T13:58:25.422+0000] {processor.py:183} INFO - Processing /opt/airflow/dags/lakehouse_pipeline.py took 0.161 seconds
[2026-08-15T13:58:55.647+0000] {processor.py:161} INFO - Started process (PID=513) to work on /opt/airflow/dags/lakehouse_pipeline.py
[2026-08-15T13:58:55.648+0000] {processor.py:830} INFO - Processing file /opt/airflow/dags/lakehouse_pipeline.py for tasks to queue
[2026-08-15T13:58:55.650+0000] {logging_mixin.py:188} INFO - [2026-08-15T13:58:55.650+0000] {dagbag.py:545} INFO - Filling up the DagBag from /opt/airflow/dags/lakehouse_pipeline.py
[2026-08-15T13:58:55.666+0000] {processor.py:840} INFO - DAG(s) 'hybrid_lakehouse_daily_pipeline' retrieved from /opt/airflow/dags/lakehouse_pipeline.py
[2026-08-15T13:58:55.753+0000] {logging_mixin.py:188} INFO - [2026-08-15T13:58:55.752+0000] {dag.py:3089} INFO - Sync 1 DAGs
[2026-08-15T13:58:55.770+0000] {logging_mixin.py:188} INFO - [2026-08-15T13:58:55.770+0000] {dag.py:3947} INFO - Setting next_dagrun for hybrid_lakehouse_daily_pipeline to 2026-08-14 02:00:00+00:00, run_after=2026-08-15 02:00:00+00:00
[2026-08-15T13:58:55.787+0000] {processor.py:183} INFO - Processing /opt/airflow/dags/lakehouse_pipeline.py took 0.145 seconds
[2026-08-15T13:59:26.023+0000] {processor.py:161} INFO - Started process (PID=523) to work on /opt/airflow/dags/lakehouse_pipeline.py
[2026-08-15T13:59:26.024+0000] {processor.py:830} INFO - Processing file /opt/airflow/dags/lakehouse_pipeline.py for tasks to queue
[2026-08-15T13:59:26.027+0000] {logging_mixin.py:188} INFO - [2026-08-15T13:59:26.026+0000] {dagbag.py:545} INFO - Filling up the DagBag from /opt/airflow/dags/lakehouse_pipeline.py
[2026-08-15T13:59:26.046+0000] {processor.py:840} INFO - DAG(s) 'hybrid_lakehouse_daily_pipeline' retrieved from /opt/airflow/dags/lakehouse_pipeline.py
[2026-08-15T13:59:26.136+0000] {logging_mixin.py:188} INFO - [2026-08-15T13:59:26.136+0000] {dag.py:3089} INFO - Sync 1 DAGs
[2026-08-15T13:59:26.152+0000] {logging_mixin.py:188} INFO - [2026-08-15T13:59:26.152+0000] {dag.py:3947} INFO - Setting next_dagrun for hybrid_lakehouse_daily_pipeline to 2026-08-14 02:00:00+00:00, run_after=2026-08-15 02:00:00+00:00
[2026-08-15T13:59:26.174+0000] {processor.py:183} INFO - Processing /opt/airflow/dags/lakehouse_pipeline.py took 0.157 seconds
[2026-08-15T13:59:56.410+0000] {processor.py:161} INFO - Started process (PID=533) to work on /opt/airflow/dags/lakehouse_pipeline.py
[2026-08-15T13:59:56.411+0000] {processor.py:830} INFO - Processing file /opt/airflow/dags/lakehouse_pipeline.py for tasks to queue
[2026-08-15T13:59:56.413+0000] {logging_mixin.py:188} INFO - [2026-08-15T13:59:56.413+0000] {dagbag.py:545} INFO - Filling up the DagBag from /opt/airflow/dags/lakehouse_pipeline.py
[2026-08-15T13:59:56.433+0000] {processor.py:840} INFO - DAG(s) 'hybrid_lakehouse_daily_pipeline' retrieved from /opt/airflow/dags/lakehouse_pipeline.py
[2026-08-15T13:59:56.534+0000] {logging_mixin.py:188} INFO - [2026-08-15T13:59:56.534+0000] {dag.py:3089} INFO - Sync 1 DAGs
[2026-08-15T13:59:56.554+0000] {logging_mixin.py:188} INFO - [2026-08-15T13:59:56.553+0000] {dag.py:3947} INFO - Setting next_dagrun for hybrid_lakehouse_daily_pipeline to 2026-08-14 02:00:00+00:00, run_after=2026-08-15 02:00:00+00:00
[2026-08-15T13:59:56.580+0000] {processor.py:183} INFO - Processing /opt/airflow/dags/lakehouse_pipeline.py took 0.176 seconds
[2026-08-15T14:00:26.782+0000] {processor.py:161} INFO - Started process (PID=543) to work on /opt/airflow/dags/lakehouse_pipeline.py
[2026-08-15T14:00:26.783+0000] {processor.py:830} INFO - Processing file /opt/airflow/dags/lakehouse_pipeline.py for tasks to queue
[2026-08-15T14:00:26.785+0000] {logging_mixin.py:188} INFO - [2026-08-15T14:00:26.785+0000] {dagbag.py:545} INFO - Filling up the DagBag from /opt/airflow/dags/lakehouse_pipeline.py
[2026-08-15T14:00:26.803+0000] {processor.py:840} INFO - DAG(s) 'hybrid_lakehouse_daily_pipeline' retrieved from /opt/airflow/dags/lakehouse_pipeline.py
[2026-08-15T14:00:26.886+0000] {logging_mixin.py:188} INFO - [2026-08-15T14:00:26.886+0000] {dag.py:3089} INFO - Sync 1 DAGs
[2026-08-15T14:00:26.902+0000] {logging_mixin.py:188} INFO - [2026-08-15T14:00:26.901+0000] {dag.py:3947} INFO - Setting next_dagrun for hybrid_lakehouse_daily_pipeline to 2026-08-14 02:00:00+00:00, run_after=2026-08-15 02:00:00+00:00
[2026-08-15T14:00:26.922+0000] {processor.py:183} INFO - Processing /opt/airflow/dags/lakehouse_pipeline.py took 0.145 seconds
[2026-08-15T14:00:57.176+0000] {processor.py:161} INFO - Started process (PID=553) to work on /opt/airflow/dags/lakehouse_pipeline.py
[2026-08-15T14:00:57.177+0000] {processor.py:830} INFO - Processing file /opt/airflow/dags/lakehouse_pipeline.py for tasks to queue
[2026-08-15T14:00:57.179+0000] {logging_mixin.py:188} INFO - [2026-08-15T14:00:57.178+0000] {dagbag.py:545} INFO - Filling up the DagBag from /opt/airflow/dags/lakehouse_pipeline.py
[2026-08-15T14:00:57.200+0000] {processor.py:840} INFO - DAG(s) 'hybrid_lakehouse_daily_pipeline' retrieved from /opt/airflow/dags/lakehouse_pipeline.py
[2026-08-15T14:00:57.306+0000] {logging_mixin.py:188} INFO - [2026-08-15T14:00:57.305+0000] {dag.py:3089} INFO - Sync 1 DAGs
[2026-08-15T14:00:57.321+0000] {logging_mixin.py:188} INFO - [2026-08-15T14:00:57.321+0000] {dag.py:3947} INFO - Setting next_dagrun for hybrid_lakehouse_daily_pipeline to 2026-08-14 02:00:00+00:00, run_after=2026-08-15 02:00:00+00:00
[2026-08-15T14:00:57.338+0000] {processor.py:183} INFO - Processing /opt/airflow/dags/lakehouse_pipeline.py took 0.168 seconds
[2026-08-15T14:01:27.414+0000] {processor.py:161} INFO - Started process (PID=563) to work on /opt/airflow/dags/lakehouse_pipeline.py
[2026-08-15T14:01:27.415+0000] {processor.py:830} INFO - Processing file /opt/airflow/dags/lakehouse_pipeline.py for tasks to queue
[2026-08-15T14:01:27.417+0000] {logging_mixin.py:188} INFO - [2026-08-15T14:01:27.417+0000] {dagbag.py:545} INFO - Filling up the DagBag from /opt/airflow/dags/lakehouse_pipeline.py
[2026-08-15T14:01:27.434+0000] {processor.py:840} INFO - DAG(s) 'hybrid_lakehouse_daily_pipeline' retrieved from /opt/airflow/dags/lakehouse_pipeline.py
[2026-08-15T14:01:27.517+0000] {logging_mixin.py:188} INFO - [2026-08-15T14:01:27.517+0000] {dag.py:3089} INFO - Sync 1 DAGs
[2026-08-15T14:01:27.538+0000] {logging_mixin.py:188} INFO - [2026-08-15T14:01:27.538+0000] {dag.py:3947} INFO - Setting next_dagrun for hybrid_lakehouse_daily_pipeline to 2026-08-14 02:00:00+00:00, run_after=2026-08-15 02:00:00+00:00
[2026-08-15T14:01:27.565+0000] {processor.py:183} INFO - Processing /opt/airflow/dags/lakehouse_pipeline.py took 0.156 seconds
[2026-08-15T14:01:57.787+0000] {processor.py:161} INFO - Started process (PID=573) to work on /opt/airflow/dags/lakehouse_pipeline.py
[2026-08-15T14:01:57.788+0000] {processor.py:830} INFO - Processing file /opt/airflow/dags/lakehouse_pipeline.py for tasks to queue
[2026-08-15T14:01:57.790+0000] {logging_mixin.py:188} INFO - [2026-08-15T14:01:57.790+0000] {dagbag.py:545} INFO - Filling up the DagBag from /opt/airflow/dags/lakehouse_pipeline.py
[2026-08-15T14:01:57.806+0000] {processor.py:840} INFO - DAG(s) 'hybrid_lakehouse_daily_pipeline' retrieved from /opt/airflow/dags/lakehouse_pipeline.py
[2026-08-15T14:01:57.886+0000] {logging_mixin.py:188} INFO - [2026-08-15T14:01:57.885+0000] {dag.py:3089} INFO - Sync 1 DAGs
[2026-08-15T14:01:57.902+0000] {logging_mixin.py:188} INFO - [2026-08-15T14:01:57.902+0000] {dag.py:3947} INFO - Setting next_dagrun for hybrid_lakehouse_daily_pipeline to 2026-08-14 02:00:00+00:00, run_after=2026-08-15 02:00:00+00:00
[2026-08-15T14:01:57.920+0000] {processor.py:183} INFO - Processing /opt/airflow/dags/lakehouse_pipeline.py took 0.138 seconds
[2026-08-15T14:02:28.147+0000] {processor.py:161} INFO - Started process (PID=583) to work on /opt/airflow/dags/lakehouse_pipeline.py
[2026-08-15T14:02:28.148+0000] {processor.py:830} INFO - Processing file /opt/airflow/dags/lakehouse_pipeline.py for tasks to queue
[2026-08-15T14:02:28.150+0000] {logging_mixin.py:188} INFO - [2026-08-15T14:02:28.149+0000] {dagbag.py:545} INFO - Filling up the DagBag from /opt/airflow/dags/lakehouse_pipeline.py
[2026-08-15T14:02:28.166+0000] {processor.py:840} INFO - DAG(s) 'hybrid_lakehouse_daily_pipeline' retrieved from /opt/airflow/dags/lakehouse_pipeline.py
[2026-08-15T14:02:28.246+0000] {logging_mixin.py:188} INFO - [2026-08-15T14:02:28.246+0000] {dag.py:3089} INFO - Sync 1 DAGs
[2026-08-15T14:02:28.261+0000] {logging_mixin.py:188} INFO - [2026-08-15T14:02:28.261+0000] {dag.py:3947} INFO - Setting next_dagrun for hybrid_lakehouse_daily_pipeline to 2026-08-14 02:00:00+00:00, run_after=2026-08-15 02:00:00+00:00
[2026-08-15T14:02:28.287+0000] {processor.py:183} INFO - Processing /opt/airflow/dags/lakehouse_pipeline.py took 0.145 seconds
[2026-08-15T14:02:58.583+0000] {processor.py:161} INFO - Started process (PID=593) to work on /opt/airflow/dags/lakehouse_pipeline.py
[2026-08-15T14:02:58.584+0000] {processor.py:830} INFO - Processing file /opt/airflow/dags/lakehouse_pipeline.py for tasks to queue
[2026-08-15T14:02:58.586+0000] {logging_mixin.py:188} INFO - [2026-08-15T14:02:58.586+0000] {dagbag.py:545} INFO - Filling up the DagBag from /opt/airflow/dags/lakehouse_pipeline.py
[2026-08-15T14:02:58.605+0000] {processor.py:840} INFO - DAG(s) 'hybrid_lakehouse_daily_pipeline' retrieved from /opt/airflow/dags/lakehouse_pipeline.py
[2026-08-15T14:02:58.713+0000] {logging_mixin.py:188} INFO - [2026-08-15T14:02:58.713+0000] {dag.py:3089} INFO - Sync 1 DAGs
[2026-08-15T14:02:58.734+0000] {logging_mixin.py:188} INFO - [2026-08-15T14:02:58.734+0000] {dag.py:3947} INFO - Setting next_dagrun for hybrid_lakehouse_daily_pipeline to 2026-08-14 02:00:00+00:00, run_after=2026-08-15 02:00:00+00:00
[2026-08-15T14:02:58.756+0000] {processor.py:183} INFO - Processing /opt/airflow/dags/lakehouse_pipeline.py took 0.180 seconds
[2026-08-15T14:03:28.983+0000] {processor.py:161} INFO - Started process (PID=603) to work on /opt/airflow/dags/lakehouse_pipeline.py
[2026-08-15T14:03:28.984+0000] {processor.py:830} INFO - Processing file /opt/airflow/dags/lakehouse_pipeline.py for tasks to queue
[2026-08-15T14:03:28.987+0000] {logging_mixin.py:188} INFO - [2026-08-15T14:03:28.987+0000] {dagbag.py:545} INFO - Filling up the DagBag from /opt/airflow/dags/lakehouse_pipeline.py
[2026-08-15T14:03:29.020+0000] {processor.py:840} INFO - DAG(s) 'hybrid_lakehouse_daily_pipeline' retrieved from /opt/airflow/dags/lakehouse_pipeline.py
[2026-08-15T14:03:29.140+0000] {logging_mixin.py:188} INFO - [2026-08-15T14:03:29.140+0000] {dag.py:3089} INFO - Sync 1 DAGs
[2026-08-15T14:03:29.159+0000] {logging_mixin.py:188} INFO - [2026-08-15T14:03:29.159+0000] {dag.py:3947} INFO - Setting next_dagrun for hybrid_lakehouse_daily_pipeline to 2026-08-14 02:00:00+00:00, run_after=2026-08-15 02:00:00+00:00
[2026-08-15T14:03:29.179+0000] {processor.py:183} INFO - Processing /opt/airflow/dags/lakehouse_pipeline.py took 0.204 seconds
[2026-08-15T14:03:59.386+0000] {processor.py:161} INFO - Started process (PID=613) to work on /opt/airflow/dags/lakehouse_pipeline.py
[2026-08-15T14:03:59.387+0000] {processor.py:830} INFO - Processing file /opt/airflow/dags/lakehouse_pipeline.py for tasks to queue
[2026-08-15T14:03:59.389+0000] {logging_mixin.py:188} INFO - [2026-08-15T14:03:59.389+0000] {dagbag.py:545} INFO - Filling up the DagBag from /opt/airflow/dags/lakehouse_pipeline.py
[2026-08-15T14:03:59.407+0000] {processor.py:840} INFO - DAG(s) 'hybrid_lakehouse_daily_pipeline' retrieved from /opt/airflow/dags/lakehouse_pipeline.py
[2026-08-15T14:03:59.502+0000] {logging_mixin.py:188} INFO - [2026-08-15T14:03:59.502+0000] {dag.py:3089} INFO - Sync 1 DAGs
[2026-08-15T14:03:59.530+0000] {logging_mixin.py:188} INFO - [2026-08-15T14:03:59.529+0000] {dag.py:3947} INFO - Setting next_dagrun for hybrid_lakehouse_daily_pipeline to 2026-08-14 02:00:00+00:00, run_after=2026-08-15 02:00:00+00:00
[2026-08-15T14:03:59.550+0000] {processor.py:183} INFO - Processing /opt/airflow/dags/lakehouse_pipeline.py took 0.170 seconds
[2026-08-15T14:04:29.769+0000] {processor.py:161} INFO - Started process (PID=623) to work on /opt/airflow/dags/lakehouse_pipeline.py
[2026-08-15T14:04:29.770+0000] {processor.py:830} INFO - Processing file /opt/airflow/dags/lakehouse_pipeline.py for tasks to queue
[2026-08-15T14:04:29.772+0000] {logging_mixin.py:188} INFO - [2026-08-15T14:04:29.772+0000] {dagbag.py:545} INFO - Filling up the DagBag from /opt/airflow/dags/lakehouse_pipeline.py
[2026-08-15T14:04:29.792+0000] {processor.py:840} INFO - DAG(s) 'hybrid_lakehouse_daily_pipeline' retrieved from /opt/airflow/dags/lakehouse_pipeline.py
[2026-08-15T14:04:29.886+0000] {logging_mixin.py:188} INFO - [2026-08-15T14:04:29.886+0000] {dag.py:3089} INFO - Sync 1 DAGs
[2026-08-15T14:04:29.908+0000] {logging_mixin.py:188} INFO - [2026-08-15T14:04:29.908+0000] {dag.py:3947} INFO - Setting next_dagrun for hybrid_lakehouse_daily_pipeline to 2026-08-14 02:00:00+00:00, run_after=2026-08-15 02:00:00+00:00
[2026-08-15T14:04:29.931+0000] {processor.py:183} INFO - Processing /opt/airflow/dags/lakehouse_pipeline.py took 0.168 seconds
[2026-08-15T14:05:00.143+0000] {processor.py:161} INFO - Started process (PID=633) to work on /opt/airflow/dags/lakehouse_pipeline.py
[2026-08-15T14:05:00.144+0000] {processor.py:830} INFO - Processing file /opt/airflow/dags/lakehouse_pipeline.py for tasks to queue
[2026-08-15T14:05:00.146+0000] {logging_mixin.py:188} INFO - [2026-08-15T14:05:00.146+0000] {dagbag.py:545} INFO - Filling up the DagBag from /opt/airflow/dags/lakehouse_pipeline.py
[2026-08-15T14:05:00.164+0000] {processor.py:840} INFO - DAG(s) 'hybrid_lakehouse_daily_pipeline' retrieved from /opt/airflow/dags/lakehouse_pipeline.py
[2026-08-15T14:05:00.254+0000] {logging_mixin.py:188} INFO - [2026-08-15T14:05:00.254+0000] {dag.py:3089} INFO - Sync 1 DAGs
[2026-08-15T14:05:00.271+0000] {logging_mixin.py:188} INFO - [2026-08-15T14:05:00.271+0000] {dag.py:3947} INFO - Setting next_dagrun for hybrid_lakehouse_daily_pipeline to 2026-08-14 02:00:00+00:00, run_after=2026-08-15 02:00:00+00:00
[2026-08-15T14:05:00.290+0000] {processor.py:183} INFO - Processing /opt/airflow/dags/lakehouse_pipeline.py took 0.154 seconds
[2026-08-15T14:05:30.512+0000] {processor.py:161} INFO - Started process (PID=643) to work on /opt/airflow/dags/lakehouse_pipeline.py
[2026-08-15T14:05:30.514+0000] {processor.py:830} INFO - Processing file /opt/airflow/dags/lakehouse_pipeline.py for tasks to queue
[2026-08-15T14:05:30.516+0000] {logging_mixin.py:188} INFO - [2026-08-15T14:05:30.516+0000] {dagbag.py:545} INFO - Filling up the DagBag from /opt/airflow/dags/lakehouse_pipeline.py
[2026-08-15T14:05:30.537+0000] {processor.py:840} INFO - DAG(s) 'hybrid_lakehouse_daily_pipeline' retrieved from /opt/airflow/dags/lakehouse_pipeline.py
[2026-08-15T14:05:30.633+0000] {logging_mixin.py:188} INFO - [2026-08-15T14:05:30.633+0000] {dag.py:3089} INFO - Sync 1 DAGs
[2026-08-15T14:05:30.653+0000] {logging_mixin.py:188} INFO - [2026-08-15T14:05:30.653+0000] {dag.py:3947} INFO - Setting next_dagrun for hybrid_lakehouse_daily_pipeline to 2026-08-14 02:00:00+00:00, run_after=2026-08-15 02:00:00+00:00
[2026-08-15T14:05:30.674+0000] {processor.py:183} INFO - Processing /opt/airflow/dags/lakehouse_pipeline.py took 0.169 seconds
[2026-08-15T14:06:00.878+0000] {processor.py:161} INFO - Started process (PID=653) to work on /opt/airflow/dags/lakehouse_pipeline.py
[2026-08-15T14:06:00.879+0000] {processor.py:830} INFO - Processing file /opt/airflow/dags/lakehouse_pipeline.py for tasks to queue
[2026-08-15T14:06:00.881+0000] {logging_mixin.py:188} INFO - [2026-08-15T14:06:00.881+0000] {dagbag.py:545} INFO - Filling up the DagBag from /opt/airflow/dags/lakehouse_pipeline.py
[2026-08-15T14:06:00.900+0000] {processor.py:840} INFO - DAG(s) 'hybrid_lakehouse_daily_pipeline' retrieved from /opt/airflow/dags/lakehouse_pipeline.py
[2026-08-15T14:06:01.000+0000] {logging_mixin.py:188} INFO - [2026-08-15T14:06:01.000+0000] {dag.py:3089} INFO - Sync 1 DAGs
[2026-08-15T14:06:01.019+0000] {logging_mixin.py:188} INFO - [2026-08-15T14:06:01.018+0000] {dag.py:3947} INFO - Setting next_dagrun for hybrid_lakehouse_daily_pipeline to 2026-08-14 02:00:00+00:00, run_after=2026-08-15 02:00:00+00:00
[2026-08-15T14:06:01.040+0000] {processor.py:183} INFO - Processing /opt/airflow/dags/lakehouse_pipeline.py took 0.168 seconds
[2026-08-15T14:06:31.235+0000] {processor.py:161} INFO - Started process (PID=663) to work on /opt/airflow/dags/lakehouse_pipeline.py
[2026-08-15T14:06:31.236+0000] {processor.py:830} INFO - Processing file /opt/airflow/dags/lakehouse_pipeline.py for tasks to queue
[2026-08-15T14:06:31.238+0000] {logging_mixin.py:188} INFO - [2026-08-15T14:06:31.238+0000] {dagbag.py:545} INFO - Filling up the DagBag from /opt/airflow/dags/lakehouse_pipeline.py
[2026-08-15T14:06:31.256+0000] {processor.py:840} INFO - DAG(s) 'hybrid_lakehouse_daily_pipeline' retrieved from /opt/airflow/dags/lakehouse_pipeline.py
[2026-08-15T14:06:31.348+0000] {logging_mixin.py:188} INFO - [2026-08-15T14:06:31.348+0000] {dag.py:3089} INFO - Sync 1 DAGs
[2026-08-15T14:06:31.366+0000] {logging_mixin.py:188} INFO - [2026-08-15T14:06:31.365+0000] {dag.py:3947} INFO - Setting next_dagrun for hybrid_lakehouse_daily_pipeline to 2026-08-14 02:00:00+00:00, run_after=2026-08-15 02:00:00+00:00
[2026-08-15T14:06:31.384+0000] {processor.py:183} INFO - Processing /opt/airflow/dags/lakehouse_pipeline.py took 0.155 seconds
[2026-08-15T14:07:01.591+0000] {processor.py:161} INFO - Started process (PID=673) to work on /opt/airflow/dags/lakehouse_pipeline.py
[2026-08-15T14:07:01.592+0000] {processor.py:830} INFO - Processing file /opt/airflow/dags/lakehouse_pipeline.py for tasks to queue
[2026-08-15T14:07:01.594+0000] {logging_mixin.py:188} INFO - [2026-08-15T14:07:01.594+0000] {dagbag.py:545} INFO - Filling up the DagBag from /opt/airflow/dags/lakehouse_pipeline.py
[2026-08-15T14:07:01.613+0000] {processor.py:840} INFO - DAG(s) 'hybrid_lakehouse_daily_pipeline' retrieved from /opt/airflow/dags/lakehouse_pipeline.py
[2026-08-15T14:07:01.704+0000] {logging_mixin.py:188} INFO - [2026-08-15T14:07:01.703+0000] {dag.py:3089} INFO - Sync 1 DAGs
[2026-08-15T14:07:01.721+0000] {logging_mixin.py:188} INFO - [2026-08-15T14:07:01.721+0000] {dag.py:3947} INFO - Setting next_dagrun for hybrid_lakehouse_daily_pipeline to 2026-08-14 02:00:00+00:00, run_after=2026-08-15 02:00:00+00:00
[2026-08-15T14:07:01.744+0000] {processor.py:183} INFO - Processing /opt/airflow/dags/lakehouse_pipeline.py took 0.159 seconds
[2026-08-15T14:07:31.952+0000] {processor.py:161} INFO - Started process (PID=683) to work on /opt/airflow/dags/lakehouse_pipeline.py
[2026-08-15T14:07:31.953+0000] {processor.py:830} INFO - Processing file /opt/airflow/dags/lakehouse_pipeline.py for tasks to queue
[2026-08-15T14:07:31.955+0000] {logging_mixin.py:188} INFO - [2026-08-15T14:07:31.955+0000] {dagbag.py:545} INFO - Filling up the DagBag from /opt/airflow/dags/lakehouse_pipeline.py
[2026-08-15T14:07:31.973+0000] {processor.py:840} INFO - DAG(s) 'hybrid_lakehouse_daily_pipeline' retrieved from /opt/airflow/dags/lakehouse_pipeline.py
[2026-08-15T14:07:32.063+0000] {logging_mixin.py:188} INFO - [2026-08-15T14:07:32.063+0000] {dag.py:3089} INFO - Sync 1 DAGs
[2026-08-15T14:07:32.081+0000] {logging_mixin.py:188} INFO - [2026-08-15T14:07:32.081+0000] {dag.py:3947} INFO - Setting next_dagrun for hybrid_lakehouse_daily_pipeline to 2026-08-14 02:00:00+00:00, run_after=2026-08-15 02:00:00+00:00
[2026-08-15T14:07:32.103+0000] {processor.py:183} INFO - Processing /opt/airflow/dags/lakehouse_pipeline.py took 0.157 seconds
[2026-08-15T14:08:02.321+0000] {processor.py:161} INFO - Started process (PID=693) to work on /opt/airflow/dags/lakehouse_pipeline.py
[2026-08-15T14:08:02.323+0000] {processor.py:830} INFO - Processing file /opt/airflow/dags/lakehouse_pipeline.py for tasks to queue
[2026-08-15T14:08:02.325+0000] {logging_mixin.py:188} INFO - [2026-08-15T14:08:02.324+0000] {dagbag.py:545} INFO - Filling up the DagBag from /opt/airflow/dags/lakehouse_pipeline.py
[2026-08-15T14:08:02.344+0000] {processor.py:840} INFO - DAG(s) 'hybrid_lakehouse_daily_pipeline' retrieved from /opt/airflow/dags/lakehouse_pipeline.py
[2026-08-15T14:08:02.440+0000] {logging_mixin.py:188} INFO - [2026-08-15T14:08:02.440+0000] {dag.py:3089} INFO - Sync 1 DAGs
[2026-08-15T14:08:02.459+0000] {logging_mixin.py:188} INFO - [2026-08-15T14:08:02.459+0000] {dag.py:3947} INFO - Setting next_dagrun for hybrid_lakehouse_daily_pipeline to 2026-08-14 02:00:00+00:00, run_after=2026-08-15 02:00:00+00:00
[2026-08-15T14:08:02.483+0000] {processor.py:183} INFO - Processing /opt/airflow/dags/lakehouse_pipeline.py took 0.168 seconds
[2026-08-15T14:08:32.707+0000] {processor.py:161} INFO - Started process (PID=703) to work on /opt/airflow/dags/lakehouse_pipeline.py
[2026-08-15T14:08:32.708+0000] {processor.py:830} INFO - Processing file /opt/airflow/dags/lakehouse_pipeline.py for tasks to queue
[2026-08-15T14:08:32.710+0000] {logging_mixin.py:188} INFO - [2026-08-15T14:08:32.710+0000] {dagbag.py:545} INFO - Filling up the DagBag from /opt/airflow/dags/lakehouse_pipeline.py
[2026-08-15T14:08:32.729+0000] {processor.py:840} INFO - DAG(s) 'hybrid_lakehouse_daily_pipeline' retrieved from /opt/airflow/dags/lakehouse_pipeline.py
[2026-08-15T14:08:32.823+0000] {logging_mixin.py:188} INFO - [2026-08-15T14:08:32.822+0000] {dag.py:3089} INFO - Sync 1 DAGs
[2026-08-15T14:08:32.839+0000] {logging_mixin.py:188} INFO - [2026-08-15T14:08:32.839+0000] {dag.py:3947} INFO - Setting next_dagrun for hybrid_lakehouse_daily_pipeline to 2026-08-14 02:00:00+00:00, run_after=2026-08-15 02:00:00+00:00
[2026-08-15T14:08:32.859+0000] {processor.py:183} INFO - Processing /opt/airflow/dags/lakehouse_pipeline.py took 0.158 seconds
[2026-08-15T14:09:03.060+0000] {processor.py:161} INFO - Started process (PID=713) to work on /opt/airflow/dags/lakehouse_pipeline.py
[2026-08-15T14:09:03.061+0000] {processor.py:830} INFO - Processing file /opt/airflow/dags/lakehouse_pipeline.py for tasks to queue
[2026-08-15T14:09:03.063+0000] {logging_mixin.py:188} INFO - [2026-08-15T14:09:03.063+0000] {dagbag.py:545} INFO - Filling up the DagBag from /opt/airflow/dags/lakehouse_pipeline.py
[2026-08-15T14:09:03.082+0000] {processor.py:840} INFO - DAG(s) 'hybrid_lakehouse_daily_pipeline' retrieved from /opt/airflow/dags/lakehouse_pipeline.py
[2026-08-15T14:09:03.216+0000] {logging_mixin.py:188} INFO - [2026-08-15T14:09:03.216+0000] {dag.py:3089} INFO - Sync 1 DAGs
[2026-08-15T14:09:03.238+0000] {logging_mixin.py:188} INFO - [2026-08-15T14:09:03.238+0000] {dag.py:3947} INFO - Setting next_dagrun for hybrid_lakehouse_daily_pipeline to 2026-08-14 02:00:00+00:00, run_after=2026-08-15 02:00:00+00:00
[2026-08-15T14:09:03.262+0000] {processor.py:183} INFO - Processing /opt/airflow/dags/lakehouse_pipeline.py took 0.208 seconds
[2026-08-15T14:09:33.469+0000] {processor.py:161} INFO - Started process (PID=723) to work on /opt/airflow/dags/lakehouse_pipeline.py
[2026-08-15T14:09:33.470+0000] {processor.py:830} INFO - Processing file /opt/airflow/dags/lakehouse_pipeline.py for tasks to queue
[2026-08-15T14:09:33.472+0000] {logging_mixin.py:188} INFO - [2026-08-15T14:09:33.472+0000] {dagbag.py:545} INFO - Filling up the DagBag from /opt/airflow/dags/lakehouse_pipeline.py
[2026-08-15T14:09:33.491+0000] {processor.py:840} INFO - DAG(s) 'hybrid_lakehouse_daily_pipeline' retrieved from /opt/airflow/dags/lakehouse_pipeline.py
[2026-08-15T14:09:33.586+0000] {logging_mixin.py:188} INFO - [2026-08-15T14:09:33.585+0000] {dag.py:3089} INFO - Sync 1 DAGs
[2026-08-15T14:09:33.603+0000] {logging_mixin.py:188} INFO - [2026-08-15T14:09:33.603+0000] {dag.py:3947} INFO - Setting next_dagrun for hybrid_lakehouse_daily_pipeline to 2026-08-14 02:00:00+00:00, run_after=2026-08-15 02:00:00+00:00
[2026-08-15T14:09:33.627+0000] {processor.py:183} INFO - Processing /opt/airflow/dags/lakehouse_pipeline.py took 0.164 seconds
[2026-08-15T14:10:03.831+0000] {processor.py:161} INFO - Started process (PID=733) to work on /opt/airflow/dags/lakehouse_pipeline.py
[2026-08-15T14:10:03.833+0000] {processor.py:830} INFO - Processing file /opt/airflow/dags/lakehouse_pipeline.py for tasks to queue
[2026-08-15T14:10:03.835+0000] {logging_mixin.py:188} INFO - [2026-08-15T14:10:03.834+0000] {dagbag.py:545} INFO - Filling up the DagBag from /opt/airflow/dags/lakehouse_pipeline.py
[2026-08-15T14:10:03.854+0000] {processor.py:840} INFO - DAG(s) 'hybrid_lakehouse_daily_pipeline' retrieved from /opt/airflow/dags/lakehouse_pipeline.py
[2026-08-15T14:10:03.938+0000] {logging_mixin.py:188} INFO - [2026-08-15T14:10:03.937+0000] {dag.py:3089} INFO - Sync 1 DAGs
[2026-08-15T14:10:03.953+0000] {logging_mixin.py:188} INFO - [2026-08-15T14:10:03.953+0000] {dag.py:3947} INFO - Setting next_dagrun for hybrid_lakehouse_daily_pipeline to 2026-08-14 02:00:00+00:00, run_after=2026-08-15 02:00:00+00:00
[2026-08-15T14:10:03.971+0000] {processor.py:183} INFO - Processing /opt/airflow/dags/lakehouse_pipeline.py took 0.146 seconds
[2026-08-15T16:31:38.452+0000] {processor.py:161} INFO - Started process (PID=175) to work on /opt/airflow/dags/lakehouse_pipeline.py
[2026-08-15T16:31:38.456+0000] {processor.py:830} INFO - Processing file /opt/airflow/dags/lakehouse_pipeline.py for tasks to queue
[2026-08-15T16:31:38.461+0000] {logging_mixin.py:188} INFO - [2026-08-15T16:31:38.460+0000] {dagbag.py:545} INFO - Filling up the DagBag from /opt/airflow/dags/lakehouse_pipeline.py
[2026-08-15T16:31:38.519+0000] {processor.py:840} INFO - DAG(s) 'hybrid_lakehouse_daily_pipeline' retrieved from /opt/airflow/dags/lakehouse_pipeline.py
[2026-08-15T16:31:38.542+0000] {logging_mixin.py:188} INFO - [2026-08-15T16:31:38.542+0000] {dag.py:3089} INFO - Sync 1 DAGs
[2026-08-15T16:31:38.581+0000] {logging_mixin.py:188} INFO - [2026-08-15T16:31:38.581+0000] {dag.py:3947} INFO - Setting next_dagrun for hybrid_lakehouse_daily_pipeline to 2026-08-14 02:00:00+00:00, run_after=2026-08-15 02:00:00+00:00
[2026-08-15T16:31:38.620+0000] {processor.py:183} INFO - Processing /opt/airflow/dags/lakehouse_pipeline.py took 0.180 seconds
[2026-08-15T16:32:08.815+0000] {processor.py:161} INFO - Started process (PID=185) to work on /opt/airflow/dags/lakehouse_pipeline.py
[2026-08-15T16:32:08.817+0000] {processor.py:830} INFO - Processing file /opt/airflow/dags/lakehouse_pipeline.py for tasks to queue
[2026-08-15T16:32:08.820+0000] {logging_mixin.py:188} INFO - [2026-08-15T16:32:08.820+0000] {dagbag.py:545} INFO - Filling up the DagBag from /opt/airflow/dags/lakehouse_pipeline.py
[2026-08-15T16:32:08.859+0000] {processor.py:840} INFO - DAG(s) 'hybrid_lakehouse_daily_pipeline' retrieved from /opt/airflow/dags/lakehouse_pipeline.py
[2026-08-15T16:32:09.139+0000] {logging_mixin.py:188} INFO - [2026-08-15T16:32:09.138+0000] {dag.py:3089} INFO - Sync 1 DAGs
[2026-08-15T16:32:09.170+0000] {logging_mixin.py:188} INFO - [2026-08-15T16:32:09.170+0000] {dag.py:3947} INFO - Setting next_dagrun for hybrid_lakehouse_daily_pipeline to 2026-08-14 02:00:00+00:00, run_after=2026-08-15 02:00:00+00:00
[2026-08-15T16:32:09.201+0000] {processor.py:183} INFO - Processing /opt/airflow/dags/lakehouse_pipeline.py took 0.396 seconds
[2026-08-15T16:32:39.549+0000] {processor.py:161} INFO - Started process (PID=195) to work on /opt/airflow/dags/lakehouse_pipeline.py
[2026-08-15T16:32:39.550+0000] {processor.py:830} INFO - Processing file /opt/airflow/dags/lakehouse_pipeline.py for tasks to queue
[2026-08-15T16:32:39.554+0000] {logging_mixin.py:188} INFO - [2026-08-15T16:32:39.553+0000] {dagbag.py:545} INFO - Filling up the DagBag from /opt/airflow/dags/lakehouse_pipeline.py
[2026-08-15T16:32:39.590+0000] {processor.py:840} INFO - DAG(s) 'hybrid_lakehouse_daily_pipeline' retrieved from /opt/airflow/dags/lakehouse_pipeline.py
[2026-08-15T16:32:39.609+0000] {logging_mixin.py:188} INFO - [2026-08-15T16:32:39.608+0000] {dag.py:3089} INFO - Sync 1 DAGs
[2026-08-15T16:32:39.642+0000] {logging_mixin.py:188} INFO - [2026-08-15T16:32:39.642+0000] {dag.py:3947} INFO - Setting next_dagrun for hybrid_lakehouse_daily_pipeline to 2026-08-14 02:00:00+00:00, run_after=2026-08-15 02:00:00+00:00
[2026-08-15T16:32:39.665+0000] {processor.py:183} INFO - Processing /opt/airflow/dags/lakehouse_pipeline.py took 0.126 seconds
[2026-08-15T16:33:09.903+0000] {processor.py:161} INFO - Started process (PID=205) to work on /opt/airflow/dags/lakehouse_pipeline.py
[2026-08-15T16:33:09.904+0000] {processor.py:830} INFO - Processing file /opt/airflow/dags/lakehouse_pipeline.py for tasks to queue
[2026-08-15T16:33:09.908+0000] {logging_mixin.py:188} INFO - [2026-08-15T16:33:09.908+0000] {dagbag.py:545} INFO - Filling up the DagBag from /opt/airflow/dags/lakehouse_pipeline.py
[2026-08-15T16:33:09.943+0000] {processor.py:840} INFO - DAG(s) 'hybrid_lakehouse_daily_pipeline' retrieved from /opt/airflow/dags/lakehouse_pipeline.py
[2026-08-15T16:33:10.071+0000] {logging_mixin.py:188} INFO - [2026-08-15T16:33:10.071+0000] {dag.py:3089} INFO - Sync 1 DAGs
[2026-08-15T16:33:10.098+0000] {logging_mixin.py:188} INFO - [2026-08-15T16:33:10.098+0000] {dag.py:3947} INFO - Setting next_dagrun for hybrid_lakehouse_daily_pipeline to 2026-08-14 02:00:00+00:00, run_after=2026-08-15 02:00:00+00:00
[2026-08-15T16:33:10.130+0000] {processor.py:183} INFO - Processing /opt/airflow/dags/lakehouse_pipeline.py took 0.237 seconds
[2026-08-15T16:33:40.297+0000] {processor.py:161} INFO - Started process (PID=215) to work on /opt/airflow/dags/lakehouse_pipeline.py
[2026-08-15T16:33:40.299+0000] {processor.py:830} INFO - Processing file /opt/airflow/dags/lakehouse_pipeline.py for tasks to queue
[2026-08-15T16:33:40.303+0000] {logging_mixin.py:188} INFO - [2026-08-15T16:33:40.303+0000] {dagbag.py:545} INFO - Filling up the DagBag from /opt/airflow/dags/lakehouse_pipeline.py
[2026-08-15T16:33:40.345+0000] {processor.py:840} INFO - DAG(s) 'hybrid_lakehouse_daily_pipeline' retrieved from /opt/airflow/dags/lakehouse_pipeline.py
[2026-08-15T16:33:40.504+0000] {logging_mixin.py:188} INFO - [2026-08-15T16:33:40.503+0000] {dag.py:3089} INFO - Sync 1 DAGs
[2026-08-15T16:33:40.534+0000] {logging_mixin.py:188} INFO - [2026-08-15T16:33:40.533+0000] {dag.py:3947} INFO - Setting next_dagrun for hybrid_lakehouse_daily_pipeline to 2026-08-14 02:00:00+00:00, run_after=2026-08-15 02:00:00+00:00
[2026-08-15T16:33:40.570+0000] {processor.py:183} INFO - Processing /opt/airflow/dags/lakehouse_pipeline.py took 0.284 seconds
[2026-08-15T16:34:10.910+0000] {processor.py:161} INFO - Started process (PID=231) to work on /opt/airflow/dags/lakehouse_pipeline.py
[2026-08-15T16:34:10.911+0000] {processor.py:830} INFO - Processing file /opt/airflow/dags/lakehouse_pipeline.py for tasks to queue
[2026-08-15T16:34:10.914+0000] {logging_mixin.py:188} INFO - [2026-08-15T16:34:10.913+0000] {dagbag.py:545} INFO - Filling up the DagBag from /opt/airflow/dags/lakehouse_pipeline.py
[2026-08-15T16:34:10.944+0000] {processor.py:840} INFO - DAG(s) 'hybrid_lakehouse_daily_pipeline' retrieved from /opt/airflow/dags/lakehouse_pipeline.py
[2026-08-15T16:34:11.081+0000] {logging_mixin.py:188} INFO - [2026-08-15T16:34:11.081+0000] {dag.py:3089} INFO - Sync 1 DAGs
[2026-08-15T16:34:11.109+0000] {logging_mixin.py:188} INFO - [2026-08-15T16:34:11.109+0000] {dag.py:3947} INFO - Setting next_dagrun for hybrid_lakehouse_daily_pipeline to 2026-08-14 02:00:00+00:00, run_after=2026-08-15 02:00:00+00:00
[2026-08-15T16:34:11.140+0000] {processor.py:183} INFO - Processing /opt/airflow/dags/lakehouse_pipeline.py took 0.238 seconds
[2026-08-15T16:34:41.258+0000] {processor.py:161} INFO - Started process (PID=241) to work on /opt/airflow/dags/lakehouse_pipeline.py
[2026-08-15T16:34:41.259+0000] {processor.py:830} INFO - Processing file /opt/airflow/dags/lakehouse_pipeline.py for tasks to queue
[2026-08-15T16:34:41.263+0000] {logging_mixin.py:188} INFO - [2026-08-15T16:34:41.263+0000] {dagbag.py:545} INFO - Filling up the DagBag from /opt/airflow/dags/lakehouse_pipeline.py
[2026-08-15T16:34:41.296+0000] {processor.py:840} INFO - DAG(s) 'hybrid_lakehouse_daily_pipeline' retrieved from /opt/airflow/dags/lakehouse_pipeline.py
[2026-08-15T16:34:41.426+0000] {logging_mixin.py:188} INFO - [2026-08-15T16:34:41.426+0000] {dag.py:3089} INFO - Sync 1 DAGs
[2026-08-15T16:34:41.454+0000] {logging_mixin.py:188} INFO - [2026-08-15T16:34:41.454+0000] {dag.py:3947} INFO - Setting next_dagrun for hybrid_lakehouse_daily_pipeline to 2026-08-14 02:00:00+00:00, run_after=2026-08-15 02:00:00+00:00
[2026-08-15T16:34:41.479+0000] {processor.py:183} INFO - Processing /opt/airflow/dags/lakehouse_pipeline.py took 0.230 seconds
[2026-08-15T16:35:11.850+0000] {processor.py:161} INFO - Started process (PID=251) to work on /opt/airflow/dags/lakehouse_pipeline.py
[2026-08-15T16:35:11.852+0000] {processor.py:830} INFO - Processing file /opt/airflow/dags/lakehouse_pipeline.py for tasks to queue
[2026-08-15T16:35:11.855+0000] {logging_mixin.py:188} INFO - [2026-08-15T16:35:11.854+0000] {dagbag.py:545} INFO - Filling up the DagBag from /opt/airflow/dags/lakehouse_pipeline.py
[2026-08-15T16:35:11.889+0000] {processor.py:840} INFO - DAG(s) 'hybrid_lakehouse_daily_pipeline' retrieved from /opt/airflow/dags/lakehouse_pipeline.py
[2026-08-15T16:35:12.016+0000] {logging_mixin.py:188} INFO - [2026-08-15T16:35:12.016+0000] {dag.py:3089} INFO - Sync 1 DAGs
[2026-08-15T16:35:12.041+0000] {logging_mixin.py:188} INFO - [2026-08-15T16:35:12.041+0000] {dag.py:3947} INFO - Setting next_dagrun for hybrid_lakehouse_daily_pipeline to 2026-08-14 02:00:00+00:00, run_after=2026-08-15 02:00:00+00:00
[2026-08-15T16:35:12.066+0000] {processor.py:183} INFO - Processing /opt/airflow/dags/lakehouse_pipeline.py took 0.225 seconds
[2026-08-15T16:35:42.424+0000] {processor.py:161} INFO - Started process (PID=261) to work on /opt/airflow/dags/lakehouse_pipeline.py
[2026-08-15T16:35:42.426+0000] {processor.py:830} INFO - Processing file /opt/airflow/dags/lakehouse_pipeline.py for tasks to queue
[2026-08-15T16:35:42.429+0000] {logging_mixin.py:188} INFO - [2026-08-15T16:35:42.429+0000] {dagbag.py:545} INFO - Filling up the DagBag from /opt/airflow/dags/lakehouse_pipeline.py
[2026-08-15T16:35:42.465+0000] {processor.py:840} INFO - DAG(s) 'hybrid_lakehouse_daily_pipeline' retrieved from /opt/airflow/dags/lakehouse_pipeline.py
[2026-08-15T16:35:42.618+0000] {logging_mixin.py:188} INFO - [2026-08-15T16:35:42.618+0000] {dag.py:3089} INFO - Sync 1 DAGs
[2026-08-15T16:35:42.660+0000] {logging_mixin.py:188} INFO - [2026-08-15T16:35:42.659+0000] {dag.py:3947} INFO - Setting next_dagrun for hybrid_lakehouse_daily_pipeline to 2026-08-14 02:00:00+00:00, run_after=2026-08-15 02:00:00+00:00
[2026-08-15T16:35:42.692+0000] {processor.py:183} INFO - Processing /opt/airflow/dags/lakehouse_pipeline.py took 0.278 seconds
[2026-08-15T16:36:13.012+0000] {processor.py:161} INFO - Started process (PID=271) to work on /opt/airflow/dags/lakehouse_pipeline.py
[2026-08-15T16:36:13.014+0000] {processor.py:830} INFO - Processing file /opt/airflow/dags/lakehouse_pipeline.py for tasks to queue
[2026-08-15T16:36:13.017+0000] {logging_mixin.py:188} INFO - [2026-08-15T16:36:13.016+0000] {dagbag.py:545} INFO - Filling up the DagBag from /opt/airflow/dags/lakehouse_pipeline.py
[2026-08-15T16:36:13.052+0000] {processor.py:840} INFO - DAG(s) 'hybrid_lakehouse_daily_pipeline' retrieved from /opt/airflow/dags/lakehouse_pipeline.py
[2026-08-15T16:36:13.191+0000] {logging_mixin.py:188} INFO - [2026-08-15T16:36:13.190+0000] {dag.py:3089} INFO - Sync 1 DAGs
[2026-08-15T16:36:13.223+0000] {logging_mixin.py:188} INFO - [2026-08-15T16:36:13.222+0000] {dag.py:3947} INFO - Setting next_dagrun for hybrid_lakehouse_daily_pipeline to 2026-08-14 02:00:00+00:00, run_after=2026-08-15 02:00:00+00:00
[2026-08-15T16:36:13.256+0000] {processor.py:183} INFO - Processing /opt/airflow/dags/lakehouse_pipeline.py took 0.251 seconds
[2026-08-15T16:36:43.654+0000] {processor.py:161} INFO - Started process (PID=281) to work on /opt/airflow/dags/lakehouse_pipeline.py
[2026-08-15T16:36:43.656+0000] {processor.py:830} INFO - Processing file /opt/airflow/dags/lakehouse_pipeline.py for tasks to queue
[2026-08-15T16:36:43.660+0000] {logging_mixin.py:188} INFO - [2026-08-15T16:36:43.659+0000] {dagbag.py:545} INFO - Filling up the DagBag from /opt/airflow/dags/lakehouse_pipeline.py
[2026-08-15T16:36:43.697+0000] {processor.py:840} INFO - DAG(s) 'hybrid_lakehouse_daily_pipeline' retrieved from /opt/airflow/dags/lakehouse_pipeline.py
[2026-08-15T16:36:43.855+0000] {logging_mixin.py:188} INFO - [2026-08-15T16:36:43.855+0000] {dag.py:3089} INFO - Sync 1 DAGs
[2026-08-15T16:36:43.880+0000] {logging_mixin.py:188} INFO - [2026-08-15T16:36:43.880+0000] {dag.py:3947} INFO - Setting next_dagrun for hybrid_lakehouse_daily_pipeline to 2026-08-14 02:00:00+00:00, run_after=2026-08-15 02:00:00+00:00
[2026-08-15T16:36:43.917+0000] {processor.py:183} INFO - Processing /opt/airflow/dags/lakehouse_pipeline.py took 0.271 seconds
[2026-08-15T16:37:14.314+0000] {processor.py:161} INFO - Started process (PID=291) to work on /opt/airflow/dags/lakehouse_pipeline.py
[2026-08-15T16:37:14.317+0000] {processor.py:830} INFO - Processing file /opt/airflow/dags/lakehouse_pipeline.py for tasks to queue
[2026-08-15T16:37:14.322+0000] {logging_mixin.py:188} INFO - [2026-08-15T16:37:14.321+0000] {dagbag.py:545} INFO - Filling up the DagBag from /opt/airflow/dags/lakehouse_pipeline.py
[2026-08-15T16:37:14.372+0000] {processor.py:840} INFO - DAG(s) 'hybrid_lakehouse_daily_pipeline' retrieved from /opt/airflow/dags/lakehouse_pipeline.py
[2026-08-15T16:37:14.599+0000] {logging_mixin.py:188} INFO - [2026-08-15T16:37:14.599+0000] {dag.py:3089} INFO - Sync 1 DAGs
[2026-08-15T16:37:14.657+0000] {logging_mixin.py:188} INFO - [2026-08-15T16:37:14.656+0000] {dag.py:3947} INFO - Setting next_dagrun for hybrid_lakehouse_daily_pipeline to 2026-08-14 02:00:00+00:00, run_after=2026-08-15 02:00:00+00:00
[2026-08-15T16:37:14.727+0000] {processor.py:183} INFO - Processing /opt/airflow/dags/lakehouse_pipeline.py took 0.429 seconds
[2026-08-15T16:37:45.072+0000] {processor.py:161} INFO - Started process (PID=301) to work on /opt/airflow/dags/lakehouse_pipeline.py
[2026-08-15T16:37:45.073+0000] {processor.py:830} INFO - Processing file /opt/airflow/dags/lakehouse_pipeline.py for tasks to queue
[2026-08-15T16:37:45.076+0000] {logging_mixin.py:188} INFO - [2026-08-15T16:37:45.076+0000] {dagbag.py:545} INFO - Filling up the DagBag from /opt/airflow/dags/lakehouse_pipeline.py
[2026-08-15T16:37:45.114+0000] {processor.py:840} INFO - DAG(s) 'hybrid_lakehouse_daily_pipeline' retrieved from /opt/airflow/dags/lakehouse_pipeline.py
[2026-08-15T16:37:45.253+0000] {logging_mixin.py:188} INFO - [2026-08-15T16:37:45.253+0000] {dag.py:3089} INFO - Sync 1 DAGs
[2026-08-15T16:37:45.280+0000] {logging_mixin.py:188} INFO - [2026-08-15T16:37:45.280+0000] {dag.py:3947} INFO - Setting next_dagrun for hybrid_lakehouse_daily_pipeline to 2026-08-14 02:00:00+00:00, run_after=2026-08-15 02:00:00+00:00
[2026-08-15T16:37:45.309+0000] {processor.py:183} INFO - Processing /opt/airflow/dags/lakehouse_pipeline.py took 0.244 seconds
[2026-08-15T16:38:15.610+0000] {processor.py:161} INFO - Started process (PID=311) to work on /opt/airflow/dags/lakehouse_pipeline.py
[2026-08-15T16:38:15.611+0000] {processor.py:830} INFO - Processing file /opt/airflow/dags/lakehouse_pipeline.py for tasks to queue
[2026-08-15T16:38:15.615+0000] {logging_mixin.py:188} INFO - [2026-08-15T16:38:15.614+0000] {dagbag.py:545} INFO - Filling up the DagBag from /opt/airflow/dags/lakehouse_pipeline.py
[2026-08-15T16:38:15.653+0000] {processor.py:840} INFO - DAG(s) 'hybrid_lakehouse_daily_pipeline' retrieved from /opt/airflow/dags/lakehouse_pipeline.py
[2026-08-15T16:38:15.846+0000] {logging_mixin.py:188} INFO - [2026-08-15T16:38:15.845+0000] {dag.py:3089} INFO - Sync 1 DAGs
[2026-08-15T16:38:15.893+0000] {logging_mixin.py:188} INFO - [2026-08-15T16:38:15.893+0000] {dag.py:3947} INFO - Setting next_dagrun for hybrid_lakehouse_daily_pipeline to 2026-08-14 02:00:00+00:00, run_after=2026-08-15 02:00:00+00:00
[2026-08-15T16:38:15.937+0000] {processor.py:183} INFO - Processing /opt/airflow/dags/lakehouse_pipeline.py took 0.335 seconds
[2026-08-15T16:38:46.327+0000] {processor.py:161} INFO - Started process (PID=321) to work on /opt/airflow/dags/lakehouse_pipeline.py
[2026-08-15T16:38:46.330+0000] {processor.py:830} INFO - Processing file /opt/airflow/dags/lakehouse_pipeline.py for tasks to queue
[2026-08-15T16:38:46.337+0000] {logging_mixin.py:188} INFO - [2026-08-15T16:38:46.336+0000] {dagbag.py:545} INFO - Filling up the DagBag from /opt/airflow/dags/lakehouse_pipeline.py
[2026-08-15T16:38:46.439+0000] {processor.py:840} INFO - DAG(s) 'hybrid_lakehouse_daily_pipeline' retrieved from /opt/airflow/dags/lakehouse_pipeline.py
[2026-08-15T16:38:46.677+0000] {logging_mixin.py:188} INFO - [2026-08-15T16:38:46.677+0000] {dag.py:3089} INFO - Sync 1 DAGs
[2026-08-15T16:38:46.708+0000] {logging_mixin.py:188} INFO - [2026-08-15T16:38:46.708+0000] {dag.py:3947} INFO - Setting next_dagrun for hybrid_lakehouse_daily_pipeline to 2026-08-14 02:00:00+00:00, run_after=2026-08-15 02:00:00+00:00
[2026-08-15T16:38:46.739+0000] {processor.py:183} INFO - Processing /opt/airflow/dags/lakehouse_pipeline.py took 0.426 seconds
[2026-08-15T16:39:17.111+0000] {processor.py:161} INFO - Started process (PID=331) to work on /opt/airflow/dags/lakehouse_pipeline.py
[2026-08-15T16:39:17.114+0000] {processor.py:830} INFO - Processing file /opt/airflow/dags/lakehouse_pipeline.py for tasks to queue
[2026-08-15T16:39:17.118+0000] {logging_mixin.py:188} INFO - [2026-08-15T16:39:17.117+0000] {dagbag.py:545} INFO - Filling up the DagBag from /opt/airflow/dags/lakehouse_pipeline.py
[2026-08-15T16:39:17.164+0000] {processor.py:840} INFO - DAG(s) 'hybrid_lakehouse_daily_pipeline' retrieved from /opt/airflow/dags/lakehouse_pipeline.py
[2026-08-15T16:39:17.337+0000] {logging_mixin.py:188} INFO - [2026-08-15T16:39:17.337+0000] {dag.py:3089} INFO - Sync 1 DAGs
[2026-08-15T16:39:17.365+0000] {logging_mixin.py:188} INFO - [2026-08-15T16:39:17.365+0000] {dag.py:3947} INFO - Setting next_dagrun for hybrid_lakehouse_daily_pipeline to 2026-08-14 02:00:00+00:00, run_after=2026-08-15 02:00:00+00:00
[2026-08-15T16:39:17.395+0000] {processor.py:183} INFO - Processing /opt/airflow/dags/lakehouse_pipeline.py took 0.294 seconds
[2026-08-15T16:39:47.496+0000] {processor.py:161} INFO - Started process (PID=338) to work on /opt/airflow/dags/lakehouse_pipeline.py
[2026-08-15T16:39:47.498+0000] {processor.py:830} INFO - Processing file /opt/airflow/dags/lakehouse_pipeline.py for tasks to queue
[2026-08-15T16:39:47.501+0000] {logging_mixin.py:188} INFO - [2026-08-15T16:39:47.501+0000] {dagbag.py:545} INFO - Filling up the DagBag from /opt/airflow/dags/lakehouse_pipeline.py
[2026-08-15T16:39:47.543+0000] {processor.py:840} INFO - DAG(s) 'hybrid_lakehouse_daily_pipeline' retrieved from /opt/airflow/dags/lakehouse_pipeline.py
[2026-08-15T16:39:47.703+0000] {logging_mixin.py:188} INFO - [2026-08-15T16:39:47.702+0000] {dag.py:3089} INFO - Sync 1 DAGs
[2026-08-15T16:39:47.744+0000] {logging_mixin.py:188} INFO - [2026-08-15T16:39:47.744+0000] {dag.py:3947} INFO - Setting next_dagrun for hybrid_lakehouse_daily_pipeline to 2026-08-14 02:00:00+00:00, run_after=2026-08-15 02:00:00+00:00
[2026-08-15T16:39:47.789+0000] {processor.py:183} INFO - Processing /opt/airflow/dags/lakehouse_pipeline.py took 0.302 seconds
[2026-08-15T16:40:18.217+0000] {processor.py:161} INFO - Started process (PID=348) to work on /opt/airflow/dags/lakehouse_pipeline.py
[2026-08-15T16:40:18.222+0000] {processor.py:830} INFO - Processing file /opt/airflow/dags/lakehouse_pipeline.py for tasks to queue
[2026-08-15T16:40:18.230+0000] {logging_mixin.py:188} INFO - [2026-08-15T16:40:18.229+0000] {dagbag.py:545} INFO - Filling up the DagBag from /opt/airflow/dags/lakehouse_pipeline.py
[2026-08-15T16:40:18.309+0000] {processor.py:840} INFO - DAG(s) 'hybrid_lakehouse_daily_pipeline' retrieved from /opt/airflow/dags/lakehouse_pipeline.py
[2026-08-15T16:40:18.598+0000] {logging_mixin.py:188} INFO - [2026-08-15T16:40:18.598+0000] {dag.py:3089} INFO - Sync 1 DAGs
[2026-08-15T16:40:18.634+0000] {logging_mixin.py:188} INFO - [2026-08-15T16:40:18.634+0000] {dag.py:3947} INFO - Setting next_dagrun for hybrid_lakehouse_daily_pipeline to 2026-08-14 02:00:00+00:00, run_after=2026-08-15 02:00:00+00:00
[2026-08-15T16:40:18.676+0000] {processor.py:183} INFO - Processing /opt/airflow/dags/lakehouse_pipeline.py took 0.486 seconds
[2026-08-15T16:40:49.030+0000] {processor.py:161} INFO - Started process (PID=361) to work on /opt/airflow/dags/lakehouse_pipeline.py
[2026-08-15T16:40:49.032+0000] {processor.py:830} INFO - Processing file /opt/airflow/dags/lakehouse_pipeline.py for tasks to queue
[2026-08-15T16:40:49.035+0000] {logging_mixin.py:188} INFO - [2026-08-15T16:40:49.034+0000] {dagbag.py:545} INFO - Filling up the DagBag from /opt/airflow/dags/lakehouse_pipeline.py
[2026-08-15T16:40:49.068+0000] {processor.py:840} INFO - DAG(s) 'hybrid_lakehouse_daily_pipeline' retrieved from /opt/airflow/dags/lakehouse_pipeline.py
[2026-08-15T16:40:49.187+0000] {logging_mixin.py:188} INFO - [2026-08-15T16:40:49.186+0000] {dag.py:3089} INFO - Sync 1 DAGs
[2026-08-15T16:40:49.214+0000] {logging_mixin.py:188} INFO - [2026-08-15T16:40:49.214+0000] {dag.py:3947} INFO - Setting next_dagrun for hybrid_lakehouse_daily_pipeline to 2026-08-14 02:00:00+00:00, run_after=2026-08-15 02:00:00+00:00
[2026-08-15T16:40:49.240+0000] {processor.py:183} INFO - Processing /opt/airflow/dags/lakehouse_pipeline.py took 0.217 seconds
[2026-08-15T16:41:19.549+0000] {processor.py:161} INFO - Started process (PID=371) to work on /opt/airflow/dags/lakehouse_pipeline.py
[2026-08-15T16:41:19.551+0000] {processor.py:830} INFO - Processing file /opt/airflow/dags/lakehouse_pipeline.py for tasks to queue
[2026-08-15T16:41:19.554+0000] {logging_mixin.py:188} INFO - [2026-08-15T16:41:19.554+0000] {dagbag.py:545} INFO - Filling up the DagBag from /opt/airflow/dags/lakehouse_pipeline.py
[2026-08-15T16:41:19.590+0000] {processor.py:840} INFO - DAG(s) 'hybrid_lakehouse_daily_pipeline' retrieved from /opt/airflow/dags/lakehouse_pipeline.py
[2026-08-15T16:41:19.789+0000] {logging_mixin.py:188} INFO - [2026-08-15T16:41:19.788+0000] {dag.py:3089} INFO - Sync 1 DAGs
[2026-08-15T16:41:19.821+0000] {logging_mixin.py:188} INFO - [2026-08-15T16:41:19.821+0000] {dag.py:3947} INFO - Setting next_dagrun for hybrid_lakehouse_daily_pipeline to 2026-08-14 02:00:00+00:00, run_after=2026-08-15 02:00:00+00:00
[2026-08-15T16:41:19.852+0000] {processor.py:183} INFO - Processing /opt/airflow/dags/lakehouse_pipeline.py took 0.312 seconds
[2026-08-15T16:41:50.334+0000] {processor.py:161} INFO - Started process (PID=381) to work on /opt/airflow/dags/lakehouse_pipeline.py
[2026-08-15T16:41:50.336+0000] {processor.py:830} INFO - Processing file /opt/airflow/dags/lakehouse_pipeline.py for tasks to queue
[2026-08-15T16:41:50.340+0000] {logging_mixin.py:188} INFO - [2026-08-15T16:41:50.339+0000] {dagbag.py:545} INFO - Filling up the DagBag from /opt/airflow/dags/lakehouse_pipeline.py
[2026-08-15T16:41:50.375+0000] {processor.py:840} INFO - DAG(s) 'hybrid_lakehouse_daily_pipeline' retrieved from /opt/airflow/dags/lakehouse_pipeline.py
[2026-08-15T16:41:50.520+0000] {logging_mixin.py:188} INFO - [2026-08-15T16:41:50.519+0000] {dag.py:3089} INFO - Sync 1 DAGs
[2026-08-15T16:41:50.554+0000] {logging_mixin.py:188} INFO - [2026-08-15T16:41:50.553+0000] {dag.py:3947} INFO - Setting next_dagrun for hybrid_lakehouse_daily_pipeline to 2026-08-14 02:00:00+00:00, run_after=2026-08-15 02:00:00+00:00
[2026-08-15T16:41:50.590+0000] {processor.py:183} INFO - Processing /opt/airflow/dags/lakehouse_pipeline.py took 0.263 seconds
[2026-08-15T16:42:20.997+0000] {processor.py:161} INFO - Started process (PID=391) to work on /opt/airflow/dags/lakehouse_pipeline.py
[2026-08-15T16:42:21.000+0000] {processor.py:830} INFO - Processing file /opt/airflow/dags/lakehouse_pipeline.py for tasks to queue
[2026-08-15T16:42:21.003+0000] {logging_mixin.py:188} INFO - [2026-08-15T16:42:21.003+0000] {dagbag.py:545} INFO - Filling up the DagBag from /opt/airflow/dags/lakehouse_pipeline.py
[2026-08-15T16:42:21.051+0000] {processor.py:840} INFO - DAG(s) 'hybrid_lakehouse_daily_pipeline' retrieved from /opt/airflow/dags/lakehouse_pipeline.py
[2026-08-15T16:42:21.211+0000] {logging_mixin.py:188} INFO - [2026-08-15T16:42:21.210+0000] {dag.py:3089} INFO - Sync 1 DAGs
[2026-08-15T16:42:21.238+0000] {logging_mixin.py:188} INFO - [2026-08-15T16:42:21.238+0000] {dag.py:3947} INFO - Setting next_dagrun for hybrid_lakehouse_daily_pipeline to 2026-08-14 02:00:00+00:00, run_after=2026-08-15 02:00:00+00:00
[2026-08-15T16:42:21.271+0000] {processor.py:183} INFO - Processing /opt/airflow/dags/lakehouse_pipeline.py took 0.281 seconds
[2026-08-15T16:42:51.679+0000] {processor.py:161} INFO - Started process (PID=401) to work on /opt/airflow/dags/lakehouse_pipeline.py
[2026-08-15T16:42:51.680+0000] {processor.py:830} INFO - Processing file /opt/airflow/dags/lakehouse_pipeline.py for tasks to queue
[2026-08-15T16:42:51.685+0000] {logging_mixin.py:188} INFO - [2026-08-15T16:42:51.684+0000] {dagbag.py:545} INFO - Filling up the DagBag from /opt/airflow/dags/lakehouse_pipeline.py
[2026-08-15T16:42:51.723+0000] {processor.py:840} INFO - DAG(s) 'hybrid_lakehouse_daily_pipeline' retrieved from /opt/airflow/dags/lakehouse_pipeline.py
[2026-08-15T16:42:51.857+0000] {logging_mixin.py:188} INFO - [2026-08-15T16:42:51.857+0000] {dag.py:3089} INFO - Sync 1 DAGs
[2026-08-15T16:42:51.885+0000] {logging_mixin.py:188} INFO - [2026-08-15T16:42:51.885+0000] {dag.py:3947} INFO - Setting next_dagrun for hybrid_lakehouse_daily_pipeline to 2026-08-14 02:00:00+00:00, run_after=2026-08-15 02:00:00+00:00
[2026-08-15T16:42:51.912+0000] {processor.py:183} INFO - Processing /opt/airflow/dags/lakehouse_pipeline.py took 0.241 seconds
[2026-08-15T16:43:22.060+0000] {processor.py:161} INFO - Started process (PID=411) to work on /opt/airflow/dags/lakehouse_pipeline.py
[2026-08-15T16:43:22.062+0000] {processor.py:830} INFO - Processing file /opt/airflow/dags/lakehouse_pipeline.py for tasks to queue
[2026-08-15T16:43:22.065+0000] {logging_mixin.py:188} INFO - [2026-08-15T16:43:22.064+0000] {dagbag.py:545} INFO - Filling up the DagBag from /opt/airflow/dags/lakehouse_pipeline.py
[2026-08-15T16:43:22.100+0000] {processor.py:840} INFO - DAG(s) 'hybrid_lakehouse_daily_pipeline' retrieved from /opt/airflow/dags/lakehouse_pipeline.py
[2026-08-15T16:43:22.256+0000] {logging_mixin.py:188} INFO - [2026-08-15T16:43:22.256+0000] {dag.py:3089} INFO - Sync 1 DAGs
[2026-08-15T16:43:22.299+0000] {logging_mixin.py:188} INFO - [2026-08-15T16:43:22.299+0000] {dag.py:3947} INFO - Setting next_dagrun for hybrid_lakehouse_daily_pipeline to 2026-08-14 02:00:00+00:00, run_after=2026-08-15 02:00:00+00:00
[2026-08-15T16:43:22.336+0000] {processor.py:183} INFO - Processing /opt/airflow/dags/lakehouse_pipeline.py took 0.284 seconds
[2026-08-15T16:43:52.760+0000] {processor.py:161} INFO - Started process (PID=421) to work on /opt/airflow/dags/lakehouse_pipeline.py
[2026-08-15T16:43:52.763+0000] {processor.py:830} INFO - Processing file /opt/airflow/dags/lakehouse_pipeline.py for tasks to queue
[2026-08-15T16:43:52.767+0000] {logging_mixin.py:188} INFO - [2026-08-15T16:43:52.766+0000] {dagbag.py:545} INFO - Filling up the DagBag from /opt/airflow/dags/lakehouse_pipeline.py
[2026-08-15T16:43:52.811+0000] {processor.py:840} INFO - DAG(s) 'hybrid_lakehouse_daily_pipeline' retrieved from /opt/airflow/dags/lakehouse_pipeline.py
[2026-08-15T16:43:53.012+0000] {logging_mixin.py:188} INFO - [2026-08-15T16:43:53.012+0000] {dag.py:3089} INFO - Sync 1 DAGs
[2026-08-15T16:43:53.046+0000] {logging_mixin.py:188} INFO - [2026-08-15T16:43:53.046+0000] {dag.py:3947} INFO - Setting next_dagrun for hybrid_lakehouse_daily_pipeline to 2026-08-14 02:00:00+00:00, run_after=2026-08-15 02:00:00+00:00
[2026-08-15T16:43:53.078+0000] {processor.py:183} INFO - Processing /opt/airflow/dags/lakehouse_pipeline.py took 0.328 seconds
[2026-08-15T16:44:23.502+0000] {processor.py:161} INFO - Started process (PID=431) to work on /opt/airflow/dags/lakehouse_pipeline.py
[2026-08-15T16:44:23.504+0000] {processor.py:830} INFO - Processing file /opt/airflow/dags/lakehouse_pipeline.py for tasks to queue
[2026-08-15T16:44:23.508+0000] {logging_mixin.py:188} INFO - [2026-08-15T16:44:23.507+0000] {dagbag.py:545} INFO - Filling up the DagBag from /opt/airflow/dags/lakehouse_pipeline.py
[2026-08-15T16:44:23.550+0000] {processor.py:840} INFO - DAG(s) 'hybrid_lakehouse_daily_pipeline' retrieved from /opt/airflow/dags/lakehouse_pipeline.py
[2026-08-15T16:44:23.725+0000] {logging_mixin.py:188} INFO - [2026-08-15T16:44:23.725+0000] {dag.py:3089} INFO - Sync 1 DAGs
[2026-08-15T16:44:23.762+0000] {logging_mixin.py:188} INFO - [2026-08-15T16:44:23.761+0000] {dag.py:3947} INFO - Setting next_dagrun for hybrid_lakehouse_daily_pipeline to 2026-08-14 02:00:00+00:00, run_after=2026-08-15 02:00:00+00:00
[2026-08-15T16:44:23.800+0000] {processor.py:183} INFO - Processing /opt/airflow/dags/lakehouse_pipeline.py took 0.308 seconds
[2026-08-15T16:44:54.191+0000] {processor.py:161} INFO - Started process (PID=441) to work on /opt/airflow/dags/lakehouse_pipeline.py
[2026-08-15T16:44:54.193+0000] {processor.py:830} INFO - Processing file /opt/airflow/dags/lakehouse_pipeline.py for tasks to queue
[2026-08-15T16:44:54.196+0000] {logging_mixin.py:188} INFO - [2026-08-15T16:44:54.196+0000] {dagbag.py:545} INFO - Filling up the DagBag from /opt/airflow/dags/lakehouse_pipeline.py
[2026-08-15T16:44:54.237+0000] {processor.py:840} INFO - DAG(s) 'hybrid_lakehouse_daily_pipeline' retrieved from /opt/airflow/dags/lakehouse_pipeline.py
[2026-08-15T16:44:54.407+0000] {logging_mixin.py:188} INFO - [2026-08-15T16:44:54.407+0000] {dag.py:3089} INFO - Sync 1 DAGs
[2026-08-15T16:44:54.452+0000] {logging_mixin.py:188} INFO - [2026-08-15T16:44:54.451+0000] {dag.py:3947} INFO - Setting next_dagrun for hybrid_lakehouse_daily_pipeline to 2026-08-14 02:00:00+00:00, run_after=2026-08-15 02:00:00+00:00
[2026-08-15T16:44:54.493+0000] {processor.py:183} INFO - Processing /opt/airflow/dags/lakehouse_pipeline.py took 0.310 seconds
[2026-08-15T16:45:24.916+0000] {processor.py:161} INFO - Started process (PID=451) to work on /opt/airflow/dags/lakehouse_pipeline.py
[2026-08-15T16:45:24.918+0000] {processor.py:830} INFO - Processing file /opt/airflow/dags/lakehouse_pipeline.py for tasks to queue
[2026-08-15T16:45:24.922+0000] {logging_mixin.py:188} INFO - [2026-08-15T16:45:24.922+0000] {dagbag.py:545} INFO - Filling up the DagBag from /opt/airflow/dags/lakehouse_pipeline.py
[2026-08-15T16:45:24.969+0000] {processor.py:840} INFO - DAG(s) 'hybrid_lakehouse_daily_pipeline' retrieved from /opt/airflow/dags/lakehouse_pipeline.py
[2026-08-15T16:45:25.134+0000] {logging_mixin.py:188} INFO - [2026-08-15T16:45:25.134+0000] {dag.py:3089} INFO - Sync 1 DAGs
[2026-08-15T16:45:25.166+0000] {logging_mixin.py:188} INFO - [2026-08-15T16:45:25.166+0000] {dag.py:3947} INFO - Setting next_dagrun for hybrid_lakehouse_daily_pipeline to 2026-08-14 02:00:00+00:00, run_after=2026-08-15 02:00:00+00:00
[2026-08-15T16:45:25.204+0000] {processor.py:183} INFO - Processing /opt/airflow/dags/lakehouse_pipeline.py took 0.300 seconds
[2026-08-15T16:45:55.565+0000] {processor.py:161} INFO - Started process (PID=461) to work on /opt/airflow/dags/lakehouse_pipeline.py
[2026-08-15T16:45:55.567+0000] {processor.py:830} INFO - Processing file /opt/airflow/dags/lakehouse_pipeline.py for tasks to queue
[2026-08-15T16:45:55.571+0000] {logging_mixin.py:188} INFO - [2026-08-15T16:45:55.570+0000] {dagbag.py:545} INFO - Filling up the DagBag from /opt/airflow/dags/lakehouse_pipeline.py
[2026-08-15T16:45:55.612+0000] {processor.py:840} INFO - DAG(s) 'hybrid_lakehouse_daily_pipeline' retrieved from /opt/airflow/dags/lakehouse_pipeline.py
[2026-08-15T16:45:55.756+0000] {logging_mixin.py:188} INFO - [2026-08-15T16:45:55.755+0000] {dag.py:3089} INFO - Sync 1 DAGs
[2026-08-15T16:45:55.786+0000] {logging_mixin.py:188} INFO - [2026-08-15T16:45:55.785+0000] {dag.py:3947} INFO - Setting next_dagrun for hybrid_lakehouse_daily_pipeline to 2026-08-14 02:00:00+00:00, run_after=2026-08-15 02:00:00+00:00
[2026-08-15T16:45:55.825+0000] {processor.py:183} INFO - Processing /opt/airflow/dags/lakehouse_pipeline.py took 0.270 seconds
[2026-08-15T16:46:25.960+0000] {processor.py:161} INFO - Started process (PID=471) to work on /opt/airflow/dags/lakehouse_pipeline.py
[2026-08-15T16:46:25.962+0000] {processor.py:830} INFO - Processing file /opt/airflow/dags/lakehouse_pipeline.py for tasks to queue
[2026-08-15T16:46:25.966+0000] {logging_mixin.py:188} INFO - [2026-08-15T16:46:25.965+0000] {dagbag.py:545} INFO - Filling up the DagBag from /opt/airflow/dags/lakehouse_pipeline.py
[2026-08-15T16:46:26.002+0000] {processor.py:840} INFO - DAG(s) 'hybrid_lakehouse_daily_pipeline' retrieved from /opt/airflow/dags/lakehouse_pipeline.py
[2026-08-15T16:46:26.160+0000] {logging_mixin.py:188} INFO - [2026-08-15T16:46:26.160+0000] {dag.py:3089} INFO - Sync 1 DAGs
[2026-08-15T16:46:26.196+0000] {logging_mixin.py:188} INFO - [2026-08-15T16:46:26.196+0000] {dag.py:3947} INFO - Setting next_dagrun for hybrid_lakehouse_daily_pipeline to 2026-08-14 02:00:00+00:00, run_after=2026-08-15 02:00:00+00:00
[2026-08-15T16:46:26.243+0000] {processor.py:183} INFO - Processing /opt/airflow/dags/lakehouse_pipeline.py took 0.295 seconds
[2026-08-15T16:46:56.696+0000] {processor.py:161} INFO - Started process (PID=481) to work on /opt/airflow/dags/lakehouse_pipeline.py
[2026-08-15T16:46:56.698+0000] {processor.py:830} INFO - Processing file /opt/airflow/dags/lakehouse_pipeline.py for tasks to queue
[2026-08-15T16:46:56.703+0000] {logging_mixin.py:188} INFO - [2026-08-15T16:46:56.702+0000] {dagbag.py:545} INFO - Filling up the DagBag from /opt/airflow/dags/lakehouse_pipeline.py
[2026-08-15T16:46:56.745+0000] {processor.py:840} INFO - DAG(s) 'hybrid_lakehouse_daily_pipeline' retrieved from /opt/airflow/dags/lakehouse_pipeline.py
[2026-08-15T16:46:56.927+0000] {logging_mixin.py:188} INFO - [2026-08-15T16:46:56.927+0000] {dag.py:3089} INFO - Sync 1 DAGs
[2026-08-15T16:46:56.960+0000] {logging_mixin.py:188} INFO - [2026-08-15T16:46:56.960+0000] {dag.py:3947} INFO - Setting next_dagrun for hybrid_lakehouse_daily_pipeline to 2026-08-14 02:00:00+00:00, run_after=2026-08-15 02:00:00+00:00
[2026-08-15T16:46:57.003+0000] {processor.py:183} INFO - Processing /opt/airflow/dags/lakehouse_pipeline.py took 0.317 seconds
[2026-08-15T16:47:27.386+0000] {processor.py:161} INFO - Started process (PID=491) to work on /opt/airflow/dags/lakehouse_pipeline.py
[2026-08-15T16:47:27.389+0000] {processor.py:830} INFO - Processing file /opt/airflow/dags/lakehouse_pipeline.py for tasks to queue
[2026-08-15T16:47:27.393+0000] {logging_mixin.py:188} INFO - [2026-08-15T16:47:27.392+0000] {dagbag.py:545} INFO - Filling up the DagBag from /opt/airflow/dags/lakehouse_pipeline.py
[2026-08-15T16:47:27.436+0000] {processor.py:840} INFO - DAG(s) 'hybrid_lakehouse_daily_pipeline' retrieved from /opt/airflow/dags/lakehouse_pipeline.py
[2026-08-15T16:47:27.588+0000] {logging_mixin.py:188} INFO - [2026-08-15T16:47:27.588+0000] {dag.py:3089} INFO - Sync 1 DAGs
[2026-08-15T16:47:27.617+0000] {logging_mixin.py:188} INFO - [2026-08-15T16:47:27.616+0000] {dag.py:3947} INFO - Setting next_dagrun for hybrid_lakehouse_daily_pipeline to 2026-08-14 02:00:00+00:00, run_after=2026-08-15 02:00:00+00:00
[2026-08-15T16:47:27.644+0000] {processor.py:183} INFO - Processing /opt/airflow/dags/lakehouse_pipeline.py took 0.268 seconds
[2026-08-15T16:47:57.769+0000] {processor.py:161} INFO - Started process (PID=501) to work on /opt/airflow/dags/lakehouse_pipeline.py
[2026-08-15T16:47:57.771+0000] {processor.py:830} INFO - Processing file /opt/airflow/dags/lakehouse_pipeline.py for tasks to queue
[2026-08-15T16:47:57.775+0000] {logging_mixin.py:188} INFO - [2026-08-15T16:47:57.774+0000] {dagbag.py:545} INFO - Filling up the DagBag from /opt/airflow/dags/lakehouse_pipeline.py
[2026-08-15T16:47:57.818+0000] {processor.py:840} INFO - DAG(s) 'hybrid_lakehouse_daily_pipeline' retrieved from /opt/airflow/dags/lakehouse_pipeline.py
[2026-08-15T16:47:57.963+0000] {logging_mixin.py:188} INFO - [2026-08-15T16:47:57.963+0000] {dag.py:3089} INFO - Sync 1 DAGs
[2026-08-15T16:47:57.992+0000] {logging_mixin.py:188} INFO - [2026-08-15T16:47:57.992+0000] {dag.py:3947} INFO - Setting next_dagrun for hybrid_lakehouse_daily_pipeline to 2026-08-14 02:00:00+00:00, run_after=2026-08-15 02:00:00+00:00
[2026-08-15T16:47:58.027+0000] {processor.py:183} INFO - Processing /opt/airflow/dags/lakehouse_pipeline.py took 0.265 seconds
[2026-08-15T16:48:28.379+0000] {processor.py:161} INFO - Started process (PID=511) to work on /opt/airflow/dags/lakehouse_pipeline.py
[2026-08-15T16:48:28.380+0000] {processor.py:830} INFO - Processing file /opt/airflow/dags/lakehouse_pipeline.py for tasks to queue
[2026-08-15T16:48:28.383+0000] {logging_mixin.py:188} INFO - [2026-08-15T16:48:28.383+0000] {dagbag.py:545} INFO - Filling up the DagBag from /opt/airflow/dags/lakehouse_pipeline.py
[2026-08-15T16:48:28.423+0000] {processor.py:840} INFO - DAG(s) 'hybrid_lakehouse_daily_pipeline' retrieved from /opt/airflow/dags/lakehouse_pipeline.py
[2026-08-15T16:48:28.575+0000] {logging_mixin.py:188} INFO - [2026-08-15T16:48:28.574+0000] {dag.py:3089} INFO - Sync 1 DAGs
[2026-08-15T16:48:28.605+0000] {logging_mixin.py:188} INFO - [2026-08-15T16:48:28.604+0000] {dag.py:3947} INFO - Setting next_dagrun for hybrid_lakehouse_daily_pipeline to 2026-08-14 02:00:00+00:00, run_after=2026-08-15 02:00:00+00:00
[2026-08-15T16:48:28.631+0000] {processor.py:183} INFO - Processing /opt/airflow/dags/lakehouse_pipeline.py took 0.260 seconds
[2026-08-15T16:48:58.805+0000] {processor.py:161} INFO - Started process (PID=521) to work on /opt/airflow/dags/lakehouse_pipeline.py
[2026-08-15T16:48:58.808+0000] {processor.py:830} INFO - Processing file /opt/airflow/dags/lakehouse_pipeline.py for tasks to queue
[2026-08-15T16:48:58.812+0000] {logging_mixin.py:188} INFO - [2026-08-15T16:48:58.811+0000] {dagbag.py:545} INFO - Filling up the DagBag from /opt/airflow/dags/lakehouse_pipeline.py
[2026-08-15T16:48:58.856+0000] {processor.py:840} INFO - DAG(s) 'hybrid_lakehouse_daily_pipeline' retrieved from /opt/airflow/dags/lakehouse_pipeline.py
[2026-08-15T16:48:58.997+0000] {logging_mixin.py:188} INFO - [2026-08-15T16:48:58.996+0000] {dag.py:3089} INFO - Sync 1 DAGs
[2026-08-15T16:48:59.029+0000] {logging_mixin.py:188} INFO - [2026-08-15T16:48:59.029+0000] {dag.py:3947} INFO - Setting next_dagrun for hybrid_lakehouse_daily_pipeline to 2026-08-14 02:00:00+00:00, run_after=2026-08-15 02:00:00+00:00
[2026-08-15T16:48:59.062+0000] {processor.py:183} INFO - Processing /opt/airflow/dags/lakehouse_pipeline.py took 0.266 seconds
[2026-08-15T16:49:29.434+0000] {processor.py:161} INFO - Started process (PID=531) to work on /opt/airflow/dags/lakehouse_pipeline.py
[2026-08-15T16:49:29.436+0000] {processor.py:830} INFO - Processing file /opt/airflow/dags/lakehouse_pipeline.py for tasks to queue
[2026-08-15T16:49:29.441+0000] {logging_mixin.py:188} INFO - [2026-08-15T16:49:29.440+0000] {dagbag.py:545} INFO - Filling up the DagBag from /opt/airflow/dags/lakehouse_pipeline.py
[2026-08-15T16:49:29.484+0000] {processor.py:840} INFO - DAG(s) 'hybrid_lakehouse_daily_pipeline' retrieved from /opt/airflow/dags/lakehouse_pipeline.py
[2026-08-15T16:49:29.646+0000] {logging_mixin.py:188} INFO - [2026-08-15T16:49:29.646+0000] {dag.py:3089} INFO - Sync 1 DAGs
[2026-08-15T16:49:29.685+0000] {logging_mixin.py:188} INFO - [2026-08-15T16:49:29.684+0000] {dag.py:3947} INFO - Setting next_dagrun for hybrid_lakehouse_daily_pipeline to 2026-08-14 02:00:00+00:00, run_after=2026-08-15 02:00:00+00:00
[2026-08-15T16:49:29.718+0000] {processor.py:183} INFO - Processing /opt/airflow/dags/lakehouse_pipeline.py took 0.297 seconds
[2026-08-15T16:50:00.091+0000] {processor.py:161} INFO - Started process (PID=541) to work on /opt/airflow/dags/lakehouse_pipeline.py
[2026-08-15T16:50:00.093+0000] {processor.py:830} INFO - Processing file /opt/airflow/dags/lakehouse_pipeline.py for tasks to queue
[2026-08-15T16:50:00.096+0000] {logging_mixin.py:188} INFO - [2026-08-15T16:50:00.096+0000] {dagbag.py:545} INFO - Filling up the DagBag from /opt/airflow/dags/lakehouse_pipeline.py
[2026-08-15T16:50:00.147+0000] {processor.py:840} INFO - DAG(s) 'hybrid_lakehouse_daily_pipeline' retrieved from /opt/airflow/dags/lakehouse_pipeline.py
[2026-08-15T16:50:00.312+0000] {logging_mixin.py:188} INFO - [2026-08-15T16:50:00.312+0000] {dag.py:3089} INFO - Sync 1 DAGs
[2026-08-15T16:50:00.342+0000] {logging_mixin.py:188} INFO - [2026-08-15T16:50:00.341+0000] {dag.py:3947} INFO - Setting next_dagrun for hybrid_lakehouse_daily_pipeline to 2026-08-14 02:00:00+00:00, run_after=2026-08-15 02:00:00+00:00
[2026-08-15T16:50:00.378+0000] {processor.py:183} INFO - Processing /opt/airflow/dags/lakehouse_pipeline.py took 0.296 seconds
[2026-08-15T16:50:30.761+0000] {processor.py:161} INFO - Started process (PID=551) to work on /opt/airflow/dags/lakehouse_pipeline.py
[2026-08-15T16:50:30.763+0000] {processor.py:830} INFO - Processing file /opt/airflow/dags/lakehouse_pipeline.py for tasks to queue
[2026-08-15T16:50:30.767+0000] {logging_mixin.py:188} INFO - [2026-08-15T16:50:30.766+0000] {dagbag.py:545} INFO - Filling up the DagBag from /opt/airflow/dags/lakehouse_pipeline.py
[2026-08-15T16:50:30.805+0000] {processor.py:840} INFO - DAG(s) 'hybrid_lakehouse_daily_pipeline' retrieved from /opt/airflow/dags/lakehouse_pipeline.py
[2026-08-15T16:50:30.941+0000] {logging_mixin.py:188} INFO - [2026-08-15T16:50:30.941+0000] {dag.py:3089} INFO - Sync 1 DAGs
[2026-08-15T16:50:30.976+0000] {logging_mixin.py:188} INFO - [2026-08-15T16:50:30.975+0000] {dag.py:3947} INFO - Setting next_dagrun for hybrid_lakehouse_daily_pipeline to 2026-08-14 02:00:00+00:00, run_after=2026-08-15 02:00:00+00:00
[2026-08-15T16:50:31.009+0000] {processor.py:183} INFO - Processing /opt/airflow/dags/lakehouse_pipeline.py took 0.257 seconds
[2026-08-15T16:51:01.359+0000] {processor.py:161} INFO - Started process (PID=561) to work on /opt/airflow/dags/lakehouse_pipeline.py
[2026-08-15T16:51:01.361+0000] {processor.py:830} INFO - Processing file /opt/airflow/dags/lakehouse_pipeline.py for tasks to queue
[2026-08-15T16:51:01.365+0000] {logging_mixin.py:188} INFO - [2026-08-15T16:51:01.364+0000] {dagbag.py:545} INFO - Filling up the DagBag from /opt/airflow/dags/lakehouse_pipeline.py
[2026-08-15T16:51:01.395+0000] {processor.py:840} INFO - DAG(s) 'hybrid_lakehouse_daily_pipeline' retrieved from /opt/airflow/dags/lakehouse_pipeline.py
[2026-08-15T16:51:01.536+0000] {logging_mixin.py:188} INFO - [2026-08-15T16:51:01.536+0000] {dag.py:3089} INFO - Sync 1 DAGs
[2026-08-15T16:51:01.563+0000] {logging_mixin.py:188} INFO - [2026-08-15T16:51:01.562+0000] {dag.py:3947} INFO - Setting next_dagrun for hybrid_lakehouse_daily_pipeline to 2026-08-14 02:00:00+00:00, run_after=2026-08-15 02:00:00+00:00
[2026-08-15T16:51:01.587+0000] {processor.py:183} INFO - Processing /opt/airflow/dags/lakehouse_pipeline.py took 0.237 seconds
[2026-08-15T16:51:31.888+0000] {processor.py:161} INFO - Started process (PID=571) to work on /opt/airflow/dags/lakehouse_pipeline.py
[2026-08-15T16:51:31.890+0000] {processor.py:830} INFO - Processing file /opt/airflow/dags/lakehouse_pipeline.py for tasks to queue
[2026-08-15T16:51:31.893+0000] {logging_mixin.py:188} INFO - [2026-08-15T16:51:31.893+0000] {dagbag.py:545} INFO - Filling up the DagBag from /opt/airflow/dags/lakehouse_pipeline.py
[2026-08-15T16:51:31.928+0000] {processor.py:840} INFO - DAG(s) 'hybrid_lakehouse_daily_pipeline' retrieved from /opt/airflow/dags/lakehouse_pipeline.py
[2026-08-15T16:51:32.055+0000] {logging_mixin.py:188} INFO - [2026-08-15T16:51:32.055+0000] {dag.py:3089} INFO - Sync 1 DAGs
[2026-08-15T16:51:32.079+0000] {logging_mixin.py:188} INFO - [2026-08-15T16:51:32.079+0000] {dag.py:3947} INFO - Setting next_dagrun for hybrid_lakehouse_daily_pipeline to 2026-08-14 02:00:00+00:00, run_after=2026-08-15 02:00:00+00:00
[2026-08-15T16:51:32.107+0000] {processor.py:183} INFO - Processing /opt/airflow/dags/lakehouse_pipeline.py took 0.227 seconds
[2026-08-15T16:52:02.504+0000] {processor.py:161} INFO - Started process (PID=581) to work on /opt/airflow/dags/lakehouse_pipeline.py
[2026-08-15T16:52:02.506+0000] {processor.py:830} INFO - Processing file /opt/airflow/dags/lakehouse_pipeline.py for tasks to queue
[2026-08-15T16:52:02.509+0000] {logging_mixin.py:188} INFO - [2026-08-15T16:52:02.509+0000] {dagbag.py:545} INFO - Filling up the DagBag from /opt/airflow/dags/lakehouse_pipeline.py
[2026-08-15T16:52:02.554+0000] {processor.py:840} INFO - DAG(s) 'hybrid_lakehouse_daily_pipeline' retrieved from /opt/airflow/dags/lakehouse_pipeline.py
[2026-08-15T16:52:02.701+0000] {logging_mixin.py:188} INFO - [2026-08-15T16:52:02.701+0000] {dag.py:3089} INFO - Sync 1 DAGs
[2026-08-15T16:52:02.742+0000] {logging_mixin.py:188} INFO - [2026-08-15T16:52:02.741+0000] {dag.py:3947} INFO - Setting next_dagrun for hybrid_lakehouse_daily_pipeline to 2026-08-14 02:00:00+00:00, run_after=2026-08-15 02:00:00+00:00
[2026-08-15T16:52:02.775+0000] {processor.py:183} INFO - Processing /opt/airflow/dags/lakehouse_pipeline.py took 0.282 seconds
[2026-08-15T16:52:33.221+0000] {processor.py:161} INFO - Started process (PID=591) to work on /opt/airflow/dags/lakehouse_pipeline.py
[2026-08-15T16:52:33.224+0000] {processor.py:830} INFO - Processing file /opt/airflow/dags/lakehouse_pipeline.py for tasks to queue
[2026-08-15T16:52:33.229+0000] {logging_mixin.py:188} INFO - [2026-08-15T16:52:33.228+0000] {dagbag.py:545} INFO - Filling up the DagBag from /opt/airflow/dags/lakehouse_pipeline.py
[2026-08-15T16:52:33.316+0000] {processor.py:840} INFO - DAG(s) 'hybrid_lakehouse_daily_pipeline' retrieved from /opt/airflow/dags/lakehouse_pipeline.py
[2026-08-15T16:52:33.503+0000] {logging_mixin.py:188} INFO - [2026-08-15T16:52:33.503+0000] {dag.py:3089} INFO - Sync 1 DAGs
[2026-08-15T16:52:33.534+0000] {logging_mixin.py:188} INFO - [2026-08-15T16:52:33.534+0000] {dag.py:3947} INFO - Setting next_dagrun for hybrid_lakehouse_daily_pipeline to 2026-08-14 02:00:00+00:00, run_after=2026-08-15 02:00:00+00:00
[2026-08-15T16:52:33.565+0000] {processor.py:183} INFO - Processing /opt/airflow/dags/lakehouse_pipeline.py took 0.361 seconds
[2026-08-15T16:53:04.000+0000] {processor.py:161} INFO - Started process (PID=601) to work on /opt/airflow/dags/lakehouse_pipeline.py
[2026-08-15T16:53:04.002+0000] {processor.py:830} INFO - Processing file /opt/airflow/dags/lakehouse_pipeline.py for tasks to queue
[2026-08-15T16:53:04.006+0000] {logging_mixin.py:188} INFO - [2026-08-15T16:53:04.005+0000] {dagbag.py:545} INFO - Filling up the DagBag from /opt/airflow/dags/lakehouse_pipeline.py
[2026-08-15T16:53:04.040+0000] {processor.py:840} INFO - DAG(s) 'hybrid_lakehouse_daily_pipeline' retrieved from /opt/airflow/dags/lakehouse_pipeline.py
[2026-08-15T16:53:04.182+0000] {logging_mixin.py:188} INFO - [2026-08-15T16:53:04.181+0000] {dag.py:3089} INFO - Sync 1 DAGs
[2026-08-15T16:53:04.207+0000] {logging_mixin.py:188} INFO - [2026-08-15T16:53:04.207+0000] {dag.py:3947} INFO - Setting next_dagrun for hybrid_lakehouse_daily_pipeline to 2026-08-14 02:00:00+00:00, run_after=2026-08-15 02:00:00+00:00
[2026-08-15T16:53:04.237+0000] {processor.py:183} INFO - Processing /opt/airflow/dags/lakehouse_pipeline.py took 0.244 seconds
[2026-08-15T16:53:34.402+0000] {processor.py:161} INFO - Started process (PID=611) to work on /opt/airflow/dags/lakehouse_pipeline.py
[2026-08-15T16:53:34.406+0000] {processor.py:830} INFO - Processing file /opt/airflow/dags/lakehouse_pipeline.py for tasks to queue
[2026-08-15T16:53:34.414+0000] {logging_mixin.py:188} INFO - [2026-08-15T16:53:34.413+0000] {dagbag.py:545} INFO - Filling up the DagBag from /opt/airflow/dags/lakehouse_pipeline.py
[2026-08-15T16:53:34.473+0000] {processor.py:840} INFO - DAG(s) 'hybrid_lakehouse_daily_pipeline' retrieved from /opt/airflow/dags/lakehouse_pipeline.py
[2026-08-15T16:53:34.648+0000] {logging_mixin.py:188} INFO - [2026-08-15T16:53:34.647+0000] {dag.py:3089} INFO - Sync 1 DAGs
[2026-08-15T16:53:34.679+0000] {logging_mixin.py:188} INFO - [2026-08-15T16:53:34.679+0000] {dag.py:3947} INFO - Setting next_dagrun for hybrid_lakehouse_daily_pipeline to 2026-08-14 02:00:00+00:00, run_after=2026-08-15 02:00:00+00:00
[2026-08-15T16:53:34.713+0000] {processor.py:183} INFO - Processing /opt/airflow/dags/lakehouse_pipeline.py took 0.331 seconds
[2026-08-15T16:54:05.111+0000] {processor.py:161} INFO - Started process (PID=621) to work on /opt/airflow/dags/lakehouse_pipeline.py
[2026-08-15T16:54:05.113+0000] {processor.py:830} INFO - Processing file /opt/airflow/dags/lakehouse_pipeline.py for tasks to queue
[2026-08-15T16:54:05.116+0000] {logging_mixin.py:188} INFO - [2026-08-15T16:54:05.116+0000] {dagbag.py:545} INFO - Filling up the DagBag from /opt/airflow/dags/lakehouse_pipeline.py
[2026-08-15T16:54:05.160+0000] {processor.py:840} INFO - DAG(s) 'hybrid_lakehouse_daily_pipeline' retrieved from /opt/airflow/dags/lakehouse_pipeline.py
[2026-08-15T16:54:05.292+0000] {logging_mixin.py:188} INFO - [2026-08-15T16:54:05.292+0000] {dag.py:3089} INFO - Sync 1 DAGs
[2026-08-15T16:54:05.318+0000] {logging_mixin.py:188} INFO - [2026-08-15T16:54:05.317+0000] {dag.py:3947} INFO - Setting next_dagrun for hybrid_lakehouse_daily_pipeline to 2026-08-14 02:00:00+00:00, run_after=2026-08-15 02:00:00+00:00
[2026-08-15T16:54:05.345+0000] {processor.py:183} INFO - Processing /opt/airflow/dags/lakehouse_pipeline.py took 0.241 seconds
[2026-08-15T16:54:35.505+0000] {processor.py:161} INFO - Started process (PID=631) to work on /opt/airflow/dags/lakehouse_pipeline.py
[2026-08-15T16:54:35.507+0000] {processor.py:830} INFO - Processing file /opt/airflow/dags/lakehouse_pipeline.py for tasks to queue
[2026-08-15T16:54:35.510+0000] {logging_mixin.py:188} INFO - [2026-08-15T16:54:35.510+0000] {dagbag.py:545} INFO - Filling up the DagBag from /opt/airflow/dags/lakehouse_pipeline.py
[2026-08-15T16:54:35.555+0000] {processor.py:840} INFO - DAG(s) 'hybrid_lakehouse_daily_pipeline' retrieved from /opt/airflow/dags/lakehouse_pipeline.py
[2026-08-15T16:54:35.698+0000] {logging_mixin.py:188} INFO - [2026-08-15T16:54:35.697+0000] {dag.py:3089} INFO - Sync 1 DAGs
[2026-08-15T16:54:35.727+0000] {logging_mixin.py:188} INFO - [2026-08-15T16:54:35.726+0000] {dag.py:3947} INFO - Setting next_dagrun for hybrid_lakehouse_daily_pipeline to 2026-08-14 02:00:00+00:00, run_after=2026-08-15 02:00:00+00:00
[2026-08-15T16:54:35.756+0000] {processor.py:183} INFO - Processing /opt/airflow/dags/lakehouse_pipeline.py took 0.272 seconds
[2026-08-15T16:55:06.206+0000] {processor.py:161} INFO - Started process (PID=641) to work on /opt/airflow/dags/lakehouse_pipeline.py
[2026-08-15T16:55:06.209+0000] {processor.py:830} INFO - Processing file /opt/airflow/dags/lakehouse_pipeline.py for tasks to queue
[2026-08-15T16:55:06.212+0000] {logging_mixin.py:188} INFO - [2026-08-15T16:55:06.212+0000] {dagbag.py:545} INFO - Filling up the DagBag from /opt/airflow/dags/lakehouse_pipeline.py
[2026-08-15T16:55:06.254+0000] {processor.py:840} INFO - DAG(s) 'hybrid_lakehouse_daily_pipeline' retrieved from /opt/airflow/dags/lakehouse_pipeline.py
[2026-08-15T16:55:06.399+0000] {logging_mixin.py:188} INFO - [2026-08-15T16:55:06.399+0000] {dag.py:3089} INFO - Sync 1 DAGs
[2026-08-15T16:55:06.432+0000] {logging_mixin.py:188} INFO - [2026-08-15T16:55:06.432+0000] {dag.py:3947} INFO - Setting next_dagrun for hybrid_lakehouse_daily_pipeline to 2026-08-14 02:00:00+00:00, run_after=2026-08-15 02:00:00+00:00
[2026-08-15T16:55:06.465+0000] {processor.py:183} INFO - Processing /opt/airflow/dags/lakehouse_pipeline.py took 0.269 seconds
[2026-08-15T16:55:36.879+0000] {processor.py:161} INFO - Started process (PID=651) to work on /opt/airflow/dags/lakehouse_pipeline.py
[2026-08-15T16:55:36.881+0000] {processor.py:830} INFO - Processing file /opt/airflow/dags/lakehouse_pipeline.py for tasks to queue
[2026-08-15T16:55:36.885+0000] {logging_mixin.py:188} INFO - [2026-08-15T16:55:36.884+0000] {dagbag.py:545} INFO - Filling up the DagBag from /opt/airflow/dags/lakehouse_pipeline.py
[2026-08-15T16:55:36.927+0000] {processor.py:840} INFO - DAG(s) 'hybrid_lakehouse_daily_pipeline' retrieved from /opt/airflow/dags/lakehouse_pipeline.py
[2026-08-15T16:55:37.090+0000] {logging_mixin.py:188} INFO - [2026-08-15T16:55:37.089+0000] {dag.py:3089} INFO - Sync 1 DAGs
[2026-08-15T16:55:37.125+0000] {logging_mixin.py:188} INFO - [2026-08-15T16:55:37.124+0000] {dag.py:3947} INFO - Setting next_dagrun for hybrid_lakehouse_daily_pipeline to 2026-08-14 02:00:00+00:00, run_after=2026-08-15 02:00:00+00:00
[2026-08-15T16:55:37.158+0000] {processor.py:183} INFO - Processing /opt/airflow/dags/lakehouse_pipeline.py took 0.290 seconds
[2026-08-15T16:56:07.623+0000] {processor.py:161} INFO - Started process (PID=661) to work on /opt/airflow/dags/lakehouse_pipeline.py
[2026-08-15T16:56:07.626+0000] {processor.py:830} INFO - Processing file /opt/airflow/dags/lakehouse_pipeline.py for tasks to queue
[2026-08-15T16:56:07.631+0000] {logging_mixin.py:188} INFO - [2026-08-15T16:56:07.630+0000] {dagbag.py:545} INFO - Filling up the DagBag from /opt/airflow/dags/lakehouse_pipeline.py
[2026-08-15T16:56:07.673+0000] {processor.py:840} INFO - DAG(s) 'hybrid_lakehouse_daily_pipeline' retrieved from /opt/airflow/dags/lakehouse_pipeline.py
[2026-08-15T16:56:07.847+0000] {logging_mixin.py:188} INFO - [2026-08-15T16:56:07.847+0000] {dag.py:3089} INFO - Sync 1 DAGs
[2026-08-15T16:56:07.880+0000] {logging_mixin.py:188} INFO - [2026-08-15T16:56:07.880+0000] {dag.py:3947} INFO - Setting next_dagrun for hybrid_lakehouse_daily_pipeline to 2026-08-14 02:00:00+00:00, run_after=2026-08-15 02:00:00+00:00
[2026-08-15T16:56:07.909+0000] {processor.py:183} INFO - Processing /opt/airflow/dags/lakehouse_pipeline.py took 0.299 seconds
[2026-08-15T16:56:38.379+0000] {processor.py:161} INFO - Started process (PID=671) to work on /opt/airflow/dags/lakehouse_pipeline.py
[2026-08-15T16:56:38.382+0000] {processor.py:830} INFO - Processing file /opt/airflow/dags/lakehouse_pipeline.py for tasks to queue
[2026-08-15T16:56:38.386+0000] {logging_mixin.py:188} INFO - [2026-08-15T16:56:38.385+0000] {dagbag.py:545} INFO - Filling up the DagBag from /opt/airflow/dags/lakehouse_pipeline.py
[2026-08-15T16:56:38.423+0000] {processor.py:840} INFO - DAG(s) 'hybrid_lakehouse_daily_pipeline' retrieved from /opt/airflow/dags/lakehouse_pipeline.py
[2026-08-15T16:56:38.616+0000] {logging_mixin.py:188} INFO - [2026-08-15T16:56:38.615+0000] {dag.py:3089} INFO - Sync 1 DAGs
[2026-08-15T16:56:38.656+0000] {logging_mixin.py:188} INFO - [2026-08-15T16:56:38.656+0000] {dag.py:3947} INFO - Setting next_dagrun for hybrid_lakehouse_daily_pipeline to 2026-08-14 02:00:00+00:00, run_after=2026-08-15 02:00:00+00:00
[2026-08-15T16:56:38.707+0000] {processor.py:183} INFO - Processing /opt/airflow/dags/lakehouse_pipeline.py took 0.336 seconds
[2026-08-15T16:57:09.099+0000] {processor.py:161} INFO - Started process (PID=681) to work on /opt/airflow/dags/lakehouse_pipeline.py
[2026-08-15T16:57:09.101+0000] {processor.py:830} INFO - Processing file /opt/airflow/dags/lakehouse_pipeline.py for tasks to queue
[2026-08-15T16:57:09.105+0000] {logging_mixin.py:188} INFO - [2026-08-15T16:57:09.104+0000] {dagbag.py:545} INFO - Filling up the DagBag from /opt/airflow/dags/lakehouse_pipeline.py
[2026-08-15T16:57:09.149+0000] {processor.py:840} INFO - DAG(s) 'hybrid_lakehouse_daily_pipeline' retrieved from /opt/airflow/dags/lakehouse_pipeline.py
[2026-08-15T16:57:09.321+0000] {logging_mixin.py:188} INFO - [2026-08-15T16:57:09.321+0000] {dag.py:3089} INFO - Sync 1 DAGs
[2026-08-15T16:57:09.354+0000] {logging_mixin.py:188} INFO - [2026-08-15T16:57:09.354+0000] {dag.py:3947} INFO - Setting next_dagrun for hybrid_lakehouse_daily_pipeline to 2026-08-14 02:00:00+00:00, run_after=2026-08-15 02:00:00+00:00
[2026-08-15T16:57:09.388+0000] {processor.py:183} INFO - Processing /opt/airflow/dags/lakehouse_pipeline.py took 0.298 seconds
[2026-08-15T16:57:39.795+0000] {processor.py:161} INFO - Started process (PID=691) to work on /opt/airflow/dags/lakehouse_pipeline.py
[2026-08-15T16:57:39.796+0000] {processor.py:830} INFO - Processing file /opt/airflow/dags/lakehouse_pipeline.py for tasks to queue
[2026-08-15T16:57:39.800+0000] {logging_mixin.py:188} INFO - [2026-08-15T16:57:39.799+0000] {dagbag.py:545} INFO - Filling up the DagBag from /opt/airflow/dags/lakehouse_pipeline.py
[2026-08-15T16:57:39.839+0000] {processor.py:840} INFO - DAG(s) 'hybrid_lakehouse_daily_pipeline' retrieved from /opt/airflow/dags/lakehouse_pipeline.py
[2026-08-15T16:57:39.983+0000] {logging_mixin.py:188} INFO - [2026-08-15T16:57:39.983+0000] {dag.py:3089} INFO - Sync 1 DAGs
[2026-08-15T16:57:40.017+0000] {logging_mixin.py:188} INFO - [2026-08-15T16:57:40.017+0000] {dag.py:3947} INFO - Setting next_dagrun for hybrid_lakehouse_daily_pipeline to 2026-08-14 02:00:00+00:00, run_after=2026-08-15 02:00:00+00:00
[2026-08-15T16:57:40.050+0000] {processor.py:183} INFO - Processing /opt/airflow/dags/lakehouse_pipeline.py took 0.265 seconds
[2026-08-15T16:58:10.423+0000] {processor.py:161} INFO - Started process (PID=701) to work on /opt/airflow/dags/lakehouse_pipeline.py
[2026-08-15T16:58:10.425+0000] {processor.py:830} INFO - Processing file /opt/airflow/dags/lakehouse_pipeline.py for tasks to queue
[2026-08-15T16:58:10.429+0000] {logging_mixin.py:188} INFO - [2026-08-15T16:58:10.428+0000] {dagbag.py:545} INFO - Filling up the DagBag from /opt/airflow/dags/lakehouse_pipeline.py
[2026-08-15T16:58:10.462+0000] {processor.py:840} INFO - DAG(s) 'hybrid_lakehouse_daily_pipeline' retrieved from /opt/airflow/dags/lakehouse_pipeline.py
[2026-08-15T16:58:10.611+0000] {logging_mixin.py:188} INFO - [2026-08-15T16:58:10.610+0000] {dag.py:3089} INFO - Sync 1 DAGs
[2026-08-15T16:58:10.642+0000] {logging_mixin.py:188} INFO - [2026-08-15T16:58:10.642+0000] {dag.py:3947} INFO - Setting next_dagrun for hybrid_lakehouse_daily_pipeline to 2026-08-14 02:00:00+00:00, run_after=2026-08-15 02:00:00+00:00
[2026-08-15T16:58:10.671+0000] {processor.py:183} INFO - Processing /opt/airflow/dags/lakehouse_pipeline.py took 0.257 seconds
[2026-08-15T16:58:41.036+0000] {processor.py:161} INFO - Started process (PID=711) to work on /opt/airflow/dags/lakehouse_pipeline.py
[2026-08-15T16:58:41.039+0000] {processor.py:830} INFO - Processing file /opt/airflow/dags/lakehouse_pipeline.py for tasks to queue
[2026-08-15T16:58:41.043+0000] {logging_mixin.py:188} INFO - [2026-08-15T16:58:41.042+0000] {dagbag.py:545} INFO - Filling up the DagBag from /opt/airflow/dags/lakehouse_pipeline.py
[2026-08-15T16:58:41.110+0000] {processor.py:840} INFO - DAG(s) 'hybrid_lakehouse_daily_pipeline' retrieved from /opt/airflow/dags/lakehouse_pipeline.py
[2026-08-15T16:58:41.281+0000] {logging_mixin.py:188} INFO - [2026-08-15T16:58:41.281+0000] {dag.py:3089} INFO - Sync 1 DAGs
[2026-08-15T16:58:41.317+0000] {logging_mixin.py:188} INFO - [2026-08-15T16:58:41.316+0000] {dag.py:3947} INFO - Setting next_dagrun for hybrid_lakehouse_daily_pipeline to 2026-08-14 02:00:00+00:00, run_after=2026-08-15 02:00:00+00:00
[2026-08-15T16:58:41.346+0000] {processor.py:183} INFO - Processing /opt/airflow/dags/lakehouse_pipeline.py took 0.319 seconds
[2026-08-15T16:59:11.820+0000] {processor.py:161} INFO - Started process (PID=721) to work on /opt/airflow/dags/lakehouse_pipeline.py
[2026-08-15T16:59:11.823+0000] {processor.py:830} INFO - Processing file /opt/airflow/dags/lakehouse_pipeline.py for tasks to queue
[2026-08-15T16:59:11.827+0000] {logging_mixin.py:188} INFO - [2026-08-15T16:59:11.826+0000] {dagbag.py:545} INFO - Filling up the DagBag from /opt/airflow/dags/lakehouse_pipeline.py
[2026-08-15T16:59:11.865+0000] {processor.py:840} INFO - DAG(s) 'hybrid_lakehouse_daily_pipeline' retrieved from /opt/airflow/dags/lakehouse_pipeline.py
[2026-08-15T16:59:12.043+0000] {logging_mixin.py:188} INFO - [2026-08-15T16:59:12.043+0000] {dag.py:3089} INFO - Sync 1 DAGs
[2026-08-15T16:59:12.073+0000] {logging_mixin.py:188} INFO - [2026-08-15T16:59:12.072+0000] {dag.py:3947} INFO - Setting next_dagrun for hybrid_lakehouse_daily_pipeline to 2026-08-14 02:00:00+00:00, run_after=2026-08-15 02:00:00+00:00
[2026-08-15T16:59:12.107+0000] {processor.py:183} INFO - Processing /opt/airflow/dags/lakehouse_pipeline.py took 0.297 seconds
[2026-08-15T16:59:42.505+0000] {processor.py:161} INFO - Started process (PID=731) to work on /opt/airflow/dags/lakehouse_pipeline.py
[2026-08-15T16:59:42.508+0000] {processor.py:830} INFO - Processing file /opt/airflow/dags/lakehouse_pipeline.py for tasks to queue
[2026-08-15T16:59:42.512+0000] {logging_mixin.py:188} INFO - [2026-08-15T16:59:42.512+0000] {dagbag.py:545} INFO - Filling up the DagBag from /opt/airflow/dags/lakehouse_pipeline.py
[2026-08-15T16:59:42.551+0000] {processor.py:840} INFO - DAG(s) 'hybrid_lakehouse_daily_pipeline' retrieved from /opt/airflow/dags/lakehouse_pipeline.py
[2026-08-15T16:59:42.707+0000] {logging_mixin.py:188} INFO - [2026-08-15T16:59:42.706+0000] {dag.py:3089} INFO - Sync 1 DAGs
[2026-08-15T16:59:42.738+0000] {logging_mixin.py:188} INFO - [2026-08-15T16:59:42.738+0000] {dag.py:3947} INFO - Setting next_dagrun for hybrid_lakehouse_daily_pipeline to 2026-08-14 02:00:00+00:00, run_after=2026-08-15 02:00:00+00:00
[2026-08-15T16:59:42.768+0000] {processor.py:183} INFO - Processing /opt/airflow/dags/lakehouse_pipeline.py took 0.275 seconds
[2026-08-15T17:00:13.194+0000] {processor.py:161} INFO - Started process (PID=741) to work on /opt/airflow/dags/lakehouse_pipeline.py
[2026-08-15T17:00:13.196+0000] {processor.py:830} INFO - Processing file /opt/airflow/dags/lakehouse_pipeline.py for tasks to queue
[2026-08-15T17:00:13.200+0000] {logging_mixin.py:188} INFO - [2026-08-15T17:00:13.200+0000] {dagbag.py:545} INFO - Filling up the DagBag from /opt/airflow/dags/lakehouse_pipeline.py
[2026-08-15T17:00:13.246+0000] {processor.py:840} INFO - DAG(s) 'hybrid_lakehouse_daily_pipeline' retrieved from /opt/airflow/dags/lakehouse_pipeline.py
[2026-08-15T17:00:13.390+0000] {logging_mixin.py:188} INFO - [2026-08-15T17:00:13.390+0000] {dag.py:3089} INFO - Sync 1 DAGs
[2026-08-15T17:00:13.418+0000] {logging_mixin.py:188} INFO - [2026-08-15T17:00:13.417+0000] {dag.py:3947} INFO - Setting next_dagrun for hybrid_lakehouse_daily_pipeline to 2026-08-14 02:00:00+00:00, run_after=2026-08-15 02:00:00+00:00
[2026-08-15T17:00:13.448+0000] {processor.py:183} INFO - Processing /opt/airflow/dags/lakehouse_pipeline.py took 0.266 seconds
[2026-08-15T17:00:43.871+0000] {processor.py:161} INFO - Started process (PID=751) to work on /opt/airflow/dags/lakehouse_pipeline.py
[2026-08-15T17:00:43.873+0000] {processor.py:830} INFO - Processing file /opt/airflow/dags/lakehouse_pipeline.py for tasks to queue
[2026-08-15T17:00:43.880+0000] {logging_mixin.py:188} INFO - [2026-08-15T17:00:43.878+0000] {dagbag.py:545} INFO - Filling up the DagBag from /opt/airflow/dags/lakehouse_pipeline.py
[2026-08-15T17:00:43.932+0000] {processor.py:840} INFO - DAG(s) 'hybrid_lakehouse_daily_pipeline' retrieved from /opt/airflow/dags/lakehouse_pipeline.py
[2026-08-15T17:00:44.105+0000] {logging_mixin.py:188} INFO - [2026-08-15T17:00:44.105+0000] {dag.py:3089} INFO - Sync 1 DAGs
[2026-08-15T17:00:44.139+0000] {logging_mixin.py:188} INFO - [2026-08-15T17:00:44.139+0000] {dag.py:3947} INFO - Setting next_dagrun for hybrid_lakehouse_daily_pipeline to 2026-08-14 02:00:00+00:00, run_after=2026-08-15 02:00:00+00:00
[2026-08-15T17:00:44.179+0000] {processor.py:183} INFO - Processing /opt/airflow/dags/lakehouse_pipeline.py took 0.320 seconds
[2026-08-15T17:01:14.590+0000] {processor.py:161} INFO - Started process (PID=761) to work on /opt/airflow/dags/lakehouse_pipeline.py
[2026-08-15T17:01:14.592+0000] {processor.py:830} INFO - Processing file /opt/airflow/dags/lakehouse_pipeline.py for tasks to queue
[2026-08-15T17:01:14.595+0000] {logging_mixin.py:188} INFO - [2026-08-15T17:01:14.595+0000] {dagbag.py:545} INFO - Filling up the DagBag from /opt/airflow/dags/lakehouse_pipeline.py
[2026-08-15T17:01:14.642+0000] {processor.py:840} INFO - DAG(s) 'hybrid_lakehouse_daily_pipeline' retrieved from /opt/airflow/dags/lakehouse_pipeline.py
[2026-08-15T17:01:14.807+0000] {logging_mixin.py:188} INFO - [2026-08-15T17:01:14.806+0000] {dag.py:3089} INFO - Sync 1 DAGs
[2026-08-15T17:01:14.836+0000] {logging_mixin.py:188} INFO - [2026-08-15T17:01:14.836+0000] {dag.py:3947} INFO - Setting next_dagrun for hybrid_lakehouse_daily_pipeline to 2026-08-14 02:00:00+00:00, run_after=2026-08-15 02:00:00+00:00
[2026-08-15T17:01:14.867+0000] {processor.py:183} INFO - Processing /opt/airflow/dags/lakehouse_pipeline.py took 0.290 seconds
[2026-08-15T17:01:45.100+0000] {processor.py:161} INFO - Started process (PID=771) to work on /opt/airflow/dags/lakehouse_pipeline.py
[2026-08-15T17:01:45.102+0000] {processor.py:830} INFO - Processing file /opt/airflow/dags/lakehouse_pipeline.py for tasks to queue
[2026-08-15T17:01:45.105+0000] {logging_mixin.py:188} INFO - [2026-08-15T17:01:45.105+0000] {dagbag.py:545} INFO - Filling up the DagBag from /opt/airflow/dags/lakehouse_pipeline.py
[2026-08-15T17:01:45.153+0000] {processor.py:840} INFO - DAG(s) 'hybrid_lakehouse_daily_pipeline' retrieved from /opt/airflow/dags/lakehouse_pipeline.py
[2026-08-15T17:01:45.281+0000] {logging_mixin.py:188} INFO - [2026-08-15T17:01:45.281+0000] {dag.py:3089} INFO - Sync 1 DAGs
[2026-08-15T17:01:45.307+0000] {logging_mixin.py:188} INFO - [2026-08-15T17:01:45.306+0000] {dag.py:3947} INFO - Setting next_dagrun for hybrid_lakehouse_daily_pipeline to 2026-08-14 02:00:00+00:00, run_after=2026-08-15 02:00:00+00:00
[2026-08-15T17:01:45.336+0000] {processor.py:183} INFO - Processing /opt/airflow/dags/lakehouse_pipeline.py took 0.247 seconds
[2026-08-15T17:02:15.585+0000] {processor.py:161} INFO - Started process (PID=781) to work on /opt/airflow/dags/lakehouse_pipeline.py
[2026-08-15T17:02:15.587+0000] {processor.py:830} INFO - Processing file /opt/airflow/dags/lakehouse_pipeline.py for tasks to queue
[2026-08-15T17:02:15.604+0000] {logging_mixin.py:188} INFO - [2026-08-15T17:02:15.604+0000] {dagbag.py:545} INFO - Filling up the DagBag from /opt/airflow/dags/lakehouse_pipeline.py
[2026-08-15T17:02:15.658+0000] {processor.py:840} INFO - DAG(s) 'hybrid_lakehouse_daily_pipeline' retrieved from /opt/airflow/dags/lakehouse_pipeline.py
[2026-08-15T17:02:15.804+0000] {logging_mixin.py:188} INFO - [2026-08-15T17:02:15.804+0000] {dag.py:3089} INFO - Sync 1 DAGs
[2026-08-15T17:02:15.827+0000] {logging_mixin.py:188} INFO - [2026-08-15T17:02:15.827+0000] {dag.py:3947} INFO - Setting next_dagrun for hybrid_lakehouse_daily_pipeline to 2026-08-14 02:00:00+00:00, run_after=2026-08-15 02:00:00+00:00
[2026-08-15T17:02:15.859+0000] {processor.py:183} INFO - Processing /opt/airflow/dags/lakehouse_pipeline.py took 0.283 seconds
[2026-08-15T17:02:46.249+0000] {processor.py:161} INFO - Started process (PID=791) to work on /opt/airflow/dags/lakehouse_pipeline.py
[2026-08-15T17:02:46.251+0000] {processor.py:830} INFO - Processing file /opt/airflow/dags/lakehouse_pipeline.py for tasks to queue
[2026-08-15T17:02:46.255+0000] {logging_mixin.py:188} INFO - [2026-08-15T17:02:46.254+0000] {dagbag.py:545} INFO - Filling up the DagBag from /opt/airflow/dags/lakehouse_pipeline.py
[2026-08-15T17:02:46.290+0000] {processor.py:840} INFO - DAG(s) 'hybrid_lakehouse_daily_pipeline' retrieved from /opt/airflow/dags/lakehouse_pipeline.py
[2026-08-15T17:02:46.429+0000] {logging_mixin.py:188} INFO - [2026-08-15T17:02:46.428+0000] {dag.py:3089} INFO - Sync 1 DAGs
[2026-08-15T17:02:46.455+0000] {logging_mixin.py:188} INFO - [2026-08-15T17:02:46.455+0000] {dag.py:3947} INFO - Setting next_dagrun for hybrid_lakehouse_daily_pipeline to 2026-08-14 02:00:00+00:00, run_after=2026-08-15 02:00:00+00:00
[2026-08-15T17:02:46.507+0000] {processor.py:183} INFO - Processing /opt/airflow/dags/lakehouse_pipeline.py took 0.268 seconds
[2026-08-15T17:03:16.623+0000] {processor.py:161} INFO - Started process (PID=801) to work on /opt/airflow/dags/lakehouse_pipeline.py
[2026-08-15T17:03:16.626+0000] {processor.py:830} INFO - Processing file /opt/airflow/dags/lakehouse_pipeline.py for tasks to queue
[2026-08-15T17:03:16.630+0000] {logging_mixin.py:188} INFO - [2026-08-15T17:03:16.629+0000] {dagbag.py:545} INFO - Filling up the DagBag from /opt/airflow/dags/lakehouse_pipeline.py
[2026-08-15T17:03:16.668+0000] {processor.py:840} INFO - DAG(s) 'hybrid_lakehouse_daily_pipeline' retrieved from /opt/airflow/dags/lakehouse_pipeline.py
[2026-08-15T17:03:16.867+0000] {logging_mixin.py:188} INFO - [2026-08-15T17:03:16.867+0000] {dag.py:3089} INFO - Sync 1 DAGs
[2026-08-15T17:03:16.910+0000] {logging_mixin.py:188} INFO - [2026-08-15T17:03:16.910+0000] {dag.py:3947} INFO - Setting next_dagrun for hybrid_lakehouse_daily_pipeline to 2026-08-14 02:00:00+00:00, run_after=2026-08-15 02:00:00+00:00
[2026-08-15T17:03:16.941+0000] {processor.py:183} INFO - Processing /opt/airflow/dags/lakehouse_pipeline.py took 0.326 seconds
[2026-08-15T17:03:47.364+0000] {processor.py:161} INFO - Started process (PID=811) to work on /opt/airflow/dags/lakehouse_pipeline.py
[2026-08-15T17:03:47.367+0000] {processor.py:830} INFO - Processing file /opt/airflow/dags/lakehouse_pipeline.py for tasks to queue
[2026-08-15T17:03:47.373+0000] {logging_mixin.py:188} INFO - [2026-08-15T17:03:47.372+0000] {dagbag.py:545} INFO - Filling up the DagBag from /opt/airflow/dags/lakehouse_pipeline.py
[2026-08-15T17:03:47.418+0000] {processor.py:840} INFO - DAG(s) 'hybrid_lakehouse_daily_pipeline' retrieved from /opt/airflow/dags/lakehouse_pipeline.py
[2026-08-15T17:03:47.595+0000] {logging_mixin.py:188} INFO - [2026-08-15T17:03:47.595+0000] {dag.py:3089} INFO - Sync 1 DAGs
[2026-08-15T17:03:47.624+0000] {logging_mixin.py:188} INFO - [2026-08-15T17:03:47.623+0000] {dag.py:3947} INFO - Setting next_dagrun for hybrid_lakehouse_daily_pipeline to 2026-08-14 02:00:00+00:00, run_after=2026-08-15 02:00:00+00:00
[2026-08-15T17:03:47.669+0000] {processor.py:183} INFO - Processing /opt/airflow/dags/lakehouse_pipeline.py took 0.315 seconds
[2026-08-15T17:04:18.073+0000] {processor.py:161} INFO - Started process (PID=821) to work on /opt/airflow/dags/lakehouse_pipeline.py
[2026-08-15T17:04:18.075+0000] {processor.py:830} INFO - Processing file /opt/airflow/dags/lakehouse_pipeline.py for tasks to queue
[2026-08-15T17:04:18.079+0000] {logging_mixin.py:188} INFO - [2026-08-15T17:04:18.078+0000] {dagbag.py:545} INFO - Filling up the DagBag from /opt/airflow/dags/lakehouse_pipeline.py
[2026-08-15T17:04:18.120+0000] {processor.py:840} INFO - DAG(s) 'hybrid_lakehouse_daily_pipeline' retrieved from /opt/airflow/dags/lakehouse_pipeline.py
[2026-08-15T17:04:18.274+0000] {logging_mixin.py:188} INFO - [2026-08-15T17:04:18.274+0000] {dag.py:3089} INFO - Sync 1 DAGs
[2026-08-15T17:04:18.314+0000] {logging_mixin.py:188} INFO - [2026-08-15T17:04:18.314+0000] {dag.py:3947} INFO - Setting next_dagrun for hybrid_lakehouse_daily_pipeline to 2026-08-14 02:00:00+00:00, run_after=2026-08-15 02:00:00+00:00
[2026-08-15T17:04:18.350+0000] {processor.py:183} INFO - Processing /opt/airflow/dags/lakehouse_pipeline.py took 0.285 seconds
[2026-08-15T17:04:48.762+0000] {processor.py:161} INFO - Started process (PID=831) to work on /opt/airflow/dags/lakehouse_pipeline.py
[2026-08-15T17:04:48.764+0000] {processor.py:830} INFO - Processing file /opt/airflow/dags/lakehouse_pipeline.py for tasks to queue
[2026-08-15T17:04:48.769+0000] {logging_mixin.py:188} INFO - [2026-08-15T17:04:48.769+0000] {dagbag.py:545} INFO - Filling up the DagBag from /opt/airflow/dags/lakehouse_pipeline.py
[2026-08-15T17:04:48.810+0000] {processor.py:840} INFO - DAG(s) 'hybrid_lakehouse_daily_pipeline' retrieved from /opt/airflow/dags/lakehouse_pipeline.py
[2026-08-15T17:04:48.960+0000] {logging_mixin.py:188} INFO - [2026-08-15T17:04:48.960+0000] {dag.py:3089} INFO - Sync 1 DAGs
[2026-08-15T17:04:48.990+0000] {logging_mixin.py:188} INFO - [2026-08-15T17:04:48.990+0000] {dag.py:3947} INFO - Setting next_dagrun for hybrid_lakehouse_daily_pipeline to 2026-08-14 02:00:00+00:00, run_after=2026-08-15 02:00:00+00:00
[2026-08-15T17:04:49.020+0000] {processor.py:183} INFO - Processing /opt/airflow/dags/lakehouse_pipeline.py took 0.267 seconds
[2026-08-15T17:05:19.148+0000] {processor.py:161} INFO - Started process (PID=841) to work on /opt/airflow/dags/lakehouse_pipeline.py
[2026-08-15T17:05:19.150+0000] {processor.py:830} INFO - Processing file /opt/airflow/dags/lakehouse_pipeline.py for tasks to queue
[2026-08-15T17:05:19.153+0000] {logging_mixin.py:188} INFO - [2026-08-15T17:05:19.153+0000] {dagbag.py:545} INFO - Filling up the DagBag from /opt/airflow/dags/lakehouse_pipeline.py
[2026-08-15T17:05:19.195+0000] {processor.py:840} INFO - DAG(s) 'hybrid_lakehouse_daily_pipeline' retrieved from /opt/airflow/dags/lakehouse_pipeline.py
[2026-08-15T17:05:19.345+0000] {logging_mixin.py:188} INFO - [2026-08-15T17:05:19.345+0000] {dag.py:3089} INFO - Sync 1 DAGs
[2026-08-15T17:05:19.373+0000] {logging_mixin.py:188} INFO - [2026-08-15T17:05:19.372+0000] {dag.py:3947} INFO - Setting next_dagrun for hybrid_lakehouse_daily_pipeline to 2026-08-14 02:00:00+00:00, run_after=2026-08-15 02:00:00+00:00
[2026-08-15T17:05:19.404+0000] {processor.py:183} INFO - Processing /opt/airflow/dags/lakehouse_pipeline.py took 0.267 seconds
[2026-08-15T17:05:49.713+0000] {processor.py:161} INFO - Started process (PID=851) to work on /opt/airflow/dags/lakehouse_pipeline.py
[2026-08-15T17:05:49.714+0000] {processor.py:830} INFO - Processing file /opt/airflow/dags/lakehouse_pipeline.py for tasks to queue
[2026-08-15T17:05:49.718+0000] {logging_mixin.py:188} INFO - [2026-08-15T17:05:49.717+0000] {dagbag.py:545} INFO - Filling up the DagBag from /opt/airflow/dags/lakehouse_pipeline.py
[2026-08-15T17:05:49.756+0000] {processor.py:840} INFO - DAG(s) 'hybrid_lakehouse_daily_pipeline' retrieved from /opt/airflow/dags/lakehouse_pipeline.py
[2026-08-15T17:05:49.924+0000] {logging_mixin.py:188} INFO - [2026-08-15T17:05:49.924+0000] {dag.py:3089} INFO - Sync 1 DAGs
[2026-08-15T17:05:49.953+0000] {logging_mixin.py:188} INFO - [2026-08-15T17:05:49.952+0000] {dag.py:3947} INFO - Setting next_dagrun for hybrid_lakehouse_daily_pipeline to 2026-08-14 02:00:00+00:00, run_after=2026-08-15 02:00:00+00:00
[2026-08-15T17:05:49.991+0000] {processor.py:183} INFO - Processing /opt/airflow/dags/lakehouse_pipeline.py took 0.289 seconds
[2026-08-15T17:06:20.363+0000] {processor.py:161} INFO - Started process (PID=861) to work on /opt/airflow/dags/lakehouse_pipeline.py
[2026-08-15T17:06:20.366+0000] {processor.py:830} INFO - Processing file /opt/airflow/dags/lakehouse_pipeline.py for tasks to queue
[2026-08-15T17:06:20.371+0000] {logging_mixin.py:188} INFO - [2026-08-15T17:06:20.370+0000] {dagbag.py:545} INFO - Filling up the DagBag from /opt/airflow/dags/lakehouse_pipeline.py
[2026-08-15T17:06:20.421+0000] {processor.py:840} INFO - DAG(s) 'hybrid_lakehouse_daily_pipeline' retrieved from /opt/airflow/dags/lakehouse_pipeline.py
[2026-08-15T17:06:20.576+0000] {logging_mixin.py:188} INFO - [2026-08-15T17:06:20.576+0000] {dag.py:3089} INFO - Sync 1 DAGs
[2026-08-15T17:06:20.608+0000] {logging_mixin.py:188} INFO - [2026-08-15T17:06:20.607+0000] {dag.py:3947} INFO - Setting next_dagrun for hybrid_lakehouse_daily_pipeline to 2026-08-14 02:00:00+00:00, run_after=2026-08-15 02:00:00+00:00
[2026-08-15T17:06:20.637+0000] {processor.py:183} INFO - Processing /opt/airflow/dags/lakehouse_pipeline.py took 0.283 seconds
[2026-08-15T17:06:51.089+0000] {processor.py:161} INFO - Started process (PID=871) to work on /opt/airflow/dags/lakehouse_pipeline.py
[2026-08-15T17:06:51.092+0000] {processor.py:830} INFO - Processing file /opt/airflow/dags/lakehouse_pipeline.py for tasks to queue
[2026-08-15T17:06:51.096+0000] {logging_mixin.py:188} INFO - [2026-08-15T17:06:51.096+0000] {dagbag.py:545} INFO - Filling up the DagBag from /opt/airflow/dags/lakehouse_pipeline.py
[2026-08-15T17:06:51.135+0000] {processor.py:840} INFO - DAG(s) 'hybrid_lakehouse_daily_pipeline' retrieved from /opt/airflow/dags/lakehouse_pipeline.py
[2026-08-15T17:06:51.273+0000] {logging_mixin.py:188} INFO - [2026-08-15T17:06:51.273+0000] {dag.py:3089} INFO - Sync 1 DAGs
[2026-08-15T17:06:51.309+0000] {logging_mixin.py:188} INFO - [2026-08-15T17:06:51.309+0000] {dag.py:3947} INFO - Setting next_dagrun for hybrid_lakehouse_daily_pipeline to 2026-08-14 02:00:00+00:00, run_after=2026-08-15 02:00:00+00:00
[2026-08-15T17:06:51.352+0000] {processor.py:183} INFO - Processing /opt/airflow/dags/lakehouse_pipeline.py took 0.271 seconds
[2026-08-15T17:07:21.691+0000] {processor.py:161} INFO - Started process (PID=881) to work on /opt/airflow/dags/lakehouse_pipeline.py
[2026-08-15T17:07:21.693+0000] {processor.py:830} INFO - Processing file /opt/airflow/dags/lakehouse_pipeline.py for tasks to queue
[2026-08-15T17:07:21.697+0000] {logging_mixin.py:188} INFO - [2026-08-15T17:07:21.696+0000] {dagbag.py:545} INFO - Filling up the DagBag from /opt/airflow/dags/lakehouse_pipeline.py
[2026-08-15T17:07:21.730+0000] {processor.py:840} INFO - DAG(s) 'hybrid_lakehouse_daily_pipeline' retrieved from /opt/airflow/dags/lakehouse_pipeline.py
[2026-08-15T17:07:21.883+0000] {logging_mixin.py:188} INFO - [2026-08-15T17:07:21.882+0000] {dag.py:3089} INFO - Sync 1 DAGs
[2026-08-15T17:07:21.911+0000] {logging_mixin.py:188} INFO - [2026-08-15T17:07:21.910+0000] {dag.py:3947} INFO - Setting next_dagrun for hybrid_lakehouse_daily_pipeline to 2026-08-14 02:00:00+00:00, run_after=2026-08-15 02:00:00+00:00
[2026-08-15T17:07:21.944+0000] {processor.py:183} INFO - Processing /opt/airflow/dags/lakehouse_pipeline.py took 0.260 seconds
[2026-08-15T17:07:52.096+0000] {processor.py:161} INFO - Started process (PID=891) to work on /opt/airflow/dags/lakehouse_pipeline.py
[2026-08-15T17:07:52.098+0000] {processor.py:830} INFO - Processing file /opt/airflow/dags/lakehouse_pipeline.py for tasks to queue
[2026-08-15T17:07:52.101+0000] {logging_mixin.py:188} INFO - [2026-08-15T17:07:52.101+0000] {dagbag.py:545} INFO - Filling up the DagBag from /opt/airflow/dags/lakehouse_pipeline.py
[2026-08-15T17:07:52.175+0000] {processor.py:840} INFO - DAG(s) 'hybrid_lakehouse_daily_pipeline' retrieved from /opt/airflow/dags/lakehouse_pipeline.py
[2026-08-15T17:07:52.382+0000] {logging_mixin.py:188} INFO - [2026-08-15T17:07:52.381+0000] {dag.py:3089} INFO - Sync 1 DAGs
[2026-08-15T17:07:52.414+0000] {logging_mixin.py:188} INFO - [2026-08-15T17:07:52.414+0000] {dag.py:3947} INFO - Setting next_dagrun for hybrid_lakehouse_daily_pipeline to 2026-08-14 02:00:00+00:00, run_after=2026-08-15 02:00:00+00:00
[2026-08-15T17:07:52.451+0000] {processor.py:183} INFO - Processing /opt/airflow/dags/lakehouse_pipeline.py took 0.363 seconds
[2026-08-15T17:08:22.892+0000] {processor.py:161} INFO - Started process (PID=901) to work on /opt/airflow/dags/lakehouse_pipeline.py
[2026-08-15T17:08:22.894+0000] {processor.py:830} INFO - Processing file /opt/airflow/dags/lakehouse_pipeline.py for tasks to queue
[2026-08-15T17:08:22.900+0000] {logging_mixin.py:188} INFO - [2026-08-15T17:08:22.899+0000] {dagbag.py:545} INFO - Filling up the DagBag from /opt/airflow/dags/lakehouse_pipeline.py
[2026-08-15T17:08:22.948+0000] {processor.py:840} INFO - DAG(s) 'hybrid_lakehouse_daily_pipeline' retrieved from /opt/airflow/dags/lakehouse_pipeline.py
[2026-08-15T17:08:23.134+0000] {logging_mixin.py:188} INFO - [2026-08-15T17:08:23.133+0000] {dag.py:3089} INFO - Sync 1 DAGs
[2026-08-15T17:08:23.173+0000] {logging_mixin.py:188} INFO - [2026-08-15T17:08:23.173+0000] {dag.py:3947} INFO - Setting next_dagrun for hybrid_lakehouse_daily_pipeline to 2026-08-14 02:00:00+00:00, run_after=2026-08-15 02:00:00+00:00
[2026-08-15T17:08:23.215+0000] {processor.py:183} INFO - Processing /opt/airflow/dags/lakehouse_pipeline.py took 0.340 seconds
[2026-08-15T17:08:53.577+0000] {processor.py:161} INFO - Started process (PID=911) to work on /opt/airflow/dags/lakehouse_pipeline.py
[2026-08-15T17:08:53.580+0000] {processor.py:830} INFO - Processing file /opt/airflow/dags/lakehouse_pipeline.py for tasks to queue
[2026-08-15T17:08:53.583+0000] {logging_mixin.py:188} INFO - [2026-08-15T17:08:53.583+0000] {dagbag.py:545} INFO - Filling up the DagBag from /opt/airflow/dags/lakehouse_pipeline.py
[2026-08-15T17:08:53.616+0000] {processor.py:840} INFO - DAG(s) 'hybrid_lakehouse_daily_pipeline' retrieved from /opt/airflow/dags/lakehouse_pipeline.py
[2026-08-15T17:08:53.799+0000] {logging_mixin.py:188} INFO - [2026-08-15T17:08:53.798+0000] {dag.py:3089} INFO - Sync 1 DAGs
[2026-08-15T17:08:53.831+0000] {logging_mixin.py:188} INFO - [2026-08-15T17:08:53.831+0000] {dag.py:3947} INFO - Setting next_dagrun for hybrid_lakehouse_daily_pipeline to 2026-08-14 02:00:00+00:00, run_after=2026-08-15 02:00:00+00:00
[2026-08-15T17:08:53.870+0000] {processor.py:183} INFO - Processing /opt/airflow/dags/lakehouse_pipeline.py took 0.302 seconds
[2026-08-15T17:09:24.250+0000] {processor.py:161} INFO - Started process (PID=921) to work on /opt/airflow/dags/lakehouse_pipeline.py
[2026-08-15T17:09:24.252+0000] {processor.py:830} INFO - Processing file /opt/airflow/dags/lakehouse_pipeline.py for tasks to queue
[2026-08-15T17:09:24.256+0000] {logging_mixin.py:188} INFO - [2026-08-15T17:09:24.256+0000] {dagbag.py:545} INFO - Filling up the DagBag from /opt/airflow/dags/lakehouse_pipeline.py
[2026-08-15T17:09:24.295+0000] {processor.py:840} INFO - DAG(s) 'hybrid_lakehouse_daily_pipeline' retrieved from /opt/airflow/dags/lakehouse_pipeline.py
[2026-08-15T17:09:24.452+0000] {logging_mixin.py:188} INFO - [2026-08-15T17:09:24.452+0000] {dag.py:3089} INFO - Sync 1 DAGs
[2026-08-15T17:09:24.485+0000] {logging_mixin.py:188} INFO - [2026-08-15T17:09:24.484+0000] {dag.py:3947} INFO - Setting next_dagrun for hybrid_lakehouse_daily_pipeline to 2026-08-14 02:00:00+00:00, run_after=2026-08-15 02:00:00+00:00
[2026-08-15T17:09:24.525+0000] {processor.py:183} INFO - Processing /opt/airflow/dags/lakehouse_pipeline.py took 0.284 seconds
[2026-08-15T17:09:54.975+0000] {processor.py:161} INFO - Started process (PID=931) to work on /opt/airflow/dags/lakehouse_pipeline.py
[2026-08-15T17:09:54.977+0000] {processor.py:830} INFO - Processing file /opt/airflow/dags/lakehouse_pipeline.py for tasks to queue
[2026-08-15T17:09:54.981+0000] {logging_mixin.py:188} INFO - [2026-08-15T17:09:54.981+0000] {dagbag.py:545} INFO - Filling up the DagBag from /opt/airflow/dags/lakehouse_pipeline.py
[2026-08-15T17:09:55.020+0000] {processor.py:840} INFO - DAG(s) 'hybrid_lakehouse_daily_pipeline' retrieved from /opt/airflow/dags/lakehouse_pipeline.py
[2026-08-15T17:09:55.176+0000] {logging_mixin.py:188} INFO - [2026-08-15T17:09:55.176+0000] {dag.py:3089} INFO - Sync 1 DAGs
[2026-08-15T17:09:55.208+0000] {logging_mixin.py:188} INFO - [2026-08-15T17:09:55.208+0000] {dag.py:3947} INFO - Setting next_dagrun for hybrid_lakehouse_daily_pipeline to 2026-08-14 02:00:00+00:00, run_after=2026-08-15 02:00:00+00:00
[2026-08-15T17:09:55.240+0000] {processor.py:183} INFO - Processing /opt/airflow/dags/lakehouse_pipeline.py took 0.276 seconds
[2026-08-15T17:10:25.673+0000] {processor.py:161} INFO - Started process (PID=941) to work on /opt/airflow/dags/lakehouse_pipeline.py
[2026-08-15T17:10:25.675+0000] {processor.py:830} INFO - Processing file /opt/airflow/dags/lakehouse_pipeline.py for tasks to queue
[2026-08-15T17:10:25.680+0000] {logging_mixin.py:188} INFO - [2026-08-15T17:10:25.680+0000] {dagbag.py:545} INFO - Filling up the DagBag from /opt/airflow/dags/lakehouse_pipeline.py
[2026-08-15T17:10:25.723+0000] {processor.py:840} INFO - DAG(s) 'hybrid_lakehouse_daily_pipeline' retrieved from /opt/airflow/dags/lakehouse_pipeline.py
[2026-08-15T17:10:25.883+0000] {logging_mixin.py:188} INFO - [2026-08-15T17:10:25.882+0000] {dag.py:3089} INFO - Sync 1 DAGs
[2026-08-15T17:10:25.920+0000] {logging_mixin.py:188} INFO - [2026-08-15T17:10:25.920+0000] {dag.py:3947} INFO - Setting next_dagrun for hybrid_lakehouse_daily_pipeline to 2026-08-14 02:00:00+00:00, run_after=2026-08-15 02:00:00+00:00
[2026-08-15T17:10:25.951+0000] {processor.py:183} INFO - Processing /opt/airflow/dags/lakehouse_pipeline.py took 0.290 seconds
[2026-08-15T17:10:56.105+0000] {processor.py:161} INFO - Started process (PID=951) to work on /opt/airflow/dags/lakehouse_pipeline.py
[2026-08-15T17:10:56.108+0000] {processor.py:830} INFO - Processing file /opt/airflow/dags/lakehouse_pipeline.py for tasks to queue
[2026-08-15T17:10:56.114+0000] {logging_mixin.py:188} INFO - [2026-08-15T17:10:56.113+0000] {dagbag.py:545} INFO - Filling up the DagBag from /opt/airflow/dags/lakehouse_pipeline.py
[2026-08-15T17:10:56.156+0000] {processor.py:840} INFO - DAG(s) 'hybrid_lakehouse_daily_pipeline' retrieved from /opt/airflow/dags/lakehouse_pipeline.py
[2026-08-15T17:10:56.304+0000] {logging_mixin.py:188} INFO - [2026-08-15T17:10:56.304+0000] {dag.py:3089} INFO - Sync 1 DAGs
[2026-08-15T17:10:56.335+0000] {logging_mixin.py:188} INFO - [2026-08-15T17:10:56.335+0000] {dag.py:3947} INFO - Setting next_dagrun for hybrid_lakehouse_daily_pipeline to 2026-08-14 02:00:00+00:00, run_after=2026-08-15 02:00:00+00:00
[2026-08-15T17:10:56.366+0000] {processor.py:183} INFO - Processing /opt/airflow/dags/lakehouse_pipeline.py took 0.271 seconds
[2026-08-15T17:11:26.713+0000] {processor.py:161} INFO - Started process (PID=961) to work on /opt/airflow/dags/lakehouse_pipeline.py
[2026-08-15T17:11:26.715+0000] {processor.py:830} INFO - Processing file /opt/airflow/dags/lakehouse_pipeline.py for tasks to queue
[2026-08-15T17:11:26.719+0000] {logging_mixin.py:188} INFO - [2026-08-15T17:11:26.719+0000] {dagbag.py:545} INFO - Filling up the DagBag from /opt/airflow/dags/lakehouse_pipeline.py
[2026-08-15T17:11:26.760+0000] {processor.py:840} INFO - DAG(s) 'hybrid_lakehouse_daily_pipeline' retrieved from /opt/airflow/dags/lakehouse_pipeline.py
[2026-08-15T17:11:26.923+0000] {logging_mixin.py:188} INFO - [2026-08-15T17:11:26.923+0000] {dag.py:3089} INFO - Sync 1 DAGs
[2026-08-15T17:11:26.962+0000] {logging_mixin.py:188} INFO - [2026-08-15T17:11:26.962+0000] {dag.py:3947} INFO - Setting next_dagrun for hybrid_lakehouse_daily_pipeline to 2026-08-14 02:00:00+00:00, run_after=2026-08-15 02:00:00+00:00
[2026-08-15T17:11:27.013+0000] {processor.py:183} INFO - Processing /opt/airflow/dags/lakehouse_pipeline.py took 0.312 seconds
[2026-08-15T17:11:57.186+0000] {processor.py:161} INFO - Started process (PID=971) to work on /opt/airflow/dags/lakehouse_pipeline.py
[2026-08-15T17:11:57.188+0000] {processor.py:830} INFO - Processing file /opt/airflow/dags/lakehouse_pipeline.py for tasks to queue
[2026-08-15T17:11:57.192+0000] {logging_mixin.py:188} INFO - [2026-08-15T17:11:57.191+0000] {dagbag.py:545} INFO - Filling up the DagBag from /opt/airflow/dags/lakehouse_pipeline.py
[2026-08-15T17:11:57.231+0000] {processor.py:840} INFO - DAG(s) 'hybrid_lakehouse_daily_pipeline' retrieved from /opt/airflow/dags/lakehouse_pipeline.py
[2026-08-15T17:11:57.412+0000] {logging_mixin.py:188} INFO - [2026-08-15T17:11:57.412+0000] {dag.py:3089} INFO - Sync 1 DAGs
[2026-08-15T17:11:57.461+0000] {logging_mixin.py:188} INFO - [2026-08-15T17:11:57.460+0000] {dag.py:3947} INFO - Setting next_dagrun for hybrid_lakehouse_daily_pipeline to 2026-08-14 02:00:00+00:00, run_after=2026-08-15 02:00:00+00:00
[2026-08-15T17:11:57.506+0000] {processor.py:183} INFO - Processing /opt/airflow/dags/lakehouse_pipeline.py took 0.330 seconds
[2026-08-15T17:12:27.906+0000] {processor.py:161} INFO - Started process (PID=981) to work on /opt/airflow/dags/lakehouse_pipeline.py
[2026-08-15T17:12:27.910+0000] {processor.py:830} INFO - Processing file /opt/airflow/dags/lakehouse_pipeline.py for tasks to queue
[2026-08-15T17:12:27.915+0000] {logging_mixin.py:188} INFO - [2026-08-15T17:12:27.914+0000] {dagbag.py:545} INFO - Filling up the DagBag from /opt/airflow/dags/lakehouse_pipeline.py
[2026-08-15T17:12:27.957+0000] {processor.py:840} INFO - DAG(s) 'hybrid_lakehouse_daily_pipeline' retrieved from /opt/airflow/dags/lakehouse_pipeline.py
[2026-08-15T17:12:28.116+0000] {logging_mixin.py:188} INFO - [2026-08-15T17:12:28.115+0000] {dag.py:3089} INFO - Sync 1 DAGs
[2026-08-15T17:12:28.149+0000] {logging_mixin.py:188} INFO - [2026-08-15T17:12:28.149+0000] {dag.py:3947} INFO - Setting next_dagrun for hybrid_lakehouse_daily_pipeline to 2026-08-14 02:00:00+00:00, run_after=2026-08-15 02:00:00+00:00
[2026-08-15T17:12:28.183+0000] {processor.py:183} INFO - Processing /opt/airflow/dags/lakehouse_pipeline.py took 0.286 seconds
[2026-08-15T17:12:58.586+0000] {processor.py:161} INFO - Started process (PID=991) to work on /opt/airflow/dags/lakehouse_pipeline.py
[2026-08-15T17:12:58.589+0000] {processor.py:830} INFO - Processing file /opt/airflow/dags/lakehouse_pipeline.py for tasks to queue
[2026-08-15T17:12:58.594+0000] {logging_mixin.py:188} INFO - [2026-08-15T17:12:58.593+0000] {dagbag.py:545} INFO - Filling up the DagBag from /opt/airflow/dags/lakehouse_pipeline.py
[2026-08-15T17:12:58.634+0000] {processor.py:840} INFO - DAG(s) 'hybrid_lakehouse_daily_pipeline' retrieved from /opt/airflow/dags/lakehouse_pipeline.py
[2026-08-15T17:12:58.761+0000] {logging_mixin.py:188} INFO - [2026-08-15T17:12:58.761+0000] {dag.py:3089} INFO - Sync 1 DAGs
[2026-08-15T17:12:58.793+0000] {logging_mixin.py:188} INFO - [2026-08-15T17:12:58.793+0000] {dag.py:3947} INFO - Setting next_dagrun for hybrid_lakehouse_daily_pipeline to 2026-08-14 02:00:00+00:00, run_after=2026-08-15 02:00:00+00:00
[2026-08-15T17:12:58.825+0000] {processor.py:183} INFO - Processing /opt/airflow/dags/lakehouse_pipeline.py took 0.248 seconds
[2026-08-15T17:13:29.237+0000] {processor.py:161} INFO - Started process (PID=1001) to work on /opt/airflow/dags/lakehouse_pipeline.py
[2026-08-15T17:13:29.239+0000] {processor.py:830} INFO - Processing file /opt/airflow/dags/lakehouse_pipeline.py for tasks to queue
[2026-08-15T17:13:29.243+0000] {logging_mixin.py:188} INFO - [2026-08-15T17:13:29.243+0000] {dagbag.py:545} INFO - Filling up the DagBag from /opt/airflow/dags/lakehouse_pipeline.py
[2026-08-15T17:13:29.283+0000] {processor.py:840} INFO - DAG(s) 'hybrid_lakehouse_daily_pipeline' retrieved from /opt/airflow/dags/lakehouse_pipeline.py
[2026-08-15T17:13:29.421+0000] {logging_mixin.py:188} INFO - [2026-08-15T17:13:29.421+0000] {dag.py:3089} INFO - Sync 1 DAGs
[2026-08-15T17:13:29.457+0000] {logging_mixin.py:188} INFO - [2026-08-15T17:13:29.457+0000] {dag.py:3947} INFO - Setting next_dagrun for hybrid_lakehouse_daily_pipeline to 2026-08-14 02:00:00+00:00, run_after=2026-08-15 02:00:00+00:00
[2026-08-15T17:13:29.487+0000] {processor.py:183} INFO - Processing /opt/airflow/dags/lakehouse_pipeline.py took 0.258 seconds
[2026-08-15T17:13:59.644+0000] {processor.py:161} INFO - Started process (PID=1011) to work on /opt/airflow/dags/lakehouse_pipeline.py
[2026-08-15T17:13:59.648+0000] {processor.py:830} INFO - Processing file /opt/airflow/dags/lakehouse_pipeline.py for tasks to queue
[2026-08-15T17:13:59.654+0000] {logging_mixin.py:188} INFO - [2026-08-15T17:13:59.653+0000] {dagbag.py:545} INFO - Filling up the DagBag from /opt/airflow/dags/lakehouse_pipeline.py
[2026-08-15T17:13:59.696+0000] {processor.py:840} INFO - DAG(s) 'hybrid_lakehouse_daily_pipeline' retrieved from /opt/airflow/dags/lakehouse_pipeline.py
[2026-08-15T17:13:59.860+0000] {logging_mixin.py:188} INFO - [2026-08-15T17:13:59.860+0000] {dag.py:3089} INFO - Sync 1 DAGs
[2026-08-15T17:13:59.890+0000] {logging_mixin.py:188} INFO - [2026-08-15T17:13:59.890+0000] {dag.py:3947} INFO - Setting next_dagrun for hybrid_lakehouse_daily_pipeline to 2026-08-14 02:00:00+00:00, run_after=2026-08-15 02:00:00+00:00
[2026-08-15T17:13:59.938+0000] {processor.py:183} INFO - Processing /opt/airflow/dags/lakehouse_pipeline.py took 0.308 seconds
[2026-08-15T17:14:30.400+0000] {processor.py:161} INFO - Started process (PID=1021) to work on /opt/airflow/dags/lakehouse_pipeline.py
[2026-08-15T17:14:30.402+0000] {processor.py:830} INFO - Processing file /opt/airflow/dags/lakehouse_pipeline.py for tasks to queue
[2026-08-15T17:14:30.406+0000] {logging_mixin.py:188} INFO - [2026-08-15T17:14:30.405+0000] {dagbag.py:545} INFO - Filling up the DagBag from /opt/airflow/dags/lakehouse_pipeline.py
[2026-08-15T17:14:30.452+0000] {processor.py:840} INFO - DAG(s) 'hybrid_lakehouse_daily_pipeline' retrieved from /opt/airflow/dags/lakehouse_pipeline.py
[2026-08-15T17:14:30.597+0000] {logging_mixin.py:188} INFO - [2026-08-15T17:14:30.596+0000] {dag.py:3089} INFO - Sync 1 DAGs
[2026-08-15T17:14:30.627+0000] {logging_mixin.py:188} INFO - [2026-08-15T17:14:30.626+0000] {dag.py:3947} INFO - Setting next_dagrun for hybrid_lakehouse_daily_pipeline to 2026-08-14 02:00:00+00:00, run_after=2026-08-15 02:00:00+00:00
[2026-08-15T17:14:30.664+0000] {processor.py:183} INFO - Processing /opt/airflow/dags/lakehouse_pipeline.py took 0.272 seconds
[2026-08-15T17:15:00.753+0000] {processor.py:161} INFO - Started process (PID=1028) to work on /opt/airflow/dags/lakehouse_pipeline.py
[2026-08-15T17:15:00.755+0000] {processor.py:830} INFO - Processing file /opt/airflow/dags/lakehouse_pipeline.py for tasks to queue
[2026-08-15T17:15:00.760+0000] {logging_mixin.py:188} INFO - [2026-08-15T17:15:00.759+0000] {dagbag.py:545} INFO - Filling up the DagBag from /opt/airflow/dags/lakehouse_pipeline.py
[2026-08-15T17:15:00.818+0000] {processor.py:840} INFO - DAG(s) 'hybrid_lakehouse_daily_pipeline' retrieved from /opt/airflow/dags/lakehouse_pipeline.py
[2026-08-15T17:15:00.981+0000] {logging_mixin.py:188} INFO - [2026-08-15T17:15:00.981+0000] {dag.py:3089} INFO - Sync 1 DAGs
[2026-08-15T17:15:01.021+0000] {logging_mixin.py:188} INFO - [2026-08-15T17:15:01.021+0000] {dag.py:3947} INFO - Setting next_dagrun for hybrid_lakehouse_daily_pipeline to 2026-08-14 02:00:00+00:00, run_after=2026-08-15 02:00:00+00:00
[2026-08-15T17:15:01.066+0000] {processor.py:183} INFO - Processing /opt/airflow/dags/lakehouse_pipeline.py took 0.324 seconds
[2026-08-15T17:15:31.483+0000] {processor.py:161} INFO - Started process (PID=1041) to work on /opt/airflow/dags/lakehouse_pipeline.py
[2026-08-15T17:15:31.484+0000] {processor.py:830} INFO - Processing file /opt/airflow/dags/lakehouse_pipeline.py for tasks to queue
[2026-08-15T17:15:31.487+0000] {logging_mixin.py:188} INFO - [2026-08-15T17:15:31.487+0000] {dagbag.py:545} INFO - Filling up the DagBag from /opt/airflow/dags/lakehouse_pipeline.py
[2026-08-15T17:15:31.525+0000] {processor.py:840} INFO - DAG(s) 'hybrid_lakehouse_daily_pipeline' retrieved from /opt/airflow/dags/lakehouse_pipeline.py
[2026-08-15T17:15:31.686+0000] {logging_mixin.py:188} INFO - [2026-08-15T17:15:31.686+0000] {dag.py:3089} INFO - Sync 1 DAGs
[2026-08-15T17:15:31.718+0000] {logging_mixin.py:188} INFO - [2026-08-15T17:15:31.718+0000] {dag.py:3947} INFO - Setting next_dagrun for hybrid_lakehouse_daily_pipeline to 2026-08-14 02:00:00+00:00, run_after=2026-08-15 02:00:00+00:00
[2026-08-15T17:15:31.751+0000] {processor.py:183} INFO - Processing /opt/airflow/dags/lakehouse_pipeline.py took 0.277 seconds
[2026-08-15T17:16:02.142+0000] {processor.py:161} INFO - Started process (PID=1051) to work on /opt/airflow/dags/lakehouse_pipeline.py
[2026-08-15T17:16:02.144+0000] {processor.py:830} INFO - Processing file /opt/airflow/dags/lakehouse_pipeline.py for tasks to queue
[2026-08-15T17:16:02.148+0000] {logging_mixin.py:188} INFO - [2026-08-15T17:16:02.148+0000] {dagbag.py:545} INFO - Filling up the DagBag from /opt/airflow/dags/lakehouse_pipeline.py
[2026-08-15T17:16:02.186+0000] {processor.py:840} INFO - DAG(s) 'hybrid_lakehouse_daily_pipeline' retrieved from /opt/airflow/dags/lakehouse_pipeline.py
[2026-08-15T17:16:02.342+0000] {logging_mixin.py:188} INFO - [2026-08-15T17:16:02.342+0000] {dag.py:3089} INFO - Sync 1 DAGs
[2026-08-15T17:16:02.371+0000] {logging_mixin.py:188} INFO - [2026-08-15T17:16:02.371+0000] {dag.py:3947} INFO - Setting next_dagrun for hybrid_lakehouse_daily_pipeline to 2026-08-14 02:00:00+00:00, run_after=2026-08-15 02:00:00+00:00
[2026-08-15T17:16:02.402+0000] {processor.py:183} INFO - Processing /opt/airflow/dags/lakehouse_pipeline.py took 0.269 seconds
[2026-08-15T17:16:32.817+0000] {processor.py:161} INFO - Started process (PID=1061) to work on /opt/airflow/dags/lakehouse_pipeline.py
[2026-08-15T17:16:32.819+0000] {processor.py:830} INFO - Processing file /opt/airflow/dags/lakehouse_pipeline.py for tasks to queue
[2026-08-15T17:16:32.823+0000] {logging_mixin.py:188} INFO - [2026-08-15T17:16:32.823+0000] {dagbag.py:545} INFO - Filling up the DagBag from /opt/airflow/dags/lakehouse_pipeline.py
[2026-08-15T17:16:32.860+0000] {processor.py:840} INFO - DAG(s) 'hybrid_lakehouse_daily_pipeline' retrieved from /opt/airflow/dags/lakehouse_pipeline.py
[2026-08-15T17:16:33.056+0000] {logging_mixin.py:188} INFO - [2026-08-15T17:16:33.056+0000] {dag.py:3089} INFO - Sync 1 DAGs
[2026-08-15T17:16:33.086+0000] {logging_mixin.py:188} INFO - [2026-08-15T17:16:33.086+0000] {dag.py:3947} INFO - Setting next_dagrun for hybrid_lakehouse_daily_pipeline to 2026-08-14 02:00:00+00:00, run_after=2026-08-15 02:00:00+00:00
[2026-08-15T17:16:33.122+0000] {processor.py:183} INFO - Processing /opt/airflow/dags/lakehouse_pipeline.py took 0.313 seconds
[2026-08-15T17:17:03.705+0000] {processor.py:161} INFO - Started process (PID=1071) to work on /opt/airflow/dags/lakehouse_pipeline.py
[2026-08-15T17:17:03.708+0000] {processor.py:830} INFO - Processing file /opt/airflow/dags/lakehouse_pipeline.py for tasks to queue
[2026-08-15T17:17:03.713+0000] {logging_mixin.py:188} INFO - [2026-08-15T17:17:03.712+0000] {dagbag.py:545} INFO - Filling up the DagBag from /opt/airflow/dags/lakehouse_pipeline.py
[2026-08-15T17:17:03.776+0000] {processor.py:840} INFO - DAG(s) 'hybrid_lakehouse_daily_pipeline' retrieved from /opt/airflow/dags/lakehouse_pipeline.py
[2026-08-15T17:17:03.969+0000] {logging_mixin.py:188} INFO - [2026-08-15T17:17:03.968+0000] {dag.py:3089} INFO - Sync 1 DAGs
[2026-08-15T17:17:04.007+0000] {logging_mixin.py:188} INFO - [2026-08-15T17:17:04.005+0000] {dag.py:3947} INFO - Setting next_dagrun for hybrid_lakehouse_daily_pipeline to 2026-08-14 02:00:00+00:00, run_after=2026-08-15 02:00:00+00:00
[2026-08-15T17:17:04.052+0000] {processor.py:183} INFO - Processing /opt/airflow/dags/lakehouse_pipeline.py took 0.362 seconds
[2026-08-15T17:17:34.497+0000] {processor.py:161} INFO - Started process (PID=1081) to work on /opt/airflow/dags/lakehouse_pipeline.py
[2026-08-15T17:17:34.500+0000] {processor.py:830} INFO - Processing file /opt/airflow/dags/lakehouse_pipeline.py for tasks to queue
[2026-08-15T17:17:34.505+0000] {logging_mixin.py:188} INFO - [2026-08-15T17:17:34.505+0000] {dagbag.py:545} INFO - Filling up the DagBag from /opt/airflow/dags/lakehouse_pipeline.py
[2026-08-15T17:17:34.550+0000] {processor.py:840} INFO - DAG(s) 'hybrid_lakehouse_daily_pipeline' retrieved from /opt/airflow/dags/lakehouse_pipeline.py
[2026-08-15T17:17:34.696+0000] {logging_mixin.py:188} INFO - [2026-08-15T17:17:34.695+0000] {dag.py:3089} INFO - Sync 1 DAGs
[2026-08-15T17:17:34.730+0000] {logging_mixin.py:188} INFO - [2026-08-15T17:17:34.729+0000] {dag.py:3947} INFO - Setting next_dagrun for hybrid_lakehouse_daily_pipeline to 2026-08-14 02:00:00+00:00, run_after=2026-08-15 02:00:00+00:00
[2026-08-15T17:17:34.763+0000] {processor.py:183} INFO - Processing /opt/airflow/dags/lakehouse_pipeline.py took 0.276 seconds
[2026-08-15T17:18:04.907+0000] {processor.py:161} INFO - Started process (PID=1091) to work on /opt/airflow/dags/lakehouse_pipeline.py
[2026-08-15T17:18:04.909+0000] {processor.py:830} INFO - Processing file /opt/airflow/dags/lakehouse_pipeline.py for tasks to queue
[2026-08-15T17:18:04.913+0000] {logging_mixin.py:188} INFO - [2026-08-15T17:18:04.913+0000] {dagbag.py:545} INFO - Filling up the DagBag from /opt/airflow/dags/lakehouse_pipeline.py
[2026-08-15T17:18:04.952+0000] {processor.py:840} INFO - DAG(s) 'hybrid_lakehouse_daily_pipeline' retrieved from /opt/airflow/dags/lakehouse_pipeline.py
[2026-08-15T17:18:05.120+0000] {logging_mixin.py:188} INFO - [2026-08-15T17:18:05.119+0000] {dag.py:3089} INFO - Sync 1 DAGs
[2026-08-15T17:18:05.165+0000] {logging_mixin.py:188} INFO - [2026-08-15T17:18:05.165+0000] {dag.py:3947} INFO - Setting next_dagrun for hybrid_lakehouse_daily_pipeline to 2026-08-14 02:00:00+00:00, run_after=2026-08-15 02:00:00+00:00
[2026-08-15T17:18:05.203+0000] {processor.py:183} INFO - Processing /opt/airflow/dags/lakehouse_pipeline.py took 0.304 seconds
[2026-08-15T17:18:35.511+0000] {processor.py:161} INFO - Started process (PID=1101) to work on /opt/airflow/dags/lakehouse_pipeline.py
[2026-08-15T17:18:35.513+0000] {processor.py:830} INFO - Processing file /opt/airflow/dags/lakehouse_pipeline.py for tasks to queue
[2026-08-15T17:18:35.517+0000] {logging_mixin.py:188} INFO - [2026-08-15T17:18:35.517+0000] {dagbag.py:545} INFO - Filling up the DagBag from /opt/airflow/dags/lakehouse_pipeline.py
[2026-08-15T17:18:35.562+0000] {processor.py:840} INFO - DAG(s) 'hybrid_lakehouse_daily_pipeline' retrieved from /opt/airflow/dags/lakehouse_pipeline.py
[2026-08-15T17:18:35.721+0000] {logging_mixin.py:188} INFO - [2026-08-15T17:18:35.721+0000] {dag.py:3089} INFO - Sync 1 DAGs
[2026-08-15T17:18:35.749+0000] {logging_mixin.py:188} INFO - [2026-08-15T17:18:35.748+0000] {dag.py:3947} INFO - Setting next_dagrun for hybrid_lakehouse_daily_pipeline to 2026-08-14 02:00:00+00:00, run_after=2026-08-15 02:00:00+00:00
[2026-08-15T17:18:35.784+0000] {processor.py:183} INFO - Processing /opt/airflow/dags/lakehouse_pipeline.py took 0.281 seconds
[2026-08-15T17:19:06.001+0000] {processor.py:161} INFO - Started process (PID=1111) to work on /opt/airflow/dags/lakehouse_pipeline.py
[2026-08-15T17:19:06.003+0000] {processor.py:830} INFO - Processing file /opt/airflow/dags/lakehouse_pipeline.py for tasks to queue
[2026-08-15T17:19:06.008+0000] {logging_mixin.py:188} INFO - [2026-08-15T17:19:06.007+0000] {dagbag.py:545} INFO - Filling up the DagBag from /opt/airflow/dags/lakehouse_pipeline.py
[2026-08-15T17:19:06.056+0000] {processor.py:840} INFO - DAG(s) 'hybrid_lakehouse_daily_pipeline' retrieved from /opt/airflow/dags/lakehouse_pipeline.py
[2026-08-15T17:19:06.212+0000] {logging_mixin.py:188} INFO - [2026-08-15T17:19:06.212+0000] {dag.py:3089} INFO - Sync 1 DAGs
[2026-08-15T17:19:06.247+0000] {logging_mixin.py:188} INFO - [2026-08-15T17:19:06.246+0000] {dag.py:3947} INFO - Setting next_dagrun for hybrid_lakehouse_daily_pipeline to 2026-08-14 02:00:00+00:00, run_after=2026-08-15 02:00:00+00:00
[2026-08-15T17:19:06.279+0000] {processor.py:183} INFO - Processing /opt/airflow/dags/lakehouse_pipeline.py took 0.290 seconds
[2026-08-15T17:19:36.692+0000] {processor.py:161} INFO - Started process (PID=1121) to work on /opt/airflow/dags/lakehouse_pipeline.py
[2026-08-15T17:19:36.694+0000] {processor.py:830} INFO - Processing file /opt/airflow/dags/lakehouse_pipeline.py for tasks to queue
[2026-08-15T17:19:36.699+0000] {logging_mixin.py:188} INFO - [2026-08-15T17:19:36.698+0000] {dagbag.py:545} INFO - Filling up the DagBag from /opt/airflow/dags/lakehouse_pipeline.py
[2026-08-15T17:19:36.746+0000] {processor.py:840} INFO - DAG(s) 'hybrid_lakehouse_daily_pipeline' retrieved from /opt/airflow/dags/lakehouse_pipeline.py
[2026-08-15T17:19:36.932+0000] {logging_mixin.py:188} INFO - [2026-08-15T17:19:36.931+0000] {dag.py:3089} INFO - Sync 1 DAGs
[2026-08-15T17:19:36.977+0000] {logging_mixin.py:188} INFO - [2026-08-15T17:19:36.977+0000] {dag.py:3947} INFO - Setting next_dagrun for hybrid_lakehouse_daily_pipeline to 2026-08-14 02:00:00+00:00, run_after=2026-08-15 02:00:00+00:00
[2026-08-15T17:19:37.023+0000] {processor.py:183} INFO - Processing /opt/airflow/dags/lakehouse_pipeline.py took 0.346 seconds
[2026-08-15T17:20:07.449+0000] {processor.py:161} INFO - Started process (PID=1131) to work on /opt/airflow/dags/lakehouse_pipeline.py
[2026-08-15T17:20:07.451+0000] {processor.py:830} INFO - Processing file /opt/airflow/dags/lakehouse_pipeline.py for tasks to queue
[2026-08-15T17:20:07.455+0000] {logging_mixin.py:188} INFO - [2026-08-15T17:20:07.454+0000] {dagbag.py:545} INFO - Filling up the DagBag from /opt/airflow/dags/lakehouse_pipeline.py
[2026-08-15T17:20:07.498+0000] {processor.py:840} INFO - DAG(s) 'hybrid_lakehouse_daily_pipeline' retrieved from /opt/airflow/dags/lakehouse_pipeline.py
[2026-08-15T17:20:07.659+0000] {logging_mixin.py:188} INFO - [2026-08-15T17:20:07.658+0000] {dag.py:3089} INFO - Sync 1 DAGs
[2026-08-15T17:20:07.698+0000] {logging_mixin.py:188} INFO - [2026-08-15T17:20:07.697+0000] {dag.py:3947} INFO - Setting next_dagrun for hybrid_lakehouse_daily_pipeline to 2026-08-14 02:00:00+00:00, run_after=2026-08-15 02:00:00+00:00
[2026-08-15T17:20:07.730+0000] {processor.py:183} INFO - Processing /opt/airflow/dags/lakehouse_pipeline.py took 0.289 seconds
[2026-08-15T17:20:37.844+0000] {processor.py:161} INFO - Started process (PID=1141) to work on /opt/airflow/dags/lakehouse_pipeline.py
[2026-08-15T17:20:37.847+0000] {processor.py:830} INFO - Processing file /opt/airflow/dags/lakehouse_pipeline.py for tasks to queue
[2026-08-15T17:20:37.852+0000] {logging_mixin.py:188} INFO - [2026-08-15T17:20:37.852+0000] {dagbag.py:545} INFO - Filling up the DagBag from /opt/airflow/dags/lakehouse_pipeline.py
[2026-08-15T17:20:37.898+0000] {processor.py:840} INFO - DAG(s) 'hybrid_lakehouse_daily_pipeline' retrieved from /opt/airflow/dags/lakehouse_pipeline.py
[2026-08-15T17:20:38.070+0000] {logging_mixin.py:188} INFO - [2026-08-15T17:20:38.070+0000] {dag.py:3089} INFO - Sync 1 DAGs
[2026-08-15T17:20:38.099+0000] {logging_mixin.py:188} INFO - [2026-08-15T17:20:38.099+0000] {dag.py:3947} INFO - Setting next_dagrun for hybrid_lakehouse_daily_pipeline to 2026-08-14 02:00:00+00:00, run_after=2026-08-15 02:00:00+00:00
[2026-08-15T17:20:38.128+0000] {processor.py:183} INFO - Processing /opt/airflow/dags/lakehouse_pipeline.py took 0.301 seconds
[2026-08-15T17:21:08.547+0000] {processor.py:161} INFO - Started process (PID=1151) to work on /opt/airflow/dags/lakehouse_pipeline.py
[2026-08-15T17:21:08.550+0000] {processor.py:830} INFO - Processing file /opt/airflow/dags/lakehouse_pipeline.py for tasks to queue
[2026-08-15T17:21:08.554+0000] {logging_mixin.py:188} INFO - [2026-08-15T17:21:08.553+0000] {dagbag.py:545} INFO - Filling up the DagBag from /opt/airflow/dags/lakehouse_pipeline.py
[2026-08-15T17:21:08.593+0000] {processor.py:840} INFO - DAG(s) 'hybrid_lakehouse_daily_pipeline' retrieved from /opt/airflow/dags/lakehouse_pipeline.py
[2026-08-15T17:21:08.751+0000] {logging_mixin.py:188} INFO - [2026-08-15T17:21:08.750+0000] {dag.py:3089} INFO - Sync 1 DAGs
[2026-08-15T17:21:08.790+0000] {logging_mixin.py:188} INFO - [2026-08-15T17:21:08.789+0000] {dag.py:3947} INFO - Setting next_dagrun for hybrid_lakehouse_daily_pipeline to 2026-08-14 02:00:00+00:00, run_after=2026-08-15 02:00:00+00:00
[2026-08-15T17:21:08.831+0000] {processor.py:183} INFO - Processing /opt/airflow/dags/lakehouse_pipeline.py took 0.293 seconds
[2026-08-15T17:21:39.282+0000] {processor.py:161} INFO - Started process (PID=1161) to work on /opt/airflow/dags/lakehouse_pipeline.py
[2026-08-15T17:21:39.285+0000] {processor.py:830} INFO - Processing file /opt/airflow/dags/lakehouse_pipeline.py for tasks to queue
[2026-08-15T17:21:39.290+0000] {logging_mixin.py:188} INFO - [2026-08-15T17:21:39.289+0000] {dagbag.py:545} INFO - Filling up the DagBag from /opt/airflow/dags/lakehouse_pipeline.py
[2026-08-15T17:21:39.335+0000] {processor.py:840} INFO - DAG(s) 'hybrid_lakehouse_daily_pipeline' retrieved from /opt/airflow/dags/lakehouse_pipeline.py
[2026-08-15T17:21:39.462+0000] {logging_mixin.py:188} INFO - [2026-08-15T17:21:39.462+0000] {dag.py:3089} INFO - Sync 1 DAGs
[2026-08-15T17:21:39.495+0000] {logging_mixin.py:188} INFO - [2026-08-15T17:21:39.495+0000] {dag.py:3947} INFO - Setting next_dagrun for hybrid_lakehouse_daily_pipeline to 2026-08-14 02:00:00+00:00, run_after=2026-08-15 02:00:00+00:00
[2026-08-15T17:21:39.533+0000] {processor.py:183} INFO - Processing /opt/airflow/dags/lakehouse_pipeline.py took 0.268 seconds
[2026-08-15T17:22:10.065+0000] {processor.py:161} INFO - Started process (PID=1171) to work on /opt/airflow/dags/lakehouse_pipeline.py
[2026-08-15T17:22:10.067+0000] {processor.py:830} INFO - Processing file /opt/airflow/dags/lakehouse_pipeline.py for tasks to queue
[2026-08-15T17:22:10.070+0000] {logging_mixin.py:188} INFO - [2026-08-15T17:22:10.070+0000] {dagbag.py:545} INFO - Filling up the DagBag from /opt/airflow/dags/lakehouse_pipeline.py
[2026-08-15T17:22:10.105+0000] {processor.py:840} INFO - DAG(s) 'hybrid_lakehouse_daily_pipeline' retrieved from /opt/airflow/dags/lakehouse_pipeline.py
[2026-08-15T17:22:10.249+0000] {logging_mixin.py:188} INFO - [2026-08-15T17:22:10.248+0000] {dag.py:3089} INFO - Sync 1 DAGs
[2026-08-15T17:22:10.282+0000] {logging_mixin.py:188} INFO - [2026-08-15T17:22:10.282+0000] {dag.py:3947} INFO - Setting next_dagrun for hybrid_lakehouse_daily_pipeline to 2026-08-14 02:00:00+00:00, run_after=2026-08-15 02:00:00+00:00
[2026-08-15T17:22:10.313+0000] {processor.py:183} INFO - Processing /opt/airflow/dags/lakehouse_pipeline.py took 0.257 seconds
[2026-08-15T17:22:40.734+0000] {processor.py:161} INFO - Started process (PID=1181) to work on /opt/airflow/dags/lakehouse_pipeline.py
[2026-08-15T17:22:40.736+0000] {processor.py:830} INFO - Processing file /opt/airflow/dags/lakehouse_pipeline.py for tasks to queue
[2026-08-15T17:22:40.740+0000] {logging_mixin.py:188} INFO - [2026-08-15T17:22:40.740+0000] {dagbag.py:545} INFO - Filling up the DagBag from /opt/airflow/dags/lakehouse_pipeline.py
[2026-08-15T17:22:40.776+0000] {processor.py:840} INFO - DAG(s) 'hybrid_lakehouse_daily_pipeline' retrieved from /opt/airflow/dags/lakehouse_pipeline.py
[2026-08-15T17:22:40.918+0000] {logging_mixin.py:188} INFO - [2026-08-15T17:22:40.918+0000] {dag.py:3089} INFO - Sync 1 DAGs
[2026-08-15T17:22:40.949+0000] {logging_mixin.py:188} INFO - [2026-08-15T17:22:40.948+0000] {dag.py:3947} INFO - Setting next_dagrun for hybrid_lakehouse_daily_pipeline to 2026-08-14 02:00:00+00:00, run_after=2026-08-15 02:00:00+00:00
[2026-08-15T17:22:40.992+0000] {processor.py:183} INFO - Processing /opt/airflow/dags/lakehouse_pipeline.py took 0.265 seconds
[2026-08-15T17:23:11.110+0000] {processor.py:161} INFO - Started process (PID=1191) to work on /opt/airflow/dags/lakehouse_pipeline.py
[2026-08-15T17:23:11.112+0000] {processor.py:830} INFO - Processing file /opt/airflow/dags/lakehouse_pipeline.py for tasks to queue
[2026-08-15T17:23:11.116+0000] {logging_mixin.py:188} INFO - [2026-08-15T17:23:11.115+0000] {dagbag.py:545} INFO - Filling up the DagBag from /opt/airflow/dags/lakehouse_pipeline.py
[2026-08-15T17:23:11.152+0000] {processor.py:840} INFO - DAG(s) 'hybrid_lakehouse_daily_pipeline' retrieved from /opt/airflow/dags/lakehouse_pipeline.py
[2026-08-15T17:23:11.358+0000] {logging_mixin.py:188} INFO - [2026-08-15T17:23:11.357+0000] {dag.py:3089} INFO - Sync 1 DAGs
[2026-08-15T17:23:11.400+0000] {logging_mixin.py:188} INFO - [2026-08-15T17:23:11.400+0000] {dag.py:3947} INFO - Setting next_dagrun for hybrid_lakehouse_daily_pipeline to 2026-08-14 02:00:00+00:00, run_after=2026-08-15 02:00:00+00:00
[2026-08-15T17:23:11.444+0000] {processor.py:183} INFO - Processing /opt/airflow/dags/lakehouse_pipeline.py took 0.342 seconds
[2026-08-15T17:23:41.749+0000] {processor.py:161} INFO - Started process (PID=1201) to work on /opt/airflow/dags/lakehouse_pipeline.py
[2026-08-15T17:23:41.751+0000] {processor.py:830} INFO - Processing file /opt/airflow/dags/lakehouse_pipeline.py for tasks to queue
[2026-08-15T17:23:41.756+0000] {logging_mixin.py:188} INFO - [2026-08-15T17:23:41.755+0000] {dagbag.py:545} INFO - Filling up the DagBag from /opt/airflow/dags/lakehouse_pipeline.py
[2026-08-15T17:23:41.817+0000] {processor.py:840} INFO - DAG(s) 'hybrid_lakehouse_daily_pipeline' retrieved from /opt/airflow/dags/lakehouse_pipeline.py
[2026-08-15T17:23:42.052+0000] {logging_mixin.py:188} INFO - [2026-08-15T17:23:42.052+0000] {dag.py:3089} INFO - Sync 1 DAGs
[2026-08-15T17:23:42.096+0000] {logging_mixin.py:188} INFO - [2026-08-15T17:23:42.096+0000] {dag.py:3947} INFO - Setting next_dagrun for hybrid_lakehouse_daily_pipeline to 2026-08-14 02:00:00+00:00, run_after=2026-08-15 02:00:00+00:00
[2026-08-15T17:23:42.132+0000] {processor.py:183} INFO - Processing /opt/airflow/dags/lakehouse_pipeline.py took 0.395 seconds
[2026-08-15T17:24:12.569+0000] {processor.py:161} INFO - Started process (PID=1211) to work on /opt/airflow/dags/lakehouse_pipeline.py
[2026-08-15T17:24:12.571+0000] {processor.py:830} INFO - Processing file /opt/airflow/dags/lakehouse_pipeline.py for tasks to queue
[2026-08-15T17:24:12.576+0000] {logging_mixin.py:188} INFO - [2026-08-15T17:24:12.575+0000] {dagbag.py:545} INFO - Filling up the DagBag from /opt/airflow/dags/lakehouse_pipeline.py
[2026-08-15T17:24:12.635+0000] {processor.py:840} INFO - DAG(s) 'hybrid_lakehouse_daily_pipeline' retrieved from /opt/airflow/dags/lakehouse_pipeline.py
[2026-08-15T17:24:12.862+0000] {logging_mixin.py:188} INFO - [2026-08-15T17:24:12.862+0000] {dag.py:3089} INFO - Sync 1 DAGs
[2026-08-15T17:24:12.889+0000] {logging_mixin.py:188} INFO - [2026-08-15T17:24:12.889+0000] {dag.py:3947} INFO - Setting next_dagrun for hybrid_lakehouse_daily_pipeline to 2026-08-14 02:00:00+00:00, run_after=2026-08-15 02:00:00+00:00
[2026-08-15T17:24:12.924+0000] {processor.py:183} INFO - Processing /opt/airflow/dags/lakehouse_pipeline.py took 0.365 seconds
[2026-08-15T17:24:43.317+0000] {processor.py:161} INFO - Started process (PID=1221) to work on /opt/airflow/dags/lakehouse_pipeline.py
[2026-08-15T17:24:43.318+0000] {processor.py:830} INFO - Processing file /opt/airflow/dags/lakehouse_pipeline.py for tasks to queue
[2026-08-15T17:24:43.322+0000] {logging_mixin.py:188} INFO - [2026-08-15T17:24:43.321+0000] {dagbag.py:545} INFO - Filling up the DagBag from /opt/airflow/dags/lakehouse_pipeline.py
[2026-08-15T17:24:43.353+0000] {processor.py:840} INFO - DAG(s) 'hybrid_lakehouse_daily_pipeline' retrieved from /opt/airflow/dags/lakehouse_pipeline.py
[2026-08-15T17:24:43.495+0000] {logging_mixin.py:188} INFO - [2026-08-15T17:24:43.495+0000] {dag.py:3089} INFO - Sync 1 DAGs
[2026-08-15T17:24:43.528+0000] {logging_mixin.py:188} INFO - [2026-08-15T17:24:43.527+0000] {dag.py:3947} INFO - Setting next_dagrun for hybrid_lakehouse_daily_pipeline to 2026-08-14 02:00:00+00:00, run_after=2026-08-15 02:00:00+00:00
[2026-08-15T17:24:43.556+0000] {processor.py:183} INFO - Processing /opt/airflow/dags/lakehouse_pipeline.py took 0.247 seconds
[2026-08-15T17:25:13.972+0000] {processor.py:161} INFO - Started process (PID=1235) to work on /opt/airflow/dags/lakehouse_pipeline.py
[2026-08-15T17:25:13.974+0000] {processor.py:830} INFO - Processing file /opt/airflow/dags/lakehouse_pipeline.py for tasks to queue
[2026-08-15T17:25:13.979+0000] {logging_mixin.py:188} INFO - [2026-08-15T17:25:13.978+0000] {dagbag.py:545} INFO - Filling up the DagBag from /opt/airflow/dags/lakehouse_pipeline.py
[2026-08-15T17:25:14.022+0000] {processor.py:840} INFO - DAG(s) 'hybrid_lakehouse_daily_pipeline' retrieved from /opt/airflow/dags/lakehouse_pipeline.py
[2026-08-15T17:25:14.186+0000] {logging_mixin.py:188} INFO - [2026-08-15T17:25:14.185+0000] {dag.py:3089} INFO - Sync 1 DAGs
[2026-08-15T17:25:14.224+0000] {logging_mixin.py:188} INFO - [2026-08-15T17:25:14.224+0000] {dag.py:3947} INFO - Setting next_dagrun for hybrid_lakehouse_daily_pipeline to 2026-08-15 02:00:00+00:00, run_after=2026-08-16 02:00:00+00:00
[2026-08-15T17:25:14.263+0000] {processor.py:183} INFO - Processing /opt/airflow/dags/lakehouse_pipeline.py took 0.303 seconds
[2026-08-15T17:25:44.635+0000] {processor.py:161} INFO - Started process (PID=1245) to work on /opt/airflow/dags/lakehouse_pipeline.py
[2026-08-15T17:25:44.638+0000] {processor.py:830} INFO - Processing file /opt/airflow/dags/lakehouse_pipeline.py for tasks to queue
[2026-08-15T17:25:44.643+0000] {logging_mixin.py:188} INFO - [2026-08-15T17:25:44.643+0000] {dagbag.py:545} INFO - Filling up the DagBag from /opt/airflow/dags/lakehouse_pipeline.py
[2026-08-15T17:25:44.691+0000] {processor.py:840} INFO - DAG(s) 'hybrid_lakehouse_daily_pipeline' retrieved from /opt/airflow/dags/lakehouse_pipeline.py
[2026-08-15T17:25:44.855+0000] {logging_mixin.py:188} INFO - [2026-08-15T17:25:44.854+0000] {dag.py:3089} INFO - Sync 1 DAGs
[2026-08-15T17:25:44.890+0000] {logging_mixin.py:188} INFO - [2026-08-15T17:25:44.890+0000] {dag.py:3947} INFO - Setting next_dagrun for hybrid_lakehouse_daily_pipeline to 2026-08-15 02:00:00+00:00, run_after=2026-08-16 02:00:00+00:00
[2026-08-15T17:25:44.931+0000] {processor.py:183} INFO - Processing /opt/airflow/dags/lakehouse_pipeline.py took 0.305 seconds
[2026-08-15T17:26:15.296+0000] {processor.py:161} INFO - Started process (PID=1255) to work on /opt/airflow/dags/lakehouse_pipeline.py
[2026-08-15T17:26:15.299+0000] {processor.py:830} INFO - Processing file /opt/airflow/dags/lakehouse_pipeline.py for tasks to queue
[2026-08-15T17:26:15.302+0000] {logging_mixin.py:188} INFO - [2026-08-15T17:26:15.302+0000] {dagbag.py:545} INFO - Filling up the DagBag from /opt/airflow/dags/lakehouse_pipeline.py
[2026-08-15T17:26:15.338+0000] {processor.py:840} INFO - DAG(s) 'hybrid_lakehouse_daily_pipeline' retrieved from /opt/airflow/dags/lakehouse_pipeline.py
[2026-08-15T17:26:15.491+0000] {logging_mixin.py:188} INFO - [2026-08-15T17:26:15.490+0000] {dag.py:3089} INFO - Sync 1 DAGs
[2026-08-15T17:26:15.527+0000] {logging_mixin.py:188} INFO - [2026-08-15T17:26:15.527+0000] {dag.py:3947} INFO - Setting next_dagrun for hybrid_lakehouse_daily_pipeline to 2026-08-15 02:00:00+00:00, run_after=2026-08-16 02:00:00+00:00
[2026-08-15T17:26:15.563+0000] {processor.py:183} INFO - Processing /opt/airflow/dags/lakehouse_pipeline.py took 0.275 seconds
[2026-08-15T17:26:45.994+0000] {processor.py:161} INFO - Started process (PID=1265) to work on /opt/airflow/dags/lakehouse_pipeline.py
[2026-08-15T17:26:45.996+0000] {processor.py:830} INFO - Processing file /opt/airflow/dags/lakehouse_pipeline.py for tasks to queue
[2026-08-15T17:26:45.999+0000] {logging_mixin.py:188} INFO - [2026-08-15T17:26:45.999+0000] {dagbag.py:545} INFO - Filling up the DagBag from /opt/airflow/dags/lakehouse_pipeline.py
[2026-08-15T17:26:46.037+0000] {processor.py:840} INFO - DAG(s) 'hybrid_lakehouse_daily_pipeline' retrieved from /opt/airflow/dags/lakehouse_pipeline.py
[2026-08-15T17:26:46.174+0000] {logging_mixin.py:188} INFO - [2026-08-15T17:26:46.174+0000] {dag.py:3089} INFO - Sync 1 DAGs
[2026-08-15T17:26:46.199+0000] {logging_mixin.py:188} INFO - [2026-08-15T17:26:46.199+0000] {dag.py:3947} INFO - Setting next_dagrun for hybrid_lakehouse_daily_pipeline to 2026-08-15 02:00:00+00:00, run_after=2026-08-16 02:00:00+00:00
[2026-08-15T17:26:46.230+0000] {processor.py:183} INFO - Processing /opt/airflow/dags/lakehouse_pipeline.py took 0.246 seconds
[2026-08-15T17:27:16.583+0000] {processor.py:161} INFO - Started process (PID=1275) to work on /opt/airflow/dags/lakehouse_pipeline.py
[2026-08-15T17:27:16.586+0000] {processor.py:830} INFO - Processing file /opt/airflow/dags/lakehouse_pipeline.py for tasks to queue
[2026-08-15T17:27:16.590+0000] {logging_mixin.py:188} INFO - [2026-08-15T17:27:16.590+0000] {dagbag.py:545} INFO - Filling up the DagBag from /opt/airflow/dags/lakehouse_pipeline.py
[2026-08-15T17:27:16.638+0000] {processor.py:840} INFO - DAG(s) 'hybrid_lakehouse_daily_pipeline' retrieved from /opt/airflow/dags/lakehouse_pipeline.py
[2026-08-15T17:27:16.798+0000] {logging_mixin.py:188} INFO - [2026-08-15T17:27:16.798+0000] {dag.py:3089} INFO - Sync 1 DAGs
[2026-08-15T17:27:16.827+0000] {logging_mixin.py:188} INFO - [2026-08-15T17:27:16.827+0000] {dag.py:3947} INFO - Setting next_dagrun for hybrid_lakehouse_daily_pipeline to 2026-08-15 02:00:00+00:00, run_after=2026-08-16 02:00:00+00:00
[2026-08-15T17:27:16.863+0000] {processor.py:183} INFO - Processing /opt/airflow/dags/lakehouse_pipeline.py took 0.290 seconds
[2026-08-15T17:27:47.255+0000] {processor.py:161} INFO - Started process (PID=1285) to work on /opt/airflow/dags/lakehouse_pipeline.py
[2026-08-15T17:27:47.258+0000] {processor.py:830} INFO - Processing file /opt/airflow/dags/lakehouse_pipeline.py for tasks to queue
[2026-08-15T17:27:47.262+0000] {logging_mixin.py:188} INFO - [2026-08-15T17:27:47.261+0000] {dagbag.py:545} INFO - Filling up the DagBag from /opt/airflow/dags/lakehouse_pipeline.py
[2026-08-15T17:27:47.300+0000] {processor.py:840} INFO - DAG(s) 'hybrid_lakehouse_daily_pipeline' retrieved from /opt/airflow/dags/lakehouse_pipeline.py
[2026-08-15T17:27:47.461+0000] {logging_mixin.py:188} INFO - [2026-08-15T17:27:47.460+0000] {dag.py:3089} INFO - Sync 1 DAGs
[2026-08-15T17:27:47.492+0000] {logging_mixin.py:188} INFO - [2026-08-15T17:27:47.492+0000] {dag.py:3947} INFO - Setting next_dagrun for hybrid_lakehouse_daily_pipeline to 2026-08-15 02:00:00+00:00, run_after=2026-08-16 02:00:00+00:00
[2026-08-15T17:27:47.530+0000] {processor.py:183} INFO - Processing /opt/airflow/dags/lakehouse_pipeline.py took 0.287 seconds
[2026-08-15T17:28:17.905+0000] {processor.py:161} INFO - Started process (PID=1295) to work on /opt/airflow/dags/lakehouse_pipeline.py
[2026-08-15T17:28:17.907+0000] {processor.py:830} INFO - Processing file /opt/airflow/dags/lakehouse_pipeline.py for tasks to queue
[2026-08-15T17:28:17.911+0000] {logging_mixin.py:188} INFO - [2026-08-15T17:28:17.910+0000] {dagbag.py:545} INFO - Filling up the DagBag from /opt/airflow/dags/lakehouse_pipeline.py
[2026-08-15T17:28:17.963+0000] {processor.py:840} INFO - DAG(s) 'hybrid_lakehouse_daily_pipeline' retrieved from /opt/airflow/dags/lakehouse_pipeline.py
[2026-08-15T17:28:18.217+0000] {logging_mixin.py:188} INFO - [2026-08-15T17:28:18.216+0000] {dag.py:3089} INFO - Sync 1 DAGs
[2026-08-15T17:28:18.261+0000] {logging_mixin.py:188} INFO - [2026-08-15T17:28:18.261+0000] {dag.py:3947} INFO - Setting next_dagrun for hybrid_lakehouse_daily_pipeline to 2026-08-15 02:00:00+00:00, run_after=2026-08-16 02:00:00+00:00
[2026-08-15T17:28:18.295+0000] {processor.py:183} INFO - Processing /opt/airflow/dags/lakehouse_pipeline.py took 0.402 seconds
[2026-08-15T17:28:48.691+0000] {processor.py:161} INFO - Started process (PID=1305) to work on /opt/airflow/dags/lakehouse_pipeline.py
[2026-08-15T17:28:48.694+0000] {processor.py:830} INFO - Processing file /opt/airflow/dags/lakehouse_pipeline.py for tasks to queue
[2026-08-15T17:28:48.700+0000] {logging_mixin.py:188} INFO - [2026-08-15T17:28:48.699+0000] {dagbag.py:545} INFO - Filling up the DagBag from /opt/airflow/dags/lakehouse_pipeline.py
[2026-08-15T17:28:48.751+0000] {processor.py:840} INFO - DAG(s) 'hybrid_lakehouse_daily_pipeline' retrieved from /opt/airflow/dags/lakehouse_pipeline.py
[2026-08-15T17:28:48.957+0000] {logging_mixin.py:188} INFO - [2026-08-15T17:28:48.957+0000] {dag.py:3089} INFO - Sync 1 DAGs
[2026-08-15T17:28:48.994+0000] {logging_mixin.py:188} INFO - [2026-08-15T17:28:48.993+0000] {dag.py:3947} INFO - Setting next_dagrun for hybrid_lakehouse_daily_pipeline to 2026-08-15 02:00:00+00:00, run_after=2026-08-16 02:00:00+00:00
[2026-08-15T17:28:49.033+0000] {processor.py:183} INFO - Processing /opt/airflow/dags/lakehouse_pipeline.py took 0.355 seconds
[2026-08-15T17:29:19.493+0000] {processor.py:161} INFO - Started process (PID=1315) to work on /opt/airflow/dags/lakehouse_pipeline.py
[2026-08-15T17:29:19.495+0000] {processor.py:830} INFO - Processing file /opt/airflow/dags/lakehouse_pipeline.py for tasks to queue
[2026-08-15T17:29:19.499+0000] {logging_mixin.py:188} INFO - [2026-08-15T17:29:19.498+0000] {dagbag.py:545} INFO - Filling up the DagBag from /opt/airflow/dags/lakehouse_pipeline.py
[2026-08-15T17:29:19.578+0000] {processor.py:840} INFO - DAG(s) 'hybrid_lakehouse_daily_pipeline' retrieved from /opt/airflow/dags/lakehouse_pipeline.py
[2026-08-15T17:29:19.788+0000] {logging_mixin.py:188} INFO - [2026-08-15T17:29:19.788+0000] {dag.py:3089} INFO - Sync 1 DAGs
[2026-08-15T17:29:19.831+0000] {logging_mixin.py:188} INFO - [2026-08-15T17:29:19.831+0000] {dag.py:3947} INFO - Setting next_dagrun for hybrid_lakehouse_daily_pipeline to 2026-08-15 02:00:00+00:00, run_after=2026-08-16 02:00:00+00:00
[2026-08-15T17:29:19.880+0000] {processor.py:183} INFO - Processing /opt/airflow/dags/lakehouse_pipeline.py took 0.408 seconds
[2026-08-15T17:29:50.277+0000] {processor.py:161} INFO - Started process (PID=1325) to work on /opt/airflow/dags/lakehouse_pipeline.py
[2026-08-15T17:29:50.280+0000] {processor.py:830} INFO - Processing file /opt/airflow/dags/lakehouse_pipeline.py for tasks to queue
[2026-08-15T17:29:50.283+0000] {logging_mixin.py:188} INFO - [2026-08-15T17:29:50.283+0000] {dagbag.py:545} INFO - Filling up the DagBag from /opt/airflow/dags/lakehouse_pipeline.py
[2026-08-15T17:29:50.331+0000] {processor.py:840} INFO - DAG(s) 'hybrid_lakehouse_daily_pipeline' retrieved from /opt/airflow/dags/lakehouse_pipeline.py
[2026-08-15T17:29:50.499+0000] {logging_mixin.py:188} INFO - [2026-08-15T17:29:50.499+0000] {dag.py:3089} INFO - Sync 1 DAGs
[2026-08-15T17:29:50.533+0000] {logging_mixin.py:188} INFO - [2026-08-15T17:29:50.533+0000] {dag.py:3947} INFO - Setting next_dagrun for hybrid_lakehouse_daily_pipeline to 2026-08-15 02:00:00+00:00, run_after=2026-08-16 02:00:00+00:00
[2026-08-15T17:29:50.569+0000] {processor.py:183} INFO - Processing /opt/airflow/dags/lakehouse_pipeline.py took 0.305 seconds
[2026-08-15T17:31:13.894+0000] {processor.py:161} INFO - Started process (PID=177) to work on /opt/airflow/dags/lakehouse_pipeline.py
[2026-08-15T17:31:13.900+0000] {processor.py:830} INFO - Processing file /opt/airflow/dags/lakehouse_pipeline.py for tasks to queue
[2026-08-15T17:31:13.906+0000] {logging_mixin.py:188} INFO - [2026-08-15T17:31:13.904+0000] {dagbag.py:545} INFO - Filling up the DagBag from /opt/airflow/dags/lakehouse_pipeline.py
[2026-08-15T17:31:13.981+0000] {processor.py:840} INFO - DAG(s) 'hybrid_lakehouse_daily_pipeline' retrieved from /opt/airflow/dags/lakehouse_pipeline.py
[2026-08-15T17:31:14.493+0000] {logging_mixin.py:188} INFO - [2026-08-15T17:31:14.492+0000] {dag.py:3089} INFO - Sync 1 DAGs
[2026-08-15T17:31:14.548+0000] {logging_mixin.py:188} INFO - [2026-08-15T17:31:14.547+0000] {dag.py:3947} INFO - Setting next_dagrun for hybrid_lakehouse_daily_pipeline to 2026-08-15 02:00:00+00:00, run_after=2026-08-16 02:00:00+00:00
[2026-08-15T17:31:14.600+0000] {processor.py:183} INFO - Processing /opt/airflow/dags/lakehouse_pipeline.py took 0.740 seconds
[2026-08-15T17:31:44.995+0000] {processor.py:161} INFO - Started process (PID=252) to work on /opt/airflow/dags/lakehouse_pipeline.py
[2026-08-15T17:31:44.997+0000] {processor.py:830} INFO - Processing file /opt/airflow/dags/lakehouse_pipeline.py for tasks to queue
[2026-08-15T17:31:45.000+0000] {logging_mixin.py:188} INFO - [2026-08-15T17:31:45.000+0000] {dagbag.py:545} INFO - Filling up the DagBag from /opt/airflow/dags/lakehouse_pipeline.py
[2026-08-15T17:31:45.050+0000] {processor.py:840} INFO - DAG(s) 'hybrid_lakehouse_daily_pipeline' retrieved from /opt/airflow/dags/lakehouse_pipeline.py
[2026-08-15T17:31:45.243+0000] {logging_mixin.py:188} INFO - [2026-08-15T17:31:45.243+0000] {dag.py:3089} INFO - Sync 1 DAGs
[2026-08-15T17:31:45.269+0000] {logging_mixin.py:188} INFO - [2026-08-15T17:31:45.269+0000] {dag.py:3947} INFO - Setting next_dagrun for hybrid_lakehouse_daily_pipeline to 2026-08-15 02:00:00+00:00, run_after=2026-08-16 02:00:00+00:00
[2026-08-15T17:31:45.300+0000] {processor.py:183} INFO - Processing /opt/airflow/dags/lakehouse_pipeline.py took 0.315 seconds
[2026-08-15T17:32:15.693+0000] {processor.py:161} INFO - Started process (PID=270) to work on /opt/airflow/dags/lakehouse_pipeline.py
[2026-08-15T17:32:15.695+0000] {processor.py:830} INFO - Processing file /opt/airflow/dags/lakehouse_pipeline.py for tasks to queue
[2026-08-15T17:32:15.701+0000] {logging_mixin.py:188} INFO - [2026-08-15T17:32:15.700+0000] {dagbag.py:545} INFO - Filling up the DagBag from /opt/airflow/dags/lakehouse_pipeline.py
[2026-08-15T17:32:15.761+0000] {processor.py:840} INFO - DAG(s) 'hybrid_lakehouse_daily_pipeline' retrieved from /opt/airflow/dags/lakehouse_pipeline.py
[2026-08-15T17:32:15.921+0000] {logging_mixin.py:188} INFO - [2026-08-15T17:32:15.920+0000] {dag.py:3089} INFO - Sync 1 DAGs
[2026-08-15T17:32:15.961+0000] {logging_mixin.py:188} INFO - [2026-08-15T17:32:15.961+0000] {dag.py:3947} INFO - Setting next_dagrun for hybrid_lakehouse_daily_pipeline to 2026-08-15 02:00:00+00:00, run_after=2026-08-16 02:00:00+00:00
[2026-08-15T17:32:15.994+0000] {processor.py:183} INFO - Processing /opt/airflow/dags/lakehouse_pipeline.py took 0.311 seconds
[2026-08-15T17:32:46.421+0000] {processor.py:161} INFO - Started process (PID=286) to work on /opt/airflow/dags/lakehouse_pipeline.py
[2026-08-15T17:32:46.423+0000] {processor.py:830} INFO - Processing file /opt/airflow/dags/lakehouse_pipeline.py for tasks to queue
[2026-08-15T17:32:46.427+0000] {logging_mixin.py:188} INFO - [2026-08-15T17:32:46.426+0000] {dagbag.py:545} INFO - Filling up the DagBag from /opt/airflow/dags/lakehouse_pipeline.py
[2026-08-15T17:32:46.467+0000] {processor.py:840} INFO - DAG(s) 'hybrid_lakehouse_daily_pipeline' retrieved from /opt/airflow/dags/lakehouse_pipeline.py
[2026-08-15T17:32:46.622+0000] {logging_mixin.py:188} INFO - [2026-08-15T17:32:46.622+0000] {dag.py:3089} INFO - Sync 1 DAGs
[2026-08-15T17:32:46.650+0000] {logging_mixin.py:188} INFO - [2026-08-15T17:32:46.650+0000] {dag.py:3947} INFO - Setting next_dagrun for hybrid_lakehouse_daily_pipeline to 2026-08-15 02:00:00+00:00, run_after=2026-08-16 02:00:00+00:00
[2026-08-15T17:32:46.684+0000] {processor.py:183} INFO - Processing /opt/airflow/dags/lakehouse_pipeline.py took 0.272 seconds
[2026-08-15T17:33:17.118+0000] {processor.py:161} INFO - Started process (PID=304) to work on /opt/airflow/dags/lakehouse_pipeline.py
[2026-08-15T17:33:17.120+0000] {processor.py:830} INFO - Processing file /opt/airflow/dags/lakehouse_pipeline.py for tasks to queue
[2026-08-15T17:33:17.123+0000] {logging_mixin.py:188} INFO - [2026-08-15T17:33:17.123+0000] {dagbag.py:545} INFO - Filling up the DagBag from /opt/airflow/dags/lakehouse_pipeline.py
[2026-08-15T17:33:17.159+0000] {processor.py:840} INFO - DAG(s) 'hybrid_lakehouse_daily_pipeline' retrieved from /opt/airflow/dags/lakehouse_pipeline.py
[2026-08-15T17:33:17.328+0000] {logging_mixin.py:188} INFO - [2026-08-15T17:33:17.327+0000] {dag.py:3089} INFO - Sync 1 DAGs
[2026-08-15T17:33:17.372+0000] {logging_mixin.py:188} INFO - [2026-08-15T17:33:17.372+0000] {dag.py:3947} INFO - Setting next_dagrun for hybrid_lakehouse_daily_pipeline to 2026-08-15 02:00:00+00:00, run_after=2026-08-16 02:00:00+00:00
[2026-08-15T17:33:17.409+0000] {processor.py:183} INFO - Processing /opt/airflow/dags/lakehouse_pipeline.py took 0.302 seconds
[2026-08-15T17:33:47.777+0000] {processor.py:161} INFO - Started process (PID=318) to work on /opt/airflow/dags/lakehouse_pipeline.py
[2026-08-15T17:33:47.779+0000] {processor.py:830} INFO - Processing file /opt/airflow/dags/lakehouse_pipeline.py for tasks to queue
[2026-08-15T17:33:47.782+0000] {logging_mixin.py:188} INFO - [2026-08-15T17:33:47.781+0000] {dagbag.py:545} INFO - Filling up the DagBag from /opt/airflow/dags/lakehouse_pipeline.py
[2026-08-15T17:33:47.820+0000] {processor.py:840} INFO - DAG(s) 'hybrid_lakehouse_daily_pipeline' retrieved from /opt/airflow/dags/lakehouse_pipeline.py
[2026-08-15T17:33:47.956+0000] {logging_mixin.py:188} INFO - [2026-08-15T17:33:47.956+0000] {dag.py:3089} INFO - Sync 1 DAGs
[2026-08-15T17:33:47.984+0000] {logging_mixin.py:188} INFO - [2026-08-15T17:33:47.983+0000] {dag.py:3947} INFO - Setting next_dagrun for hybrid_lakehouse_daily_pipeline to 2026-08-15 02:00:00+00:00, run_after=2026-08-16 02:00:00+00:00
[2026-08-15T17:33:48.020+0000] {processor.py:183} INFO - Processing /opt/airflow/dags/lakehouse_pipeline.py took 0.253 seconds
[2026-08-15T17:34:18.383+0000] {processor.py:161} INFO - Started process (PID=332) to work on /opt/airflow/dags/lakehouse_pipeline.py
[2026-08-15T17:34:18.386+0000] {processor.py:830} INFO - Processing file /opt/airflow/dags/lakehouse_pipeline.py for tasks to queue
[2026-08-15T17:34:18.391+0000] {logging_mixin.py:188} INFO - [2026-08-15T17:34:18.390+0000] {dagbag.py:545} INFO - Filling up the DagBag from /opt/airflow/dags/lakehouse_pipeline.py
[2026-08-15T17:34:18.451+0000] {processor.py:840} INFO - DAG(s) 'hybrid_lakehouse_daily_pipeline' retrieved from /opt/airflow/dags/lakehouse_pipeline.py
[2026-08-15T17:34:18.676+0000] {logging_mixin.py:188} INFO - [2026-08-15T17:34:18.676+0000] {dag.py:3089} INFO - Sync 1 DAGs
[2026-08-15T17:34:18.718+0000] {logging_mixin.py:188} INFO - [2026-08-15T17:34:18.718+0000] {dag.py:3947} INFO - Setting next_dagrun for hybrid_lakehouse_daily_pipeline to 2026-08-15 02:00:00+00:00, run_after=2026-08-16 02:00:00+00:00
[2026-08-15T17:34:18.760+0000] {processor.py:183} INFO - Processing /opt/airflow/dags/lakehouse_pipeline.py took 0.393 seconds
[2026-08-15T17:34:49.078+0000] {processor.py:161} INFO - Started process (PID=347) to work on /opt/airflow/dags/lakehouse_pipeline.py
[2026-08-15T17:34:49.081+0000] {processor.py:830} INFO - Processing file /opt/airflow/dags/lakehouse_pipeline.py for tasks to queue
[2026-08-15T17:34:49.085+0000] {logging_mixin.py:188} INFO - [2026-08-15T17:34:49.084+0000] {dagbag.py:545} INFO - Filling up the DagBag from /opt/airflow/dags/lakehouse_pipeline.py
[2026-08-15T17:34:49.126+0000] {processor.py:840} INFO - DAG(s) 'hybrid_lakehouse_daily_pipeline' retrieved from /opt/airflow/dags/lakehouse_pipeline.py
[2026-08-15T17:34:49.317+0000] {logging_mixin.py:188} INFO - [2026-08-15T17:34:49.317+0000] {dag.py:3089} INFO - Sync 1 DAGs
[2026-08-15T17:34:49.358+0000] {logging_mixin.py:188} INFO - [2026-08-15T17:34:49.358+0000] {dag.py:3947} INFO - Setting next_dagrun for hybrid_lakehouse_daily_pipeline to 2026-08-15 02:00:00+00:00, run_after=2026-08-16 02:00:00+00:00
[2026-08-15T17:34:49.396+0000] {processor.py:183} INFO - Processing /opt/airflow/dags/lakehouse_pipeline.py took 0.334 seconds
[2026-08-15T17:35:19.704+0000] {processor.py:161} INFO - Started process (PID=362) to work on /opt/airflow/dags/lakehouse_pipeline.py
[2026-08-15T17:35:19.706+0000] {processor.py:830} INFO - Processing file /opt/airflow/dags/lakehouse_pipeline.py for tasks to queue
[2026-08-15T17:35:19.710+0000] {logging_mixin.py:188} INFO - [2026-08-15T17:35:19.709+0000] {dagbag.py:545} INFO - Filling up the DagBag from /opt/airflow/dags/lakehouse_pipeline.py
[2026-08-15T17:35:19.748+0000] {processor.py:840} INFO - DAG(s) 'hybrid_lakehouse_daily_pipeline' retrieved from /opt/airflow/dags/lakehouse_pipeline.py
[2026-08-15T17:35:19.913+0000] {logging_mixin.py:188} INFO - [2026-08-15T17:35:19.913+0000] {dag.py:3089} INFO - Sync 1 DAGs
[2026-08-15T17:35:19.940+0000] {logging_mixin.py:188} INFO - [2026-08-15T17:35:19.940+0000] {dag.py:3947} INFO - Setting next_dagrun for hybrid_lakehouse_daily_pipeline to 2026-08-15 02:00:00+00:00, run_after=2026-08-16 02:00:00+00:00
[2026-08-15T17:35:19.973+0000] {processor.py:183} INFO - Processing /opt/airflow/dags/lakehouse_pipeline.py took 0.278 seconds
[2026-08-15T17:35:50.343+0000] {processor.py:161} INFO - Started process (PID=377) to work on /opt/airflow/dags/lakehouse_pipeline.py
[2026-08-15T17:35:50.344+0000] {processor.py:830} INFO - Processing file /opt/airflow/dags/lakehouse_pipeline.py for tasks to queue
[2026-08-15T17:35:50.347+0000] {logging_mixin.py:188} INFO - [2026-08-15T17:35:50.347+0000] {dagbag.py:545} INFO - Filling up the DagBag from /opt/airflow/dags/lakehouse_pipeline.py
[2026-08-15T17:35:50.379+0000] {processor.py:840} INFO - DAG(s) 'hybrid_lakehouse_daily_pipeline' retrieved from /opt/airflow/dags/lakehouse_pipeline.py
[2026-08-15T17:35:50.522+0000] {logging_mixin.py:188} INFO - [2026-08-15T17:35:50.522+0000] {dag.py:3089} INFO - Sync 1 DAGs
[2026-08-15T17:35:50.548+0000] {logging_mixin.py:188} INFO - [2026-08-15T17:35:50.547+0000] {dag.py:3947} INFO - Setting next_dagrun for hybrid_lakehouse_daily_pipeline to 2026-08-15 02:00:00+00:00, run_after=2026-08-16 02:00:00+00:00
[2026-08-15T17:35:50.573+0000] {processor.py:183} INFO - Processing /opt/airflow/dags/lakehouse_pipeline.py took 0.242 seconds
[2026-08-15T17:36:21.023+0000] {processor.py:161} INFO - Started process (PID=392) to work on /opt/airflow/dags/lakehouse_pipeline.py
[2026-08-15T17:36:21.025+0000] {processor.py:830} INFO - Processing file /opt/airflow/dags/lakehouse_pipeline.py for tasks to queue
[2026-08-15T17:36:21.030+0000] {logging_mixin.py:188} INFO - [2026-08-15T17:36:21.029+0000] {dagbag.py:545} INFO - Filling up the DagBag from /opt/airflow/dags/lakehouse_pipeline.py
[2026-08-15T17:36:21.073+0000] {processor.py:840} INFO - DAG(s) 'hybrid_lakehouse_daily_pipeline' retrieved from /opt/airflow/dags/lakehouse_pipeline.py
[2026-08-15T17:36:21.244+0000] {logging_mixin.py:188} INFO - [2026-08-15T17:36:21.243+0000] {dag.py:3089} INFO - Sync 1 DAGs
[2026-08-15T17:36:21.286+0000] {logging_mixin.py:188} INFO - [2026-08-15T17:36:21.286+0000] {dag.py:3947} INFO - Setting next_dagrun for hybrid_lakehouse_daily_pipeline to 2026-08-15 02:00:00+00:00, run_after=2026-08-16 02:00:00+00:00
[2026-08-15T17:36:21.322+0000] {processor.py:183} INFO - Processing /opt/airflow/dags/lakehouse_pipeline.py took 0.309 seconds
[2026-08-15T17:36:51.711+0000] {processor.py:161} INFO - Started process (PID=405) to work on /opt/airflow/dags/lakehouse_pipeline.py
[2026-08-15T17:36:51.713+0000] {processor.py:830} INFO - Processing file /opt/airflow/dags/lakehouse_pipeline.py for tasks to queue
[2026-08-15T17:36:51.716+0000] {logging_mixin.py:188} INFO - [2026-08-15T17:36:51.716+0000] {dagbag.py:545} INFO - Filling up the DagBag from /opt/airflow/dags/lakehouse_pipeline.py
[2026-08-15T17:36:51.752+0000] {processor.py:840} INFO - DAG(s) 'hybrid_lakehouse_daily_pipeline' retrieved from /opt/airflow/dags/lakehouse_pipeline.py
[2026-08-15T17:36:51.909+0000] {logging_mixin.py:188} INFO - [2026-08-15T17:36:51.909+0000] {dag.py:3089} INFO - Sync 1 DAGs
[2026-08-15T17:36:51.945+0000] {logging_mixin.py:188} INFO - [2026-08-15T17:36:51.944+0000] {dag.py:3947} INFO - Setting next_dagrun for hybrid_lakehouse_daily_pipeline to 2026-08-15 02:00:00+00:00, run_after=2026-08-16 02:00:00+00:00
[2026-08-15T17:36:51.973+0000] {processor.py:183} INFO - Processing /opt/airflow/dags/lakehouse_pipeline.py took 0.269 seconds
[2026-08-15T17:37:22.254+0000] {processor.py:161} INFO - Started process (PID=418) to work on /opt/airflow/dags/lakehouse_pipeline.py
[2026-08-15T17:37:22.255+0000] {processor.py:830} INFO - Processing file /opt/airflow/dags/lakehouse_pipeline.py for tasks to queue
[2026-08-15T17:37:22.256+0000] {logging_mixin.py:188} INFO - [2026-08-15T17:37:22.256+0000] {dagbag.py:545} INFO - Filling up the DagBag from /opt/airflow/dags/lakehouse_pipeline.py
[2026-08-15T17:37:22.274+0000] {processor.py:840} INFO - DAG(s) 'hybrid_lakehouse_daily_pipeline' retrieved from /opt/airflow/dags/lakehouse_pipeline.py
[2026-08-15T17:37:22.363+0000] {logging_mixin.py:188} INFO - [2026-08-15T17:37:22.363+0000] {dag.py:3089} INFO - Sync 1 DAGs
[2026-08-15T17:37:22.383+0000] {logging_mixin.py:188} INFO - [2026-08-15T17:37:22.382+0000] {dag.py:3947} INFO - Setting next_dagrun for hybrid_lakehouse_daily_pipeline to 2026-08-15 02:00:00+00:00, run_after=2026-08-16 02:00:00+00:00
[2026-08-15T17:37:22.408+0000] {processor.py:183} INFO - Processing /opt/airflow/dags/lakehouse_pipeline.py took 0.159 seconds
[2026-08-15T17:37:52.468+0000] {processor.py:161} INFO - Started process (PID=430) to work on /opt/airflow/dags/lakehouse_pipeline.py
[2026-08-15T17:37:52.469+0000] {processor.py:830} INFO - Processing file /opt/airflow/dags/lakehouse_pipeline.py for tasks to queue
[2026-08-15T17:37:52.471+0000] {logging_mixin.py:188} INFO - [2026-08-15T17:37:52.471+0000] {dagbag.py:545} INFO - Filling up the DagBag from /opt/airflow/dags/lakehouse_pipeline.py
[2026-08-15T17:37:52.488+0000] {processor.py:840} INFO - DAG(s) 'hybrid_lakehouse_daily_pipeline' retrieved from /opt/airflow/dags/lakehouse_pipeline.py
[2026-08-15T17:37:52.575+0000] {logging_mixin.py:188} INFO - [2026-08-15T17:37:52.575+0000] {dag.py:3089} INFO - Sync 1 DAGs
[2026-08-15T17:37:52.593+0000] {logging_mixin.py:188} INFO - [2026-08-15T17:37:52.593+0000] {dag.py:3947} INFO - Setting next_dagrun for hybrid_lakehouse_daily_pipeline to 2026-08-15 02:00:00+00:00, run_after=2026-08-16 02:00:00+00:00
[2026-08-15T17:37:52.612+0000] {processor.py:183} INFO - Processing /opt/airflow/dags/lakehouse_pipeline.py took 0.149 seconds
[2026-08-15T17:38:22.844+0000] {processor.py:161} INFO - Started process (PID=442) to work on /opt/airflow/dags/lakehouse_pipeline.py
[2026-08-15T17:38:22.845+0000] {processor.py:830} INFO - Processing file /opt/airflow/dags/lakehouse_pipeline.py for tasks to queue
[2026-08-15T17:38:22.847+0000] {logging_mixin.py:188} INFO - [2026-08-15T17:38:22.847+0000] {dagbag.py:545} INFO - Filling up the DagBag from /opt/airflow/dags/lakehouse_pipeline.py
[2026-08-15T17:38:22.866+0000] {processor.py:840} INFO - DAG(s) 'hybrid_lakehouse_daily_pipeline' retrieved from /opt/airflow/dags/lakehouse_pipeline.py
[2026-08-15T17:38:22.958+0000] {logging_mixin.py:188} INFO - [2026-08-15T17:38:22.958+0000] {dag.py:3089} INFO - Sync 1 DAGs
[2026-08-15T17:38:22.980+0000] {logging_mixin.py:188} INFO - [2026-08-15T17:38:22.980+0000] {dag.py:3947} INFO - Setting next_dagrun for hybrid_lakehouse_daily_pipeline to 2026-08-15 02:00:00+00:00, run_after=2026-08-16 02:00:00+00:00
[2026-08-15T17:38:22.998+0000] {processor.py:183} INFO - Processing /opt/airflow/dags/lakehouse_pipeline.py took 0.161 seconds
[2026-08-15T17:38:53.199+0000] {processor.py:161} INFO - Started process (PID=452) to work on /opt/airflow/dags/lakehouse_pipeline.py
[2026-08-15T17:38:53.201+0000] {processor.py:830} INFO - Processing file /opt/airflow/dags/lakehouse_pipeline.py for tasks to queue
[2026-08-15T17:38:53.203+0000] {logging_mixin.py:188} INFO - [2026-08-15T17:38:53.203+0000] {dagbag.py:545} INFO - Filling up the DagBag from /opt/airflow/dags/lakehouse_pipeline.py
[2026-08-15T17:38:53.223+0000] {processor.py:840} INFO - DAG(s) 'hybrid_lakehouse_daily_pipeline' retrieved from /opt/airflow/dags/lakehouse_pipeline.py
[2026-08-15T17:38:53.336+0000] {logging_mixin.py:188} INFO - [2026-08-15T17:38:53.336+0000] {dag.py:3089} INFO - Sync 1 DAGs
[2026-08-15T17:38:53.355+0000] {logging_mixin.py:188} INFO - [2026-08-15T17:38:53.355+0000] {dag.py:3947} INFO - Setting next_dagrun for hybrid_lakehouse_daily_pipeline to 2026-08-15 02:00:00+00:00, run_after=2026-08-16 02:00:00+00:00
[2026-08-15T17:38:53.374+0000] {processor.py:183} INFO - Processing /opt/airflow/dags/lakehouse_pipeline.py took 0.180 seconds
[2026-08-15T17:39:23.580+0000] {processor.py:161} INFO - Started process (PID=462) to work on /opt/airflow/dags/lakehouse_pipeline.py
[2026-08-15T17:39:23.581+0000] {processor.py:830} INFO - Processing file /opt/airflow/dags/lakehouse_pipeline.py for tasks to queue
[2026-08-15T17:39:23.583+0000] {logging_mixin.py:188} INFO - [2026-08-15T17:39:23.583+0000] {dagbag.py:545} INFO - Filling up the DagBag from /opt/airflow/dags/lakehouse_pipeline.py
[2026-08-15T17:39:23.601+0000] {processor.py:840} INFO - DAG(s) 'hybrid_lakehouse_daily_pipeline' retrieved from /opt/airflow/dags/lakehouse_pipeline.py
[2026-08-15T17:39:23.705+0000] {logging_mixin.py:188} INFO - [2026-08-15T17:39:23.704+0000] {dag.py:3089} INFO - Sync 1 DAGs
[2026-08-15T17:39:23.727+0000] {logging_mixin.py:188} INFO - [2026-08-15T17:39:23.727+0000] {dag.py:3947} INFO - Setting next_dagrun for hybrid_lakehouse_daily_pipeline to 2026-08-15 02:00:00+00:00, run_after=2026-08-16 02:00:00+00:00
[2026-08-15T17:39:23.758+0000] {processor.py:183} INFO - Processing /opt/airflow/dags/lakehouse_pipeline.py took 0.182 seconds
[2026-08-15T17:39:53.972+0000] {processor.py:161} INFO - Started process (PID=472) to work on /opt/airflow/dags/lakehouse_pipeline.py
[2026-08-15T17:39:53.973+0000] {processor.py:830} INFO - Processing file /opt/airflow/dags/lakehouse_pipeline.py for tasks to queue
[2026-08-15T17:39:53.975+0000] {logging_mixin.py:188} INFO - [2026-08-15T17:39:53.974+0000] {dagbag.py:545} INFO - Filling up the DagBag from /opt/airflow/dags/lakehouse_pipeline.py
[2026-08-15T17:39:53.991+0000] {processor.py:840} INFO - DAG(s) 'hybrid_lakehouse_daily_pipeline' retrieved from /opt/airflow/dags/lakehouse_pipeline.py
[2026-08-15T17:39:54.089+0000] {logging_mixin.py:188} INFO - [2026-08-15T17:39:54.089+0000] {dag.py:3089} INFO - Sync 1 DAGs
[2026-08-15T17:39:54.108+0000] {logging_mixin.py:188} INFO - [2026-08-15T17:39:54.108+0000] {dag.py:3947} INFO - Setting next_dagrun for hybrid_lakehouse_daily_pipeline to 2026-08-15 02:00:00+00:00, run_after=2026-08-16 02:00:00+00:00
[2026-08-15T17:39:54.125+0000] {processor.py:183} INFO - Processing /opt/airflow/dags/lakehouse_pipeline.py took 0.158 seconds
[2026-08-15T17:40:24.175+0000] {processor.py:161} INFO - Started process (PID=482) to work on /opt/airflow/dags/lakehouse_pipeline.py
[2026-08-15T17:40:24.176+0000] {processor.py:830} INFO - Processing file /opt/airflow/dags/lakehouse_pipeline.py for tasks to queue
[2026-08-15T17:40:24.177+0000] {logging_mixin.py:188} INFO - [2026-08-15T17:40:24.177+0000] {dagbag.py:545} INFO - Filling up the DagBag from /opt/airflow/dags/lakehouse_pipeline.py
[2026-08-15T17:40:24.197+0000] {processor.py:840} INFO - DAG(s) 'hybrid_lakehouse_daily_pipeline' retrieved from /opt/airflow/dags/lakehouse_pipeline.py
[2026-08-15T17:40:24.287+0000] {logging_mixin.py:188} INFO - [2026-08-15T17:40:24.287+0000] {dag.py:3089} INFO - Sync 1 DAGs
[2026-08-15T17:40:24.308+0000] {logging_mixin.py:188} INFO - [2026-08-15T17:40:24.307+0000] {dag.py:3947} INFO - Setting next_dagrun for hybrid_lakehouse_daily_pipeline to 2026-08-15 02:00:00+00:00, run_after=2026-08-16 02:00:00+00:00
[2026-08-15T17:40:24.328+0000] {processor.py:183} INFO - Processing /opt/airflow/dags/lakehouse_pipeline.py took 0.159 seconds
[2026-08-15T17:40:54.540+0000] {processor.py:161} INFO - Started process (PID=492) to work on /opt/airflow/dags/lakehouse_pipeline.py
[2026-08-15T17:40:54.541+0000] {processor.py:830} INFO - Processing file /opt/airflow/dags/lakehouse_pipeline.py for tasks to queue
[2026-08-15T17:40:54.543+0000] {logging_mixin.py:188} INFO - [2026-08-15T17:40:54.542+0000] {dagbag.py:545} INFO - Filling up the DagBag from /opt/airflow/dags/lakehouse_pipeline.py
[2026-08-15T17:40:54.560+0000] {processor.py:840} INFO - DAG(s) 'hybrid_lakehouse_daily_pipeline' retrieved from /opt/airflow/dags/lakehouse_pipeline.py
[2026-08-15T17:40:54.685+0000] {logging_mixin.py:188} INFO - [2026-08-15T17:40:54.685+0000] {dag.py:3089} INFO - Sync 1 DAGs
[2026-08-15T17:40:54.708+0000] {logging_mixin.py:188} INFO - [2026-08-15T17:40:54.707+0000] {dag.py:3947} INFO - Setting next_dagrun for hybrid_lakehouse_daily_pipeline to 2026-08-15 02:00:00+00:00, run_after=2026-08-16 02:00:00+00:00
[2026-08-15T17:40:54.734+0000] {processor.py:183} INFO - Processing /opt/airflow/dags/lakehouse_pipeline.py took 0.200 seconds
[2026-08-15T17:41:17.933+0000] {processor.py:161} INFO - Started process (PID=499) to work on /opt/airflow/dags/lakehouse_pipeline.py
[2026-08-15T17:41:17.934+0000] {processor.py:830} INFO - Processing file /opt/airflow/dags/lakehouse_pipeline.py for tasks to queue
[2026-08-15T17:41:17.936+0000] {logging_mixin.py:188} INFO - [2026-08-15T17:41:17.936+0000] {dagbag.py:545} INFO - Filling up the DagBag from /opt/airflow/dags/lakehouse_pipeline.py
[2026-08-15T17:41:17.965+0000] {processor.py:840} INFO - DAG(s) 'hybrid_lakehouse_daily_pipeline' retrieved from /opt/airflow/dags/lakehouse_pipeline.py
[2026-08-15T17:41:17.979+0000] {logging_mixin.py:188} INFO - [2026-08-15T17:41:17.978+0000] {dag.py:3089} INFO - Sync 1 DAGs
[2026-08-15T17:41:18.002+0000] {logging_mixin.py:188} INFO - [2026-08-15T17:41:18.001+0000] {dag.py:3947} INFO - Setting next_dagrun for hybrid_lakehouse_daily_pipeline to 2026-08-15 02:00:00+00:00, run_after=2026-08-16 02:00:00+00:00
[2026-08-15T17:41:18.023+0000] {processor.py:183} INFO - Processing /opt/airflow/dags/lakehouse_pipeline.py took 0.095 seconds
[2026-08-15T17:41:48.230+0000] {processor.py:161} INFO - Started process (PID=509) to work on /opt/airflow/dags/lakehouse_pipeline.py
[2026-08-15T17:41:48.232+0000] {processor.py:830} INFO - Processing file /opt/airflow/dags/lakehouse_pipeline.py for tasks to queue
[2026-08-15T17:41:48.234+0000] {logging_mixin.py:188} INFO - [2026-08-15T17:41:48.234+0000] {dagbag.py:545} INFO - Filling up the DagBag from /opt/airflow/dags/lakehouse_pipeline.py
[2026-08-15T17:41:48.252+0000] {processor.py:840} INFO - DAG(s) 'hybrid_lakehouse_daily_pipeline' retrieved from /opt/airflow/dags/lakehouse_pipeline.py
[2026-08-15T17:41:48.343+0000] {logging_mixin.py:188} INFO - [2026-08-15T17:41:48.343+0000] {dag.py:3089} INFO - Sync 1 DAGs
[2026-08-15T17:41:48.360+0000] {logging_mixin.py:188} INFO - [2026-08-15T17:41:48.359+0000] {dag.py:3947} INFO - Setting next_dagrun for hybrid_lakehouse_daily_pipeline to 2026-08-15 02:00:00+00:00, run_after=2026-08-16 02:00:00+00:00
[2026-08-15T17:41:48.377+0000] {processor.py:183} INFO - Processing /opt/airflow/dags/lakehouse_pipeline.py took 0.153 seconds
[2026-08-15T17:42:18.587+0000] {processor.py:161} INFO - Started process (PID=519) to work on /opt/airflow/dags/lakehouse_pipeline.py
[2026-08-15T17:42:18.588+0000] {processor.py:830} INFO - Processing file /opt/airflow/dags/lakehouse_pipeline.py for tasks to queue
[2026-08-15T17:42:18.590+0000] {logging_mixin.py:188} INFO - [2026-08-15T17:42:18.590+0000] {dagbag.py:545} INFO - Filling up the DagBag from /opt/airflow/dags/lakehouse_pipeline.py
[2026-08-15T17:42:18.615+0000] {processor.py:840} INFO - DAG(s) 'hybrid_lakehouse_daily_pipeline' retrieved from /opt/airflow/dags/lakehouse_pipeline.py
[2026-08-15T17:42:18.740+0000] {logging_mixin.py:188} INFO - [2026-08-15T17:42:18.740+0000] {dag.py:3089} INFO - Sync 1 DAGs
[2026-08-15T17:42:18.757+0000] {logging_mixin.py:188} INFO - [2026-08-15T17:42:18.757+0000] {dag.py:3947} INFO - Setting next_dagrun for hybrid_lakehouse_daily_pipeline to 2026-08-15 02:00:00+00:00, run_after=2026-08-16 02:00:00+00:00
[2026-08-15T17:42:18.780+0000] {processor.py:183} INFO - Processing /opt/airflow/dags/lakehouse_pipeline.py took 0.200 seconds
[2026-08-15T17:42:49.018+0000] {processor.py:161} INFO - Started process (PID=529) to work on /opt/airflow/dags/lakehouse_pipeline.py
[2026-08-15T17:42:49.020+0000] {processor.py:830} INFO - Processing file /opt/airflow/dags/lakehouse_pipeline.py for tasks to queue
[2026-08-15T17:42:49.023+0000] {logging_mixin.py:188} INFO - [2026-08-15T17:42:49.023+0000] {dagbag.py:545} INFO - Filling up the DagBag from /opt/airflow/dags/lakehouse_pipeline.py
[2026-08-15T17:42:49.060+0000] {processor.py:840} INFO - DAG(s) 'hybrid_lakehouse_daily_pipeline' retrieved from /opt/airflow/dags/lakehouse_pipeline.py
[2026-08-15T17:42:49.158+0000] {logging_mixin.py:188} INFO - [2026-08-15T17:42:49.158+0000] {dag.py:3089} INFO - Sync 1 DAGs
[2026-08-15T17:42:49.179+0000] {logging_mixin.py:188} INFO - [2026-08-15T17:42:49.179+0000] {dag.py:3947} INFO - Setting next_dagrun for hybrid_lakehouse_daily_pipeline to 2026-08-15 02:00:00+00:00, run_after=2026-08-16 02:00:00+00:00
[2026-08-15T17:42:49.199+0000] {processor.py:183} INFO - Processing /opt/airflow/dags/lakehouse_pipeline.py took 0.188 seconds
[2026-08-15T17:43:19.412+0000] {processor.py:161} INFO - Started process (PID=539) to work on /opt/airflow/dags/lakehouse_pipeline.py
[2026-08-15T17:43:19.413+0000] {processor.py:830} INFO - Processing file /opt/airflow/dags/lakehouse_pipeline.py for tasks to queue
[2026-08-15T17:43:19.415+0000] {logging_mixin.py:188} INFO - [2026-08-15T17:43:19.414+0000] {dagbag.py:545} INFO - Filling up the DagBag from /opt/airflow/dags/lakehouse_pipeline.py
[2026-08-15T17:43:19.433+0000] {processor.py:840} INFO - DAG(s) 'hybrid_lakehouse_daily_pipeline' retrieved from /opt/airflow/dags/lakehouse_pipeline.py
[2026-08-15T17:43:19.518+0000] {logging_mixin.py:188} INFO - [2026-08-15T17:43:19.518+0000] {dag.py:3089} INFO - Sync 1 DAGs
[2026-08-15T17:43:19.535+0000] {logging_mixin.py:188} INFO - [2026-08-15T17:43:19.535+0000] {dag.py:3947} INFO - Setting next_dagrun for hybrid_lakehouse_daily_pipeline to 2026-08-15 02:00:00+00:00, run_after=2026-08-16 02:00:00+00:00
[2026-08-15T17:43:19.552+0000] {processor.py:183} INFO - Processing /opt/airflow/dags/lakehouse_pipeline.py took 0.145 seconds
[2026-08-15T17:43:49.764+0000] {processor.py:161} INFO - Started process (PID=549) to work on /opt/airflow/dags/lakehouse_pipeline.py
[2026-08-15T17:43:49.765+0000] {processor.py:830} INFO - Processing file /opt/airflow/dags/lakehouse_pipeline.py for tasks to queue
[2026-08-15T17:43:49.767+0000] {logging_mixin.py:188} INFO - [2026-08-15T17:43:49.767+0000] {dagbag.py:545} INFO - Filling up the DagBag from /opt/airflow/dags/lakehouse_pipeline.py
[2026-08-15T17:43:49.788+0000] {processor.py:840} INFO - DAG(s) 'hybrid_lakehouse_daily_pipeline' retrieved from /opt/airflow/dags/lakehouse_pipeline.py
[2026-08-15T17:43:49.877+0000] {logging_mixin.py:188} INFO - [2026-08-15T17:43:49.877+0000] {dag.py:3089} INFO - Sync 1 DAGs
[2026-08-15T17:43:49.894+0000] {logging_mixin.py:188} INFO - [2026-08-15T17:43:49.894+0000] {dag.py:3947} INFO - Setting next_dagrun for hybrid_lakehouse_daily_pipeline to 2026-08-15 02:00:00+00:00, run_after=2026-08-16 02:00:00+00:00
[2026-08-15T17:43:49.916+0000] {processor.py:183} INFO - Processing /opt/airflow/dags/lakehouse_pipeline.py took 0.156 seconds
[2026-08-15T17:44:20.128+0000] {processor.py:161} INFO - Started process (PID=559) to work on /opt/airflow/dags/lakehouse_pipeline.py
[2026-08-15T17:44:20.129+0000] {processor.py:830} INFO - Processing file /opt/airflow/dags/lakehouse_pipeline.py for tasks to queue
[2026-08-15T17:44:20.131+0000] {logging_mixin.py:188} INFO - [2026-08-15T17:44:20.130+0000] {dagbag.py:545} INFO - Filling up the DagBag from /opt/airflow/dags/lakehouse_pipeline.py
[2026-08-15T17:44:20.148+0000] {processor.py:840} INFO - DAG(s) 'hybrid_lakehouse_daily_pipeline' retrieved from /opt/airflow/dags/lakehouse_pipeline.py
[2026-08-15T17:44:20.269+0000] {logging_mixin.py:188} INFO - [2026-08-15T17:44:20.269+0000] {dag.py:3089} INFO - Sync 1 DAGs
[2026-08-15T17:44:20.289+0000] {logging_mixin.py:188} INFO - [2026-08-15T17:44:20.289+0000] {dag.py:3947} INFO - Setting next_dagrun for hybrid_lakehouse_daily_pipeline to 2026-08-15 02:00:00+00:00, run_after=2026-08-16 02:00:00+00:00
[2026-08-15T17:44:20.317+0000] {processor.py:183} INFO - Processing /opt/airflow/dags/lakehouse_pipeline.py took 0.194 seconds
[2026-08-15T17:44:50.533+0000] {processor.py:161} INFO - Started process (PID=600) to work on /opt/airflow/dags/lakehouse_pipeline.py
[2026-08-15T17:44:50.534+0000] {processor.py:830} INFO - Processing file /opt/airflow/dags/lakehouse_pipeline.py for tasks to queue
[2026-08-15T17:44:50.536+0000] {logging_mixin.py:188} INFO - [2026-08-15T17:44:50.536+0000] {dagbag.py:545} INFO - Filling up the DagBag from /opt/airflow/dags/lakehouse_pipeline.py
[2026-08-15T17:44:50.555+0000] {processor.py:840} INFO - DAG(s) 'hybrid_lakehouse_daily_pipeline' retrieved from /opt/airflow/dags/lakehouse_pipeline.py
[2026-08-15T17:44:50.656+0000] {logging_mixin.py:188} INFO - [2026-08-15T17:44:50.656+0000] {dag.py:3089} INFO - Sync 1 DAGs
[2026-08-15T17:44:50.694+0000] {processor.py:183} INFO - Processing /opt/airflow/dags/lakehouse_pipeline.py took 0.167 seconds
[2026-08-15T17:45:20.914+0000] {processor.py:161} INFO - Started process (PID=613) to work on /opt/airflow/dags/lakehouse_pipeline.py
[2026-08-15T17:45:20.915+0000] {processor.py:830} INFO - Processing file /opt/airflow/dags/lakehouse_pipeline.py for tasks to queue
[2026-08-15T17:45:20.917+0000] {logging_mixin.py:188} INFO - [2026-08-15T17:45:20.916+0000] {dagbag.py:545} INFO - Filling up the DagBag from /opt/airflow/dags/lakehouse_pipeline.py
[2026-08-15T17:45:20.935+0000] {processor.py:840} INFO - DAG(s) 'hybrid_lakehouse_daily_pipeline' retrieved from /opt/airflow/dags/lakehouse_pipeline.py
[2026-08-15T17:45:21.032+0000] {logging_mixin.py:188} INFO - [2026-08-15T17:45:21.032+0000] {dag.py:3089} INFO - Sync 1 DAGs
[2026-08-15T17:45:21.068+0000] {processor.py:183} INFO - Processing /opt/airflow/dags/lakehouse_pipeline.py took 0.160 seconds
[2026-08-15T17:45:51.292+0000] {processor.py:161} INFO - Started process (PID=627) to work on /opt/airflow/dags/lakehouse_pipeline.py
[2026-08-15T17:45:51.294+0000] {processor.py:830} INFO - Processing file /opt/airflow/dags/lakehouse_pipeline.py for tasks to queue
[2026-08-15T17:45:51.296+0000] {logging_mixin.py:188} INFO - [2026-08-15T17:45:51.296+0000] {dagbag.py:545} INFO - Filling up the DagBag from /opt/airflow/dags/lakehouse_pipeline.py
[2026-08-15T17:45:51.320+0000] {processor.py:840} INFO - DAG(s) 'hybrid_lakehouse_daily_pipeline' retrieved from /opt/airflow/dags/lakehouse_pipeline.py
[2026-08-15T17:45:51.457+0000] {logging_mixin.py:188} INFO - [2026-08-15T17:45:51.457+0000] {dag.py:3089} INFO - Sync 1 DAGs
[2026-08-15T17:45:51.520+0000] {processor.py:183} INFO - Processing /opt/airflow/dags/lakehouse_pipeline.py took 0.235 seconds
[2026-08-15T17:46:21.564+0000] {processor.py:161} INFO - Started process (PID=640) to work on /opt/airflow/dags/lakehouse_pipeline.py
[2026-08-15T17:46:21.566+0000] {processor.py:830} INFO - Processing file /opt/airflow/dags/lakehouse_pipeline.py for tasks to queue
[2026-08-15T17:46:21.568+0000] {logging_mixin.py:188} INFO - [2026-08-15T17:46:21.567+0000] {dagbag.py:545} INFO - Filling up the DagBag from /opt/airflow/dags/lakehouse_pipeline.py
[2026-08-15T17:46:21.587+0000] {processor.py:840} INFO - DAG(s) 'hybrid_lakehouse_daily_pipeline' retrieved from /opt/airflow/dags/lakehouse_pipeline.py
[2026-08-15T17:46:21.689+0000] {logging_mixin.py:188} INFO - [2026-08-15T17:46:21.689+0000] {dag.py:3089} INFO - Sync 1 DAGs
[2026-08-15T17:46:21.727+0000] {processor.py:183} INFO - Processing /opt/airflow/dags/lakehouse_pipeline.py took 0.168 seconds
[2026-08-15T17:46:51.960+0000] {processor.py:161} INFO - Started process (PID=652) to work on /opt/airflow/dags/lakehouse_pipeline.py
[2026-08-15T17:46:51.961+0000] {processor.py:830} INFO - Processing file /opt/airflow/dags/lakehouse_pipeline.py for tasks to queue
[2026-08-15T17:46:51.964+0000] {logging_mixin.py:188} INFO - [2026-08-15T17:46:51.964+0000] {dagbag.py:545} INFO - Filling up the DagBag from /opt/airflow/dags/lakehouse_pipeline.py
[2026-08-15T17:46:51.989+0000] {processor.py:840} INFO - DAG(s) 'hybrid_lakehouse_daily_pipeline' retrieved from /opt/airflow/dags/lakehouse_pipeline.py
[2026-08-15T17:46:52.112+0000] {logging_mixin.py:188} INFO - [2026-08-15T17:46:52.112+0000] {dag.py:3089} INFO - Sync 1 DAGs
[2026-08-15T17:46:52.154+0000] {processor.py:183} INFO - Processing /opt/airflow/dags/lakehouse_pipeline.py took 0.202 seconds
[2026-08-15T17:47:22.371+0000] {processor.py:161} INFO - Started process (PID=664) to work on /opt/airflow/dags/lakehouse_pipeline.py
[2026-08-15T17:47:22.372+0000] {processor.py:830} INFO - Processing file /opt/airflow/dags/lakehouse_pipeline.py for tasks to queue
[2026-08-15T17:47:22.375+0000] {logging_mixin.py:188} INFO - [2026-08-15T17:47:22.374+0000] {dagbag.py:545} INFO - Filling up the DagBag from /opt/airflow/dags/lakehouse_pipeline.py
[2026-08-15T17:47:22.396+0000] {processor.py:840} INFO - DAG(s) 'hybrid_lakehouse_daily_pipeline' retrieved from /opt/airflow/dags/lakehouse_pipeline.py
[2026-08-15T17:47:22.508+0000] {logging_mixin.py:188} INFO - [2026-08-15T17:47:22.507+0000] {dag.py:3089} INFO - Sync 1 DAGs
[2026-08-15T17:47:22.550+0000] {processor.py:183} INFO - Processing /opt/airflow/dags/lakehouse_pipeline.py took 0.186 seconds
[2026-08-15T17:47:52.774+0000] {processor.py:161} INFO - Started process (PID=675) to work on /opt/airflow/dags/lakehouse_pipeline.py
[2026-08-15T17:47:52.776+0000] {processor.py:830} INFO - Processing file /opt/airflow/dags/lakehouse_pipeline.py for tasks to queue
[2026-08-15T17:47:52.778+0000] {logging_mixin.py:188} INFO - [2026-08-15T17:47:52.778+0000] {dagbag.py:545} INFO - Filling up the DagBag from /opt/airflow/dags/lakehouse_pipeline.py
[2026-08-15T17:47:52.803+0000] {processor.py:840} INFO - DAG(s) 'hybrid_lakehouse_daily_pipeline' retrieved from /opt/airflow/dags/lakehouse_pipeline.py
[2026-08-15T17:47:52.905+0000] {logging_mixin.py:188} INFO - [2026-08-15T17:47:52.905+0000] {dag.py:3089} INFO - Sync 1 DAGs
[2026-08-15T17:47:52.945+0000] {processor.py:183} INFO - Processing /opt/airflow/dags/lakehouse_pipeline.py took 0.177 seconds
[2026-08-15T17:48:23.160+0000] {processor.py:161} INFO - Started process (PID=690) to work on /opt/airflow/dags/lakehouse_pipeline.py
[2026-08-15T17:48:23.161+0000] {processor.py:830} INFO - Processing file /opt/airflow/dags/lakehouse_pipeline.py for tasks to queue
[2026-08-15T17:48:23.163+0000] {logging_mixin.py:188} INFO - [2026-08-15T17:48:23.163+0000] {dagbag.py:545} INFO - Filling up the DagBag from /opt/airflow/dags/lakehouse_pipeline.py
[2026-08-15T17:48:23.181+0000] {processor.py:840} INFO - DAG(s) 'hybrid_lakehouse_daily_pipeline' retrieved from /opt/airflow/dags/lakehouse_pipeline.py
[2026-08-15T17:48:23.277+0000] {logging_mixin.py:188} INFO - [2026-08-15T17:48:23.277+0000] {dag.py:3089} INFO - Sync 1 DAGs
[2026-08-15T17:48:23.318+0000] {processor.py:183} INFO - Processing /opt/airflow/dags/lakehouse_pipeline.py took 0.164 seconds
[2026-08-15T17:48:53.531+0000] {processor.py:161} INFO - Started process (PID=703) to work on /opt/airflow/dags/lakehouse_pipeline.py
[2026-08-15T17:48:53.533+0000] {processor.py:830} INFO - Processing file /opt/airflow/dags/lakehouse_pipeline.py for tasks to queue
[2026-08-15T17:48:53.535+0000] {logging_mixin.py:188} INFO - [2026-08-15T17:48:53.535+0000] {dagbag.py:545} INFO - Filling up the DagBag from /opt/airflow/dags/lakehouse_pipeline.py
[2026-08-15T17:48:53.556+0000] {processor.py:840} INFO - DAG(s) 'hybrid_lakehouse_daily_pipeline' retrieved from /opt/airflow/dags/lakehouse_pipeline.py
[2026-08-15T17:48:53.662+0000] {logging_mixin.py:188} INFO - [2026-08-15T17:48:53.662+0000] {dag.py:3089} INFO - Sync 1 DAGs
[2026-08-15T17:48:53.703+0000] {processor.py:183} INFO - Processing /opt/airflow/dags/lakehouse_pipeline.py took 0.179 seconds
[2026-08-15T17:49:23.913+0000] {processor.py:161} INFO - Started process (PID=717) to work on /opt/airflow/dags/lakehouse_pipeline.py
[2026-08-15T17:49:23.914+0000] {processor.py:830} INFO - Processing file /opt/airflow/dags/lakehouse_pipeline.py for tasks to queue
[2026-08-15T17:49:23.916+0000] {logging_mixin.py:188} INFO - [2026-08-15T17:49:23.916+0000] {dagbag.py:545} INFO - Filling up the DagBag from /opt/airflow/dags/lakehouse_pipeline.py
[2026-08-15T17:49:23.938+0000] {processor.py:840} INFO - DAG(s) 'hybrid_lakehouse_daily_pipeline' retrieved from /opt/airflow/dags/lakehouse_pipeline.py
[2026-08-15T17:49:24.039+0000] {logging_mixin.py:188} INFO - [2026-08-15T17:49:24.038+0000] {dag.py:3089} INFO - Sync 1 DAGs
[2026-08-15T17:49:24.073+0000] {processor.py:183} INFO - Processing /opt/airflow/dags/lakehouse_pipeline.py took 0.165 seconds
[2026-08-15T17:49:54.298+0000] {processor.py:161} INFO - Started process (PID=761) to work on /opt/airflow/dags/lakehouse_pipeline.py
[2026-08-15T17:49:54.299+0000] {processor.py:830} INFO - Processing file /opt/airflow/dags/lakehouse_pipeline.py for tasks to queue
[2026-08-15T17:49:54.301+0000] {logging_mixin.py:188} INFO - [2026-08-15T17:49:54.301+0000] {dagbag.py:545} INFO - Filling up the DagBag from /opt/airflow/dags/lakehouse_pipeline.py
[2026-08-15T17:49:54.320+0000] {processor.py:840} INFO - DAG(s) 'hybrid_lakehouse_daily_pipeline' retrieved from /opt/airflow/dags/lakehouse_pipeline.py
[2026-08-15T17:49:54.428+0000] {logging_mixin.py:188} INFO - [2026-08-15T17:49:54.428+0000] {dag.py:3089} INFO - Sync 1 DAGs
[2026-08-15T17:49:54.471+0000] {processor.py:183} INFO - Processing /opt/airflow/dags/lakehouse_pipeline.py took 0.179 seconds
[2026-08-15T17:50:25.108+0000] {processor.py:161} INFO - Started process (PID=774) to work on /opt/airflow/dags/lakehouse_pipeline.py
[2026-08-15T17:50:25.110+0000] {processor.py:830} INFO - Processing file /opt/airflow/dags/lakehouse_pipeline.py for tasks to queue
[2026-08-15T17:50:25.113+0000] {logging_mixin.py:188} INFO - [2026-08-15T17:50:25.113+0000] {dagbag.py:545} INFO - Filling up the DagBag from /opt/airflow/dags/lakehouse_pipeline.py
[2026-08-15T17:50:25.161+0000] {processor.py:840} INFO - DAG(s) 'hybrid_lakehouse_daily_pipeline' retrieved from /opt/airflow/dags/lakehouse_pipeline.py
[2026-08-15T17:50:25.340+0000] {logging_mixin.py:188} INFO - [2026-08-15T17:50:25.339+0000] {dag.py:3089} INFO - Sync 1 DAGs
[2026-08-15T17:50:25.405+0000] {processor.py:183} INFO - Processing /opt/airflow/dags/lakehouse_pipeline.py took 0.304 seconds
[2026-08-15T17:50:55.851+0000] {processor.py:161} INFO - Started process (PID=788) to work on /opt/airflow/dags/lakehouse_pipeline.py
[2026-08-15T17:50:55.853+0000] {processor.py:830} INFO - Processing file /opt/airflow/dags/lakehouse_pipeline.py for tasks to queue
[2026-08-15T17:50:55.858+0000] {logging_mixin.py:188} INFO - [2026-08-15T17:50:55.857+0000] {dagbag.py:545} INFO - Filling up the DagBag from /opt/airflow/dags/lakehouse_pipeline.py
[2026-08-15T17:50:55.921+0000] {processor.py:840} INFO - DAG(s) 'hybrid_lakehouse_daily_pipeline' retrieved from /opt/airflow/dags/lakehouse_pipeline.py
[2026-08-15T17:50:56.194+0000] {logging_mixin.py:188} INFO - [2026-08-15T17:50:56.194+0000] {dag.py:3089} INFO - Sync 1 DAGs
[2026-08-15T17:50:56.280+0000] {processor.py:183} INFO - Processing /opt/airflow/dags/lakehouse_pipeline.py took 0.442 seconds
[2026-08-15T17:51:26.766+0000] {processor.py:161} INFO - Started process (PID=800) to work on /opt/airflow/dags/lakehouse_pipeline.py
[2026-08-15T17:51:26.768+0000] {processor.py:830} INFO - Processing file /opt/airflow/dags/lakehouse_pipeline.py for tasks to queue
[2026-08-15T17:51:26.772+0000] {logging_mixin.py:188} INFO - [2026-08-15T17:51:26.771+0000] {dagbag.py:545} INFO - Filling up the DagBag from /opt/airflow/dags/lakehouse_pipeline.py
[2026-08-15T17:51:26.805+0000] {processor.py:840} INFO - DAG(s) 'hybrid_lakehouse_daily_pipeline' retrieved from /opt/airflow/dags/lakehouse_pipeline.py
[2026-08-15T17:51:26.968+0000] {logging_mixin.py:188} INFO - [2026-08-15T17:51:26.967+0000] {dag.py:3089} INFO - Sync 1 DAGs
[2026-08-15T17:51:27.022+0000] {processor.py:183} INFO - Processing /opt/airflow/dags/lakehouse_pipeline.py took 0.264 seconds
[2026-08-15T17:51:57.456+0000] {processor.py:161} INFO - Started process (PID=814) to work on /opt/airflow/dags/lakehouse_pipeline.py
[2026-08-15T17:51:57.458+0000] {processor.py:830} INFO - Processing file /opt/airflow/dags/lakehouse_pipeline.py for tasks to queue
[2026-08-15T17:51:57.463+0000] {logging_mixin.py:188} INFO - [2026-08-15T17:51:57.462+0000] {dagbag.py:545} INFO - Filling up the DagBag from /opt/airflow/dags/lakehouse_pipeline.py
[2026-08-15T17:51:57.508+0000] {processor.py:840} INFO - DAG(s) 'hybrid_lakehouse_daily_pipeline' retrieved from /opt/airflow/dags/lakehouse_pipeline.py
[2026-08-15T17:51:57.709+0000] {logging_mixin.py:188} INFO - [2026-08-15T17:51:57.708+0000] {dag.py:3089} INFO - Sync 1 DAGs
[2026-08-15T17:51:57.809+0000] {processor.py:183} INFO - Processing /opt/airflow/dags/lakehouse_pipeline.py took 0.360 seconds
[2026-08-15T17:52:28.269+0000] {processor.py:161} INFO - Started process (PID=830) to work on /opt/airflow/dags/lakehouse_pipeline.py
[2026-08-15T17:52:28.274+0000] {processor.py:830} INFO - Processing file /opt/airflow/dags/lakehouse_pipeline.py for tasks to queue
[2026-08-15T17:52:28.283+0000] {logging_mixin.py:188} INFO - [2026-08-15T17:52:28.282+0000] {dagbag.py:545} INFO - Filling up the DagBag from /opt/airflow/dags/lakehouse_pipeline.py
[2026-08-15T17:52:28.363+0000] {processor.py:840} INFO - DAG(s) 'hybrid_lakehouse_daily_pipeline' retrieved from /opt/airflow/dags/lakehouse_pipeline.py
[2026-08-15T17:52:28.575+0000] {logging_mixin.py:188} INFO - [2026-08-15T17:52:28.575+0000] {dag.py:3089} INFO - Sync 1 DAGs
[2026-08-15T17:52:28.656+0000] {processor.py:183} INFO - Processing /opt/airflow/dags/lakehouse_pipeline.py took 0.414 seconds
[2026-08-15T17:52:59.070+0000] {processor.py:161} INFO - Started process (PID=842) to work on /opt/airflow/dags/lakehouse_pipeline.py
[2026-08-15T17:52:59.073+0000] {processor.py:830} INFO - Processing file /opt/airflow/dags/lakehouse_pipeline.py for tasks to queue
[2026-08-15T17:52:59.078+0000] {logging_mixin.py:188} INFO - [2026-08-15T17:52:59.077+0000] {dagbag.py:545} INFO - Filling up the DagBag from /opt/airflow/dags/lakehouse_pipeline.py
[2026-08-15T17:52:59.122+0000] {processor.py:840} INFO - DAG(s) 'hybrid_lakehouse_daily_pipeline' retrieved from /opt/airflow/dags/lakehouse_pipeline.py
[2026-08-15T17:52:59.364+0000] {logging_mixin.py:188} INFO - [2026-08-15T17:52:59.363+0000] {dag.py:3089} INFO - Sync 1 DAGs
[2026-08-15T17:52:59.447+0000] {processor.py:183} INFO - Processing /opt/airflow/dags/lakehouse_pipeline.py took 0.388 seconds
[2026-08-15T17:53:29.898+0000] {processor.py:161} INFO - Started process (PID=855) to work on /opt/airflow/dags/lakehouse_pipeline.py
[2026-08-15T17:53:29.900+0000] {processor.py:830} INFO - Processing file /opt/airflow/dags/lakehouse_pipeline.py for tasks to queue
[2026-08-15T17:53:29.903+0000] {logging_mixin.py:188} INFO - [2026-08-15T17:53:29.903+0000] {dagbag.py:545} INFO - Filling up the DagBag from /opt/airflow/dags/lakehouse_pipeline.py
[2026-08-15T17:53:29.952+0000] {processor.py:840} INFO - DAG(s) 'hybrid_lakehouse_daily_pipeline' retrieved from /opt/airflow/dags/lakehouse_pipeline.py
[2026-08-15T17:53:30.111+0000] {logging_mixin.py:188} INFO - [2026-08-15T17:53:30.110+0000] {dag.py:3089} INFO - Sync 1 DAGs
[2026-08-15T17:53:30.166+0000] {processor.py:183} INFO - Processing /opt/airflow/dags/lakehouse_pipeline.py took 0.275 seconds
[2026-08-15T17:54:00.584+0000] {processor.py:161} INFO - Started process (PID=867) to work on /opt/airflow/dags/lakehouse_pipeline.py
[2026-08-15T17:54:00.586+0000] {processor.py:830} INFO - Processing file /opt/airflow/dags/lakehouse_pipeline.py for tasks to queue
[2026-08-15T17:54:00.589+0000] {logging_mixin.py:188} INFO - [2026-08-15T17:54:00.589+0000] {dagbag.py:545} INFO - Filling up the DagBag from /opt/airflow/dags/lakehouse_pipeline.py
[2026-08-15T17:54:00.625+0000] {processor.py:840} INFO - DAG(s) 'hybrid_lakehouse_daily_pipeline' retrieved from /opt/airflow/dags/lakehouse_pipeline.py
[2026-08-15T17:54:00.792+0000] {logging_mixin.py:188} INFO - [2026-08-15T17:54:00.792+0000] {dag.py:3089} INFO - Sync 1 DAGs
[2026-08-15T17:54:00.871+0000] {processor.py:183} INFO - Processing /opt/airflow/dags/lakehouse_pipeline.py took 0.295 seconds
[2026-08-15T17:54:31.267+0000] {processor.py:161} INFO - Started process (PID=940) to work on /opt/airflow/dags/lakehouse_pipeline.py
[2026-08-15T17:54:31.269+0000] {processor.py:830} INFO - Processing file /opt/airflow/dags/lakehouse_pipeline.py for tasks to queue
[2026-08-15T17:54:31.272+0000] {logging_mixin.py:188} INFO - [2026-08-15T17:54:31.272+0000] {dagbag.py:545} INFO - Filling up the DagBag from /opt/airflow/dags/lakehouse_pipeline.py
[2026-08-15T17:54:31.309+0000] {processor.py:840} INFO - DAG(s) 'hybrid_lakehouse_daily_pipeline' retrieved from /opt/airflow/dags/lakehouse_pipeline.py
[2026-08-15T17:54:31.469+0000] {logging_mixin.py:188} INFO - [2026-08-15T17:54:31.469+0000] {dag.py:3089} INFO - Sync 1 DAGs
[2026-08-15T17:54:31.535+0000] {processor.py:183} INFO - Processing /opt/airflow/dags/lakehouse_pipeline.py took 0.283 seconds
[2026-08-15T17:55:01.918+0000] {processor.py:161} INFO - Started process (PID=978) to work on /opt/airflow/dags/lakehouse_pipeline.py
[2026-08-15T17:55:01.921+0000] {processor.py:830} INFO - Processing file /opt/airflow/dags/lakehouse_pipeline.py for tasks to queue
[2026-08-15T17:55:01.925+0000] {logging_mixin.py:188} INFO - [2026-08-15T17:55:01.924+0000] {dagbag.py:545} INFO - Filling up the DagBag from /opt/airflow/dags/lakehouse_pipeline.py
[2026-08-15T17:55:01.961+0000] {processor.py:840} INFO - DAG(s) 'hybrid_lakehouse_daily_pipeline' retrieved from /opt/airflow/dags/lakehouse_pipeline.py
[2026-08-15T17:55:02.200+0000] {logging_mixin.py:188} INFO - [2026-08-15T17:55:02.199+0000] {dag.py:3089} INFO - Sync 1 DAGs
[2026-08-15T17:55:02.332+0000] {processor.py:183} INFO - Processing /opt/airflow/dags/lakehouse_pipeline.py took 0.424 seconds
[2026-08-15T17:55:32.780+0000] {processor.py:161} INFO - Started process (PID=988) to work on /opt/airflow/dags/lakehouse_pipeline.py
[2026-08-15T17:55:32.786+0000] {processor.py:830} INFO - Processing file /opt/airflow/dags/lakehouse_pipeline.py for tasks to queue
[2026-08-15T17:55:32.793+0000] {logging_mixin.py:188} INFO - [2026-08-15T17:55:32.792+0000] {dagbag.py:545} INFO - Filling up the DagBag from /opt/airflow/dags/lakehouse_pipeline.py
[2026-08-15T17:55:32.856+0000] {processor.py:840} INFO - DAG(s) 'hybrid_lakehouse_daily_pipeline' retrieved from /opt/airflow/dags/lakehouse_pipeline.py
[2026-08-15T17:55:33.025+0000] {logging_mixin.py:188} INFO - [2026-08-15T17:55:33.024+0000] {dag.py:3089} INFO - Sync 1 DAGs
[2026-08-15T17:55:33.084+0000] {processor.py:183} INFO - Processing /opt/airflow/dags/lakehouse_pipeline.py took 0.325 seconds
[2026-08-15T17:56:03.477+0000] {processor.py:161} INFO - Started process (PID=998) to work on /opt/airflow/dags/lakehouse_pipeline.py
[2026-08-15T17:56:03.479+0000] {processor.py:830} INFO - Processing file /opt/airflow/dags/lakehouse_pipeline.py for tasks to queue
[2026-08-15T17:56:03.482+0000] {logging_mixin.py:188} INFO - [2026-08-15T17:56:03.481+0000] {dagbag.py:545} INFO - Filling up the DagBag from /opt/airflow/dags/lakehouse_pipeline.py
[2026-08-15T17:56:03.517+0000] {processor.py:840} INFO - DAG(s) 'hybrid_lakehouse_daily_pipeline' retrieved from /opt/airflow/dags/lakehouse_pipeline.py
[2026-08-15T17:56:03.693+0000] {logging_mixin.py:188} INFO - [2026-08-15T17:56:03.693+0000] {dag.py:3089} INFO - Sync 1 DAGs
[2026-08-15T17:56:03.775+0000] {processor.py:183} INFO - Processing /opt/airflow/dags/lakehouse_pipeline.py took 0.306 seconds
[2026-08-15T17:56:34.368+0000] {processor.py:161} INFO - Started process (PID=1008) to work on /opt/airflow/dags/lakehouse_pipeline.py
[2026-08-15T17:56:34.373+0000] {processor.py:830} INFO - Processing file /opt/airflow/dags/lakehouse_pipeline.py for tasks to queue
[2026-08-15T17:56:34.381+0000] {logging_mixin.py:188} INFO - [2026-08-15T17:56:34.380+0000] {dagbag.py:545} INFO - Filling up the DagBag from /opt/airflow/dags/lakehouse_pipeline.py
[2026-08-15T17:56:34.448+0000] {processor.py:840} INFO - DAG(s) 'hybrid_lakehouse_daily_pipeline' retrieved from /opt/airflow/dags/lakehouse_pipeline.py
[2026-08-15T17:56:34.598+0000] {logging_mixin.py:188} INFO - [2026-08-15T17:56:34.597+0000] {dag.py:3089} INFO - Sync 1 DAGs
[2026-08-15T17:56:34.667+0000] {processor.py:183} INFO - Processing /opt/airflow/dags/lakehouse_pipeline.py took 0.327 seconds
[2026-08-15T17:57:05.074+0000] {processor.py:161} INFO - Started process (PID=1018) to work on /opt/airflow/dags/lakehouse_pipeline.py
[2026-08-15T17:57:05.076+0000] {processor.py:830} INFO - Processing file /opt/airflow/dags/lakehouse_pipeline.py for tasks to queue
[2026-08-15T17:57:05.080+0000] {logging_mixin.py:188} INFO - [2026-08-15T17:57:05.079+0000] {dagbag.py:545} INFO - Filling up the DagBag from /opt/airflow/dags/lakehouse_pipeline.py
[2026-08-15T17:57:05.117+0000] {processor.py:840} INFO - DAG(s) 'hybrid_lakehouse_daily_pipeline' retrieved from /opt/airflow/dags/lakehouse_pipeline.py
[2026-08-15T17:57:05.287+0000] {logging_mixin.py:188} INFO - [2026-08-15T17:57:05.287+0000] {dag.py:3089} INFO - Sync 1 DAGs
[2026-08-15T17:57:05.349+0000] {processor.py:183} INFO - Processing /opt/airflow/dags/lakehouse_pipeline.py took 0.283 seconds
[2026-08-15T17:57:35.780+0000] {processor.py:161} INFO - Started process (PID=1028) to work on /opt/airflow/dags/lakehouse_pipeline.py
[2026-08-15T17:57:35.784+0000] {processor.py:830} INFO - Processing file /opt/airflow/dags/lakehouse_pipeline.py for tasks to queue
[2026-08-15T17:57:35.789+0000] {logging_mixin.py:188} INFO - [2026-08-15T17:57:35.789+0000] {dagbag.py:545} INFO - Filling up the DagBag from /opt/airflow/dags/lakehouse_pipeline.py
[2026-08-15T17:57:35.836+0000] {processor.py:840} INFO - DAG(s) 'hybrid_lakehouse_daily_pipeline' retrieved from /opt/airflow/dags/lakehouse_pipeline.py
[2026-08-15T17:57:35.978+0000] {logging_mixin.py:188} INFO - [2026-08-15T17:57:35.978+0000] {dag.py:3089} INFO - Sync 1 DAGs
[2026-08-15T17:57:36.040+0000] {processor.py:183} INFO - Processing /opt/airflow/dags/lakehouse_pipeline.py took 0.271 seconds
[2026-08-15T17:58:06.448+0000] {processor.py:161} INFO - Started process (PID=1038) to work on /opt/airflow/dags/lakehouse_pipeline.py
[2026-08-15T17:58:06.450+0000] {processor.py:830} INFO - Processing file /opt/airflow/dags/lakehouse_pipeline.py for tasks to queue
[2026-08-15T17:58:06.454+0000] {logging_mixin.py:188} INFO - [2026-08-15T17:58:06.453+0000] {dagbag.py:545} INFO - Filling up the DagBag from /opt/airflow/dags/lakehouse_pipeline.py
[2026-08-15T17:58:06.507+0000] {processor.py:840} INFO - DAG(s) 'hybrid_lakehouse_daily_pipeline' retrieved from /opt/airflow/dags/lakehouse_pipeline.py
[2026-08-15T17:58:06.682+0000] {logging_mixin.py:188} INFO - [2026-08-15T17:58:06.682+0000] {dag.py:3089} INFO - Sync 1 DAGs
[2026-08-15T17:58:06.757+0000] {processor.py:183} INFO - Processing /opt/airflow/dags/lakehouse_pipeline.py took 0.317 seconds
[2026-08-15T17:58:37.138+0000] {processor.py:161} INFO - Started process (PID=1048) to work on /opt/airflow/dags/lakehouse_pipeline.py
[2026-08-15T17:58:37.141+0000] {processor.py:830} INFO - Processing file /opt/airflow/dags/lakehouse_pipeline.py for tasks to queue
[2026-08-15T17:58:37.145+0000] {logging_mixin.py:188} INFO - [2026-08-15T17:58:37.144+0000] {dagbag.py:545} INFO - Filling up the DagBag from /opt/airflow/dags/lakehouse_pipeline.py
[2026-08-15T17:58:37.195+0000] {processor.py:840} INFO - DAG(s) 'hybrid_lakehouse_daily_pipeline' retrieved from /opt/airflow/dags/lakehouse_pipeline.py
[2026-08-15T17:58:37.340+0000] {logging_mixin.py:188} INFO - [2026-08-15T17:58:37.340+0000] {dag.py:3089} INFO - Sync 1 DAGs
[2026-08-15T17:58:37.411+0000] {processor.py:183} INFO - Processing /opt/airflow/dags/lakehouse_pipeline.py took 0.283 seconds
[2026-08-15T17:59:07.798+0000] {processor.py:161} INFO - Started process (PID=1058) to work on /opt/airflow/dags/lakehouse_pipeline.py
[2026-08-15T17:59:07.800+0000] {processor.py:830} INFO - Processing file /opt/airflow/dags/lakehouse_pipeline.py for tasks to queue
[2026-08-15T17:59:07.804+0000] {logging_mixin.py:188} INFO - [2026-08-15T17:59:07.804+0000] {dagbag.py:545} INFO - Filling up the DagBag from /opt/airflow/dags/lakehouse_pipeline.py
[2026-08-15T17:59:07.840+0000] {processor.py:840} INFO - DAG(s) 'hybrid_lakehouse_daily_pipeline' retrieved from /opt/airflow/dags/lakehouse_pipeline.py
[2026-08-15T17:59:08.059+0000] {logging_mixin.py:188} INFO - [2026-08-15T17:59:08.059+0000] {dag.py:3089} INFO - Sync 1 DAGs
[2026-08-15T17:59:08.128+0000] {processor.py:183} INFO - Processing /opt/airflow/dags/lakehouse_pipeline.py took 0.338 seconds
[2026-08-15T17:59:38.547+0000] {processor.py:161} INFO - Started process (PID=1068) to work on /opt/airflow/dags/lakehouse_pipeline.py
[2026-08-15T17:59:38.549+0000] {processor.py:830} INFO - Processing file /opt/airflow/dags/lakehouse_pipeline.py for tasks to queue
[2026-08-15T17:59:38.556+0000] {logging_mixin.py:188} INFO - [2026-08-15T17:59:38.555+0000] {dagbag.py:545} INFO - Filling up the DagBag from /opt/airflow/dags/lakehouse_pipeline.py
[2026-08-15T17:59:38.599+0000] {processor.py:840} INFO - DAG(s) 'hybrid_lakehouse_daily_pipeline' retrieved from /opt/airflow/dags/lakehouse_pipeline.py
[2026-08-15T17:59:38.764+0000] {logging_mixin.py:188} INFO - [2026-08-15T17:59:38.763+0000] {dag.py:3089} INFO - Sync 1 DAGs
[2026-08-15T17:59:38.840+0000] {processor.py:183} INFO - Processing /opt/airflow/dags/lakehouse_pipeline.py took 0.301 seconds
[2026-08-15T18:00:09.263+0000] {processor.py:161} INFO - Started process (PID=1125) to work on /opt/airflow/dags/lakehouse_pipeline.py
[2026-08-15T18:00:09.267+0000] {processor.py:830} INFO - Processing file /opt/airflow/dags/lakehouse_pipeline.py for tasks to queue
[2026-08-15T18:00:09.272+0000] {logging_mixin.py:188} INFO - [2026-08-15T18:00:09.271+0000] {dagbag.py:545} INFO - Filling up the DagBag from /opt/airflow/dags/lakehouse_pipeline.py
[2026-08-15T18:00:09.341+0000] {processor.py:840} INFO - DAG(s) 'hybrid_lakehouse_daily_pipeline' retrieved from /opt/airflow/dags/lakehouse_pipeline.py
[2026-08-15T18:00:09.534+0000] {logging_mixin.py:188} INFO - [2026-08-15T18:00:09.533+0000] {dag.py:3089} INFO - Sync 1 DAGs
[2026-08-15T18:00:09.647+0000] {processor.py:183} INFO - Processing /opt/airflow/dags/lakehouse_pipeline.py took 0.406 seconds
[2026-08-15T18:00:40.095+0000] {processor.py:161} INFO - Started process (PID=1162) to work on /opt/airflow/dags/lakehouse_pipeline.py
[2026-08-15T18:00:40.097+0000] {processor.py:830} INFO - Processing file /opt/airflow/dags/lakehouse_pipeline.py for tasks to queue
[2026-08-15T18:00:40.100+0000] {logging_mixin.py:188} INFO - [2026-08-15T18:00:40.100+0000] {dagbag.py:545} INFO - Filling up the DagBag from /opt/airflow/dags/lakehouse_pipeline.py
[2026-08-15T18:00:40.154+0000] {processor.py:840} INFO - DAG(s) 'hybrid_lakehouse_daily_pipeline' retrieved from /opt/airflow/dags/lakehouse_pipeline.py
[2026-08-15T18:00:40.317+0000] {logging_mixin.py:188} INFO - [2026-08-15T18:00:40.317+0000] {dag.py:3089} INFO - Sync 1 DAGs
[2026-08-15T18:00:40.349+0000] {logging_mixin.py:188} INFO - [2026-08-15T18:00:40.348+0000] {dag.py:3947} INFO - Setting next_dagrun for hybrid_lakehouse_daily_pipeline to 2026-08-15 02:00:00+00:00, run_after=2026-08-16 02:00:00+00:00
[2026-08-15T18:00:40.396+0000] {processor.py:183} INFO - Processing /opt/airflow/dags/lakehouse_pipeline.py took 0.310 seconds
[2026-08-15T18:01:10.825+0000] {processor.py:161} INFO - Started process (PID=1172) to work on /opt/airflow/dags/lakehouse_pipeline.py
[2026-08-15T18:01:10.827+0000] {processor.py:830} INFO - Processing file /opt/airflow/dags/lakehouse_pipeline.py for tasks to queue
[2026-08-15T18:01:10.832+0000] {logging_mixin.py:188} INFO - [2026-08-15T18:01:10.831+0000] {dagbag.py:545} INFO - Filling up the DagBag from /opt/airflow/dags/lakehouse_pipeline.py
[2026-08-15T18:01:10.872+0000] {processor.py:840} INFO - DAG(s) 'hybrid_lakehouse_daily_pipeline' retrieved from /opt/airflow/dags/lakehouse_pipeline.py
[2026-08-15T18:01:11.037+0000] {logging_mixin.py:188} INFO - [2026-08-15T18:01:11.037+0000] {dag.py:3089} INFO - Sync 1 DAGs
[2026-08-15T18:01:11.068+0000] {logging_mixin.py:188} INFO - [2026-08-15T18:01:11.067+0000] {dag.py:3947} INFO - Setting next_dagrun for hybrid_lakehouse_daily_pipeline to 2026-08-15 02:00:00+00:00, run_after=2026-08-16 02:00:00+00:00
[2026-08-15T18:01:11.103+0000] {processor.py:183} INFO - Processing /opt/airflow/dags/lakehouse_pipeline.py took 0.287 seconds
[2026-08-15T18:01:41.298+0000] {processor.py:161} INFO - Started process (PID=1182) to work on /opt/airflow/dags/lakehouse_pipeline.py
[2026-08-15T18:01:41.303+0000] {processor.py:830} INFO - Processing file /opt/airflow/dags/lakehouse_pipeline.py for tasks to queue
[2026-08-15T18:01:41.308+0000] {logging_mixin.py:188} INFO - [2026-08-15T18:01:41.307+0000] {dagbag.py:545} INFO - Filling up the DagBag from /opt/airflow/dags/lakehouse_pipeline.py
[2026-08-15T18:01:41.358+0000] {processor.py:840} INFO - DAG(s) 'hybrid_lakehouse_daily_pipeline' retrieved from /opt/airflow/dags/lakehouse_pipeline.py
[2026-08-15T18:01:41.588+0000] {logging_mixin.py:188} INFO - [2026-08-15T18:01:41.587+0000] {dag.py:3089} INFO - Sync 1 DAGs
[2026-08-15T18:01:41.649+0000] {logging_mixin.py:188} INFO - [2026-08-15T18:01:41.648+0000] {dag.py:3947} INFO - Setting next_dagrun for hybrid_lakehouse_daily_pipeline to 2026-08-15 02:00:00+00:00, run_after=2026-08-16 02:00:00+00:00
[2026-08-15T18:01:41.706+0000] {processor.py:183} INFO - Processing /opt/airflow/dags/lakehouse_pipeline.py took 0.447 seconds
[2026-08-15T18:02:12.139+0000] {processor.py:161} INFO - Started process (PID=1192) to work on /opt/airflow/dags/lakehouse_pipeline.py
[2026-08-15T18:02:12.143+0000] {processor.py:830} INFO - Processing file /opt/airflow/dags/lakehouse_pipeline.py for tasks to queue
[2026-08-15T18:02:12.151+0000] {logging_mixin.py:188} INFO - [2026-08-15T18:02:12.149+0000] {dagbag.py:545} INFO - Filling up the DagBag from /opt/airflow/dags/lakehouse_pipeline.py
[2026-08-15T18:02:12.232+0000] {processor.py:840} INFO - DAG(s) 'hybrid_lakehouse_daily_pipeline' retrieved from /opt/airflow/dags/lakehouse_pipeline.py
[2026-08-15T18:02:12.557+0000] {logging_mixin.py:188} INFO - [2026-08-15T18:02:12.557+0000] {dag.py:3089} INFO - Sync 1 DAGs
[2026-08-15T18:02:12.587+0000] {logging_mixin.py:188} INFO - [2026-08-15T18:02:12.587+0000] {dag.py:3947} INFO - Setting next_dagrun for hybrid_lakehouse_daily_pipeline to 2026-08-15 02:00:00+00:00, run_after=2026-08-16 02:00:00+00:00
[2026-08-15T18:02:12.639+0000] {processor.py:183} INFO - Processing /opt/airflow/dags/lakehouse_pipeline.py took 0.517 seconds
[2026-08-15T18:02:43.107+0000] {processor.py:161} INFO - Started process (PID=1202) to work on /opt/airflow/dags/lakehouse_pipeline.py
[2026-08-15T18:02:43.110+0000] {processor.py:830} INFO - Processing file /opt/airflow/dags/lakehouse_pipeline.py for tasks to queue
[2026-08-15T18:02:43.115+0000] {logging_mixin.py:188} INFO - [2026-08-15T18:02:43.114+0000] {dagbag.py:545} INFO - Filling up the DagBag from /opt/airflow/dags/lakehouse_pipeline.py
[2026-08-15T18:02:43.153+0000] {processor.py:840} INFO - DAG(s) 'hybrid_lakehouse_daily_pipeline' retrieved from /opt/airflow/dags/lakehouse_pipeline.py
[2026-08-15T18:02:43.316+0000] {logging_mixin.py:188} INFO - [2026-08-15T18:02:43.316+0000] {dag.py:3089} INFO - Sync 1 DAGs
[2026-08-15T18:02:43.392+0000] {logging_mixin.py:188} INFO - [2026-08-15T18:02:43.391+0000] {dag.py:3947} INFO - Setting next_dagrun for hybrid_lakehouse_daily_pipeline to 2026-08-15 02:00:00+00:00, run_after=2026-08-16 02:00:00+00:00
[2026-08-15T18:02:43.431+0000] {processor.py:183} INFO - Processing /opt/airflow/dags/lakehouse_pipeline.py took 0.333 seconds
[2026-08-15T18:03:13.834+0000] {processor.py:161} INFO - Started process (PID=1212) to work on /opt/airflow/dags/lakehouse_pipeline.py
[2026-08-15T18:03:13.835+0000] {processor.py:830} INFO - Processing file /opt/airflow/dags/lakehouse_pipeline.py for tasks to queue
[2026-08-15T18:03:13.838+0000] {logging_mixin.py:188} INFO - [2026-08-15T18:03:13.838+0000] {dagbag.py:545} INFO - Filling up the DagBag from /opt/airflow/dags/lakehouse_pipeline.py
[2026-08-15T18:03:13.878+0000] {processor.py:840} INFO - DAG(s) 'hybrid_lakehouse_daily_pipeline' retrieved from /opt/airflow/dags/lakehouse_pipeline.py
[2026-08-15T18:03:14.084+0000] {logging_mixin.py:188} INFO - [2026-08-15T18:03:14.084+0000] {dag.py:3089} INFO - Sync 1 DAGs
[2026-08-15T18:03:14.112+0000] {logging_mixin.py:188} INFO - [2026-08-15T18:03:14.111+0000] {dag.py:3947} INFO - Setting next_dagrun for hybrid_lakehouse_daily_pipeline to 2026-08-15 02:00:00+00:00, run_after=2026-08-16 02:00:00+00:00
[2026-08-15T18:03:14.154+0000] {processor.py:183} INFO - Processing /opt/airflow/dags/lakehouse_pipeline.py took 0.328 seconds
[2026-08-15T18:03:44.561+0000] {processor.py:161} INFO - Started process (PID=1222) to work on /opt/airflow/dags/lakehouse_pipeline.py
[2026-08-15T18:03:44.563+0000] {processor.py:830} INFO - Processing file /opt/airflow/dags/lakehouse_pipeline.py for tasks to queue
[2026-08-15T18:03:44.567+0000] {logging_mixin.py:188} INFO - [2026-08-15T18:03:44.566+0000] {dagbag.py:545} INFO - Filling up the DagBag from /opt/airflow/dags/lakehouse_pipeline.py
[2026-08-15T18:03:44.626+0000] {processor.py:840} INFO - DAG(s) 'hybrid_lakehouse_daily_pipeline' retrieved from /opt/airflow/dags/lakehouse_pipeline.py
[2026-08-15T18:03:44.901+0000] {logging_mixin.py:188} INFO - [2026-08-15T18:03:44.901+0000] {dag.py:3089} INFO - Sync 1 DAGs
[2026-08-15T18:03:44.960+0000] {logging_mixin.py:188} INFO - [2026-08-15T18:03:44.960+0000] {dag.py:3947} INFO - Setting next_dagrun for hybrid_lakehouse_daily_pipeline to 2026-08-15 02:00:00+00:00, run_after=2026-08-16 02:00:00+00:00
[2026-08-15T18:03:45.024+0000] {processor.py:183} INFO - Processing /opt/airflow/dags/lakehouse_pipeline.py took 0.474 seconds
[2026-08-15T18:04:15.485+0000] {processor.py:161} INFO - Started process (PID=1232) to work on /opt/airflow/dags/lakehouse_pipeline.py
[2026-08-15T18:04:15.490+0000] {processor.py:830} INFO - Processing file /opt/airflow/dags/lakehouse_pipeline.py for tasks to queue
[2026-08-15T18:04:15.498+0000] {logging_mixin.py:188} INFO - [2026-08-15T18:04:15.497+0000] {dagbag.py:545} INFO - Filling up the DagBag from /opt/airflow/dags/lakehouse_pipeline.py
[2026-08-15T18:04:15.543+0000] {processor.py:840} INFO - DAG(s) 'hybrid_lakehouse_daily_pipeline' retrieved from /opt/airflow/dags/lakehouse_pipeline.py
[2026-08-15T18:04:15.793+0000] {logging_mixin.py:188} INFO - [2026-08-15T18:04:15.792+0000] {dag.py:3089} INFO - Sync 1 DAGs
[2026-08-15T18:04:15.819+0000] {logging_mixin.py:188} INFO - [2026-08-15T18:04:15.819+0000] {dag.py:3947} INFO - Setting next_dagrun for hybrid_lakehouse_daily_pipeline to 2026-08-15 02:00:00+00:00, run_after=2026-08-16 02:00:00+00:00
[2026-08-15T18:04:15.848+0000] {processor.py:183} INFO - Processing /opt/airflow/dags/lakehouse_pipeline.py took 0.385 seconds
[2026-08-15T18:04:46.305+0000] {processor.py:161} INFO - Started process (PID=1242) to work on /opt/airflow/dags/lakehouse_pipeline.py
[2026-08-15T18:04:46.310+0000] {processor.py:830} INFO - Processing file /opt/airflow/dags/lakehouse_pipeline.py for tasks to queue
[2026-08-15T18:04:46.316+0000] {logging_mixin.py:188} INFO - [2026-08-15T18:04:46.316+0000] {dagbag.py:545} INFO - Filling up the DagBag from /opt/airflow/dags/lakehouse_pipeline.py
[2026-08-15T18:04:46.408+0000] {processor.py:840} INFO - DAG(s) 'hybrid_lakehouse_daily_pipeline' retrieved from /opt/airflow/dags/lakehouse_pipeline.py
[2026-08-15T18:04:46.595+0000] {logging_mixin.py:188} INFO - [2026-08-15T18:04:46.594+0000] {dag.py:3089} INFO - Sync 1 DAGs
[2026-08-15T18:04:46.660+0000] {logging_mixin.py:188} INFO - [2026-08-15T18:04:46.659+0000] {dag.py:3947} INFO - Setting next_dagrun for hybrid_lakehouse_daily_pipeline to 2026-08-15 02:00:00+00:00, run_after=2026-08-16 02:00:00+00:00
[2026-08-15T18:04:46.704+0000] {processor.py:183} INFO - Processing /opt/airflow/dags/lakehouse_pipeline.py took 0.417 seconds
[2026-08-15T18:05:17.107+0000] {processor.py:161} INFO - Started process (PID=1252) to work on /opt/airflow/dags/lakehouse_pipeline.py
[2026-08-15T18:05:17.110+0000] {processor.py:830} INFO - Processing file /opt/airflow/dags/lakehouse_pipeline.py for tasks to queue
[2026-08-15T18:05:17.114+0000] {logging_mixin.py:188} INFO - [2026-08-15T18:05:17.114+0000] {dagbag.py:545} INFO - Filling up the DagBag from /opt/airflow/dags/lakehouse_pipeline.py
[2026-08-15T18:05:17.153+0000] {processor.py:840} INFO - DAG(s) 'hybrid_lakehouse_daily_pipeline' retrieved from /opt/airflow/dags/lakehouse_pipeline.py
[2026-08-15T18:05:17.285+0000] {logging_mixin.py:188} INFO - [2026-08-15T18:05:17.285+0000] {dag.py:3089} INFO - Sync 1 DAGs
[2026-08-15T18:05:17.317+0000] {logging_mixin.py:188} INFO - [2026-08-15T18:05:17.317+0000] {dag.py:3947} INFO - Setting next_dagrun for hybrid_lakehouse_daily_pipeline to 2026-08-15 02:00:00+00:00, run_after=2026-08-16 02:00:00+00:00
[2026-08-15T18:05:17.343+0000] {processor.py:183} INFO - Processing /opt/airflow/dags/lakehouse_pipeline.py took 0.247 seconds
[2026-08-15T18:33:48.107+0000] {processor.py:161} INFO - Started process (PID=1262) to work on /opt/airflow/dags/lakehouse_pipeline.py
[2026-08-15T18:33:48.116+0000] {processor.py:830} INFO - Processing file /opt/airflow/dags/lakehouse_pipeline.py for tasks to queue
[2026-08-15T18:33:48.134+0000] {logging_mixin.py:188} INFO - [2026-08-15T18:33:48.133+0000] {dagbag.py:545} INFO - Filling up the DagBag from /opt/airflow/dags/lakehouse_pipeline.py
[2026-08-15T18:33:48.352+0000] {processor.py:840} INFO - DAG(s) 'hybrid_lakehouse_daily_pipeline' retrieved from /opt/airflow/dags/lakehouse_pipeline.py
[2026-08-15T18:33:48.975+0000] {logging_mixin.py:188} INFO - [2026-08-15T18:33:48.975+0000] {dag.py:3089} INFO - Sync 1 DAGs
[2026-08-15T18:33:49.073+0000] {logging_mixin.py:188} INFO - [2026-08-15T18:33:49.072+0000] {dag.py:3947} INFO - Setting next_dagrun for hybrid_lakehouse_daily_pipeline to 2026-08-15 02:00:00+00:00, run_after=2026-08-16 02:00:00+00:00
[2026-08-15T18:33:49.342+0000] {processor.py:183} INFO - Processing /opt/airflow/dags/lakehouse_pipeline.py took 1.256 seconds
[2026-08-15T18:34:19.645+0000] {processor.py:161} INFO - Started process (PID=1272) to work on /opt/airflow/dags/lakehouse_pipeline.py
[2026-08-15T18:34:19.647+0000] {processor.py:830} INFO - Processing file /opt/airflow/dags/lakehouse_pipeline.py for tasks to queue
[2026-08-15T18:34:19.652+0000] {logging_mixin.py:188} INFO - [2026-08-15T18:34:19.651+0000] {dagbag.py:545} INFO - Filling up the DagBag from /opt/airflow/dags/lakehouse_pipeline.py
[2026-08-15T18:34:19.688+0000] {processor.py:840} INFO - DAG(s) 'hybrid_lakehouse_daily_pipeline' retrieved from /opt/airflow/dags/lakehouse_pipeline.py
[2026-08-15T18:34:19.814+0000] {logging_mixin.py:188} INFO - [2026-08-15T18:34:19.813+0000] {dag.py:3089} INFO - Sync 1 DAGs
[2026-08-15T18:34:19.836+0000] {logging_mixin.py:188} INFO - [2026-08-15T18:34:19.836+0000] {dag.py:3947} INFO - Setting next_dagrun for hybrid_lakehouse_daily_pipeline to 2026-08-15 02:00:00+00:00, run_after=2026-08-16 02:00:00+00:00
[2026-08-15T18:34:19.860+0000] {processor.py:183} INFO - Processing /opt/airflow/dags/lakehouse_pipeline.py took 0.226 seconds
[2026-08-15T18:34:49.973+0000] {processor.py:161} INFO - Started process (PID=1314) to work on /opt/airflow/dags/lakehouse_pipeline.py
[2026-08-15T18:34:49.974+0000] {processor.py:830} INFO - Processing file /opt/airflow/dags/lakehouse_pipeline.py for tasks to queue
[2026-08-15T18:34:49.976+0000] {logging_mixin.py:188} INFO - [2026-08-15T18:34:49.976+0000] {dagbag.py:545} INFO - Filling up the DagBag from /opt/airflow/dags/lakehouse_pipeline.py
[2026-08-15T18:34:49.994+0000] {processor.py:840} INFO - DAG(s) 'hybrid_lakehouse_daily_pipeline' retrieved from /opt/airflow/dags/lakehouse_pipeline.py
[2026-08-15T18:34:50.093+0000] {logging_mixin.py:188} INFO - [2026-08-15T18:34:50.093+0000] {dag.py:3089} INFO - Sync 1 DAGs
[2026-08-15T18:34:50.133+0000] {processor.py:183} INFO - Processing /opt/airflow/dags/lakehouse_pipeline.py took 0.166 seconds
[2026-08-15T18:35:20.349+0000] {processor.py:161} INFO - Started process (PID=1328) to work on /opt/airflow/dags/lakehouse_pipeline.py
[2026-08-15T18:35:20.350+0000] {processor.py:830} INFO - Processing file /opt/airflow/dags/lakehouse_pipeline.py for tasks to queue
[2026-08-15T18:35:20.353+0000] {logging_mixin.py:188} INFO - [2026-08-15T18:35:20.352+0000] {dagbag.py:545} INFO - Filling up the DagBag from /opt/airflow/dags/lakehouse_pipeline.py
[2026-08-15T18:35:20.374+0000] {processor.py:840} INFO - DAG(s) 'hybrid_lakehouse_daily_pipeline' retrieved from /opt/airflow/dags/lakehouse_pipeline.py
[2026-08-15T18:35:20.466+0000] {logging_mixin.py:188} INFO - [2026-08-15T18:35:20.465+0000] {dag.py:3089} INFO - Sync 1 DAGs
[2026-08-15T18:35:20.505+0000] {processor.py:183} INFO - Processing /opt/airflow/dags/lakehouse_pipeline.py took 0.162 seconds
[2026-08-15T18:35:50.728+0000] {processor.py:161} INFO - Started process (PID=1345) to work on /opt/airflow/dags/lakehouse_pipeline.py
[2026-08-15T18:35:50.730+0000] {processor.py:830} INFO - Processing file /opt/airflow/dags/lakehouse_pipeline.py for tasks to queue
[2026-08-15T18:35:50.732+0000] {logging_mixin.py:188} INFO - [2026-08-15T18:35:50.731+0000] {dagbag.py:545} INFO - Filling up the DagBag from /opt/airflow/dags/lakehouse_pipeline.py
[2026-08-15T18:35:50.752+0000] {processor.py:840} INFO - DAG(s) 'hybrid_lakehouse_daily_pipeline' retrieved from /opt/airflow/dags/lakehouse_pipeline.py
[2026-08-15T18:35:50.854+0000] {logging_mixin.py:188} INFO - [2026-08-15T18:35:50.853+0000] {dag.py:3089} INFO - Sync 1 DAGs
[2026-08-15T18:35:50.891+0000] {processor.py:183} INFO - Processing /opt/airflow/dags/lakehouse_pipeline.py took 0.169 seconds
[2026-08-15T18:36:21.069+0000] {processor.py:161} INFO - Started process (PID=1357) to work on /opt/airflow/dags/lakehouse_pipeline.py
[2026-08-15T18:36:21.070+0000] {processor.py:830} INFO - Processing file /opt/airflow/dags/lakehouse_pipeline.py for tasks to queue
[2026-08-15T18:36:21.073+0000] {logging_mixin.py:188} INFO - [2026-08-15T18:36:21.072+0000] {dagbag.py:545} INFO - Filling up the DagBag from /opt/airflow/dags/lakehouse_pipeline.py
[2026-08-15T18:36:21.090+0000] {processor.py:840} INFO - DAG(s) 'hybrid_lakehouse_daily_pipeline' retrieved from /opt/airflow/dags/lakehouse_pipeline.py
[2026-08-15T18:36:21.192+0000] {logging_mixin.py:188} INFO - [2026-08-15T18:36:21.192+0000] {dag.py:3089} INFO - Sync 1 DAGs
[2026-08-15T18:36:21.235+0000] {processor.py:183} INFO - Processing /opt/airflow/dags/lakehouse_pipeline.py took 0.172 seconds
