[2026-08-15T13:48:00.485+0000] {processor.py:161} INFO - Started process (PID=298) to work on /opt/airflow/dags/maintenance_dag.py
[2026-08-15T13:48:00.486+0000] {processor.py:830} INFO - Processing file /opt/airflow/dags/maintenance_dag.py for tasks to queue
[2026-08-15T13:48:00.488+0000] {logging_mixin.py:188} INFO - [2026-08-15T13:48:00.488+0000] {dagbag.py:545} INFO - Filling up the DagBag from /opt/airflow/dags/maintenance_dag.py
[2026-08-15T13:48:00.509+0000] {processor.py:840} INFO - DAG(s) 'hybrid_lakehouse_weekly_maintenance' retrieved from /opt/airflow/dags/maintenance_dag.py
[2026-08-15T13:48:00.605+0000] {logging_mixin.py:188} INFO - [2026-08-15T13:48:00.604+0000] {override.py:1858} INFO - Created Permission View: can delete on DAG:hybrid_lakehouse_weekly_maintenance
[2026-08-15T13:48:00.614+0000] {logging_mixin.py:188} INFO - [2026-08-15T13:48:00.614+0000] {override.py:1858} INFO - Created Permission View: can read on DAG:hybrid_lakehouse_weekly_maintenance
[2026-08-15T13:48:00.620+0000] {logging_mixin.py:188} INFO - [2026-08-15T13:48:00.620+0000] {override.py:1858} INFO - Created Permission View: can edit on DAG:hybrid_lakehouse_weekly_maintenance
[2026-08-15T13:48:00.621+0000] {logging_mixin.py:188} INFO - [2026-08-15T13:48:00.621+0000] {dag.py:3089} INFO - Sync 1 DAGs
[2026-08-15T13:48:00.630+0000] {logging_mixin.py:188} INFO - [2026-08-15T13:48:00.630+0000] {dag.py:3111} INFO - Creating ORM DAG for hybrid_lakehouse_weekly_maintenance
[2026-08-15T13:48:00.639+0000] {logging_mixin.py:188} INFO - [2026-08-15T13:48:00.639+0000] {dag.py:3947} INFO - Setting next_dagrun for hybrid_lakehouse_weekly_maintenance to 2026-08-16 03:00:00+00:00, run_after=2026-08-23 03:00:00+00:00
[2026-08-15T13:48:00.655+0000] {processor.py:183} INFO - Processing /opt/airflow/dags/maintenance_dag.py took 0.175 seconds
[2026-08-15T13:48:30.854+0000] {processor.py:161} INFO - Started process (PID=308) to work on /opt/airflow/dags/maintenance_dag.py
[2026-08-15T13:48:30.856+0000] {processor.py:830} INFO - Processing file /opt/airflow/dags/maintenance_dag.py for tasks to queue
[2026-08-15T13:48:30.858+0000] {logging_mixin.py:188} INFO - [2026-08-15T13:48:30.857+0000] {dagbag.py:545} INFO - Filling up the DagBag from /opt/airflow/dags/maintenance_dag.py
[2026-08-15T13:48:30.880+0000] {processor.py:840} INFO - DAG(s) 'hybrid_lakehouse_weekly_maintenance' retrieved from /opt/airflow/dags/maintenance_dag.py
[2026-08-15T13:48:30.996+0000] {logging_mixin.py:188} INFO - [2026-08-15T13:48:30.996+0000] {dag.py:3089} INFO - Sync 1 DAGs
[2026-08-15T13:48:31.014+0000] {logging_mixin.py:188} INFO - [2026-08-15T13:48:31.014+0000] {dag.py:3947} INFO - Setting next_dagrun for hybrid_lakehouse_weekly_maintenance to 2026-08-16 03:00:00+00:00, run_after=2026-08-23 03:00:00+00:00
[2026-08-15T13:48:31.033+0000] {processor.py:183} INFO - Processing /opt/airflow/dags/maintenance_dag.py took 0.186 seconds
[2026-08-15T13:49:01.228+0000] {processor.py:161} INFO - Started process (PID=318) to work on /opt/airflow/dags/maintenance_dag.py
[2026-08-15T13:49:01.229+0000] {processor.py:830} INFO - Processing file /opt/airflow/dags/maintenance_dag.py for tasks to queue
[2026-08-15T13:49:01.231+0000] {logging_mixin.py:188} INFO - [2026-08-15T13:49:01.231+0000] {dagbag.py:545} INFO - Filling up the DagBag from /opt/airflow/dags/maintenance_dag.py
[2026-08-15T13:49:01.248+0000] {processor.py:840} INFO - DAG(s) 'hybrid_lakehouse_weekly_maintenance' retrieved from /opt/airflow/dags/maintenance_dag.py
[2026-08-15T13:49:01.335+0000] {logging_mixin.py:188} INFO - [2026-08-15T13:49:01.335+0000] {dag.py:3089} INFO - Sync 1 DAGs
[2026-08-15T13:49:01.352+0000] {logging_mixin.py:188} INFO - [2026-08-15T13:49:01.352+0000] {dag.py:3947} INFO - Setting next_dagrun for hybrid_lakehouse_weekly_maintenance to 2026-08-16 03:00:00+00:00, run_after=2026-08-23 03:00:00+00:00
[2026-08-15T13:49:01.374+0000] {processor.py:183} INFO - Processing /opt/airflow/dags/maintenance_dag.py took 0.151 seconds
[2026-08-15T13:49:31.591+0000] {processor.py:161} INFO - Started process (PID=328) to work on /opt/airflow/dags/maintenance_dag.py
[2026-08-15T13:49:31.592+0000] {processor.py:830} INFO - Processing file /opt/airflow/dags/maintenance_dag.py for tasks to queue
[2026-08-15T13:49:31.594+0000] {logging_mixin.py:188} INFO - [2026-08-15T13:49:31.594+0000] {dagbag.py:545} INFO - Filling up the DagBag from /opt/airflow/dags/maintenance_dag.py
[2026-08-15T13:49:31.612+0000] {processor.py:840} INFO - DAG(s) 'hybrid_lakehouse_weekly_maintenance' retrieved from /opt/airflow/dags/maintenance_dag.py
[2026-08-15T13:49:31.705+0000] {logging_mixin.py:188} INFO - [2026-08-15T13:49:31.705+0000] {dag.py:3089} INFO - Sync 1 DAGs
[2026-08-15T13:49:31.723+0000] {logging_mixin.py:188} INFO - [2026-08-15T13:49:31.722+0000] {dag.py:3947} INFO - Setting next_dagrun for hybrid_lakehouse_weekly_maintenance to 2026-08-16 03:00:00+00:00, run_after=2026-08-23 03:00:00+00:00
[2026-08-15T13:49:31.742+0000] {processor.py:183} INFO - Processing /opt/airflow/dags/maintenance_dag.py took 0.158 seconds
[2026-08-15T13:50:01.970+0000] {processor.py:161} INFO - Started process (PID=338) to work on /opt/airflow/dags/maintenance_dag.py
[2026-08-15T13:50:01.971+0000] {processor.py:830} INFO - Processing file /opt/airflow/dags/maintenance_dag.py for tasks to queue
[2026-08-15T13:50:01.973+0000] {logging_mixin.py:188} INFO - [2026-08-15T13:50:01.973+0000] {dagbag.py:545} INFO - Filling up the DagBag from /opt/airflow/dags/maintenance_dag.py
[2026-08-15T13:50:01.991+0000] {processor.py:840} INFO - DAG(s) 'hybrid_lakehouse_weekly_maintenance' retrieved from /opt/airflow/dags/maintenance_dag.py
[2026-08-15T13:50:02.080+0000] {logging_mixin.py:188} INFO - [2026-08-15T13:50:02.080+0000] {dag.py:3089} INFO - Sync 1 DAGs
[2026-08-15T13:50:02.100+0000] {logging_mixin.py:188} INFO - [2026-08-15T13:50:02.100+0000] {dag.py:3947} INFO - Setting next_dagrun for hybrid_lakehouse_weekly_maintenance to 2026-08-16 03:00:00+00:00, run_after=2026-08-23 03:00:00+00:00
[2026-08-15T13:50:02.125+0000] {processor.py:183} INFO - Processing /opt/airflow/dags/maintenance_dag.py took 0.160 seconds
[2026-08-15T13:50:32.359+0000] {processor.py:161} INFO - Started process (PID=348) to work on /opt/airflow/dags/maintenance_dag.py
[2026-08-15T13:50:32.360+0000] {processor.py:830} INFO - Processing file /opt/airflow/dags/maintenance_dag.py for tasks to queue
[2026-08-15T13:50:32.362+0000] {logging_mixin.py:188} INFO - [2026-08-15T13:50:32.362+0000] {dagbag.py:545} INFO - Filling up the DagBag from /opt/airflow/dags/maintenance_dag.py
[2026-08-15T13:50:32.378+0000] {processor.py:840} INFO - DAG(s) 'hybrid_lakehouse_weekly_maintenance' retrieved from /opt/airflow/dags/maintenance_dag.py
[2026-08-15T13:50:32.464+0000] {logging_mixin.py:188} INFO - [2026-08-15T13:50:32.463+0000] {dag.py:3089} INFO - Sync 1 DAGs
[2026-08-15T13:50:32.481+0000] {logging_mixin.py:188} INFO - [2026-08-15T13:50:32.481+0000] {dag.py:3947} INFO - Setting next_dagrun for hybrid_lakehouse_weekly_maintenance to 2026-08-16 03:00:00+00:00, run_after=2026-08-23 03:00:00+00:00
[2026-08-15T13:50:32.501+0000] {processor.py:183} INFO - Processing /opt/airflow/dags/maintenance_dag.py took 0.147 seconds
[2026-08-15T13:51:02.732+0000] {processor.py:161} INFO - Started process (PID=358) to work on /opt/airflow/dags/maintenance_dag.py
[2026-08-15T13:51:02.733+0000] {processor.py:830} INFO - Processing file /opt/airflow/dags/maintenance_dag.py for tasks to queue
[2026-08-15T13:51:02.735+0000] {logging_mixin.py:188} INFO - [2026-08-15T13:51:02.734+0000] {dagbag.py:545} INFO - Filling up the DagBag from /opt/airflow/dags/maintenance_dag.py
[2026-08-15T13:51:02.750+0000] {processor.py:840} INFO - DAG(s) 'hybrid_lakehouse_weekly_maintenance' retrieved from /opt/airflow/dags/maintenance_dag.py
[2026-08-15T13:51:02.833+0000] {logging_mixin.py:188} INFO - [2026-08-15T13:51:02.832+0000] {dag.py:3089} INFO - Sync 1 DAGs
[2026-08-15T13:51:02.848+0000] {logging_mixin.py:188} INFO - [2026-08-15T13:51:02.847+0000] {dag.py:3947} INFO - Setting next_dagrun for hybrid_lakehouse_weekly_maintenance to 2026-08-16 03:00:00+00:00, run_after=2026-08-23 03:00:00+00:00
[2026-08-15T13:51:02.866+0000] {processor.py:183} INFO - Processing /opt/airflow/dags/maintenance_dag.py took 0.139 seconds
[2026-08-15T13:51:33.128+0000] {processor.py:161} INFO - Started process (PID=368) to work on /opt/airflow/dags/maintenance_dag.py
[2026-08-15T13:51:33.129+0000] {processor.py:830} INFO - Processing file /opt/airflow/dags/maintenance_dag.py for tasks to queue
[2026-08-15T13:51:33.131+0000] {logging_mixin.py:188} INFO - [2026-08-15T13:51:33.130+0000] {dagbag.py:545} INFO - Filling up the DagBag from /opt/airflow/dags/maintenance_dag.py
[2026-08-15T13:51:33.146+0000] {processor.py:840} INFO - DAG(s) 'hybrid_lakehouse_weekly_maintenance' retrieved from /opt/airflow/dags/maintenance_dag.py
[2026-08-15T13:51:33.224+0000] {logging_mixin.py:188} INFO - [2026-08-15T13:51:33.224+0000] {dag.py:3089} INFO - Sync 1 DAGs
[2026-08-15T13:51:33.239+0000] {logging_mixin.py:188} INFO - [2026-08-15T13:51:33.239+0000] {dag.py:3947} INFO - Setting next_dagrun for hybrid_lakehouse_weekly_maintenance to 2026-08-16 03:00:00+00:00, run_after=2026-08-23 03:00:00+00:00
[2026-08-15T13:51:33.257+0000] {processor.py:183} INFO - Processing /opt/airflow/dags/maintenance_dag.py took 0.135 seconds
[2026-08-15T13:52:03.499+0000] {processor.py:161} INFO - Started process (PID=378) to work on /opt/airflow/dags/maintenance_dag.py
[2026-08-15T13:52:03.500+0000] {processor.py:830} INFO - Processing file /opt/airflow/dags/maintenance_dag.py for tasks to queue
[2026-08-15T13:52:03.502+0000] {logging_mixin.py:188} INFO - [2026-08-15T13:52:03.502+0000] {dagbag.py:545} INFO - Filling up the DagBag from /opt/airflow/dags/maintenance_dag.py
[2026-08-15T13:52:03.521+0000] {processor.py:840} INFO - DAG(s) 'hybrid_lakehouse_weekly_maintenance' retrieved from /opt/airflow/dags/maintenance_dag.py
[2026-08-15T13:52:03.608+0000] {logging_mixin.py:188} INFO - [2026-08-15T13:52:03.608+0000] {dag.py:3089} INFO - Sync 1 DAGs
[2026-08-15T13:52:03.625+0000] {logging_mixin.py:188} INFO - [2026-08-15T13:52:03.625+0000] {dag.py:3947} INFO - Setting next_dagrun for hybrid_lakehouse_weekly_maintenance to 2026-08-16 03:00:00+00:00, run_after=2026-08-23 03:00:00+00:00
[2026-08-15T13:52:03.644+0000] {processor.py:183} INFO - Processing /opt/airflow/dags/maintenance_dag.py took 0.152 seconds
[2026-08-15T13:52:33.901+0000] {processor.py:161} INFO - Started process (PID=388) to work on /opt/airflow/dags/maintenance_dag.py
[2026-08-15T13:52:33.902+0000] {processor.py:830} INFO - Processing file /opt/airflow/dags/maintenance_dag.py for tasks to queue
[2026-08-15T13:52:33.904+0000] {logging_mixin.py:188} INFO - [2026-08-15T13:52:33.903+0000] {dagbag.py:545} INFO - Filling up the DagBag from /opt/airflow/dags/maintenance_dag.py
[2026-08-15T13:52:33.920+0000] {processor.py:840} INFO - DAG(s) 'hybrid_lakehouse_weekly_maintenance' retrieved from /opt/airflow/dags/maintenance_dag.py
[2026-08-15T13:52:34.005+0000] {logging_mixin.py:188} INFO - [2026-08-15T13:52:34.004+0000] {dag.py:3089} INFO - Sync 1 DAGs
[2026-08-15T13:52:34.021+0000] {logging_mixin.py:188} INFO - [2026-08-15T13:52:34.021+0000] {dag.py:3947} INFO - Setting next_dagrun for hybrid_lakehouse_weekly_maintenance to 2026-08-16 03:00:00+00:00, run_after=2026-08-23 03:00:00+00:00
[2026-08-15T13:52:34.046+0000] {processor.py:183} INFO - Processing /opt/airflow/dags/maintenance_dag.py took 0.150 seconds
[2026-08-15T13:53:04.298+0000] {processor.py:161} INFO - Started process (PID=398) to work on /opt/airflow/dags/maintenance_dag.py
[2026-08-15T13:53:04.299+0000] {processor.py:830} INFO - Processing file /opt/airflow/dags/maintenance_dag.py for tasks to queue
[2026-08-15T13:53:04.301+0000] {logging_mixin.py:188} INFO - [2026-08-15T13:53:04.301+0000] {dagbag.py:545} INFO - Filling up the DagBag from /opt/airflow/dags/maintenance_dag.py
[2026-08-15T13:53:04.318+0000] {processor.py:840} INFO - DAG(s) 'hybrid_lakehouse_weekly_maintenance' retrieved from /opt/airflow/dags/maintenance_dag.py
[2026-08-15T13:53:04.402+0000] {logging_mixin.py:188} INFO - [2026-08-15T13:53:04.402+0000] {dag.py:3089} INFO - Sync 1 DAGs
[2026-08-15T13:53:04.418+0000] {logging_mixin.py:188} INFO - [2026-08-15T13:53:04.418+0000] {dag.py:3947} INFO - Setting next_dagrun for hybrid_lakehouse_weekly_maintenance to 2026-08-16 03:00:00+00:00, run_after=2026-08-23 03:00:00+00:00
[2026-08-15T13:53:04.436+0000] {processor.py:183} INFO - Processing /opt/airflow/dags/maintenance_dag.py took 0.143 seconds
[2026-08-15T13:53:34.666+0000] {processor.py:161} INFO - Started process (PID=408) to work on /opt/airflow/dags/maintenance_dag.py
[2026-08-15T13:53:34.667+0000] {processor.py:830} INFO - Processing file /opt/airflow/dags/maintenance_dag.py for tasks to queue
[2026-08-15T13:53:34.669+0000] {logging_mixin.py:188} INFO - [2026-08-15T13:53:34.669+0000] {dagbag.py:545} INFO - Filling up the DagBag from /opt/airflow/dags/maintenance_dag.py
[2026-08-15T13:53:34.685+0000] {processor.py:840} INFO - DAG(s) 'hybrid_lakehouse_weekly_maintenance' retrieved from /opt/airflow/dags/maintenance_dag.py
[2026-08-15T13:53:34.767+0000] {logging_mixin.py:188} INFO - [2026-08-15T13:53:34.767+0000] {dag.py:3089} INFO - Sync 1 DAGs
[2026-08-15T13:53:34.784+0000] {logging_mixin.py:188} INFO - [2026-08-15T13:53:34.783+0000] {dag.py:3947} INFO - Setting next_dagrun for hybrid_lakehouse_weekly_maintenance to 2026-08-16 03:00:00+00:00, run_after=2026-08-23 03:00:00+00:00
[2026-08-15T13:53:34.800+0000] {processor.py:183} INFO - Processing /opt/airflow/dags/maintenance_dag.py took 0.139 seconds
[2026-08-15T13:54:05.018+0000] {processor.py:161} INFO - Started process (PID=418) to work on /opt/airflow/dags/maintenance_dag.py
[2026-08-15T13:54:05.019+0000] {processor.py:830} INFO - Processing file /opt/airflow/dags/maintenance_dag.py for tasks to queue
[2026-08-15T13:54:05.021+0000] {logging_mixin.py:188} INFO - [2026-08-15T13:54:05.021+0000] {dagbag.py:545} INFO - Filling up the DagBag from /opt/airflow/dags/maintenance_dag.py
[2026-08-15T13:54:05.038+0000] {processor.py:840} INFO - DAG(s) 'hybrid_lakehouse_weekly_maintenance' retrieved from /opt/airflow/dags/maintenance_dag.py
[2026-08-15T13:54:05.122+0000] {logging_mixin.py:188} INFO - [2026-08-15T13:54:05.121+0000] {dag.py:3089} INFO - Sync 1 DAGs
[2026-08-15T13:54:05.140+0000] {logging_mixin.py:188} INFO - [2026-08-15T13:54:05.139+0000] {dag.py:3947} INFO - Setting next_dagrun for hybrid_lakehouse_weekly_maintenance to 2026-08-16 03:00:00+00:00, run_after=2026-08-23 03:00:00+00:00
[2026-08-15T13:54:05.157+0000] {processor.py:183} INFO - Processing /opt/airflow/dags/maintenance_dag.py took 0.144 seconds
[2026-08-15T13:54:35.383+0000] {processor.py:161} INFO - Started process (PID=428) to work on /opt/airflow/dags/maintenance_dag.py
[2026-08-15T13:54:35.384+0000] {processor.py:830} INFO - Processing file /opt/airflow/dags/maintenance_dag.py for tasks to queue
[2026-08-15T13:54:35.387+0000] {logging_mixin.py:188} INFO - [2026-08-15T13:54:35.386+0000] {dagbag.py:545} INFO - Filling up the DagBag from /opt/airflow/dags/maintenance_dag.py
[2026-08-15T13:54:35.403+0000] {processor.py:840} INFO - DAG(s) 'hybrid_lakehouse_weekly_maintenance' retrieved from /opt/airflow/dags/maintenance_dag.py
[2026-08-15T13:54:35.483+0000] {logging_mixin.py:188} INFO - [2026-08-15T13:54:35.483+0000] {dag.py:3089} INFO - Sync 1 DAGs
[2026-08-15T13:54:35.498+0000] {logging_mixin.py:188} INFO - [2026-08-15T13:54:35.498+0000] {dag.py:3947} INFO - Setting next_dagrun for hybrid_lakehouse_weekly_maintenance to 2026-08-16 03:00:00+00:00, run_after=2026-08-23 03:00:00+00:00
[2026-08-15T13:54:35.514+0000] {processor.py:183} INFO - Processing /opt/airflow/dags/maintenance_dag.py took 0.136 seconds
[2026-08-15T13:55:05.740+0000] {processor.py:161} INFO - Started process (PID=438) to work on /opt/airflow/dags/maintenance_dag.py
[2026-08-15T13:55:05.741+0000] {processor.py:830} INFO - Processing file /opt/airflow/dags/maintenance_dag.py for tasks to queue
[2026-08-15T13:55:05.743+0000] {logging_mixin.py:188} INFO - [2026-08-15T13:55:05.743+0000] {dagbag.py:545} INFO - Filling up the DagBag from /opt/airflow/dags/maintenance_dag.py
[2026-08-15T13:55:05.759+0000] {processor.py:840} INFO - DAG(s) 'hybrid_lakehouse_weekly_maintenance' retrieved from /opt/airflow/dags/maintenance_dag.py
[2026-08-15T13:55:05.838+0000] {logging_mixin.py:188} INFO - [2026-08-15T13:55:05.838+0000] {dag.py:3089} INFO - Sync 1 DAGs
[2026-08-15T13:55:05.853+0000] {logging_mixin.py:188} INFO - [2026-08-15T13:55:05.853+0000] {dag.py:3947} INFO - Setting next_dagrun for hybrid_lakehouse_weekly_maintenance to 2026-08-16 03:00:00+00:00, run_after=2026-08-23 03:00:00+00:00
[2026-08-15T13:55:05.871+0000] {processor.py:183} INFO - Processing /opt/airflow/dags/maintenance_dag.py took 0.135 seconds
[2026-08-15T13:55:36.160+0000] {processor.py:161} INFO - Started process (PID=448) to work on /opt/airflow/dags/maintenance_dag.py
[2026-08-15T13:55:36.161+0000] {processor.py:830} INFO - Processing file /opt/airflow/dags/maintenance_dag.py for tasks to queue
[2026-08-15T13:55:36.163+0000] {logging_mixin.py:188} INFO - [2026-08-15T13:55:36.162+0000] {dagbag.py:545} INFO - Filling up the DagBag from /opt/airflow/dags/maintenance_dag.py
[2026-08-15T13:55:36.178+0000] {processor.py:840} INFO - DAG(s) 'hybrid_lakehouse_weekly_maintenance' retrieved from /opt/airflow/dags/maintenance_dag.py
[2026-08-15T13:55:36.260+0000] {logging_mixin.py:188} INFO - [2026-08-15T13:55:36.260+0000] {dag.py:3089} INFO - Sync 1 DAGs
[2026-08-15T13:55:36.276+0000] {logging_mixin.py:188} INFO - [2026-08-15T13:55:36.276+0000] {dag.py:3947} INFO - Setting next_dagrun for hybrid_lakehouse_weekly_maintenance to 2026-08-16 03:00:00+00:00, run_after=2026-08-23 03:00:00+00:00
[2026-08-15T13:55:36.295+0000] {processor.py:183} INFO - Processing /opt/airflow/dags/maintenance_dag.py took 0.141 seconds
[2026-08-15T13:56:06.541+0000] {processor.py:161} INFO - Started process (PID=458) to work on /opt/airflow/dags/maintenance_dag.py
[2026-08-15T13:56:06.542+0000] {processor.py:830} INFO - Processing file /opt/airflow/dags/maintenance_dag.py for tasks to queue
[2026-08-15T13:56:06.544+0000] {logging_mixin.py:188} INFO - [2026-08-15T13:56:06.543+0000] {dagbag.py:545} INFO - Filling up the DagBag from /opt/airflow/dags/maintenance_dag.py
[2026-08-15T13:56:06.559+0000] {processor.py:840} INFO - DAG(s) 'hybrid_lakehouse_weekly_maintenance' retrieved from /opt/airflow/dags/maintenance_dag.py
[2026-08-15T13:56:06.637+0000] {logging_mixin.py:188} INFO - [2026-08-15T13:56:06.637+0000] {dag.py:3089} INFO - Sync 1 DAGs
[2026-08-15T13:56:06.653+0000] {logging_mixin.py:188} INFO - [2026-08-15T13:56:06.652+0000] {dag.py:3947} INFO - Setting next_dagrun for hybrid_lakehouse_weekly_maintenance to 2026-08-16 03:00:00+00:00, run_after=2026-08-23 03:00:00+00:00
[2026-08-15T13:56:06.668+0000] {processor.py:183} INFO - Processing /opt/airflow/dags/maintenance_dag.py took 0.132 seconds
[2026-08-15T13:56:36.896+0000] {processor.py:161} INFO - Started process (PID=468) to work on /opt/airflow/dags/maintenance_dag.py
[2026-08-15T13:56:36.897+0000] {processor.py:830} INFO - Processing file /opt/airflow/dags/maintenance_dag.py for tasks to queue
[2026-08-15T13:56:36.899+0000] {logging_mixin.py:188} INFO - [2026-08-15T13:56:36.899+0000] {dagbag.py:545} INFO - Filling up the DagBag from /opt/airflow/dags/maintenance_dag.py
[2026-08-15T13:56:36.914+0000] {processor.py:840} INFO - DAG(s) 'hybrid_lakehouse_weekly_maintenance' retrieved from /opt/airflow/dags/maintenance_dag.py
[2026-08-15T13:56:36.997+0000] {logging_mixin.py:188} INFO - [2026-08-15T13:56:36.996+0000] {dag.py:3089} INFO - Sync 1 DAGs
[2026-08-15T13:56:37.011+0000] {logging_mixin.py:188} INFO - [2026-08-15T13:56:37.011+0000] {dag.py:3947} INFO - Setting next_dagrun for hybrid_lakehouse_weekly_maintenance to 2026-08-16 03:00:00+00:00, run_after=2026-08-23 03:00:00+00:00
[2026-08-15T13:56:37.029+0000] {processor.py:183} INFO - Processing /opt/airflow/dags/maintenance_dag.py took 0.138 seconds
[2026-08-15T13:57:07.278+0000] {processor.py:161} INFO - Started process (PID=478) to work on /opt/airflow/dags/maintenance_dag.py
[2026-08-15T13:57:07.279+0000] {processor.py:830} INFO - Processing file /opt/airflow/dags/maintenance_dag.py for tasks to queue
[2026-08-15T13:57:07.281+0000] {logging_mixin.py:188} INFO - [2026-08-15T13:57:07.281+0000] {dagbag.py:545} INFO - Filling up the DagBag from /opt/airflow/dags/maintenance_dag.py
[2026-08-15T13:57:07.297+0000] {processor.py:840} INFO - DAG(s) 'hybrid_lakehouse_weekly_maintenance' retrieved from /opt/airflow/dags/maintenance_dag.py
[2026-08-15T13:57:07.377+0000] {logging_mixin.py:188} INFO - [2026-08-15T13:57:07.377+0000] {dag.py:3089} INFO - Sync 1 DAGs
[2026-08-15T13:57:07.393+0000] {logging_mixin.py:188} INFO - [2026-08-15T13:57:07.393+0000] {dag.py:3947} INFO - Setting next_dagrun for hybrid_lakehouse_weekly_maintenance to 2026-08-16 03:00:00+00:00, run_after=2026-08-23 03:00:00+00:00
[2026-08-15T13:57:07.409+0000] {processor.py:183} INFO - Processing /opt/airflow/dags/maintenance_dag.py took 0.136 seconds
[2026-08-15T13:57:37.640+0000] {processor.py:161} INFO - Started process (PID=488) to work on /opt/airflow/dags/maintenance_dag.py
[2026-08-15T13:57:37.642+0000] {processor.py:830} INFO - Processing file /opt/airflow/dags/maintenance_dag.py for tasks to queue
[2026-08-15T13:57:37.644+0000] {logging_mixin.py:188} INFO - [2026-08-15T13:57:37.643+0000] {dagbag.py:545} INFO - Filling up the DagBag from /opt/airflow/dags/maintenance_dag.py
[2026-08-15T13:57:37.661+0000] {processor.py:840} INFO - DAG(s) 'hybrid_lakehouse_weekly_maintenance' retrieved from /opt/airflow/dags/maintenance_dag.py
[2026-08-15T13:57:37.752+0000] {logging_mixin.py:188} INFO - [2026-08-15T13:57:37.752+0000] {dag.py:3089} INFO - Sync 1 DAGs
[2026-08-15T13:57:37.771+0000] {logging_mixin.py:188} INFO - [2026-08-15T13:57:37.770+0000] {dag.py:3947} INFO - Setting next_dagrun for hybrid_lakehouse_weekly_maintenance to 2026-08-16 03:00:00+00:00, run_after=2026-08-23 03:00:00+00:00
[2026-08-15T13:57:37.789+0000] {processor.py:183} INFO - Processing /opt/airflow/dags/maintenance_dag.py took 0.154 seconds
[2026-08-15T13:58:08.043+0000] {processor.py:161} INFO - Started process (PID=498) to work on /opt/airflow/dags/maintenance_dag.py
[2026-08-15T13:58:08.044+0000] {processor.py:830} INFO - Processing file /opt/airflow/dags/maintenance_dag.py for tasks to queue
[2026-08-15T13:58:08.046+0000] {logging_mixin.py:188} INFO - [2026-08-15T13:58:08.046+0000] {dagbag.py:545} INFO - Filling up the DagBag from /opt/airflow/dags/maintenance_dag.py
[2026-08-15T13:58:08.062+0000] {processor.py:840} INFO - DAG(s) 'hybrid_lakehouse_weekly_maintenance' retrieved from /opt/airflow/dags/maintenance_dag.py
[2026-08-15T13:58:08.141+0000] {logging_mixin.py:188} INFO - [2026-08-15T13:58:08.140+0000] {dag.py:3089} INFO - Sync 1 DAGs
[2026-08-15T13:58:08.155+0000] {logging_mixin.py:188} INFO - [2026-08-15T13:58:08.155+0000] {dag.py:3947} INFO - Setting next_dagrun for hybrid_lakehouse_weekly_maintenance to 2026-08-16 03:00:00+00:00, run_after=2026-08-23 03:00:00+00:00
[2026-08-15T13:58:08.176+0000] {processor.py:183} INFO - Processing /opt/airflow/dags/maintenance_dag.py took 0.137 seconds
[2026-08-15T13:58:38.383+0000] {processor.py:161} INFO - Started process (PID=508) to work on /opt/airflow/dags/maintenance_dag.py
[2026-08-15T13:58:38.385+0000] {processor.py:830} INFO - Processing file /opt/airflow/dags/maintenance_dag.py for tasks to queue
[2026-08-15T13:58:38.387+0000] {logging_mixin.py:188} INFO - [2026-08-15T13:58:38.387+0000] {dagbag.py:545} INFO - Filling up the DagBag from /opt/airflow/dags/maintenance_dag.py
[2026-08-15T13:58:38.404+0000] {processor.py:840} INFO - DAG(s) 'hybrid_lakehouse_weekly_maintenance' retrieved from /opt/airflow/dags/maintenance_dag.py
[2026-08-15T13:58:38.496+0000] {logging_mixin.py:188} INFO - [2026-08-15T13:58:38.495+0000] {dag.py:3089} INFO - Sync 1 DAGs
[2026-08-15T13:58:38.518+0000] {logging_mixin.py:188} INFO - [2026-08-15T13:58:38.517+0000] {dag.py:3947} INFO - Setting next_dagrun for hybrid_lakehouse_weekly_maintenance to 2026-08-16 03:00:00+00:00, run_after=2026-08-23 03:00:00+00:00
[2026-08-15T13:58:38.536+0000] {processor.py:183} INFO - Processing /opt/airflow/dags/maintenance_dag.py took 0.158 seconds
[2026-08-15T13:59:08.746+0000] {processor.py:161} INFO - Started process (PID=518) to work on /opt/airflow/dags/maintenance_dag.py
[2026-08-15T13:59:08.747+0000] {processor.py:830} INFO - Processing file /opt/airflow/dags/maintenance_dag.py for tasks to queue
[2026-08-15T13:59:08.750+0000] {logging_mixin.py:188} INFO - [2026-08-15T13:59:08.749+0000] {dagbag.py:545} INFO - Filling up the DagBag from /opt/airflow/dags/maintenance_dag.py
[2026-08-15T13:59:08.774+0000] {processor.py:840} INFO - DAG(s) 'hybrid_lakehouse_weekly_maintenance' retrieved from /opt/airflow/dags/maintenance_dag.py
[2026-08-15T13:59:08.896+0000] {logging_mixin.py:188} INFO - [2026-08-15T13:59:08.895+0000] {dag.py:3089} INFO - Sync 1 DAGs
[2026-08-15T13:59:08.917+0000] {logging_mixin.py:188} INFO - [2026-08-15T13:59:08.917+0000] {dag.py:3947} INFO - Setting next_dagrun for hybrid_lakehouse_weekly_maintenance to 2026-08-16 03:00:00+00:00, run_after=2026-08-23 03:00:00+00:00
[2026-08-15T13:59:08.936+0000] {processor.py:183} INFO - Processing /opt/airflow/dags/maintenance_dag.py took 0.197 seconds
[2026-08-15T13:59:39.137+0000] {processor.py:161} INFO - Started process (PID=528) to work on /opt/airflow/dags/maintenance_dag.py
[2026-08-15T13:59:39.138+0000] {processor.py:830} INFO - Processing file /opt/airflow/dags/maintenance_dag.py for tasks to queue
[2026-08-15T13:59:39.140+0000] {logging_mixin.py:188} INFO - [2026-08-15T13:59:39.140+0000] {dagbag.py:545} INFO - Filling up the DagBag from /opt/airflow/dags/maintenance_dag.py
[2026-08-15T13:59:39.157+0000] {processor.py:840} INFO - DAG(s) 'hybrid_lakehouse_weekly_maintenance' retrieved from /opt/airflow/dags/maintenance_dag.py
[2026-08-15T13:59:39.252+0000] {logging_mixin.py:188} INFO - [2026-08-15T13:59:39.252+0000] {dag.py:3089} INFO - Sync 1 DAGs
[2026-08-15T13:59:39.269+0000] {logging_mixin.py:188} INFO - [2026-08-15T13:59:39.269+0000] {dag.py:3947} INFO - Setting next_dagrun for hybrid_lakehouse_weekly_maintenance to 2026-08-16 03:00:00+00:00, run_after=2026-08-23 03:00:00+00:00
[2026-08-15T13:59:39.287+0000] {processor.py:183} INFO - Processing /opt/airflow/dags/maintenance_dag.py took 0.156 seconds
[2026-08-15T14:00:09.500+0000] {processor.py:161} INFO - Started process (PID=538) to work on /opt/airflow/dags/maintenance_dag.py
[2026-08-15T14:00:09.501+0000] {processor.py:830} INFO - Processing file /opt/airflow/dags/maintenance_dag.py for tasks to queue
[2026-08-15T14:00:09.503+0000] {logging_mixin.py:188} INFO - [2026-08-15T14:00:09.503+0000] {dagbag.py:545} INFO - Filling up the DagBag from /opt/airflow/dags/maintenance_dag.py
[2026-08-15T14:00:09.521+0000] {processor.py:840} INFO - DAG(s) 'hybrid_lakehouse_weekly_maintenance' retrieved from /opt/airflow/dags/maintenance_dag.py
[2026-08-15T14:00:09.619+0000] {logging_mixin.py:188} INFO - [2026-08-15T14:00:09.619+0000] {dag.py:3089} INFO - Sync 1 DAGs
[2026-08-15T14:00:09.637+0000] {logging_mixin.py:188} INFO - [2026-08-15T14:00:09.637+0000] {dag.py:3947} INFO - Setting next_dagrun for hybrid_lakehouse_weekly_maintenance to 2026-08-16 03:00:00+00:00, run_after=2026-08-23 03:00:00+00:00
[2026-08-15T14:00:09.657+0000] {processor.py:183} INFO - Processing /opt/airflow/dags/maintenance_dag.py took 0.162 seconds
[2026-08-15T14:00:39.890+0000] {processor.py:161} INFO - Started process (PID=548) to work on /opt/airflow/dags/maintenance_dag.py
[2026-08-15T14:00:39.891+0000] {processor.py:830} INFO - Processing file /opt/airflow/dags/maintenance_dag.py for tasks to queue
[2026-08-15T14:00:39.892+0000] {logging_mixin.py:188} INFO - [2026-08-15T14:00:39.892+0000] {dagbag.py:545} INFO - Filling up the DagBag from /opt/airflow/dags/maintenance_dag.py
[2026-08-15T14:00:39.908+0000] {processor.py:840} INFO - DAG(s) 'hybrid_lakehouse_weekly_maintenance' retrieved from /opt/airflow/dags/maintenance_dag.py
[2026-08-15T14:00:39.995+0000] {logging_mixin.py:188} INFO - [2026-08-15T14:00:39.995+0000] {dag.py:3089} INFO - Sync 1 DAGs
[2026-08-15T14:00:40.011+0000] {logging_mixin.py:188} INFO - [2026-08-15T14:00:40.011+0000] {dag.py:3947} INFO - Setting next_dagrun for hybrid_lakehouse_weekly_maintenance to 2026-08-16 03:00:00+00:00, run_after=2026-08-23 03:00:00+00:00
[2026-08-15T14:00:40.030+0000] {processor.py:183} INFO - Processing /opt/airflow/dags/maintenance_dag.py took 0.145 seconds
[2026-08-15T14:01:10.291+0000] {processor.py:161} INFO - Started process (PID=558) to work on /opt/airflow/dags/maintenance_dag.py
[2026-08-15T14:01:10.292+0000] {processor.py:830} INFO - Processing file /opt/airflow/dags/maintenance_dag.py for tasks to queue
[2026-08-15T14:01:10.293+0000] {logging_mixin.py:188} INFO - [2026-08-15T14:01:10.293+0000] {dagbag.py:545} INFO - Filling up the DagBag from /opt/airflow/dags/maintenance_dag.py
[2026-08-15T14:01:10.309+0000] {processor.py:840} INFO - DAG(s) 'hybrid_lakehouse_weekly_maintenance' retrieved from /opt/airflow/dags/maintenance_dag.py
[2026-08-15T14:01:10.388+0000] {logging_mixin.py:188} INFO - [2026-08-15T14:01:10.388+0000] {dag.py:3089} INFO - Sync 1 DAGs
[2026-08-15T14:01:10.403+0000] {logging_mixin.py:188} INFO - [2026-08-15T14:01:10.403+0000] {dag.py:3947} INFO - Setting next_dagrun for hybrid_lakehouse_weekly_maintenance to 2026-08-16 03:00:00+00:00, run_after=2026-08-23 03:00:00+00:00
[2026-08-15T14:01:10.423+0000] {processor.py:183} INFO - Processing /opt/airflow/dags/maintenance_dag.py took 0.137 seconds
[2026-08-15T14:01:40.640+0000] {processor.py:161} INFO - Started process (PID=568) to work on /opt/airflow/dags/maintenance_dag.py
[2026-08-15T14:01:40.641+0000] {processor.py:830} INFO - Processing file /opt/airflow/dags/maintenance_dag.py for tasks to queue
[2026-08-15T14:01:40.643+0000] {logging_mixin.py:188} INFO - [2026-08-15T14:01:40.642+0000] {dagbag.py:545} INFO - Filling up the DagBag from /opt/airflow/dags/maintenance_dag.py
[2026-08-15T14:01:40.658+0000] {processor.py:840} INFO - DAG(s) 'hybrid_lakehouse_weekly_maintenance' retrieved from /opt/airflow/dags/maintenance_dag.py
[2026-08-15T14:01:40.735+0000] {logging_mixin.py:188} INFO - [2026-08-15T14:01:40.735+0000] {dag.py:3089} INFO - Sync 1 DAGs
[2026-08-15T14:01:40.753+0000] {logging_mixin.py:188} INFO - [2026-08-15T14:01:40.753+0000] {dag.py:3947} INFO - Setting next_dagrun for hybrid_lakehouse_weekly_maintenance to 2026-08-16 03:00:00+00:00, run_after=2026-08-23 03:00:00+00:00
[2026-08-15T14:01:40.773+0000] {processor.py:183} INFO - Processing /opt/airflow/dags/maintenance_dag.py took 0.138 seconds
[2026-08-15T14:02:11.010+0000] {processor.py:161} INFO - Started process (PID=578) to work on /opt/airflow/dags/maintenance_dag.py
[2026-08-15T14:02:11.011+0000] {processor.py:830} INFO - Processing file /opt/airflow/dags/maintenance_dag.py for tasks to queue
[2026-08-15T14:02:11.013+0000] {logging_mixin.py:188} INFO - [2026-08-15T14:02:11.013+0000] {dagbag.py:545} INFO - Filling up the DagBag from /opt/airflow/dags/maintenance_dag.py
[2026-08-15T14:02:11.028+0000] {processor.py:840} INFO - DAG(s) 'hybrid_lakehouse_weekly_maintenance' retrieved from /opt/airflow/dags/maintenance_dag.py
[2026-08-15T14:02:11.106+0000] {logging_mixin.py:188} INFO - [2026-08-15T14:02:11.106+0000] {dag.py:3089} INFO - Sync 1 DAGs
[2026-08-15T14:02:11.123+0000] {logging_mixin.py:188} INFO - [2026-08-15T14:02:11.123+0000] {dag.py:3947} INFO - Setting next_dagrun for hybrid_lakehouse_weekly_maintenance to 2026-08-16 03:00:00+00:00, run_after=2026-08-23 03:00:00+00:00
[2026-08-15T14:02:11.139+0000] {processor.py:183} INFO - Processing /opt/airflow/dags/maintenance_dag.py took 0.134 seconds
[2026-08-15T14:02:41.418+0000] {processor.py:161} INFO - Started process (PID=588) to work on /opt/airflow/dags/maintenance_dag.py
[2026-08-15T14:02:41.419+0000] {processor.py:830} INFO - Processing file /opt/airflow/dags/maintenance_dag.py for tasks to queue
[2026-08-15T14:02:41.421+0000] {logging_mixin.py:188} INFO - [2026-08-15T14:02:41.420+0000] {dagbag.py:545} INFO - Filling up the DagBag from /opt/airflow/dags/maintenance_dag.py
[2026-08-15T14:02:41.437+0000] {processor.py:840} INFO - DAG(s) 'hybrid_lakehouse_weekly_maintenance' retrieved from /opt/airflow/dags/maintenance_dag.py
[2026-08-15T14:02:41.527+0000] {logging_mixin.py:188} INFO - [2026-08-15T14:02:41.527+0000] {dag.py:3089} INFO - Sync 1 DAGs
[2026-08-15T14:02:41.542+0000] {logging_mixin.py:188} INFO - [2026-08-15T14:02:41.542+0000] {dag.py:3947} INFO - Setting next_dagrun for hybrid_lakehouse_weekly_maintenance to 2026-08-16 03:00:00+00:00, run_after=2026-08-23 03:00:00+00:00
[2026-08-15T14:02:41.560+0000] {processor.py:183} INFO - Processing /opt/airflow/dags/maintenance_dag.py took 0.147 seconds
[2026-08-15T14:03:11.799+0000] {processor.py:161} INFO - Started process (PID=598) to work on /opt/airflow/dags/maintenance_dag.py
[2026-08-15T14:03:11.801+0000] {processor.py:830} INFO - Processing file /opt/airflow/dags/maintenance_dag.py for tasks to queue
[2026-08-15T14:03:11.803+0000] {logging_mixin.py:188} INFO - [2026-08-15T14:03:11.802+0000] {dagbag.py:545} INFO - Filling up the DagBag from /opt/airflow/dags/maintenance_dag.py
[2026-08-15T14:03:11.820+0000] {processor.py:840} INFO - DAG(s) 'hybrid_lakehouse_weekly_maintenance' retrieved from /opt/airflow/dags/maintenance_dag.py
[2026-08-15T14:03:11.918+0000] {logging_mixin.py:188} INFO - [2026-08-15T14:03:11.917+0000] {dag.py:3089} INFO - Sync 1 DAGs
[2026-08-15T14:03:11.939+0000] {logging_mixin.py:188} INFO - [2026-08-15T14:03:11.938+0000] {dag.py:3947} INFO - Setting next_dagrun for hybrid_lakehouse_weekly_maintenance to 2026-08-16 03:00:00+00:00, run_after=2026-08-23 03:00:00+00:00
[2026-08-15T14:03:11.958+0000] {processor.py:183} INFO - Processing /opt/airflow/dags/maintenance_dag.py took 0.164 seconds
[2026-08-15T14:03:42.172+0000] {processor.py:161} INFO - Started process (PID=608) to work on /opt/airflow/dags/maintenance_dag.py
[2026-08-15T14:03:42.174+0000] {processor.py:830} INFO - Processing file /opt/airflow/dags/maintenance_dag.py for tasks to queue
[2026-08-15T14:03:42.177+0000] {logging_mixin.py:188} INFO - [2026-08-15T14:03:42.176+0000] {dagbag.py:545} INFO - Filling up the DagBag from /opt/airflow/dags/maintenance_dag.py
[2026-08-15T14:03:42.202+0000] {processor.py:840} INFO - DAG(s) 'hybrid_lakehouse_weekly_maintenance' retrieved from /opt/airflow/dags/maintenance_dag.py
[2026-08-15T14:03:42.318+0000] {logging_mixin.py:188} INFO - [2026-08-15T14:03:42.318+0000] {dag.py:3089} INFO - Sync 1 DAGs
[2026-08-15T14:03:42.338+0000] {logging_mixin.py:188} INFO - [2026-08-15T14:03:42.337+0000] {dag.py:3947} INFO - Setting next_dagrun for hybrid_lakehouse_weekly_maintenance to 2026-08-16 03:00:00+00:00, run_after=2026-08-23 03:00:00+00:00
[2026-08-15T14:03:42.360+0000] {processor.py:183} INFO - Processing /opt/airflow/dags/maintenance_dag.py took 0.195 seconds
[2026-08-15T14:04:12.564+0000] {processor.py:161} INFO - Started process (PID=618) to work on /opt/airflow/dags/maintenance_dag.py
[2026-08-15T14:04:12.565+0000] {processor.py:830} INFO - Processing file /opt/airflow/dags/maintenance_dag.py for tasks to queue
[2026-08-15T14:04:12.567+0000] {logging_mixin.py:188} INFO - [2026-08-15T14:04:12.567+0000] {dagbag.py:545} INFO - Filling up the DagBag from /opt/airflow/dags/maintenance_dag.py
[2026-08-15T14:04:12.584+0000] {processor.py:840} INFO - DAG(s) 'hybrid_lakehouse_weekly_maintenance' retrieved from /opt/airflow/dags/maintenance_dag.py
[2026-08-15T14:04:12.674+0000] {logging_mixin.py:188} INFO - [2026-08-15T14:04:12.673+0000] {dag.py:3089} INFO - Sync 1 DAGs
[2026-08-15T14:04:12.691+0000] {logging_mixin.py:188} INFO - [2026-08-15T14:04:12.691+0000] {dag.py:3947} INFO - Setting next_dagrun for hybrid_lakehouse_weekly_maintenance to 2026-08-16 03:00:00+00:00, run_after=2026-08-23 03:00:00+00:00
[2026-08-15T14:04:12.721+0000] {processor.py:183} INFO - Processing /opt/airflow/dags/maintenance_dag.py took 0.163 seconds
[2026-08-15T14:04:42.922+0000] {processor.py:161} INFO - Started process (PID=628) to work on /opt/airflow/dags/maintenance_dag.py
[2026-08-15T14:04:42.924+0000] {processor.py:830} INFO - Processing file /opt/airflow/dags/maintenance_dag.py for tasks to queue
[2026-08-15T14:04:42.927+0000] {logging_mixin.py:188} INFO - [2026-08-15T14:04:42.926+0000] {dagbag.py:545} INFO - Filling up the DagBag from /opt/airflow/dags/maintenance_dag.py
[2026-08-15T14:04:42.948+0000] {processor.py:840} INFO - DAG(s) 'hybrid_lakehouse_weekly_maintenance' retrieved from /opt/airflow/dags/maintenance_dag.py
[2026-08-15T14:04:43.054+0000] {logging_mixin.py:188} INFO - [2026-08-15T14:04:43.053+0000] {dag.py:3089} INFO - Sync 1 DAGs
[2026-08-15T14:04:43.076+0000] {logging_mixin.py:188} INFO - [2026-08-15T14:04:43.075+0000] {dag.py:3947} INFO - Setting next_dagrun for hybrid_lakehouse_weekly_maintenance to 2026-08-16 03:00:00+00:00, run_after=2026-08-23 03:00:00+00:00
[2026-08-15T14:04:43.099+0000] {processor.py:183} INFO - Processing /opt/airflow/dags/maintenance_dag.py took 0.183 seconds
[2026-08-15T14:05:13.306+0000] {processor.py:161} INFO - Started process (PID=638) to work on /opt/airflow/dags/maintenance_dag.py
[2026-08-15T14:05:13.308+0000] {processor.py:830} INFO - Processing file /opt/airflow/dags/maintenance_dag.py for tasks to queue
[2026-08-15T14:05:13.310+0000] {logging_mixin.py:188} INFO - [2026-08-15T14:05:13.310+0000] {dagbag.py:545} INFO - Filling up the DagBag from /opt/airflow/dags/maintenance_dag.py
[2026-08-15T14:05:13.329+0000] {processor.py:840} INFO - DAG(s) 'hybrid_lakehouse_weekly_maintenance' retrieved from /opt/airflow/dags/maintenance_dag.py
[2026-08-15T14:05:13.432+0000] {logging_mixin.py:188} INFO - [2026-08-15T14:05:13.432+0000] {dag.py:3089} INFO - Sync 1 DAGs
[2026-08-15T14:05:13.453+0000] {logging_mixin.py:188} INFO - [2026-08-15T14:05:13.452+0000] {dag.py:3947} INFO - Setting next_dagrun for hybrid_lakehouse_weekly_maintenance to 2026-08-16 03:00:00+00:00, run_after=2026-08-23 03:00:00+00:00
[2026-08-15T14:05:13.477+0000] {processor.py:183} INFO - Processing /opt/airflow/dags/maintenance_dag.py took 0.176 seconds
[2026-08-15T14:05:43.699+0000] {processor.py:161} INFO - Started process (PID=648) to work on /opt/airflow/dags/maintenance_dag.py
[2026-08-15T14:05:43.700+0000] {processor.py:830} INFO - Processing file /opt/airflow/dags/maintenance_dag.py for tasks to queue
[2026-08-15T14:05:43.703+0000] {logging_mixin.py:188} INFO - [2026-08-15T14:05:43.702+0000] {dagbag.py:545} INFO - Filling up the DagBag from /opt/airflow/dags/maintenance_dag.py
[2026-08-15T14:05:43.719+0000] {processor.py:840} INFO - DAG(s) 'hybrid_lakehouse_weekly_maintenance' retrieved from /opt/airflow/dags/maintenance_dag.py
[2026-08-15T14:05:43.810+0000] {logging_mixin.py:188} INFO - [2026-08-15T14:05:43.809+0000] {dag.py:3089} INFO - Sync 1 DAGs
[2026-08-15T14:05:43.828+0000] {logging_mixin.py:188} INFO - [2026-08-15T14:05:43.827+0000] {dag.py:3947} INFO - Setting next_dagrun for hybrid_lakehouse_weekly_maintenance to 2026-08-16 03:00:00+00:00, run_after=2026-08-23 03:00:00+00:00
[2026-08-15T14:05:43.850+0000] {processor.py:183} INFO - Processing /opt/airflow/dags/maintenance_dag.py took 0.156 seconds
[2026-08-15T14:06:14.058+0000] {processor.py:161} INFO - Started process (PID=658) to work on /opt/airflow/dags/maintenance_dag.py
[2026-08-15T14:06:14.060+0000] {processor.py:830} INFO - Processing file /opt/airflow/dags/maintenance_dag.py for tasks to queue
[2026-08-15T14:06:14.062+0000] {logging_mixin.py:188} INFO - [2026-08-15T14:06:14.061+0000] {dagbag.py:545} INFO - Filling up the DagBag from /opt/airflow/dags/maintenance_dag.py
[2026-08-15T14:06:14.079+0000] {processor.py:840} INFO - DAG(s) 'hybrid_lakehouse_weekly_maintenance' retrieved from /opt/airflow/dags/maintenance_dag.py
[2026-08-15T14:06:14.174+0000] {logging_mixin.py:188} INFO - [2026-08-15T14:06:14.173+0000] {dag.py:3089} INFO - Sync 1 DAGs
[2026-08-15T14:06:14.193+0000] {logging_mixin.py:188} INFO - [2026-08-15T14:06:14.192+0000] {dag.py:3947} INFO - Setting next_dagrun for hybrid_lakehouse_weekly_maintenance to 2026-08-16 03:00:00+00:00, run_after=2026-08-23 03:00:00+00:00
[2026-08-15T14:06:14.211+0000] {processor.py:183} INFO - Processing /opt/airflow/dags/maintenance_dag.py took 0.158 seconds
[2026-08-15T14:06:44.412+0000] {processor.py:161} INFO - Started process (PID=668) to work on /opt/airflow/dags/maintenance_dag.py
[2026-08-15T14:06:44.413+0000] {processor.py:830} INFO - Processing file /opt/airflow/dags/maintenance_dag.py for tasks to queue
[2026-08-15T14:06:44.415+0000] {logging_mixin.py:188} INFO - [2026-08-15T14:06:44.415+0000] {dagbag.py:545} INFO - Filling up the DagBag from /opt/airflow/dags/maintenance_dag.py
[2026-08-15T14:06:44.432+0000] {processor.py:840} INFO - DAG(s) 'hybrid_lakehouse_weekly_maintenance' retrieved from /opt/airflow/dags/maintenance_dag.py
[2026-08-15T14:06:44.524+0000] {logging_mixin.py:188} INFO - [2026-08-15T14:06:44.523+0000] {dag.py:3089} INFO - Sync 1 DAGs
[2026-08-15T14:06:44.542+0000] {logging_mixin.py:188} INFO - [2026-08-15T14:06:44.542+0000] {dag.py:3947} INFO - Setting next_dagrun for hybrid_lakehouse_weekly_maintenance to 2026-08-16 03:00:00+00:00, run_after=2026-08-23 03:00:00+00:00
[2026-08-15T14:06:44.562+0000] {processor.py:183} INFO - Processing /opt/airflow/dags/maintenance_dag.py took 0.156 seconds
[2026-08-15T14:07:14.769+0000] {processor.py:161} INFO - Started process (PID=678) to work on /opt/airflow/dags/maintenance_dag.py
[2026-08-15T14:07:14.771+0000] {processor.py:830} INFO - Processing file /opt/airflow/dags/maintenance_dag.py for tasks to queue
[2026-08-15T14:07:14.774+0000] {logging_mixin.py:188} INFO - [2026-08-15T14:07:14.773+0000] {dagbag.py:545} INFO - Filling up the DagBag from /opt/airflow/dags/maintenance_dag.py
[2026-08-15T14:07:14.792+0000] {processor.py:840} INFO - DAG(s) 'hybrid_lakehouse_weekly_maintenance' retrieved from /opt/airflow/dags/maintenance_dag.py
[2026-08-15T14:07:14.885+0000] {logging_mixin.py:188} INFO - [2026-08-15T14:07:14.884+0000] {dag.py:3089} INFO - Sync 1 DAGs
[2026-08-15T14:07:14.905+0000] {logging_mixin.py:188} INFO - [2026-08-15T14:07:14.905+0000] {dag.py:3947} INFO - Setting next_dagrun for hybrid_lakehouse_weekly_maintenance to 2026-08-16 03:00:00+00:00, run_after=2026-08-23 03:00:00+00:00
[2026-08-15T14:07:14.924+0000] {processor.py:183} INFO - Processing /opt/airflow/dags/maintenance_dag.py took 0.160 seconds
[2026-08-15T14:07:45.145+0000] {processor.py:161} INFO - Started process (PID=688) to work on /opt/airflow/dags/maintenance_dag.py
[2026-08-15T14:07:45.147+0000] {processor.py:830} INFO - Processing file /opt/airflow/dags/maintenance_dag.py for tasks to queue
[2026-08-15T14:07:45.150+0000] {logging_mixin.py:188} INFO - [2026-08-15T14:07:45.150+0000] {dagbag.py:545} INFO - Filling up the DagBag from /opt/airflow/dags/maintenance_dag.py
[2026-08-15T14:07:45.176+0000] {processor.py:840} INFO - DAG(s) 'hybrid_lakehouse_weekly_maintenance' retrieved from /opt/airflow/dags/maintenance_dag.py
[2026-08-15T14:07:45.303+0000] {logging_mixin.py:188} INFO - [2026-08-15T14:07:45.302+0000] {dag.py:3089} INFO - Sync 1 DAGs
[2026-08-15T14:07:45.329+0000] {logging_mixin.py:188} INFO - [2026-08-15T14:07:45.328+0000] {dag.py:3947} INFO - Setting next_dagrun for hybrid_lakehouse_weekly_maintenance to 2026-08-16 03:00:00+00:00, run_after=2026-08-23 03:00:00+00:00
[2026-08-15T14:07:45.354+0000] {processor.py:183} INFO - Processing /opt/airflow/dags/maintenance_dag.py took 0.217 seconds
[2026-08-15T14:08:15.588+0000] {processor.py:161} INFO - Started process (PID=698) to work on /opt/airflow/dags/maintenance_dag.py
[2026-08-15T14:08:15.589+0000] {processor.py:830} INFO - Processing file /opt/airflow/dags/maintenance_dag.py for tasks to queue
[2026-08-15T14:08:15.591+0000] {logging_mixin.py:188} INFO - [2026-08-15T14:08:15.591+0000] {dagbag.py:545} INFO - Filling up the DagBag from /opt/airflow/dags/maintenance_dag.py
[2026-08-15T14:08:15.608+0000] {processor.py:840} INFO - DAG(s) 'hybrid_lakehouse_weekly_maintenance' retrieved from /opt/airflow/dags/maintenance_dag.py
[2026-08-15T14:08:15.692+0000] {logging_mixin.py:188} INFO - [2026-08-15T14:08:15.692+0000] {dag.py:3089} INFO - Sync 1 DAGs
[2026-08-15T14:08:15.708+0000] {logging_mixin.py:188} INFO - [2026-08-15T14:08:15.708+0000] {dag.py:3947} INFO - Setting next_dagrun for hybrid_lakehouse_weekly_maintenance to 2026-08-16 03:00:00+00:00, run_after=2026-08-23 03:00:00+00:00
[2026-08-15T14:08:15.729+0000] {processor.py:183} INFO - Processing /opt/airflow/dags/maintenance_dag.py took 0.145 seconds
[2026-08-15T14:08:45.930+0000] {processor.py:161} INFO - Started process (PID=708) to work on /opt/airflow/dags/maintenance_dag.py
[2026-08-15T14:08:45.931+0000] {processor.py:830} INFO - Processing file /opt/airflow/dags/maintenance_dag.py for tasks to queue
[2026-08-15T14:08:45.933+0000] {logging_mixin.py:188} INFO - [2026-08-15T14:08:45.932+0000] {dagbag.py:545} INFO - Filling up the DagBag from /opt/airflow/dags/maintenance_dag.py
[2026-08-15T14:08:45.949+0000] {processor.py:840} INFO - DAG(s) 'hybrid_lakehouse_weekly_maintenance' retrieved from /opt/airflow/dags/maintenance_dag.py
[2026-08-15T14:08:46.039+0000] {logging_mixin.py:188} INFO - [2026-08-15T14:08:46.038+0000] {dag.py:3089} INFO - Sync 1 DAGs
[2026-08-15T14:08:46.054+0000] {logging_mixin.py:188} INFO - [2026-08-15T14:08:46.054+0000] {dag.py:3947} INFO - Setting next_dagrun for hybrid_lakehouse_weekly_maintenance to 2026-08-16 03:00:00+00:00, run_after=2026-08-23 03:00:00+00:00
[2026-08-15T14:08:46.074+0000] {processor.py:183} INFO - Processing /opt/airflow/dags/maintenance_dag.py took 0.150 seconds
[2026-08-15T14:09:16.278+0000] {processor.py:161} INFO - Started process (PID=718) to work on /opt/airflow/dags/maintenance_dag.py
[2026-08-15T14:09:16.279+0000] {processor.py:830} INFO - Processing file /opt/airflow/dags/maintenance_dag.py for tasks to queue
[2026-08-15T14:09:16.282+0000] {logging_mixin.py:188} INFO - [2026-08-15T14:09:16.281+0000] {dagbag.py:545} INFO - Filling up the DagBag from /opt/airflow/dags/maintenance_dag.py
[2026-08-15T14:09:16.300+0000] {processor.py:840} INFO - DAG(s) 'hybrid_lakehouse_weekly_maintenance' retrieved from /opt/airflow/dags/maintenance_dag.py
[2026-08-15T14:09:16.390+0000] {logging_mixin.py:188} INFO - [2026-08-15T14:09:16.389+0000] {dag.py:3089} INFO - Sync 1 DAGs
[2026-08-15T14:09:16.407+0000] {logging_mixin.py:188} INFO - [2026-08-15T14:09:16.407+0000] {dag.py:3947} INFO - Setting next_dagrun for hybrid_lakehouse_weekly_maintenance to 2026-08-16 03:00:00+00:00, run_after=2026-08-23 03:00:00+00:00
[2026-08-15T14:09:16.425+0000] {processor.py:183} INFO - Processing /opt/airflow/dags/maintenance_dag.py took 0.153 seconds
[2026-08-15T14:09:46.613+0000] {processor.py:161} INFO - Started process (PID=728) to work on /opt/airflow/dags/maintenance_dag.py
[2026-08-15T14:09:46.615+0000] {processor.py:830} INFO - Processing file /opt/airflow/dags/maintenance_dag.py for tasks to queue
[2026-08-15T14:09:46.617+0000] {logging_mixin.py:188} INFO - [2026-08-15T14:09:46.617+0000] {dagbag.py:545} INFO - Filling up the DagBag from /opt/airflow/dags/maintenance_dag.py
[2026-08-15T14:09:46.634+0000] {processor.py:840} INFO - DAG(s) 'hybrid_lakehouse_weekly_maintenance' retrieved from /opt/airflow/dags/maintenance_dag.py
[2026-08-15T14:09:46.724+0000] {logging_mixin.py:188} INFO - [2026-08-15T14:09:46.724+0000] {dag.py:3089} INFO - Sync 1 DAGs
[2026-08-15T14:09:46.740+0000] {logging_mixin.py:188} INFO - [2026-08-15T14:09:46.740+0000] {dag.py:3947} INFO - Setting next_dagrun for hybrid_lakehouse_weekly_maintenance to 2026-08-16 03:00:00+00:00, run_after=2026-08-23 03:00:00+00:00
[2026-08-15T14:09:46.758+0000] {processor.py:183} INFO - Processing /opt/airflow/dags/maintenance_dag.py took 0.151 seconds
[2026-08-15T14:10:16.973+0000] {processor.py:161} INFO - Started process (PID=738) to work on /opt/airflow/dags/maintenance_dag.py
[2026-08-15T14:10:16.974+0000] {processor.py:830} INFO - Processing file /opt/airflow/dags/maintenance_dag.py for tasks to queue
[2026-08-15T14:10:16.977+0000] {logging_mixin.py:188} INFO - [2026-08-15T14:10:16.976+0000] {dagbag.py:545} INFO - Filling up the DagBag from /opt/airflow/dags/maintenance_dag.py
[2026-08-15T14:10:17.001+0000] {processor.py:840} INFO - DAG(s) 'hybrid_lakehouse_weekly_maintenance' retrieved from /opt/airflow/dags/maintenance_dag.py
[2026-08-15T14:10:17.101+0000] {logging_mixin.py:188} INFO - [2026-08-15T14:10:17.100+0000] {dag.py:3089} INFO - Sync 1 DAGs
[2026-08-15T14:10:17.119+0000] {logging_mixin.py:188} INFO - [2026-08-15T14:10:17.119+0000] {dag.py:3947} INFO - Setting next_dagrun for hybrid_lakehouse_weekly_maintenance to 2026-08-16 03:00:00+00:00, run_after=2026-08-23 03:00:00+00:00
[2026-08-15T14:10:17.141+0000] {processor.py:183} INFO - Processing /opt/airflow/dags/maintenance_dag.py took 0.176 seconds
[2026-08-15T16:31:38.417+0000] {processor.py:161} INFO - Started process (PID=172) to work on /opt/airflow/dags/maintenance_dag.py
[2026-08-15T16:31:38.421+0000] {processor.py:830} INFO - Processing file /opt/airflow/dags/maintenance_dag.py for tasks to queue
[2026-08-15T16:31:38.426+0000] {logging_mixin.py:188} INFO - [2026-08-15T16:31:38.425+0000] {dagbag.py:545} INFO - Filling up the DagBag from /opt/airflow/dags/maintenance_dag.py
[2026-08-15T16:31:38.512+0000] {processor.py:840} INFO - DAG(s) 'hybrid_lakehouse_weekly_maintenance' retrieved from /opt/airflow/dags/maintenance_dag.py
[2026-08-15T16:31:38.542+0000] {logging_mixin.py:188} INFO - [2026-08-15T16:31:38.541+0000] {dag.py:3089} INFO - Sync 1 DAGs
[2026-08-15T16:31:38.583+0000] {logging_mixin.py:188} INFO - [2026-08-15T16:31:38.583+0000] {dag.py:3947} INFO - Setting next_dagrun for hybrid_lakehouse_weekly_maintenance to 2026-08-16 03:00:00+00:00, run_after=2026-08-23 03:00:00+00:00
[2026-08-15T16:31:38.621+0000] {processor.py:183} INFO - Processing /opt/airflow/dags/maintenance_dag.py took 0.218 seconds
[2026-08-15T16:32:08.800+0000] {processor.py:161} INFO - Started process (PID=182) to work on /opt/airflow/dags/maintenance_dag.py
[2026-08-15T16:32:08.802+0000] {processor.py:830} INFO - Processing file /opt/airflow/dags/maintenance_dag.py for tasks to queue
[2026-08-15T16:32:08.806+0000] {logging_mixin.py:188} INFO - [2026-08-15T16:32:08.805+0000] {dagbag.py:545} INFO - Filling up the DagBag from /opt/airflow/dags/maintenance_dag.py
[2026-08-15T16:32:08.842+0000] {processor.py:840} INFO - DAG(s) 'hybrid_lakehouse_weekly_maintenance' retrieved from /opt/airflow/dags/maintenance_dag.py
[2026-08-15T16:32:09.127+0000] {logging_mixin.py:188} INFO - [2026-08-15T16:32:09.126+0000] {dag.py:3089} INFO - Sync 1 DAGs
[2026-08-15T16:32:09.157+0000] {logging_mixin.py:188} INFO - [2026-08-15T16:32:09.157+0000] {dag.py:3947} INFO - Setting next_dagrun for hybrid_lakehouse_weekly_maintenance to 2026-08-16 03:00:00+00:00, run_after=2026-08-23 03:00:00+00:00
[2026-08-15T16:32:09.188+0000] {processor.py:183} INFO - Processing /opt/airflow/dags/maintenance_dag.py took 0.398 seconds
[2026-08-15T16:32:39.531+0000] {processor.py:161} INFO - Started process (PID=192) to work on /opt/airflow/dags/maintenance_dag.py
[2026-08-15T16:32:39.533+0000] {processor.py:830} INFO - Processing file /opt/airflow/dags/maintenance_dag.py for tasks to queue
[2026-08-15T16:32:39.537+0000] {logging_mixin.py:188} INFO - [2026-08-15T16:32:39.536+0000] {dagbag.py:545} INFO - Filling up the DagBag from /opt/airflow/dags/maintenance_dag.py
[2026-08-15T16:32:39.572+0000] {processor.py:840} INFO - DAG(s) 'hybrid_lakehouse_weekly_maintenance' retrieved from /opt/airflow/dags/maintenance_dag.py
[2026-08-15T16:32:39.597+0000] {logging_mixin.py:188} INFO - [2026-08-15T16:32:39.597+0000] {dag.py:3089} INFO - Sync 1 DAGs
[2026-08-15T16:32:39.633+0000] {logging_mixin.py:188} INFO - [2026-08-15T16:32:39.632+0000] {dag.py:3947} INFO - Setting next_dagrun for hybrid_lakehouse_weekly_maintenance to 2026-08-16 03:00:00+00:00, run_after=2026-08-23 03:00:00+00:00
[2026-08-15T16:32:39.658+0000] {processor.py:183} INFO - Processing /opt/airflow/dags/maintenance_dag.py took 0.137 seconds
[2026-08-15T16:33:09.884+0000] {processor.py:161} INFO - Started process (PID=202) to work on /opt/airflow/dags/maintenance_dag.py
[2026-08-15T16:33:09.886+0000] {processor.py:830} INFO - Processing file /opt/airflow/dags/maintenance_dag.py for tasks to queue
[2026-08-15T16:33:09.890+0000] {logging_mixin.py:188} INFO - [2026-08-15T16:33:09.889+0000] {dagbag.py:545} INFO - Filling up the DagBag from /opt/airflow/dags/maintenance_dag.py
[2026-08-15T16:33:09.928+0000] {processor.py:840} INFO - DAG(s) 'hybrid_lakehouse_weekly_maintenance' retrieved from /opt/airflow/dags/maintenance_dag.py
[2026-08-15T16:33:10.073+0000] {logging_mixin.py:188} INFO - [2026-08-15T16:33:10.072+0000] {dag.py:3089} INFO - Sync 1 DAGs
[2026-08-15T16:33:10.102+0000] {logging_mixin.py:188} INFO - [2026-08-15T16:33:10.102+0000] {dag.py:3947} INFO - Setting next_dagrun for hybrid_lakehouse_weekly_maintenance to 2026-08-16 03:00:00+00:00, run_after=2026-08-23 03:00:00+00:00
[2026-08-15T16:33:10.132+0000] {processor.py:183} INFO - Processing /opt/airflow/dags/maintenance_dag.py took 0.262 seconds
[2026-08-15T16:33:40.273+0000] {processor.py:161} INFO - Started process (PID=212) to work on /opt/airflow/dags/maintenance_dag.py
[2026-08-15T16:33:40.275+0000] {processor.py:830} INFO - Processing file /opt/airflow/dags/maintenance_dag.py for tasks to queue
[2026-08-15T16:33:40.279+0000] {logging_mixin.py:188} INFO - [2026-08-15T16:33:40.279+0000] {dagbag.py:545} INFO - Filling up the DagBag from /opt/airflow/dags/maintenance_dag.py
[2026-08-15T16:33:40.316+0000] {processor.py:840} INFO - DAG(s) 'hybrid_lakehouse_weekly_maintenance' retrieved from /opt/airflow/dags/maintenance_dag.py
[2026-08-15T16:33:40.465+0000] {logging_mixin.py:188} INFO - [2026-08-15T16:33:40.464+0000] {dag.py:3089} INFO - Sync 1 DAGs
[2026-08-15T16:33:40.495+0000] {logging_mixin.py:188} INFO - [2026-08-15T16:33:40.494+0000] {dag.py:3947} INFO - Setting next_dagrun for hybrid_lakehouse_weekly_maintenance to 2026-08-16 03:00:00+00:00, run_after=2026-08-23 03:00:00+00:00
[2026-08-15T16:33:40.528+0000] {processor.py:183} INFO - Processing /opt/airflow/dags/maintenance_dag.py took 0.267 seconds
[2026-08-15T16:34:10.897+0000] {processor.py:161} INFO - Started process (PID=228) to work on /opt/airflow/dags/maintenance_dag.py
[2026-08-15T16:34:10.898+0000] {processor.py:830} INFO - Processing file /opt/airflow/dags/maintenance_dag.py for tasks to queue
[2026-08-15T16:34:10.902+0000] {logging_mixin.py:188} INFO - [2026-08-15T16:34:10.902+0000] {dagbag.py:545} INFO - Filling up the DagBag from /opt/airflow/dags/maintenance_dag.py
[2026-08-15T16:34:10.933+0000] {processor.py:840} INFO - DAG(s) 'hybrid_lakehouse_weekly_maintenance' retrieved from /opt/airflow/dags/maintenance_dag.py
[2026-08-15T16:34:11.083+0000] {logging_mixin.py:188} INFO - [2026-08-15T16:34:11.082+0000] {dag.py:3089} INFO - Sync 1 DAGs
[2026-08-15T16:34:11.112+0000] {logging_mixin.py:188} INFO - [2026-08-15T16:34:11.111+0000] {dag.py:3947} INFO - Setting next_dagrun for hybrid_lakehouse_weekly_maintenance to 2026-08-16 03:00:00+00:00, run_after=2026-08-23 03:00:00+00:00
[2026-08-15T16:34:11.140+0000] {processor.py:183} INFO - Processing /opt/airflow/dags/maintenance_dag.py took 0.256 seconds
[2026-08-15T16:34:41.241+0000] {processor.py:161} INFO - Started process (PID=238) to work on /opt/airflow/dags/maintenance_dag.py
[2026-08-15T16:34:41.243+0000] {processor.py:830} INFO - Processing file /opt/airflow/dags/maintenance_dag.py for tasks to queue
[2026-08-15T16:34:41.246+0000] {logging_mixin.py:188} INFO - [2026-08-15T16:34:41.245+0000] {dagbag.py:545} INFO - Filling up the DagBag from /opt/airflow/dags/maintenance_dag.py
[2026-08-15T16:34:41.280+0000] {processor.py:840} INFO - DAG(s) 'hybrid_lakehouse_weekly_maintenance' retrieved from /opt/airflow/dags/maintenance_dag.py
[2026-08-15T16:34:41.398+0000] {logging_mixin.py:188} INFO - [2026-08-15T16:34:41.397+0000] {dag.py:3089} INFO - Sync 1 DAGs
[2026-08-15T16:34:41.425+0000] {logging_mixin.py:188} INFO - [2026-08-15T16:34:41.424+0000] {dag.py:3947} INFO - Setting next_dagrun for hybrid_lakehouse_weekly_maintenance to 2026-08-16 03:00:00+00:00, run_after=2026-08-23 03:00:00+00:00
[2026-08-15T16:34:41.451+0000] {processor.py:183} INFO - Processing /opt/airflow/dags/maintenance_dag.py took 0.223 seconds
[2026-08-15T16:35:11.836+0000] {processor.py:161} INFO - Started process (PID=248) to work on /opt/airflow/dags/maintenance_dag.py
[2026-08-15T16:35:11.838+0000] {processor.py:830} INFO - Processing file /opt/airflow/dags/maintenance_dag.py for tasks to queue
[2026-08-15T16:35:11.842+0000] {logging_mixin.py:188} INFO - [2026-08-15T16:35:11.841+0000] {dagbag.py:545} INFO - Filling up the DagBag from /opt/airflow/dags/maintenance_dag.py
[2026-08-15T16:35:11.877+0000] {processor.py:840} INFO - DAG(s) 'hybrid_lakehouse_weekly_maintenance' retrieved from /opt/airflow/dags/maintenance_dag.py
[2026-08-15T16:35:12.024+0000] {logging_mixin.py:188} INFO - [2026-08-15T16:35:12.023+0000] {dag.py:3089} INFO - Sync 1 DAGs
[2026-08-15T16:35:12.051+0000] {logging_mixin.py:188} INFO - [2026-08-15T16:35:12.051+0000] {dag.py:3947} INFO - Setting next_dagrun for hybrid_lakehouse_weekly_maintenance to 2026-08-16 03:00:00+00:00, run_after=2026-08-23 03:00:00+00:00
[2026-08-15T16:35:12.076+0000] {processor.py:183} INFO - Processing /opt/airflow/dags/maintenance_dag.py took 0.253 seconds
[2026-08-15T16:35:42.403+0000] {processor.py:161} INFO - Started process (PID=258) to work on /opt/airflow/dags/maintenance_dag.py
[2026-08-15T16:35:42.405+0000] {processor.py:830} INFO - Processing file /opt/airflow/dags/maintenance_dag.py for tasks to queue
[2026-08-15T16:35:42.408+0000] {logging_mixin.py:188} INFO - [2026-08-15T16:35:42.408+0000] {dagbag.py:545} INFO - Filling up the DagBag from /opt/airflow/dags/maintenance_dag.py
[2026-08-15T16:35:42.441+0000] {processor.py:840} INFO - DAG(s) 'hybrid_lakehouse_weekly_maintenance' retrieved from /opt/airflow/dags/maintenance_dag.py
[2026-08-15T16:35:42.572+0000] {logging_mixin.py:188} INFO - [2026-08-15T16:35:42.571+0000] {dag.py:3089} INFO - Sync 1 DAGs
[2026-08-15T16:35:42.597+0000] {logging_mixin.py:188} INFO - [2026-08-15T16:35:42.597+0000] {dag.py:3947} INFO - Setting next_dagrun for hybrid_lakehouse_weekly_maintenance to 2026-08-16 03:00:00+00:00, run_after=2026-08-23 03:00:00+00:00
[2026-08-15T16:35:42.635+0000] {processor.py:183} INFO - Processing /opt/airflow/dags/maintenance_dag.py took 0.241 seconds
[2026-08-15T16:36:13.004+0000] {processor.py:161} INFO - Started process (PID=268) to work on /opt/airflow/dags/maintenance_dag.py
[2026-08-15T16:36:13.006+0000] {processor.py:830} INFO - Processing file /opt/airflow/dags/maintenance_dag.py for tasks to queue
[2026-08-15T16:36:13.009+0000] {logging_mixin.py:188} INFO - [2026-08-15T16:36:13.009+0000] {dagbag.py:545} INFO - Filling up the DagBag from /opt/airflow/dags/maintenance_dag.py
[2026-08-15T16:36:13.046+0000] {processor.py:840} INFO - DAG(s) 'hybrid_lakehouse_weekly_maintenance' retrieved from /opt/airflow/dags/maintenance_dag.py
[2026-08-15T16:36:13.179+0000] {logging_mixin.py:188} INFO - [2026-08-15T16:36:13.178+0000] {dag.py:3089} INFO - Sync 1 DAGs
[2026-08-15T16:36:13.211+0000] {logging_mixin.py:188} INFO - [2026-08-15T16:36:13.210+0000] {dag.py:3947} INFO - Setting next_dagrun for hybrid_lakehouse_weekly_maintenance to 2026-08-16 03:00:00+00:00, run_after=2026-08-23 03:00:00+00:00
[2026-08-15T16:36:13.244+0000] {processor.py:183} INFO - Processing /opt/airflow/dags/maintenance_dag.py took 0.252 seconds
[2026-08-15T16:36:43.633+0000] {processor.py:161} INFO - Started process (PID=278) to work on /opt/airflow/dags/maintenance_dag.py
[2026-08-15T16:36:43.635+0000] {processor.py:830} INFO - Processing file /opt/airflow/dags/maintenance_dag.py for tasks to queue
[2026-08-15T16:36:43.641+0000] {logging_mixin.py:188} INFO - [2026-08-15T16:36:43.640+0000] {dagbag.py:545} INFO - Filling up the DagBag from /opt/airflow/dags/maintenance_dag.py
[2026-08-15T16:36:43.673+0000] {processor.py:840} INFO - DAG(s) 'hybrid_lakehouse_weekly_maintenance' retrieved from /opt/airflow/dags/maintenance_dag.py
[2026-08-15T16:36:43.845+0000] {logging_mixin.py:188} INFO - [2026-08-15T16:36:43.844+0000] {dag.py:3089} INFO - Sync 1 DAGs
[2026-08-15T16:36:43.873+0000] {logging_mixin.py:188} INFO - [2026-08-15T16:36:43.873+0000] {dag.py:3947} INFO - Setting next_dagrun for hybrid_lakehouse_weekly_maintenance to 2026-08-16 03:00:00+00:00, run_after=2026-08-23 03:00:00+00:00
[2026-08-15T16:36:43.911+0000] {processor.py:183} INFO - Processing /opt/airflow/dags/maintenance_dag.py took 0.286 seconds
[2026-08-15T16:37:14.286+0000] {processor.py:161} INFO - Started process (PID=288) to work on /opt/airflow/dags/maintenance_dag.py
[2026-08-15T16:37:14.288+0000] {processor.py:830} INFO - Processing file /opt/airflow/dags/maintenance_dag.py for tasks to queue
[2026-08-15T16:37:14.293+0000] {logging_mixin.py:188} INFO - [2026-08-15T16:37:14.292+0000] {dagbag.py:545} INFO - Filling up the DagBag from /opt/airflow/dags/maintenance_dag.py
[2026-08-15T16:37:14.336+0000] {processor.py:840} INFO - DAG(s) 'hybrid_lakehouse_weekly_maintenance' retrieved from /opt/airflow/dags/maintenance_dag.py
[2026-08-15T16:37:14.555+0000] {logging_mixin.py:188} INFO - [2026-08-15T16:37:14.554+0000] {dag.py:3089} INFO - Sync 1 DAGs
[2026-08-15T16:37:14.600+0000] {logging_mixin.py:188} INFO - [2026-08-15T16:37:14.600+0000] {dag.py:3947} INFO - Setting next_dagrun for hybrid_lakehouse_weekly_maintenance to 2026-08-16 03:00:00+00:00, run_after=2026-08-23 03:00:00+00:00
[2026-08-15T16:37:14.669+0000] {processor.py:183} INFO - Processing /opt/airflow/dags/maintenance_dag.py took 0.399 seconds
[2026-08-15T16:37:45.057+0000] {processor.py:161} INFO - Started process (PID=298) to work on /opt/airflow/dags/maintenance_dag.py
[2026-08-15T16:37:45.060+0000] {processor.py:830} INFO - Processing file /opt/airflow/dags/maintenance_dag.py for tasks to queue
[2026-08-15T16:37:45.063+0000] {logging_mixin.py:188} INFO - [2026-08-15T16:37:45.063+0000] {dagbag.py:545} INFO - Filling up the DagBag from /opt/airflow/dags/maintenance_dag.py
[2026-08-15T16:37:45.103+0000] {processor.py:840} INFO - DAG(s) 'hybrid_lakehouse_weekly_maintenance' retrieved from /opt/airflow/dags/maintenance_dag.py
[2026-08-15T16:37:45.255+0000] {logging_mixin.py:188} INFO - [2026-08-15T16:37:45.254+0000] {dag.py:3089} INFO - Sync 1 DAGs
[2026-08-15T16:37:45.283+0000] {logging_mixin.py:188} INFO - [2026-08-15T16:37:45.282+0000] {dag.py:3947} INFO - Setting next_dagrun for hybrid_lakehouse_weekly_maintenance to 2026-08-16 03:00:00+00:00, run_after=2026-08-23 03:00:00+00:00
[2026-08-15T16:37:45.310+0000] {processor.py:183} INFO - Processing /opt/airflow/dags/maintenance_dag.py took 0.263 seconds
[2026-08-15T16:38:15.597+0000] {processor.py:161} INFO - Started process (PID=308) to work on /opt/airflow/dags/maintenance_dag.py
[2026-08-15T16:38:15.599+0000] {processor.py:830} INFO - Processing file /opt/airflow/dags/maintenance_dag.py for tasks to queue
[2026-08-15T16:38:15.602+0000] {logging_mixin.py:188} INFO - [2026-08-15T16:38:15.602+0000] {dagbag.py:545} INFO - Filling up the DagBag from /opt/airflow/dags/maintenance_dag.py
[2026-08-15T16:38:15.637+0000] {processor.py:840} INFO - DAG(s) 'hybrid_lakehouse_weekly_maintenance' retrieved from /opt/airflow/dags/maintenance_dag.py
[2026-08-15T16:38:15.824+0000] {logging_mixin.py:188} INFO - [2026-08-15T16:38:15.823+0000] {dag.py:3089} INFO - Sync 1 DAGs
[2026-08-15T16:38:15.878+0000] {logging_mixin.py:188} INFO - [2026-08-15T16:38:15.878+0000] {dag.py:3947} INFO - Setting next_dagrun for hybrid_lakehouse_weekly_maintenance to 2026-08-16 03:00:00+00:00, run_after=2026-08-23 03:00:00+00:00
[2026-08-15T16:38:15.921+0000] {processor.py:183} INFO - Processing /opt/airflow/dags/maintenance_dag.py took 0.335 seconds
[2026-08-15T16:38:46.295+0000] {processor.py:161} INFO - Started process (PID=318) to work on /opt/airflow/dags/maintenance_dag.py
[2026-08-15T16:38:46.298+0000] {processor.py:830} INFO - Processing file /opt/airflow/dags/maintenance_dag.py for tasks to queue
[2026-08-15T16:38:46.303+0000] {logging_mixin.py:188} INFO - [2026-08-15T16:38:46.302+0000] {dagbag.py:545} INFO - Filling up the DagBag from /opt/airflow/dags/maintenance_dag.py
[2026-08-15T16:38:46.357+0000] {processor.py:840} INFO - DAG(s) 'hybrid_lakehouse_weekly_maintenance' retrieved from /opt/airflow/dags/maintenance_dag.py
[2026-08-15T16:38:46.645+0000] {logging_mixin.py:188} INFO - [2026-08-15T16:38:46.645+0000] {dag.py:3089} INFO - Sync 1 DAGs
[2026-08-15T16:38:46.677+0000] {logging_mixin.py:188} INFO - [2026-08-15T16:38:46.677+0000] {dag.py:3947} INFO - Setting next_dagrun for hybrid_lakehouse_weekly_maintenance to 2026-08-16 03:00:00+00:00, run_after=2026-08-23 03:00:00+00:00
[2026-08-15T16:38:46.710+0000] {processor.py:183} INFO - Processing /opt/airflow/dags/maintenance_dag.py took 0.425 seconds
[2026-08-15T16:39:17.094+0000] {processor.py:161} INFO - Started process (PID=328) to work on /opt/airflow/dags/maintenance_dag.py
[2026-08-15T16:39:17.096+0000] {processor.py:830} INFO - Processing file /opt/airflow/dags/maintenance_dag.py for tasks to queue
[2026-08-15T16:39:17.100+0000] {logging_mixin.py:188} INFO - [2026-08-15T16:39:17.100+0000] {dagbag.py:545} INFO - Filling up the DagBag from /opt/airflow/dags/maintenance_dag.py
[2026-08-15T16:39:17.144+0000] {processor.py:840} INFO - DAG(s) 'hybrid_lakehouse_weekly_maintenance' retrieved from /opt/airflow/dags/maintenance_dag.py
[2026-08-15T16:39:17.337+0000] {logging_mixin.py:188} INFO - [2026-08-15T16:39:17.336+0000] {dag.py:3089} INFO - Sync 1 DAGs
[2026-08-15T16:39:17.364+0000] {logging_mixin.py:188} INFO - [2026-08-15T16:39:17.363+0000] {dag.py:3947} INFO - Setting next_dagrun for hybrid_lakehouse_weekly_maintenance to 2026-08-16 03:00:00+00:00, run_after=2026-08-23 03:00:00+00:00
[2026-08-15T16:39:17.394+0000] {processor.py:183} INFO - Processing /opt/airflow/dags/maintenance_dag.py took 0.310 seconds
[2026-08-15T16:39:47.738+0000] {processor.py:161} INFO - Started process (PID=341) to work on /opt/airflow/dags/maintenance_dag.py
[2026-08-15T16:39:47.741+0000] {processor.py:830} INFO - Processing file /opt/airflow/dags/maintenance_dag.py for tasks to queue
[2026-08-15T16:39:47.745+0000] {logging_mixin.py:188} INFO - [2026-08-15T16:39:47.744+0000] {dagbag.py:545} INFO - Filling up the DagBag from /opt/airflow/dags/maintenance_dag.py
[2026-08-15T16:39:47.798+0000] {processor.py:840} INFO - DAG(s) 'hybrid_lakehouse_weekly_maintenance' retrieved from /opt/airflow/dags/maintenance_dag.py
[2026-08-15T16:39:48.007+0000] {logging_mixin.py:188} INFO - [2026-08-15T16:39:48.006+0000] {dag.py:3089} INFO - Sync 1 DAGs
[2026-08-15T16:39:48.063+0000] {logging_mixin.py:188} INFO - [2026-08-15T16:39:48.062+0000] {dag.py:3947} INFO - Setting next_dagrun for hybrid_lakehouse_weekly_maintenance to 2026-08-16 03:00:00+00:00, run_after=2026-08-23 03:00:00+00:00
[2026-08-15T16:39:48.145+0000] {processor.py:183} INFO - Processing /opt/airflow/dags/maintenance_dag.py took 0.421 seconds
[2026-08-15T16:40:18.550+0000] {processor.py:161} INFO - Started process (PID=351) to work on /opt/airflow/dags/maintenance_dag.py
[2026-08-15T16:40:18.553+0000] {processor.py:830} INFO - Processing file /opt/airflow/dags/maintenance_dag.py for tasks to queue
[2026-08-15T16:40:18.559+0000] {logging_mixin.py:188} INFO - [2026-08-15T16:40:18.558+0000] {dagbag.py:545} INFO - Filling up the DagBag from /opt/airflow/dags/maintenance_dag.py
[2026-08-15T16:40:18.596+0000] {processor.py:840} INFO - DAG(s) 'hybrid_lakehouse_weekly_maintenance' retrieved from /opt/airflow/dags/maintenance_dag.py
[2026-08-15T16:40:18.815+0000] {logging_mixin.py:188} INFO - [2026-08-15T16:40:18.813+0000] {dag.py:3089} INFO - Sync 1 DAGs
[2026-08-15T16:40:18.867+0000] {logging_mixin.py:188} INFO - [2026-08-15T16:40:18.867+0000] {dag.py:3947} INFO - Setting next_dagrun for hybrid_lakehouse_weekly_maintenance to 2026-08-16 03:00:00+00:00, run_after=2026-08-23 03:00:00+00:00
[2026-08-15T16:40:18.921+0000] {processor.py:183} INFO - Processing /opt/airflow/dags/maintenance_dag.py took 0.384 seconds
[2026-08-15T16:40:49.010+0000] {processor.py:161} INFO - Started process (PID=358) to work on /opt/airflow/dags/maintenance_dag.py
[2026-08-15T16:40:49.012+0000] {processor.py:830} INFO - Processing file /opt/airflow/dags/maintenance_dag.py for tasks to queue
[2026-08-15T16:40:49.016+0000] {logging_mixin.py:188} INFO - [2026-08-15T16:40:49.016+0000] {dagbag.py:545} INFO - Filling up the DagBag from /opt/airflow/dags/maintenance_dag.py
[2026-08-15T16:40:49.046+0000] {processor.py:840} INFO - DAG(s) 'hybrid_lakehouse_weekly_maintenance' retrieved from /opt/airflow/dags/maintenance_dag.py
[2026-08-15T16:40:49.188+0000] {logging_mixin.py:188} INFO - [2026-08-15T16:40:49.187+0000] {dag.py:3089} INFO - Sync 1 DAGs
[2026-08-15T16:40:49.214+0000] {logging_mixin.py:188} INFO - [2026-08-15T16:40:49.214+0000] {dag.py:3947} INFO - Setting next_dagrun for hybrid_lakehouse_weekly_maintenance to 2026-08-16 03:00:00+00:00, run_after=2026-08-23 03:00:00+00:00
[2026-08-15T16:40:49.239+0000] {processor.py:183} INFO - Processing /opt/airflow/dags/maintenance_dag.py took 0.238 seconds
[2026-08-15T16:41:19.535+0000] {processor.py:161} INFO - Started process (PID=368) to work on /opt/airflow/dags/maintenance_dag.py
[2026-08-15T16:41:19.537+0000] {processor.py:830} INFO - Processing file /opt/airflow/dags/maintenance_dag.py for tasks to queue
[2026-08-15T16:41:19.540+0000] {logging_mixin.py:188} INFO - [2026-08-15T16:41:19.540+0000] {dagbag.py:545} INFO - Filling up the DagBag from /opt/airflow/dags/maintenance_dag.py
[2026-08-15T16:41:19.578+0000] {processor.py:840} INFO - DAG(s) 'hybrid_lakehouse_weekly_maintenance' retrieved from /opt/airflow/dags/maintenance_dag.py
[2026-08-15T16:41:19.758+0000] {logging_mixin.py:188} INFO - [2026-08-15T16:41:19.754+0000] {dag.py:3089} INFO - Sync 1 DAGs
[2026-08-15T16:41:19.803+0000] {logging_mixin.py:188} INFO - [2026-08-15T16:41:19.802+0000] {dag.py:3947} INFO - Setting next_dagrun for hybrid_lakehouse_weekly_maintenance to 2026-08-16 03:00:00+00:00, run_after=2026-08-23 03:00:00+00:00
[2026-08-15T16:41:19.835+0000] {processor.py:183} INFO - Processing /opt/airflow/dags/maintenance_dag.py took 0.312 seconds
[2026-08-15T16:41:50.321+0000] {processor.py:161} INFO - Started process (PID=378) to work on /opt/airflow/dags/maintenance_dag.py
[2026-08-15T16:41:50.323+0000] {processor.py:830} INFO - Processing file /opt/airflow/dags/maintenance_dag.py for tasks to queue
[2026-08-15T16:41:50.326+0000] {logging_mixin.py:188} INFO - [2026-08-15T16:41:50.326+0000] {dagbag.py:545} INFO - Filling up the DagBag from /opt/airflow/dags/maintenance_dag.py
[2026-08-15T16:41:50.362+0000] {processor.py:840} INFO - DAG(s) 'hybrid_lakehouse_weekly_maintenance' retrieved from /opt/airflow/dags/maintenance_dag.py
[2026-08-15T16:41:50.536+0000] {logging_mixin.py:188} INFO - [2026-08-15T16:41:50.535+0000] {dag.py:3089} INFO - Sync 1 DAGs
[2026-08-15T16:41:50.570+0000] {logging_mixin.py:188} INFO - [2026-08-15T16:41:50.570+0000] {dag.py:3947} INFO - Setting next_dagrun for hybrid_lakehouse_weekly_maintenance to 2026-08-16 03:00:00+00:00, run_after=2026-08-23 03:00:00+00:00
[2026-08-15T16:41:50.604+0000] {processor.py:183} INFO - Processing /opt/airflow/dags/maintenance_dag.py took 0.292 seconds
[2026-08-15T16:42:20.973+0000] {processor.py:161} INFO - Started process (PID=388) to work on /opt/airflow/dags/maintenance_dag.py
[2026-08-15T16:42:20.976+0000] {processor.py:830} INFO - Processing file /opt/airflow/dags/maintenance_dag.py for tasks to queue
[2026-08-15T16:42:20.980+0000] {logging_mixin.py:188} INFO - [2026-08-15T16:42:20.980+0000] {dagbag.py:545} INFO - Filling up the DagBag from /opt/airflow/dags/maintenance_dag.py
[2026-08-15T16:42:21.025+0000] {processor.py:840} INFO - DAG(s) 'hybrid_lakehouse_weekly_maintenance' retrieved from /opt/airflow/dags/maintenance_dag.py
[2026-08-15T16:42:21.225+0000] {logging_mixin.py:188} INFO - [2026-08-15T16:42:21.224+0000] {dag.py:3089} INFO - Sync 1 DAGs
[2026-08-15T16:42:21.252+0000] {logging_mixin.py:188} INFO - [2026-08-15T16:42:21.252+0000] {dag.py:3947} INFO - Setting next_dagrun for hybrid_lakehouse_weekly_maintenance to 2026-08-16 03:00:00+00:00, run_after=2026-08-23 03:00:00+00:00
[2026-08-15T16:42:21.285+0000] {processor.py:183} INFO - Processing /opt/airflow/dags/maintenance_dag.py took 0.324 seconds
[2026-08-15T16:42:51.664+0000] {processor.py:161} INFO - Started process (PID=398) to work on /opt/airflow/dags/maintenance_dag.py
[2026-08-15T16:42:51.666+0000] {processor.py:830} INFO - Processing file /opt/airflow/dags/maintenance_dag.py for tasks to queue
[2026-08-15T16:42:51.670+0000] {logging_mixin.py:188} INFO - [2026-08-15T16:42:51.669+0000] {dagbag.py:545} INFO - Filling up the DagBag from /opt/airflow/dags/maintenance_dag.py
[2026-08-15T16:42:51.710+0000] {processor.py:840} INFO - DAG(s) 'hybrid_lakehouse_weekly_maintenance' retrieved from /opt/airflow/dags/maintenance_dag.py
[2026-08-15T16:42:51.845+0000] {logging_mixin.py:188} INFO - [2026-08-15T16:42:51.845+0000] {dag.py:3089} INFO - Sync 1 DAGs
[2026-08-15T16:42:51.876+0000] {logging_mixin.py:188} INFO - [2026-08-15T16:42:51.876+0000] {dag.py:3947} INFO - Setting next_dagrun for hybrid_lakehouse_weekly_maintenance to 2026-08-16 03:00:00+00:00, run_after=2026-08-23 03:00:00+00:00
[2026-08-15T16:42:51.907+0000] {processor.py:183} INFO - Processing /opt/airflow/dags/maintenance_dag.py took 0.255 seconds
[2026-08-15T16:43:22.044+0000] {processor.py:161} INFO - Started process (PID=408) to work on /opt/airflow/dags/maintenance_dag.py
[2026-08-15T16:43:22.046+0000] {processor.py:830} INFO - Processing file /opt/airflow/dags/maintenance_dag.py for tasks to queue
[2026-08-15T16:43:22.049+0000] {logging_mixin.py:188} INFO - [2026-08-15T16:43:22.049+0000] {dagbag.py:545} INFO - Filling up the DagBag from /opt/airflow/dags/maintenance_dag.py
[2026-08-15T16:43:22.084+0000] {processor.py:840} INFO - DAG(s) 'hybrid_lakehouse_weekly_maintenance' retrieved from /opt/airflow/dags/maintenance_dag.py
[2026-08-15T16:43:22.232+0000] {logging_mixin.py:188} INFO - [2026-08-15T16:43:22.231+0000] {dag.py:3089} INFO - Sync 1 DAGs
[2026-08-15T16:43:22.266+0000] {logging_mixin.py:188} INFO - [2026-08-15T16:43:22.265+0000] {dag.py:3947} INFO - Setting next_dagrun for hybrid_lakehouse_weekly_maintenance to 2026-08-16 03:00:00+00:00, run_after=2026-08-23 03:00:00+00:00
[2026-08-15T16:43:22.308+0000] {processor.py:183} INFO - Processing /opt/airflow/dags/maintenance_dag.py took 0.272 seconds
[2026-08-15T16:43:52.746+0000] {processor.py:161} INFO - Started process (PID=418) to work on /opt/airflow/dags/maintenance_dag.py
[2026-08-15T16:43:52.748+0000] {processor.py:830} INFO - Processing file /opt/airflow/dags/maintenance_dag.py for tasks to queue
[2026-08-15T16:43:52.752+0000] {logging_mixin.py:188} INFO - [2026-08-15T16:43:52.751+0000] {dagbag.py:545} INFO - Filling up the DagBag from /opt/airflow/dags/maintenance_dag.py
[2026-08-15T16:43:52.799+0000] {processor.py:840} INFO - DAG(s) 'hybrid_lakehouse_weekly_maintenance' retrieved from /opt/airflow/dags/maintenance_dag.py
[2026-08-15T16:43:52.989+0000] {logging_mixin.py:188} INFO - [2026-08-15T16:43:52.989+0000] {dag.py:3089} INFO - Sync 1 DAGs
[2026-08-15T16:43:53.019+0000] {logging_mixin.py:188} INFO - [2026-08-15T16:43:53.019+0000] {dag.py:3947} INFO - Setting next_dagrun for hybrid_lakehouse_weekly_maintenance to 2026-08-16 03:00:00+00:00, run_after=2026-08-23 03:00:00+00:00
[2026-08-15T16:43:53.055+0000] {processor.py:183} INFO - Processing /opt/airflow/dags/maintenance_dag.py took 0.319 seconds
[2026-08-15T16:44:23.483+0000] {processor.py:161} INFO - Started process (PID=428) to work on /opt/airflow/dags/maintenance_dag.py
[2026-08-15T16:44:23.487+0000] {processor.py:830} INFO - Processing file /opt/airflow/dags/maintenance_dag.py for tasks to queue
[2026-08-15T16:44:23.493+0000] {logging_mixin.py:188} INFO - [2026-08-15T16:44:23.492+0000] {dagbag.py:545} INFO - Filling up the DagBag from /opt/airflow/dags/maintenance_dag.py
[2026-08-15T16:44:23.535+0000] {processor.py:840} INFO - DAG(s) 'hybrid_lakehouse_weekly_maintenance' retrieved from /opt/airflow/dags/maintenance_dag.py
[2026-08-15T16:44:23.696+0000] {logging_mixin.py:188} INFO - [2026-08-15T16:44:23.695+0000] {dag.py:3089} INFO - Sync 1 DAGs
[2026-08-15T16:44:23.733+0000] {logging_mixin.py:188} INFO - [2026-08-15T16:44:23.733+0000] {dag.py:3947} INFO - Setting next_dagrun for hybrid_lakehouse_weekly_maintenance to 2026-08-16 03:00:00+00:00, run_after=2026-08-23 03:00:00+00:00
[2026-08-15T16:44:23.771+0000] {processor.py:183} INFO - Processing /opt/airflow/dags/maintenance_dag.py took 0.304 seconds
[2026-08-15T16:44:54.177+0000] {processor.py:161} INFO - Started process (PID=438) to work on /opt/airflow/dags/maintenance_dag.py
[2026-08-15T16:44:54.179+0000] {processor.py:830} INFO - Processing file /opt/airflow/dags/maintenance_dag.py for tasks to queue
[2026-08-15T16:44:54.184+0000] {logging_mixin.py:188} INFO - [2026-08-15T16:44:54.183+0000] {dagbag.py:545} INFO - Filling up the DagBag from /opt/airflow/dags/maintenance_dag.py
[2026-08-15T16:44:54.224+0000] {processor.py:840} INFO - DAG(s) 'hybrid_lakehouse_weekly_maintenance' retrieved from /opt/airflow/dags/maintenance_dag.py
[2026-08-15T16:44:54.400+0000] {logging_mixin.py:188} INFO - [2026-08-15T16:44:54.399+0000] {dag.py:3089} INFO - Sync 1 DAGs
[2026-08-15T16:44:54.446+0000] {logging_mixin.py:188} INFO - [2026-08-15T16:44:54.445+0000] {dag.py:3947} INFO - Setting next_dagrun for hybrid_lakehouse_weekly_maintenance to 2026-08-16 03:00:00+00:00, run_after=2026-08-23 03:00:00+00:00
[2026-08-15T16:44:54.492+0000] {processor.py:183} INFO - Processing /opt/airflow/dags/maintenance_dag.py took 0.326 seconds
[2026-08-15T16:45:24.897+0000] {processor.py:161} INFO - Started process (PID=448) to work on /opt/airflow/dags/maintenance_dag.py
[2026-08-15T16:45:24.900+0000] {processor.py:830} INFO - Processing file /opt/airflow/dags/maintenance_dag.py for tasks to queue
[2026-08-15T16:45:24.904+0000] {logging_mixin.py:188} INFO - [2026-08-15T16:45:24.903+0000] {dagbag.py:545} INFO - Filling up the DagBag from /opt/airflow/dags/maintenance_dag.py
[2026-08-15T16:45:24.942+0000] {processor.py:840} INFO - DAG(s) 'hybrid_lakehouse_weekly_maintenance' retrieved from /opt/airflow/dags/maintenance_dag.py
[2026-08-15T16:45:25.099+0000] {logging_mixin.py:188} INFO - [2026-08-15T16:45:25.098+0000] {dag.py:3089} INFO - Sync 1 DAGs
[2026-08-15T16:45:25.127+0000] {logging_mixin.py:188} INFO - [2026-08-15T16:45:25.126+0000] {dag.py:3947} INFO - Setting next_dagrun for hybrid_lakehouse_weekly_maintenance to 2026-08-16 03:00:00+00:00, run_after=2026-08-23 03:00:00+00:00
[2026-08-15T16:45:25.163+0000] {processor.py:183} INFO - Processing /opt/airflow/dags/maintenance_dag.py took 0.277 seconds
[2026-08-15T16:45:55.549+0000] {processor.py:161} INFO - Started process (PID=458) to work on /opt/airflow/dags/maintenance_dag.py
[2026-08-15T16:45:55.550+0000] {processor.py:830} INFO - Processing file /opt/airflow/dags/maintenance_dag.py for tasks to queue
[2026-08-15T16:45:55.554+0000] {logging_mixin.py:188} INFO - [2026-08-15T16:45:55.554+0000] {dagbag.py:545} INFO - Filling up the DagBag from /opt/airflow/dags/maintenance_dag.py
[2026-08-15T16:45:55.592+0000] {processor.py:840} INFO - DAG(s) 'hybrid_lakehouse_weekly_maintenance' retrieved from /opt/airflow/dags/maintenance_dag.py
[2026-08-15T16:45:55.751+0000] {logging_mixin.py:188} INFO - [2026-08-15T16:45:55.751+0000] {dag.py:3089} INFO - Sync 1 DAGs
[2026-08-15T16:45:55.783+0000] {logging_mixin.py:188} INFO - [2026-08-15T16:45:55.783+0000] {dag.py:3947} INFO - Setting next_dagrun for hybrid_lakehouse_weekly_maintenance to 2026-08-16 03:00:00+00:00, run_after=2026-08-23 03:00:00+00:00
[2026-08-15T16:45:55.814+0000] {processor.py:183} INFO - Processing /opt/airflow/dags/maintenance_dag.py took 0.279 seconds
[2026-08-15T16:46:25.938+0000] {processor.py:161} INFO - Started process (PID=468) to work on /opt/airflow/dags/maintenance_dag.py
[2026-08-15T16:46:25.940+0000] {processor.py:830} INFO - Processing file /opt/airflow/dags/maintenance_dag.py for tasks to queue
[2026-08-15T16:46:25.945+0000] {logging_mixin.py:188} INFO - [2026-08-15T16:46:25.944+0000] {dagbag.py:545} INFO - Filling up the DagBag from /opt/airflow/dags/maintenance_dag.py
[2026-08-15T16:46:25.981+0000] {processor.py:840} INFO - DAG(s) 'hybrid_lakehouse_weekly_maintenance' retrieved from /opt/airflow/dags/maintenance_dag.py
[2026-08-15T16:46:26.130+0000] {logging_mixin.py:188} INFO - [2026-08-15T16:46:26.129+0000] {dag.py:3089} INFO - Sync 1 DAGs
[2026-08-15T16:46:26.166+0000] {logging_mixin.py:188} INFO - [2026-08-15T16:46:26.166+0000] {dag.py:3947} INFO - Setting next_dagrun for hybrid_lakehouse_weekly_maintenance to 2026-08-16 03:00:00+00:00, run_after=2026-08-23 03:00:00+00:00
[2026-08-15T16:46:26.198+0000] {processor.py:183} INFO - Processing /opt/airflow/dags/maintenance_dag.py took 0.272 seconds
[2026-08-15T16:46:56.680+0000] {processor.py:161} INFO - Started process (PID=478) to work on /opt/airflow/dags/maintenance_dag.py
[2026-08-15T16:46:56.682+0000] {processor.py:830} INFO - Processing file /opt/airflow/dags/maintenance_dag.py for tasks to queue
[2026-08-15T16:46:56.687+0000] {logging_mixin.py:188} INFO - [2026-08-15T16:46:56.686+0000] {dagbag.py:545} INFO - Filling up the DagBag from /opt/airflow/dags/maintenance_dag.py
[2026-08-15T16:46:56.729+0000] {processor.py:840} INFO - DAG(s) 'hybrid_lakehouse_weekly_maintenance' retrieved from /opt/airflow/dags/maintenance_dag.py
[2026-08-15T16:46:56.914+0000] {logging_mixin.py:188} INFO - [2026-08-15T16:46:56.913+0000] {dag.py:3089} INFO - Sync 1 DAGs
[2026-08-15T16:46:56.954+0000] {logging_mixin.py:188} INFO - [2026-08-15T16:46:56.953+0000] {dag.py:3947} INFO - Setting next_dagrun for hybrid_lakehouse_weekly_maintenance to 2026-08-16 03:00:00+00:00, run_after=2026-08-23 03:00:00+00:00
[2026-08-15T16:46:56.993+0000] {processor.py:183} INFO - Processing /opt/airflow/dags/maintenance_dag.py took 0.327 seconds
[2026-08-15T16:47:27.366+0000] {processor.py:161} INFO - Started process (PID=488) to work on /opt/airflow/dags/maintenance_dag.py
[2026-08-15T16:47:27.368+0000] {processor.py:830} INFO - Processing file /opt/airflow/dags/maintenance_dag.py for tasks to queue
[2026-08-15T16:47:27.373+0000] {logging_mixin.py:188} INFO - [2026-08-15T16:47:27.372+0000] {dagbag.py:545} INFO - Filling up the DagBag from /opt/airflow/dags/maintenance_dag.py
[2026-08-15T16:47:27.410+0000] {processor.py:840} INFO - DAG(s) 'hybrid_lakehouse_weekly_maintenance' retrieved from /opt/airflow/dags/maintenance_dag.py
[2026-08-15T16:47:27.577+0000] {logging_mixin.py:188} INFO - [2026-08-15T16:47:27.577+0000] {dag.py:3089} INFO - Sync 1 DAGs
[2026-08-15T16:47:27.609+0000] {logging_mixin.py:188} INFO - [2026-08-15T16:47:27.609+0000] {dag.py:3947} INFO - Setting next_dagrun for hybrid_lakehouse_weekly_maintenance to 2026-08-16 03:00:00+00:00, run_after=2026-08-23 03:00:00+00:00
[2026-08-15T16:47:27.643+0000] {processor.py:183} INFO - Processing /opt/airflow/dags/maintenance_dag.py took 0.287 seconds
[2026-08-15T16:47:57.757+0000] {processor.py:161} INFO - Started process (PID=498) to work on /opt/airflow/dags/maintenance_dag.py
[2026-08-15T16:47:57.759+0000] {processor.py:830} INFO - Processing file /opt/airflow/dags/maintenance_dag.py for tasks to queue
[2026-08-15T16:47:57.763+0000] {logging_mixin.py:188} INFO - [2026-08-15T16:47:57.762+0000] {dagbag.py:545} INFO - Filling up the DagBag from /opt/airflow/dags/maintenance_dag.py
[2026-08-15T16:47:57.805+0000] {processor.py:840} INFO - DAG(s) 'hybrid_lakehouse_weekly_maintenance' retrieved from /opt/airflow/dags/maintenance_dag.py
[2026-08-15T16:47:57.959+0000] {logging_mixin.py:188} INFO - [2026-08-15T16:47:57.959+0000] {dag.py:3089} INFO - Sync 1 DAGs
[2026-08-15T16:47:57.992+0000] {logging_mixin.py:188} INFO - [2026-08-15T16:47:57.991+0000] {dag.py:3947} INFO - Setting next_dagrun for hybrid_lakehouse_weekly_maintenance to 2026-08-16 03:00:00+00:00, run_after=2026-08-23 03:00:00+00:00
[2026-08-15T16:47:58.025+0000] {processor.py:183} INFO - Processing /opt/airflow/dags/maintenance_dag.py took 0.279 seconds
[2026-08-15T16:48:28.370+0000] {processor.py:161} INFO - Started process (PID=508) to work on /opt/airflow/dags/maintenance_dag.py
[2026-08-15T16:48:28.373+0000] {processor.py:830} INFO - Processing file /opt/airflow/dags/maintenance_dag.py for tasks to queue
[2026-08-15T16:48:28.377+0000] {logging_mixin.py:188} INFO - [2026-08-15T16:48:28.376+0000] {dagbag.py:545} INFO - Filling up the DagBag from /opt/airflow/dags/maintenance_dag.py
[2026-08-15T16:48:28.417+0000] {processor.py:840} INFO - DAG(s) 'hybrid_lakehouse_weekly_maintenance' retrieved from /opt/airflow/dags/maintenance_dag.py
[2026-08-15T16:48:28.576+0000] {logging_mixin.py:188} INFO - [2026-08-15T16:48:28.574+0000] {dag.py:3089} INFO - Sync 1 DAGs
[2026-08-15T16:48:28.607+0000] {logging_mixin.py:188} INFO - [2026-08-15T16:48:28.607+0000] {dag.py:3947} INFO - Setting next_dagrun for hybrid_lakehouse_weekly_maintenance to 2026-08-16 03:00:00+00:00, run_after=2026-08-23 03:00:00+00:00
[2026-08-15T16:48:28.635+0000] {processor.py:183} INFO - Processing /opt/airflow/dags/maintenance_dag.py took 0.279 seconds
[2026-08-15T16:48:58.787+0000] {processor.py:161} INFO - Started process (PID=518) to work on /opt/airflow/dags/maintenance_dag.py
[2026-08-15T16:48:58.789+0000] {processor.py:830} INFO - Processing file /opt/airflow/dags/maintenance_dag.py for tasks to queue
[2026-08-15T16:48:58.793+0000] {logging_mixin.py:188} INFO - [2026-08-15T16:48:58.792+0000] {dagbag.py:545} INFO - Filling up the DagBag from /opt/airflow/dags/maintenance_dag.py
[2026-08-15T16:48:58.841+0000] {processor.py:840} INFO - DAG(s) 'hybrid_lakehouse_weekly_maintenance' retrieved from /opt/airflow/dags/maintenance_dag.py
[2026-08-15T16:48:58.989+0000] {logging_mixin.py:188} INFO - [2026-08-15T16:48:58.988+0000] {dag.py:3089} INFO - Sync 1 DAGs
[2026-08-15T16:48:59.015+0000] {logging_mixin.py:188} INFO - [2026-08-15T16:48:59.015+0000] {dag.py:3947} INFO - Setting next_dagrun for hybrid_lakehouse_weekly_maintenance to 2026-08-16 03:00:00+00:00, run_after=2026-08-23 03:00:00+00:00
[2026-08-15T16:48:59.050+0000] {processor.py:183} INFO - Processing /opt/airflow/dags/maintenance_dag.py took 0.276 seconds
[2026-08-15T16:49:29.408+0000] {processor.py:161} INFO - Started process (PID=528) to work on /opt/airflow/dags/maintenance_dag.py
[2026-08-15T16:49:29.410+0000] {processor.py:830} INFO - Processing file /opt/airflow/dags/maintenance_dag.py for tasks to queue
[2026-08-15T16:49:29.415+0000] {logging_mixin.py:188} INFO - [2026-08-15T16:49:29.414+0000] {dagbag.py:545} INFO - Filling up the DagBag from /opt/airflow/dags/maintenance_dag.py
[2026-08-15T16:49:29.454+0000] {processor.py:840} INFO - DAG(s) 'hybrid_lakehouse_weekly_maintenance' retrieved from /opt/airflow/dags/maintenance_dag.py
[2026-08-15T16:49:29.605+0000] {logging_mixin.py:188} INFO - [2026-08-15T16:49:29.604+0000] {dag.py:3089} INFO - Sync 1 DAGs
[2026-08-15T16:49:29.642+0000] {logging_mixin.py:188} INFO - [2026-08-15T16:49:29.642+0000] {dag.py:3947} INFO - Setting next_dagrun for hybrid_lakehouse_weekly_maintenance to 2026-08-16 03:00:00+00:00, run_after=2026-08-23 03:00:00+00:00
[2026-08-15T16:49:29.677+0000] {processor.py:183} INFO - Processing /opt/airflow/dags/maintenance_dag.py took 0.281 seconds
[2026-08-15T16:50:00.071+0000] {processor.py:161} INFO - Started process (PID=538) to work on /opt/airflow/dags/maintenance_dag.py
[2026-08-15T16:50:00.074+0000] {processor.py:830} INFO - Processing file /opt/airflow/dags/maintenance_dag.py for tasks to queue
[2026-08-15T16:50:00.078+0000] {logging_mixin.py:188} INFO - [2026-08-15T16:50:00.077+0000] {dagbag.py:545} INFO - Filling up the DagBag from /opt/airflow/dags/maintenance_dag.py
[2026-08-15T16:50:00.123+0000] {processor.py:840} INFO - DAG(s) 'hybrid_lakehouse_weekly_maintenance' retrieved from /opt/airflow/dags/maintenance_dag.py
[2026-08-15T16:50:00.305+0000] {logging_mixin.py:188} INFO - [2026-08-15T16:50:00.304+0000] {dag.py:3089} INFO - Sync 1 DAGs
[2026-08-15T16:50:00.339+0000] {logging_mixin.py:188} INFO - [2026-08-15T16:50:00.338+0000] {dag.py:3947} INFO - Setting next_dagrun for hybrid_lakehouse_weekly_maintenance to 2026-08-16 03:00:00+00:00, run_after=2026-08-23 03:00:00+00:00
[2026-08-15T16:50:00.374+0000] {processor.py:183} INFO - Processing /opt/airflow/dags/maintenance_dag.py took 0.316 seconds
[2026-08-15T16:50:30.741+0000] {processor.py:161} INFO - Started process (PID=548) to work on /opt/airflow/dags/maintenance_dag.py
[2026-08-15T16:50:30.743+0000] {processor.py:830} INFO - Processing file /opt/airflow/dags/maintenance_dag.py for tasks to queue
[2026-08-15T16:50:30.747+0000] {logging_mixin.py:188} INFO - [2026-08-15T16:50:30.746+0000] {dagbag.py:545} INFO - Filling up the DagBag from /opt/airflow/dags/maintenance_dag.py
[2026-08-15T16:50:30.784+0000] {processor.py:840} INFO - DAG(s) 'hybrid_lakehouse_weekly_maintenance' retrieved from /opt/airflow/dags/maintenance_dag.py
[2026-08-15T16:50:30.936+0000] {logging_mixin.py:188} INFO - [2026-08-15T16:50:30.935+0000] {dag.py:3089} INFO - Sync 1 DAGs
[2026-08-15T16:50:30.976+0000] {logging_mixin.py:188} INFO - [2026-08-15T16:50:30.976+0000] {dag.py:3947} INFO - Setting next_dagrun for hybrid_lakehouse_weekly_maintenance to 2026-08-16 03:00:00+00:00, run_after=2026-08-23 03:00:00+00:00
[2026-08-15T16:50:31.009+0000] {processor.py:183} INFO - Processing /opt/airflow/dags/maintenance_dag.py took 0.280 seconds
[2026-08-15T16:51:01.343+0000] {processor.py:161} INFO - Started process (PID=558) to work on /opt/airflow/dags/maintenance_dag.py
[2026-08-15T16:51:01.345+0000] {processor.py:830} INFO - Processing file /opt/airflow/dags/maintenance_dag.py for tasks to queue
[2026-08-15T16:51:01.348+0000] {logging_mixin.py:188} INFO - [2026-08-15T16:51:01.347+0000] {dagbag.py:545} INFO - Filling up the DagBag from /opt/airflow/dags/maintenance_dag.py
[2026-08-15T16:51:01.376+0000] {processor.py:840} INFO - DAG(s) 'hybrid_lakehouse_weekly_maintenance' retrieved from /opt/airflow/dags/maintenance_dag.py
[2026-08-15T16:51:01.517+0000] {logging_mixin.py:188} INFO - [2026-08-15T16:51:01.516+0000] {dag.py:3089} INFO - Sync 1 DAGs
[2026-08-15T16:51:01.542+0000] {logging_mixin.py:188} INFO - [2026-08-15T16:51:01.541+0000] {dag.py:3947} INFO - Setting next_dagrun for hybrid_lakehouse_weekly_maintenance to 2026-08-16 03:00:00+00:00, run_after=2026-08-23 03:00:00+00:00
[2026-08-15T16:51:01.570+0000] {processor.py:183} INFO - Processing /opt/airflow/dags/maintenance_dag.py took 0.238 seconds
[2026-08-15T16:51:31.873+0000] {processor.py:161} INFO - Started process (PID=568) to work on /opt/airflow/dags/maintenance_dag.py
[2026-08-15T16:51:31.875+0000] {processor.py:830} INFO - Processing file /opt/airflow/dags/maintenance_dag.py for tasks to queue
[2026-08-15T16:51:31.879+0000] {logging_mixin.py:188} INFO - [2026-08-15T16:51:31.878+0000] {dagbag.py:545} INFO - Filling up the DagBag from /opt/airflow/dags/maintenance_dag.py
[2026-08-15T16:51:31.913+0000] {processor.py:840} INFO - DAG(s) 'hybrid_lakehouse_weekly_maintenance' retrieved from /opt/airflow/dags/maintenance_dag.py
[2026-08-15T16:51:32.040+0000] {logging_mixin.py:188} INFO - [2026-08-15T16:51:32.040+0000] {dag.py:3089} INFO - Sync 1 DAGs
[2026-08-15T16:51:32.066+0000] {logging_mixin.py:188} INFO - [2026-08-15T16:51:32.066+0000] {dag.py:3947} INFO - Setting next_dagrun for hybrid_lakehouse_weekly_maintenance to 2026-08-16 03:00:00+00:00, run_after=2026-08-23 03:00:00+00:00
[2026-08-15T16:51:32.097+0000] {processor.py:183} INFO - Processing /opt/airflow/dags/maintenance_dag.py took 0.236 seconds
[2026-08-15T16:52:02.488+0000] {processor.py:161} INFO - Started process (PID=578) to work on /opt/airflow/dags/maintenance_dag.py
[2026-08-15T16:52:02.491+0000] {processor.py:830} INFO - Processing file /opt/airflow/dags/maintenance_dag.py for tasks to queue
[2026-08-15T16:52:02.495+0000] {logging_mixin.py:188} INFO - [2026-08-15T16:52:02.495+0000] {dagbag.py:545} INFO - Filling up the DagBag from /opt/airflow/dags/maintenance_dag.py
[2026-08-15T16:52:02.539+0000] {processor.py:840} INFO - DAG(s) 'hybrid_lakehouse_weekly_maintenance' retrieved from /opt/airflow/dags/maintenance_dag.py
[2026-08-15T16:52:02.702+0000] {logging_mixin.py:188} INFO - [2026-08-15T16:52:02.701+0000] {dag.py:3089} INFO - Sync 1 DAGs
[2026-08-15T16:52:02.741+0000] {logging_mixin.py:188} INFO - [2026-08-15T16:52:02.740+0000] {dag.py:3947} INFO - Setting next_dagrun for hybrid_lakehouse_weekly_maintenance to 2026-08-16 03:00:00+00:00, run_after=2026-08-23 03:00:00+00:00
[2026-08-15T16:52:02.775+0000] {processor.py:183} INFO - Processing /opt/airflow/dags/maintenance_dag.py took 0.303 seconds
[2026-08-15T16:52:33.192+0000] {processor.py:161} INFO - Started process (PID=588) to work on /opt/airflow/dags/maintenance_dag.py
[2026-08-15T16:52:33.196+0000] {processor.py:830} INFO - Processing file /opt/airflow/dags/maintenance_dag.py for tasks to queue
[2026-08-15T16:52:33.201+0000] {logging_mixin.py:188} INFO - [2026-08-15T16:52:33.200+0000] {dagbag.py:545} INFO - Filling up the DagBag from /opt/airflow/dags/maintenance_dag.py
[2026-08-15T16:52:33.269+0000] {processor.py:840} INFO - DAG(s) 'hybrid_lakehouse_weekly_maintenance' retrieved from /opt/airflow/dags/maintenance_dag.py
[2026-08-15T16:52:33.492+0000] {logging_mixin.py:188} INFO - [2026-08-15T16:52:33.491+0000] {dag.py:3089} INFO - Sync 1 DAGs
[2026-08-15T16:52:33.521+0000] {logging_mixin.py:188} INFO - [2026-08-15T16:52:33.521+0000] {dag.py:3947} INFO - Setting next_dagrun for hybrid_lakehouse_weekly_maintenance to 2026-08-16 03:00:00+00:00, run_after=2026-08-23 03:00:00+00:00
[2026-08-15T16:52:33.553+0000] {processor.py:183} INFO - Processing /opt/airflow/dags/maintenance_dag.py took 0.378 seconds
[2026-08-15T16:53:03.989+0000] {processor.py:161} INFO - Started process (PID=598) to work on /opt/airflow/dags/maintenance_dag.py
[2026-08-15T16:53:03.990+0000] {processor.py:830} INFO - Processing file /opt/airflow/dags/maintenance_dag.py for tasks to queue
[2026-08-15T16:53:03.994+0000] {logging_mixin.py:188} INFO - [2026-08-15T16:53:03.994+0000] {dagbag.py:545} INFO - Filling up the DagBag from /opt/airflow/dags/maintenance_dag.py
[2026-08-15T16:53:04.027+0000] {processor.py:840} INFO - DAG(s) 'hybrid_lakehouse_weekly_maintenance' retrieved from /opt/airflow/dags/maintenance_dag.py
[2026-08-15T16:53:04.163+0000] {logging_mixin.py:188} INFO - [2026-08-15T16:53:04.162+0000] {dag.py:3089} INFO - Sync 1 DAGs
[2026-08-15T16:53:04.199+0000] {logging_mixin.py:188} INFO - [2026-08-15T16:53:04.199+0000] {dag.py:3947} INFO - Setting next_dagrun for hybrid_lakehouse_weekly_maintenance to 2026-08-16 03:00:00+00:00, run_after=2026-08-23 03:00:00+00:00
[2026-08-15T16:53:04.231+0000] {processor.py:183} INFO - Processing /opt/airflow/dags/maintenance_dag.py took 0.254 seconds
[2026-08-15T16:53:34.371+0000] {processor.py:161} INFO - Started process (PID=608) to work on /opt/airflow/dags/maintenance_dag.py
[2026-08-15T16:53:34.373+0000] {processor.py:830} INFO - Processing file /opt/airflow/dags/maintenance_dag.py for tasks to queue
[2026-08-15T16:53:34.379+0000] {logging_mixin.py:188} INFO - [2026-08-15T16:53:34.378+0000] {dagbag.py:545} INFO - Filling up the DagBag from /opt/airflow/dags/maintenance_dag.py
[2026-08-15T16:53:34.434+0000] {processor.py:840} INFO - DAG(s) 'hybrid_lakehouse_weekly_maintenance' retrieved from /opt/airflow/dags/maintenance_dag.py
[2026-08-15T16:53:34.615+0000] {logging_mixin.py:188} INFO - [2026-08-15T16:53:34.613+0000] {dag.py:3089} INFO - Sync 1 DAGs
[2026-08-15T16:53:34.650+0000] {logging_mixin.py:188} INFO - [2026-08-15T16:53:34.650+0000] {dag.py:3947} INFO - Setting next_dagrun for hybrid_lakehouse_weekly_maintenance to 2026-08-16 03:00:00+00:00, run_after=2026-08-23 03:00:00+00:00
[2026-08-15T16:53:34.687+0000] {processor.py:183} INFO - Processing /opt/airflow/dags/maintenance_dag.py took 0.330 seconds
[2026-08-15T16:54:05.099+0000] {processor.py:161} INFO - Started process (PID=618) to work on /opt/airflow/dags/maintenance_dag.py
[2026-08-15T16:54:05.101+0000] {processor.py:830} INFO - Processing file /opt/airflow/dags/maintenance_dag.py for tasks to queue
[2026-08-15T16:54:05.105+0000] {logging_mixin.py:188} INFO - [2026-08-15T16:54:05.104+0000] {dagbag.py:545} INFO - Filling up the DagBag from /opt/airflow/dags/maintenance_dag.py
[2026-08-15T16:54:05.145+0000] {processor.py:840} INFO - DAG(s) 'hybrid_lakehouse_weekly_maintenance' retrieved from /opt/airflow/dags/maintenance_dag.py
[2026-08-15T16:54:05.279+0000] {logging_mixin.py:188} INFO - [2026-08-15T16:54:05.278+0000] {dag.py:3089} INFO - Sync 1 DAGs
[2026-08-15T16:54:05.304+0000] {logging_mixin.py:188} INFO - [2026-08-15T16:54:05.304+0000] {dag.py:3947} INFO - Setting next_dagrun for hybrid_lakehouse_weekly_maintenance to 2026-08-16 03:00:00+00:00, run_after=2026-08-23 03:00:00+00:00
[2026-08-15T16:54:05.336+0000] {processor.py:183} INFO - Processing /opt/airflow/dags/maintenance_dag.py took 0.250 seconds
[2026-08-15T16:54:35.478+0000] {processor.py:161} INFO - Started process (PID=628) to work on /opt/airflow/dags/maintenance_dag.py
[2026-08-15T16:54:35.482+0000] {processor.py:830} INFO - Processing file /opt/airflow/dags/maintenance_dag.py for tasks to queue
[2026-08-15T16:54:35.491+0000] {logging_mixin.py:188} INFO - [2026-08-15T16:54:35.490+0000] {dagbag.py:545} INFO - Filling up the DagBag from /opt/airflow/dags/maintenance_dag.py
[2026-08-15T16:54:35.536+0000] {processor.py:840} INFO - DAG(s) 'hybrid_lakehouse_weekly_maintenance' retrieved from /opt/airflow/dags/maintenance_dag.py
[2026-08-15T16:54:35.682+0000] {logging_mixin.py:188} INFO - [2026-08-15T16:54:35.681+0000] {dag.py:3089} INFO - Sync 1 DAGs
[2026-08-15T16:54:35.712+0000] {logging_mixin.py:188} INFO - [2026-08-15T16:54:35.712+0000] {dag.py:3947} INFO - Setting next_dagrun for hybrid_lakehouse_weekly_maintenance to 2026-08-16 03:00:00+00:00, run_after=2026-08-23 03:00:00+00:00
[2026-08-15T16:54:35.741+0000] {processor.py:183} INFO - Processing /opt/airflow/dags/maintenance_dag.py took 0.282 seconds
[2026-08-15T16:55:06.191+0000] {processor.py:161} INFO - Started process (PID=638) to work on /opt/airflow/dags/maintenance_dag.py
[2026-08-15T16:55:06.193+0000] {processor.py:830} INFO - Processing file /opt/airflow/dags/maintenance_dag.py for tasks to queue
[2026-08-15T16:55:06.198+0000] {logging_mixin.py:188} INFO - [2026-08-15T16:55:06.198+0000] {dagbag.py:545} INFO - Filling up the DagBag from /opt/airflow/dags/maintenance_dag.py
[2026-08-15T16:55:06.245+0000] {processor.py:840} INFO - DAG(s) 'hybrid_lakehouse_weekly_maintenance' retrieved from /opt/airflow/dags/maintenance_dag.py
[2026-08-15T16:55:06.405+0000] {logging_mixin.py:188} INFO - [2026-08-15T16:55:06.404+0000] {dag.py:3089} INFO - Sync 1 DAGs
[2026-08-15T16:55:06.434+0000] {logging_mixin.py:188} INFO - [2026-08-15T16:55:06.433+0000] {dag.py:3947} INFO - Setting next_dagrun for hybrid_lakehouse_weekly_maintenance to 2026-08-16 03:00:00+00:00, run_after=2026-08-23 03:00:00+00:00
[2026-08-15T16:55:06.467+0000] {processor.py:183} INFO - Processing /opt/airflow/dags/maintenance_dag.py took 0.293 seconds
[2026-08-15T16:55:36.860+0000] {processor.py:161} INFO - Started process (PID=648) to work on /opt/airflow/dags/maintenance_dag.py
[2026-08-15T16:55:36.862+0000] {processor.py:830} INFO - Processing file /opt/airflow/dags/maintenance_dag.py for tasks to queue
[2026-08-15T16:55:36.865+0000] {logging_mixin.py:188} INFO - [2026-08-15T16:55:36.865+0000] {dagbag.py:545} INFO - Filling up the DagBag from /opt/airflow/dags/maintenance_dag.py
[2026-08-15T16:55:36.901+0000] {processor.py:840} INFO - DAG(s) 'hybrid_lakehouse_weekly_maintenance' retrieved from /opt/airflow/dags/maintenance_dag.py
[2026-08-15T16:55:37.052+0000] {logging_mixin.py:188} INFO - [2026-08-15T16:55:37.052+0000] {dag.py:3089} INFO - Sync 1 DAGs
[2026-08-15T16:55:37.083+0000] {logging_mixin.py:188} INFO - [2026-08-15T16:55:37.082+0000] {dag.py:3947} INFO - Setting next_dagrun for hybrid_lakehouse_weekly_maintenance to 2026-08-16 03:00:00+00:00, run_after=2026-08-23 03:00:00+00:00
[2026-08-15T16:55:37.112+0000] {processor.py:183} INFO - Processing /opt/airflow/dags/maintenance_dag.py took 0.261 seconds
[2026-08-15T16:56:07.601+0000] {processor.py:161} INFO - Started process (PID=658) to work on /opt/airflow/dags/maintenance_dag.py
[2026-08-15T16:56:07.603+0000] {processor.py:830} INFO - Processing file /opt/airflow/dags/maintenance_dag.py for tasks to queue
[2026-08-15T16:56:07.609+0000] {logging_mixin.py:188} INFO - [2026-08-15T16:56:07.608+0000] {dagbag.py:545} INFO - Filling up the DagBag from /opt/airflow/dags/maintenance_dag.py
[2026-08-15T16:56:07.655+0000] {processor.py:840} INFO - DAG(s) 'hybrid_lakehouse_weekly_maintenance' retrieved from /opt/airflow/dags/maintenance_dag.py
[2026-08-15T16:56:07.814+0000] {logging_mixin.py:188} INFO - [2026-08-15T16:56:07.813+0000] {dag.py:3089} INFO - Sync 1 DAGs
[2026-08-15T16:56:07.846+0000] {logging_mixin.py:188} INFO - [2026-08-15T16:56:07.845+0000] {dag.py:3947} INFO - Setting next_dagrun for hybrid_lakehouse_weekly_maintenance to 2026-08-16 03:00:00+00:00, run_after=2026-08-23 03:00:00+00:00
[2026-08-15T16:56:07.884+0000] {processor.py:183} INFO - Processing /opt/airflow/dags/maintenance_dag.py took 0.297 seconds
[2026-08-15T16:56:38.366+0000] {processor.py:161} INFO - Started process (PID=668) to work on /opt/airflow/dags/maintenance_dag.py
[2026-08-15T16:56:38.368+0000] {processor.py:830} INFO - Processing file /opt/airflow/dags/maintenance_dag.py for tasks to queue
[2026-08-15T16:56:38.372+0000] {logging_mixin.py:188} INFO - [2026-08-15T16:56:38.371+0000] {dagbag.py:545} INFO - Filling up the DagBag from /opt/airflow/dags/maintenance_dag.py
[2026-08-15T16:56:38.409+0000] {processor.py:840} INFO - DAG(s) 'hybrid_lakehouse_weekly_maintenance' retrieved from /opt/airflow/dags/maintenance_dag.py
[2026-08-15T16:56:38.617+0000] {logging_mixin.py:188} INFO - [2026-08-15T16:56:38.616+0000] {dag.py:3089} INFO - Sync 1 DAGs
[2026-08-15T16:56:38.659+0000] {logging_mixin.py:188} INFO - [2026-08-15T16:56:38.659+0000] {dag.py:3947} INFO - Setting next_dagrun for hybrid_lakehouse_weekly_maintenance to 2026-08-16 03:00:00+00:00, run_after=2026-08-23 03:00:00+00:00
[2026-08-15T16:56:38.709+0000] {processor.py:183} INFO - Processing /opt/airflow/dags/maintenance_dag.py took 0.353 seconds
[2026-08-15T16:57:09.082+0000] {processor.py:161} INFO - Started process (PID=678) to work on /opt/airflow/dags/maintenance_dag.py
[2026-08-15T16:57:09.084+0000] {processor.py:830} INFO - Processing file /opt/airflow/dags/maintenance_dag.py for tasks to queue
[2026-08-15T16:57:09.089+0000] {logging_mixin.py:188} INFO - [2026-08-15T16:57:09.088+0000] {dagbag.py:545} INFO - Filling up the DagBag from /opt/airflow/dags/maintenance_dag.py
[2026-08-15T16:57:09.130+0000] {processor.py:840} INFO - DAG(s) 'hybrid_lakehouse_weekly_maintenance' retrieved from /opt/airflow/dags/maintenance_dag.py
[2026-08-15T16:57:09.293+0000] {logging_mixin.py:188} INFO - [2026-08-15T16:57:09.292+0000] {dag.py:3089} INFO - Sync 1 DAGs
[2026-08-15T16:57:09.322+0000] {logging_mixin.py:188} INFO - [2026-08-15T16:57:09.321+0000] {dag.py:3947} INFO - Setting next_dagrun for hybrid_lakehouse_weekly_maintenance to 2026-08-16 03:00:00+00:00, run_after=2026-08-23 03:00:00+00:00
[2026-08-15T16:57:09.361+0000] {processor.py:183} INFO - Processing /opt/airflow/dags/maintenance_dag.py took 0.289 seconds
[2026-08-15T16:57:39.771+0000] {processor.py:161} INFO - Started process (PID=688) to work on /opt/airflow/dags/maintenance_dag.py
[2026-08-15T16:57:39.774+0000] {processor.py:830} INFO - Processing file /opt/airflow/dags/maintenance_dag.py for tasks to queue
[2026-08-15T16:57:39.780+0000] {logging_mixin.py:188} INFO - [2026-08-15T16:57:39.779+0000] {dagbag.py:545} INFO - Filling up the DagBag from /opt/airflow/dags/maintenance_dag.py
[2026-08-15T16:57:39.823+0000] {processor.py:840} INFO - DAG(s) 'hybrid_lakehouse_weekly_maintenance' retrieved from /opt/airflow/dags/maintenance_dag.py
[2026-08-15T16:57:39.962+0000] {logging_mixin.py:188} INFO - [2026-08-15T16:57:39.961+0000] {dag.py:3089} INFO - Sync 1 DAGs
[2026-08-15T16:57:39.986+0000] {logging_mixin.py:188} INFO - [2026-08-15T16:57:39.985+0000] {dag.py:3947} INFO - Setting next_dagrun for hybrid_lakehouse_weekly_maintenance to 2026-08-16 03:00:00+00:00, run_after=2026-08-23 03:00:00+00:00
[2026-08-15T16:57:40.020+0000] {processor.py:183} INFO - Processing /opt/airflow/dags/maintenance_dag.py took 0.260 seconds
[2026-08-15T16:58:10.403+0000] {processor.py:161} INFO - Started process (PID=698) to work on /opt/airflow/dags/maintenance_dag.py
[2026-08-15T16:58:10.406+0000] {processor.py:830} INFO - Processing file /opt/airflow/dags/maintenance_dag.py for tasks to queue
[2026-08-15T16:58:10.410+0000] {logging_mixin.py:188} INFO - [2026-08-15T16:58:10.409+0000] {dagbag.py:545} INFO - Filling up the DagBag from /opt/airflow/dags/maintenance_dag.py
[2026-08-15T16:58:10.445+0000] {processor.py:840} INFO - DAG(s) 'hybrid_lakehouse_weekly_maintenance' retrieved from /opt/airflow/dags/maintenance_dag.py
[2026-08-15T16:58:10.573+0000] {logging_mixin.py:188} INFO - [2026-08-15T16:58:10.572+0000] {dag.py:3089} INFO - Sync 1 DAGs
[2026-08-15T16:58:10.599+0000] {logging_mixin.py:188} INFO - [2026-08-15T16:58:10.598+0000] {dag.py:3947} INFO - Setting next_dagrun for hybrid_lakehouse_weekly_maintenance to 2026-08-16 03:00:00+00:00, run_after=2026-08-23 03:00:00+00:00
[2026-08-15T16:58:10.634+0000] {processor.py:183} INFO - Processing /opt/airflow/dags/maintenance_dag.py took 0.243 seconds
[2026-08-15T16:58:41.017+0000] {processor.py:161} INFO - Started process (PID=708) to work on /opt/airflow/dags/maintenance_dag.py
[2026-08-15T16:58:41.019+0000] {processor.py:830} INFO - Processing file /opt/airflow/dags/maintenance_dag.py for tasks to queue
[2026-08-15T16:58:41.023+0000] {logging_mixin.py:188} INFO - [2026-08-15T16:58:41.022+0000] {dagbag.py:545} INFO - Filling up the DagBag from /opt/airflow/dags/maintenance_dag.py
[2026-08-15T16:58:41.070+0000] {processor.py:840} INFO - DAG(s) 'hybrid_lakehouse_weekly_maintenance' retrieved from /opt/airflow/dags/maintenance_dag.py
[2026-08-15T16:58:41.265+0000] {logging_mixin.py:188} INFO - [2026-08-15T16:58:41.264+0000] {dag.py:3089} INFO - Sync 1 DAGs
[2026-08-15T16:58:41.305+0000] {logging_mixin.py:188} INFO - [2026-08-15T16:58:41.305+0000] {dag.py:3947} INFO - Setting next_dagrun for hybrid_lakehouse_weekly_maintenance to 2026-08-16 03:00:00+00:00, run_after=2026-08-23 03:00:00+00:00
[2026-08-15T16:58:41.339+0000] {processor.py:183} INFO - Processing /opt/airflow/dags/maintenance_dag.py took 0.331 seconds
[2026-08-15T16:59:11.802+0000] {processor.py:161} INFO - Started process (PID=718) to work on /opt/airflow/dags/maintenance_dag.py
[2026-08-15T16:59:11.804+0000] {processor.py:830} INFO - Processing file /opt/airflow/dags/maintenance_dag.py for tasks to queue
[2026-08-15T16:59:11.808+0000] {logging_mixin.py:188} INFO - [2026-08-15T16:59:11.808+0000] {dagbag.py:545} INFO - Filling up the DagBag from /opt/airflow/dags/maintenance_dag.py
[2026-08-15T16:59:11.844+0000] {processor.py:840} INFO - DAG(s) 'hybrid_lakehouse_weekly_maintenance' retrieved from /opt/airflow/dags/maintenance_dag.py
[2026-08-15T16:59:12.027+0000] {logging_mixin.py:188} INFO - [2026-08-15T16:59:12.026+0000] {dag.py:3089} INFO - Sync 1 DAGs
[2026-08-15T16:59:12.061+0000] {logging_mixin.py:188} INFO - [2026-08-15T16:59:12.061+0000] {dag.py:3947} INFO - Setting next_dagrun for hybrid_lakehouse_weekly_maintenance to 2026-08-16 03:00:00+00:00, run_after=2026-08-23 03:00:00+00:00
[2026-08-15T16:59:12.094+0000] {processor.py:183} INFO - Processing /opt/airflow/dags/maintenance_dag.py took 0.302 seconds
[2026-08-15T16:59:42.483+0000] {processor.py:161} INFO - Started process (PID=728) to work on /opt/airflow/dags/maintenance_dag.py
[2026-08-15T16:59:42.485+0000] {processor.py:830} INFO - Processing file /opt/airflow/dags/maintenance_dag.py for tasks to queue
[2026-08-15T16:59:42.489+0000] {logging_mixin.py:188} INFO - [2026-08-15T16:59:42.489+0000] {dagbag.py:545} INFO - Filling up the DagBag from /opt/airflow/dags/maintenance_dag.py
[2026-08-15T16:59:42.530+0000] {processor.py:840} INFO - DAG(s) 'hybrid_lakehouse_weekly_maintenance' retrieved from /opt/airflow/dags/maintenance_dag.py
[2026-08-15T16:59:42.675+0000] {logging_mixin.py:188} INFO - [2026-08-15T16:59:42.675+0000] {dag.py:3089} INFO - Sync 1 DAGs
[2026-08-15T16:59:42.708+0000] {logging_mixin.py:188} INFO - [2026-08-15T16:59:42.707+0000] {dag.py:3947} INFO - Setting next_dagrun for hybrid_lakehouse_weekly_maintenance to 2026-08-16 03:00:00+00:00, run_after=2026-08-23 03:00:00+00:00
[2026-08-15T16:59:42.738+0000] {processor.py:183} INFO - Processing /opt/airflow/dags/maintenance_dag.py took 0.267 seconds
[2026-08-15T17:00:13.177+0000] {processor.py:161} INFO - Started process (PID=738) to work on /opt/airflow/dags/maintenance_dag.py
[2026-08-15T17:00:13.181+0000] {processor.py:830} INFO - Processing file /opt/airflow/dags/maintenance_dag.py for tasks to queue
[2026-08-15T17:00:13.186+0000] {logging_mixin.py:188} INFO - [2026-08-15T17:00:13.185+0000] {dagbag.py:545} INFO - Filling up the DagBag from /opt/airflow/dags/maintenance_dag.py
[2026-08-15T17:00:13.229+0000] {processor.py:840} INFO - DAG(s) 'hybrid_lakehouse_weekly_maintenance' retrieved from /opt/airflow/dags/maintenance_dag.py
[2026-08-15T17:00:13.368+0000] {logging_mixin.py:188} INFO - [2026-08-15T17:00:13.367+0000] {dag.py:3089} INFO - Sync 1 DAGs
[2026-08-15T17:00:13.392+0000] {logging_mixin.py:188} INFO - [2026-08-15T17:00:13.392+0000] {dag.py:3947} INFO - Setting next_dagrun for hybrid_lakehouse_weekly_maintenance to 2026-08-16 03:00:00+00:00, run_after=2026-08-23 03:00:00+00:00
[2026-08-15T17:00:13.419+0000] {processor.py:183} INFO - Processing /opt/airflow/dags/maintenance_dag.py took 0.258 seconds
[2026-08-15T17:00:43.844+0000] {processor.py:161} INFO - Started process (PID=748) to work on /opt/airflow/dags/maintenance_dag.py
[2026-08-15T17:00:43.847+0000] {processor.py:830} INFO - Processing file /opt/airflow/dags/maintenance_dag.py for tasks to queue
[2026-08-15T17:00:43.852+0000] {logging_mixin.py:188} INFO - [2026-08-15T17:00:43.851+0000] {dagbag.py:545} INFO - Filling up the DagBag from /opt/airflow/dags/maintenance_dag.py
[2026-08-15T17:00:43.904+0000] {processor.py:840} INFO - DAG(s) 'hybrid_lakehouse_weekly_maintenance' retrieved from /opt/airflow/dags/maintenance_dag.py
[2026-08-15T17:00:44.073+0000] {logging_mixin.py:188} INFO - [2026-08-15T17:00:44.072+0000] {dag.py:3089} INFO - Sync 1 DAGs
[2026-08-15T17:00:44.104+0000] {logging_mixin.py:188} INFO - [2026-08-15T17:00:44.104+0000] {dag.py:3947} INFO - Setting next_dagrun for hybrid_lakehouse_weekly_maintenance to 2026-08-16 03:00:00+00:00, run_after=2026-08-23 03:00:00+00:00
[2026-08-15T17:00:44.139+0000] {processor.py:183} INFO - Processing /opt/airflow/dags/maintenance_dag.py took 0.306 seconds
[2026-08-15T17:01:14.571+0000] {processor.py:161} INFO - Started process (PID=758) to work on /opt/airflow/dags/maintenance_dag.py
[2026-08-15T17:01:14.574+0000] {processor.py:830} INFO - Processing file /opt/airflow/dags/maintenance_dag.py for tasks to queue
[2026-08-15T17:01:14.580+0000] {logging_mixin.py:188} INFO - [2026-08-15T17:01:14.579+0000] {dagbag.py:545} INFO - Filling up the DagBag from /opt/airflow/dags/maintenance_dag.py
[2026-08-15T17:01:14.624+0000] {processor.py:840} INFO - DAG(s) 'hybrid_lakehouse_weekly_maintenance' retrieved from /opt/airflow/dags/maintenance_dag.py
[2026-08-15T17:01:14.798+0000] {logging_mixin.py:188} INFO - [2026-08-15T17:01:14.797+0000] {dag.py:3089} INFO - Sync 1 DAGs
[2026-08-15T17:01:14.831+0000] {logging_mixin.py:188} INFO - [2026-08-15T17:01:14.831+0000] {dag.py:3947} INFO - Setting next_dagrun for hybrid_lakehouse_weekly_maintenance to 2026-08-16 03:00:00+00:00, run_after=2026-08-23 03:00:00+00:00
[2026-08-15T17:01:14.865+0000] {processor.py:183} INFO - Processing /opt/airflow/dags/maintenance_dag.py took 0.312 seconds
[2026-08-15T17:01:45.079+0000] {processor.py:161} INFO - Started process (PID=768) to work on /opt/airflow/dags/maintenance_dag.py
[2026-08-15T17:01:45.082+0000] {processor.py:830} INFO - Processing file /opt/airflow/dags/maintenance_dag.py for tasks to queue
[2026-08-15T17:01:45.087+0000] {logging_mixin.py:188} INFO - [2026-08-15T17:01:45.086+0000] {dagbag.py:545} INFO - Filling up the DagBag from /opt/airflow/dags/maintenance_dag.py
[2026-08-15T17:01:45.129+0000] {processor.py:840} INFO - DAG(s) 'hybrid_lakehouse_weekly_maintenance' retrieved from /opt/airflow/dags/maintenance_dag.py
[2026-08-15T17:01:45.281+0000] {logging_mixin.py:188} INFO - [2026-08-15T17:01:45.281+0000] {dag.py:3089} INFO - Sync 1 DAGs
[2026-08-15T17:01:45.306+0000] {logging_mixin.py:188} INFO - [2026-08-15T17:01:45.306+0000] {dag.py:3947} INFO - Setting next_dagrun for hybrid_lakehouse_weekly_maintenance to 2026-08-16 03:00:00+00:00, run_after=2026-08-23 03:00:00+00:00
[2026-08-15T17:01:45.338+0000] {processor.py:183} INFO - Processing /opt/airflow/dags/maintenance_dag.py took 0.269 seconds
[2026-08-15T17:02:15.559+0000] {processor.py:161} INFO - Started process (PID=778) to work on /opt/airflow/dags/maintenance_dag.py
[2026-08-15T17:02:15.562+0000] {processor.py:830} INFO - Processing file /opt/airflow/dags/maintenance_dag.py for tasks to queue
[2026-08-15T17:02:15.567+0000] {logging_mixin.py:188} INFO - [2026-08-15T17:02:15.565+0000] {dagbag.py:545} INFO - Filling up the DagBag from /opt/airflow/dags/maintenance_dag.py
[2026-08-15T17:02:15.612+0000] {processor.py:840} INFO - DAG(s) 'hybrid_lakehouse_weekly_maintenance' retrieved from /opt/airflow/dags/maintenance_dag.py
[2026-08-15T17:02:15.770+0000] {logging_mixin.py:188} INFO - [2026-08-15T17:02:15.769+0000] {dag.py:3089} INFO - Sync 1 DAGs
[2026-08-15T17:02:15.800+0000] {logging_mixin.py:188} INFO - [2026-08-15T17:02:15.800+0000] {dag.py:3947} INFO - Setting next_dagrun for hybrid_lakehouse_weekly_maintenance to 2026-08-16 03:00:00+00:00, run_after=2026-08-23 03:00:00+00:00
[2026-08-15T17:02:15.828+0000] {processor.py:183} INFO - Processing /opt/airflow/dags/maintenance_dag.py took 0.279 seconds
[2026-08-15T17:02:46.231+0000] {processor.py:161} INFO - Started process (PID=788) to work on /opt/airflow/dags/maintenance_dag.py
[2026-08-15T17:02:46.233+0000] {processor.py:830} INFO - Processing file /opt/airflow/dags/maintenance_dag.py for tasks to queue
[2026-08-15T17:02:46.236+0000] {logging_mixin.py:188} INFO - [2026-08-15T17:02:46.236+0000] {dagbag.py:545} INFO - Filling up the DagBag from /opt/airflow/dags/maintenance_dag.py
[2026-08-15T17:02:46.272+0000] {processor.py:840} INFO - DAG(s) 'hybrid_lakehouse_weekly_maintenance' retrieved from /opt/airflow/dags/maintenance_dag.py
[2026-08-15T17:02:46.413+0000] {logging_mixin.py:188} INFO - [2026-08-15T17:02:46.412+0000] {dag.py:3089} INFO - Sync 1 DAGs
[2026-08-15T17:02:46.452+0000] {logging_mixin.py:188} INFO - [2026-08-15T17:02:46.452+0000] {dag.py:3947} INFO - Setting next_dagrun for hybrid_lakehouse_weekly_maintenance to 2026-08-16 03:00:00+00:00, run_after=2026-08-23 03:00:00+00:00
[2026-08-15T17:02:46.505+0000] {processor.py:183} INFO - Processing /opt/airflow/dags/maintenance_dag.py took 0.286 seconds
[2026-08-15T17:03:16.605+0000] {processor.py:161} INFO - Started process (PID=798) to work on /opt/airflow/dags/maintenance_dag.py
[2026-08-15T17:03:16.607+0000] {processor.py:830} INFO - Processing file /opt/airflow/dags/maintenance_dag.py for tasks to queue
[2026-08-15T17:03:16.610+0000] {logging_mixin.py:188} INFO - [2026-08-15T17:03:16.610+0000] {dagbag.py:545} INFO - Filling up the DagBag from /opt/airflow/dags/maintenance_dag.py
[2026-08-15T17:03:16.647+0000] {processor.py:840} INFO - DAG(s) 'hybrid_lakehouse_weekly_maintenance' retrieved from /opt/airflow/dags/maintenance_dag.py
[2026-08-15T17:03:16.852+0000] {logging_mixin.py:188} INFO - [2026-08-15T17:03:16.851+0000] {dag.py:3089} INFO - Sync 1 DAGs
[2026-08-15T17:03:16.898+0000] {logging_mixin.py:188} INFO - [2026-08-15T17:03:16.898+0000] {dag.py:3947} INFO - Setting next_dagrun for hybrid_lakehouse_weekly_maintenance to 2026-08-16 03:00:00+00:00, run_after=2026-08-23 03:00:00+00:00
[2026-08-15T17:03:16.932+0000] {processor.py:183} INFO - Processing /opt/airflow/dags/maintenance_dag.py took 0.337 seconds
[2026-08-15T17:03:47.342+0000] {processor.py:161} INFO - Started process (PID=808) to work on /opt/airflow/dags/maintenance_dag.py
[2026-08-15T17:03:47.345+0000] {processor.py:830} INFO - Processing file /opt/airflow/dags/maintenance_dag.py for tasks to queue
[2026-08-15T17:03:47.351+0000] {logging_mixin.py:188} INFO - [2026-08-15T17:03:47.350+0000] {dagbag.py:545} INFO - Filling up the DagBag from /opt/airflow/dags/maintenance_dag.py
[2026-08-15T17:03:47.391+0000] {processor.py:840} INFO - DAG(s) 'hybrid_lakehouse_weekly_maintenance' retrieved from /opt/airflow/dags/maintenance_dag.py
[2026-08-15T17:03:47.596+0000] {logging_mixin.py:188} INFO - [2026-08-15T17:03:47.595+0000] {dag.py:3089} INFO - Sync 1 DAGs
[2026-08-15T17:03:47.625+0000] {logging_mixin.py:188} INFO - [2026-08-15T17:03:47.624+0000] {dag.py:3947} INFO - Setting next_dagrun for hybrid_lakehouse_weekly_maintenance to 2026-08-16 03:00:00+00:00, run_after=2026-08-23 03:00:00+00:00
[2026-08-15T17:03:47.668+0000] {processor.py:183} INFO - Processing /opt/airflow/dags/maintenance_dag.py took 0.338 seconds
[2026-08-15T17:04:18.058+0000] {processor.py:161} INFO - Started process (PID=818) to work on /opt/airflow/dags/maintenance_dag.py
[2026-08-15T17:04:18.060+0000] {processor.py:830} INFO - Processing file /opt/airflow/dags/maintenance_dag.py for tasks to queue
[2026-08-15T17:04:18.065+0000] {logging_mixin.py:188} INFO - [2026-08-15T17:04:18.064+0000] {dagbag.py:545} INFO - Filling up the DagBag from /opt/airflow/dags/maintenance_dag.py
[2026-08-15T17:04:18.102+0000] {processor.py:840} INFO - DAG(s) 'hybrid_lakehouse_weekly_maintenance' retrieved from /opt/airflow/dags/maintenance_dag.py
[2026-08-15T17:04:18.275+0000] {logging_mixin.py:188} INFO - [2026-08-15T17:04:18.275+0000] {dag.py:3089} INFO - Sync 1 DAGs
[2026-08-15T17:04:18.305+0000] {logging_mixin.py:188} INFO - [2026-08-15T17:04:18.305+0000] {dag.py:3947} INFO - Setting next_dagrun for hybrid_lakehouse_weekly_maintenance to 2026-08-16 03:00:00+00:00, run_after=2026-08-23 03:00:00+00:00
[2026-08-15T17:04:18.338+0000] {processor.py:183} INFO - Processing /opt/airflow/dags/maintenance_dag.py took 0.289 seconds
[2026-08-15T17:04:48.749+0000] {processor.py:161} INFO - Started process (PID=828) to work on /opt/airflow/dags/maintenance_dag.py
[2026-08-15T17:04:48.752+0000] {processor.py:830} INFO - Processing file /opt/airflow/dags/maintenance_dag.py for tasks to queue
[2026-08-15T17:04:48.756+0000] {logging_mixin.py:188} INFO - [2026-08-15T17:04:48.755+0000] {dagbag.py:545} INFO - Filling up the DagBag from /opt/airflow/dags/maintenance_dag.py
[2026-08-15T17:04:48.800+0000] {processor.py:840} INFO - DAG(s) 'hybrid_lakehouse_weekly_maintenance' retrieved from /opt/airflow/dags/maintenance_dag.py
[2026-08-15T17:04:48.948+0000] {logging_mixin.py:188} INFO - [2026-08-15T17:04:48.947+0000] {dag.py:3089} INFO - Sync 1 DAGs
[2026-08-15T17:04:48.981+0000] {logging_mixin.py:188} INFO - [2026-08-15T17:04:48.981+0000] {dag.py:3947} INFO - Setting next_dagrun for hybrid_lakehouse_weekly_maintenance to 2026-08-16 03:00:00+00:00, run_after=2026-08-23 03:00:00+00:00
[2026-08-15T17:04:49.018+0000] {processor.py:183} INFO - Processing /opt/airflow/dags/maintenance_dag.py took 0.281 seconds
[2026-08-15T17:05:19.132+0000] {processor.py:161} INFO - Started process (PID=838) to work on /opt/airflow/dags/maintenance_dag.py
[2026-08-15T17:05:19.134+0000] {processor.py:830} INFO - Processing file /opt/airflow/dags/maintenance_dag.py for tasks to queue
[2026-08-15T17:05:19.138+0000] {logging_mixin.py:188} INFO - [2026-08-15T17:05:19.138+0000] {dagbag.py:545} INFO - Filling up the DagBag from /opt/airflow/dags/maintenance_dag.py
[2026-08-15T17:05:19.179+0000] {processor.py:840} INFO - DAG(s) 'hybrid_lakehouse_weekly_maintenance' retrieved from /opt/airflow/dags/maintenance_dag.py
[2026-08-15T17:05:19.345+0000] {logging_mixin.py:188} INFO - [2026-08-15T17:05:19.345+0000] {dag.py:3089} INFO - Sync 1 DAGs
[2026-08-15T17:05:19.374+0000] {logging_mixin.py:188} INFO - [2026-08-15T17:05:19.374+0000] {dag.py:3947} INFO - Setting next_dagrun for hybrid_lakehouse_weekly_maintenance to 2026-08-16 03:00:00+00:00, run_after=2026-08-23 03:00:00+00:00
[2026-08-15T17:05:19.405+0000] {processor.py:183} INFO - Processing /opt/airflow/dags/maintenance_dag.py took 0.282 seconds
[2026-08-15T17:05:49.693+0000] {processor.py:161} INFO - Started process (PID=848) to work on /opt/airflow/dags/maintenance_dag.py
[2026-08-15T17:05:49.695+0000] {processor.py:830} INFO - Processing file /opt/airflow/dags/maintenance_dag.py for tasks to queue
[2026-08-15T17:05:49.699+0000] {logging_mixin.py:188} INFO - [2026-08-15T17:05:49.698+0000] {dagbag.py:545} INFO - Filling up the DagBag from /opt/airflow/dags/maintenance_dag.py
[2026-08-15T17:05:49.733+0000] {processor.py:840} INFO - DAG(s) 'hybrid_lakehouse_weekly_maintenance' retrieved from /opt/airflow/dags/maintenance_dag.py
[2026-08-15T17:05:49.899+0000] {logging_mixin.py:188} INFO - [2026-08-15T17:05:49.898+0000] {dag.py:3089} INFO - Sync 1 DAGs
[2026-08-15T17:05:49.934+0000] {logging_mixin.py:188} INFO - [2026-08-15T17:05:49.934+0000] {dag.py:3947} INFO - Setting next_dagrun for hybrid_lakehouse_weekly_maintenance to 2026-08-16 03:00:00+00:00, run_after=2026-08-23 03:00:00+00:00
[2026-08-15T17:05:49.961+0000] {processor.py:183} INFO - Processing /opt/airflow/dags/maintenance_dag.py took 0.276 seconds
[2026-08-15T17:06:20.349+0000] {processor.py:161} INFO - Started process (PID=858) to work on /opt/airflow/dags/maintenance_dag.py
[2026-08-15T17:06:20.351+0000] {processor.py:830} INFO - Processing file /opt/airflow/dags/maintenance_dag.py for tasks to queue
[2026-08-15T17:06:20.354+0000] {logging_mixin.py:188} INFO - [2026-08-15T17:06:20.354+0000] {dagbag.py:545} INFO - Filling up the DagBag from /opt/airflow/dags/maintenance_dag.py
[2026-08-15T17:06:20.391+0000] {processor.py:840} INFO - DAG(s) 'hybrid_lakehouse_weekly_maintenance' retrieved from /opt/airflow/dags/maintenance_dag.py
[2026-08-15T17:06:20.539+0000] {logging_mixin.py:188} INFO - [2026-08-15T17:06:20.538+0000] {dag.py:3089} INFO - Sync 1 DAGs
[2026-08-15T17:06:20.573+0000] {logging_mixin.py:188} INFO - [2026-08-15T17:06:20.573+0000] {dag.py:3947} INFO - Setting next_dagrun for hybrid_lakehouse_weekly_maintenance to 2026-08-16 03:00:00+00:00, run_after=2026-08-23 03:00:00+00:00
[2026-08-15T17:06:20.604+0000] {processor.py:183} INFO - Processing /opt/airflow/dags/maintenance_dag.py took 0.263 seconds
[2026-08-15T17:06:51.073+0000] {processor.py:161} INFO - Started process (PID=868) to work on /opt/airflow/dags/maintenance_dag.py
[2026-08-15T17:06:51.075+0000] {processor.py:830} INFO - Processing file /opt/airflow/dags/maintenance_dag.py for tasks to queue
[2026-08-15T17:06:51.078+0000] {logging_mixin.py:188} INFO - [2026-08-15T17:06:51.078+0000] {dagbag.py:545} INFO - Filling up the DagBag from /opt/airflow/dags/maintenance_dag.py
[2026-08-15T17:06:51.113+0000] {processor.py:840} INFO - DAG(s) 'hybrid_lakehouse_weekly_maintenance' retrieved from /opt/airflow/dags/maintenance_dag.py
[2026-08-15T17:06:51.239+0000] {logging_mixin.py:188} INFO - [2026-08-15T17:06:51.239+0000] {dag.py:3089} INFO - Sync 1 DAGs
[2026-08-15T17:06:51.262+0000] {logging_mixin.py:188} INFO - [2026-08-15T17:06:51.262+0000] {dag.py:3947} INFO - Setting next_dagrun for hybrid_lakehouse_weekly_maintenance to 2026-08-16 03:00:00+00:00, run_after=2026-08-23 03:00:00+00:00
[2026-08-15T17:06:51.300+0000] {processor.py:183} INFO - Processing /opt/airflow/dags/maintenance_dag.py took 0.239 seconds
[2026-08-15T17:07:21.675+0000] {processor.py:161} INFO - Started process (PID=878) to work on /opt/airflow/dags/maintenance_dag.py
[2026-08-15T17:07:21.677+0000] {processor.py:830} INFO - Processing file /opt/airflow/dags/maintenance_dag.py for tasks to queue
[2026-08-15T17:07:21.681+0000] {logging_mixin.py:188} INFO - [2026-08-15T17:07:21.680+0000] {dagbag.py:545} INFO - Filling up the DagBag from /opt/airflow/dags/maintenance_dag.py
[2026-08-15T17:07:21.721+0000] {processor.py:840} INFO - DAG(s) 'hybrid_lakehouse_weekly_maintenance' retrieved from /opt/airflow/dags/maintenance_dag.py
[2026-08-15T17:07:21.885+0000] {logging_mixin.py:188} INFO - [2026-08-15T17:07:21.884+0000] {dag.py:3089} INFO - Sync 1 DAGs
[2026-08-15T17:07:21.909+0000] {logging_mixin.py:188} INFO - [2026-08-15T17:07:21.909+0000] {dag.py:3947} INFO - Setting next_dagrun for hybrid_lakehouse_weekly_maintenance to 2026-08-16 03:00:00+00:00, run_after=2026-08-23 03:00:00+00:00
[2026-08-15T17:07:21.944+0000] {processor.py:183} INFO - Processing /opt/airflow/dags/maintenance_dag.py took 0.280 seconds
[2026-08-15T17:07:52.084+0000] {processor.py:161} INFO - Started process (PID=888) to work on /opt/airflow/dags/maintenance_dag.py
[2026-08-15T17:07:52.087+0000] {processor.py:830} INFO - Processing file /opt/airflow/dags/maintenance_dag.py for tasks to queue
[2026-08-15T17:07:52.090+0000] {logging_mixin.py:188} INFO - [2026-08-15T17:07:52.090+0000] {dagbag.py:545} INFO - Filling up the DagBag from /opt/airflow/dags/maintenance_dag.py
[2026-08-15T17:07:52.152+0000] {processor.py:840} INFO - DAG(s) 'hybrid_lakehouse_weekly_maintenance' retrieved from /opt/airflow/dags/maintenance_dag.py
[2026-08-15T17:07:52.364+0000] {logging_mixin.py:188} INFO - [2026-08-15T17:07:52.364+0000] {dag.py:3089} INFO - Sync 1 DAGs
[2026-08-15T17:07:52.395+0000] {logging_mixin.py:188} INFO - [2026-08-15T17:07:52.394+0000] {dag.py:3947} INFO - Setting next_dagrun for hybrid_lakehouse_weekly_maintenance to 2026-08-16 03:00:00+00:00, run_after=2026-08-23 03:00:00+00:00
[2026-08-15T17:07:52.431+0000] {processor.py:183} INFO - Processing /opt/airflow/dags/maintenance_dag.py took 0.365 seconds
[2026-08-15T17:08:22.863+0000] {processor.py:161} INFO - Started process (PID=898) to work on /opt/airflow/dags/maintenance_dag.py
[2026-08-15T17:08:22.866+0000] {processor.py:830} INFO - Processing file /opt/airflow/dags/maintenance_dag.py for tasks to queue
[2026-08-15T17:08:22.871+0000] {logging_mixin.py:188} INFO - [2026-08-15T17:08:22.870+0000] {dagbag.py:545} INFO - Filling up the DagBag from /opt/airflow/dags/maintenance_dag.py
[2026-08-15T17:08:22.915+0000] {processor.py:840} INFO - DAG(s) 'hybrid_lakehouse_weekly_maintenance' retrieved from /opt/airflow/dags/maintenance_dag.py
[2026-08-15T17:08:23.110+0000] {logging_mixin.py:188} INFO - [2026-08-15T17:08:23.109+0000] {dag.py:3089} INFO - Sync 1 DAGs
[2026-08-15T17:08:23.147+0000] {logging_mixin.py:188} INFO - [2026-08-15T17:08:23.147+0000] {dag.py:3947} INFO - Setting next_dagrun for hybrid_lakehouse_weekly_maintenance to 2026-08-16 03:00:00+00:00, run_after=2026-08-23 03:00:00+00:00
[2026-08-15T17:08:23.181+0000] {processor.py:183} INFO - Processing /opt/airflow/dags/maintenance_dag.py took 0.330 seconds
[2026-08-15T17:08:53.561+0000] {processor.py:161} INFO - Started process (PID=908) to work on /opt/airflow/dags/maintenance_dag.py
[2026-08-15T17:08:53.563+0000] {processor.py:830} INFO - Processing file /opt/airflow/dags/maintenance_dag.py for tasks to queue
[2026-08-15T17:08:53.567+0000] {logging_mixin.py:188} INFO - [2026-08-15T17:08:53.567+0000] {dagbag.py:545} INFO - Filling up the DagBag from /opt/airflow/dags/maintenance_dag.py
[2026-08-15T17:08:53.601+0000] {processor.py:840} INFO - DAG(s) 'hybrid_lakehouse_weekly_maintenance' retrieved from /opt/airflow/dags/maintenance_dag.py
[2026-08-15T17:08:53.792+0000] {logging_mixin.py:188} INFO - [2026-08-15T17:08:53.792+0000] {dag.py:3089} INFO - Sync 1 DAGs
[2026-08-15T17:08:53.831+0000] {logging_mixin.py:188} INFO - [2026-08-15T17:08:53.831+0000] {dag.py:3947} INFO - Setting next_dagrun for hybrid_lakehouse_weekly_maintenance to 2026-08-16 03:00:00+00:00, run_after=2026-08-23 03:00:00+00:00
[2026-08-15T17:08:53.867+0000] {processor.py:183} INFO - Processing /opt/airflow/dags/maintenance_dag.py took 0.321 seconds
[2026-08-15T17:09:24.234+0000] {processor.py:161} INFO - Started process (PID=918) to work on /opt/airflow/dags/maintenance_dag.py
[2026-08-15T17:09:24.236+0000] {processor.py:830} INFO - Processing file /opt/airflow/dags/maintenance_dag.py for tasks to queue
[2026-08-15T17:09:24.240+0000] {logging_mixin.py:188} INFO - [2026-08-15T17:09:24.240+0000] {dagbag.py:545} INFO - Filling up the DagBag from /opt/airflow/dags/maintenance_dag.py
[2026-08-15T17:09:24.278+0000] {processor.py:840} INFO - DAG(s) 'hybrid_lakehouse_weekly_maintenance' retrieved from /opt/airflow/dags/maintenance_dag.py
[2026-08-15T17:09:24.425+0000] {logging_mixin.py:188} INFO - [2026-08-15T17:09:24.424+0000] {dag.py:3089} INFO - Sync 1 DAGs
[2026-08-15T17:09:24.458+0000] {logging_mixin.py:188} INFO - [2026-08-15T17:09:24.458+0000] {dag.py:3947} INFO - Setting next_dagrun for hybrid_lakehouse_weekly_maintenance to 2026-08-16 03:00:00+00:00, run_after=2026-08-23 03:00:00+00:00
[2026-08-15T17:09:24.491+0000] {processor.py:183} INFO - Processing /opt/airflow/dags/maintenance_dag.py took 0.268 seconds
[2026-08-15T17:09:54.952+0000] {processor.py:161} INFO - Started process (PID=928) to work on /opt/airflow/dags/maintenance_dag.py
[2026-08-15T17:09:54.954+0000] {processor.py:830} INFO - Processing file /opt/airflow/dags/maintenance_dag.py for tasks to queue
[2026-08-15T17:09:54.958+0000] {logging_mixin.py:188} INFO - [2026-08-15T17:09:54.958+0000] {dagbag.py:545} INFO - Filling up the DagBag from /opt/airflow/dags/maintenance_dag.py
[2026-08-15T17:09:54.997+0000] {processor.py:840} INFO - DAG(s) 'hybrid_lakehouse_weekly_maintenance' retrieved from /opt/airflow/dags/maintenance_dag.py
[2026-08-15T17:09:55.148+0000] {logging_mixin.py:188} INFO - [2026-08-15T17:09:55.147+0000] {dag.py:3089} INFO - Sync 1 DAGs
[2026-08-15T17:09:55.181+0000] {logging_mixin.py:188} INFO - [2026-08-15T17:09:55.180+0000] {dag.py:3947} INFO - Setting next_dagrun for hybrid_lakehouse_weekly_maintenance to 2026-08-16 03:00:00+00:00, run_after=2026-08-23 03:00:00+00:00
[2026-08-15T17:09:55.212+0000] {processor.py:183} INFO - Processing /opt/airflow/dags/maintenance_dag.py took 0.275 seconds
[2026-08-15T17:10:25.655+0000] {processor.py:161} INFO - Started process (PID=938) to work on /opt/airflow/dags/maintenance_dag.py
[2026-08-15T17:10:25.657+0000] {processor.py:830} INFO - Processing file /opt/airflow/dags/maintenance_dag.py for tasks to queue
[2026-08-15T17:10:25.661+0000] {logging_mixin.py:188} INFO - [2026-08-15T17:10:25.661+0000] {dagbag.py:545} INFO - Filling up the DagBag from /opt/airflow/dags/maintenance_dag.py
[2026-08-15T17:10:25.699+0000] {processor.py:840} INFO - DAG(s) 'hybrid_lakehouse_weekly_maintenance' retrieved from /opt/airflow/dags/maintenance_dag.py
[2026-08-15T17:10:25.865+0000] {logging_mixin.py:188} INFO - [2026-08-15T17:10:25.864+0000] {dag.py:3089} INFO - Sync 1 DAGs
[2026-08-15T17:10:25.913+0000] {logging_mixin.py:188} INFO - [2026-08-15T17:10:25.913+0000] {dag.py:3947} INFO - Setting next_dagrun for hybrid_lakehouse_weekly_maintenance to 2026-08-16 03:00:00+00:00, run_after=2026-08-23 03:00:00+00:00
[2026-08-15T17:10:25.945+0000] {processor.py:183} INFO - Processing /opt/airflow/dags/maintenance_dag.py took 0.307 seconds
[2026-08-15T17:10:56.088+0000] {processor.py:161} INFO - Started process (PID=948) to work on /opt/airflow/dags/maintenance_dag.py
[2026-08-15T17:10:56.090+0000] {processor.py:830} INFO - Processing file /opt/airflow/dags/maintenance_dag.py for tasks to queue
[2026-08-15T17:10:56.094+0000] {logging_mixin.py:188} INFO - [2026-08-15T17:10:56.093+0000] {dagbag.py:545} INFO - Filling up the DagBag from /opt/airflow/dags/maintenance_dag.py
[2026-08-15T17:10:56.135+0000] {processor.py:840} INFO - DAG(s) 'hybrid_lakehouse_weekly_maintenance' retrieved from /opt/airflow/dags/maintenance_dag.py
[2026-08-15T17:10:56.294+0000] {logging_mixin.py:188} INFO - [2026-08-15T17:10:56.293+0000] {dag.py:3089} INFO - Sync 1 DAGs
[2026-08-15T17:10:56.330+0000] {logging_mixin.py:188} INFO - [2026-08-15T17:10:56.330+0000] {dag.py:3947} INFO - Setting next_dagrun for hybrid_lakehouse_weekly_maintenance to 2026-08-16 03:00:00+00:00, run_after=2026-08-23 03:00:00+00:00
[2026-08-15T17:10:56.362+0000] {processor.py:183} INFO - Processing /opt/airflow/dags/maintenance_dag.py took 0.286 seconds
[2026-08-15T17:11:26.691+0000] {processor.py:161} INFO - Started process (PID=958) to work on /opt/airflow/dags/maintenance_dag.py
[2026-08-15T17:11:26.693+0000] {processor.py:830} INFO - Processing file /opt/airflow/dags/maintenance_dag.py for tasks to queue
[2026-08-15T17:11:26.698+0000] {logging_mixin.py:188} INFO - [2026-08-15T17:11:26.698+0000] {dagbag.py:545} INFO - Filling up the DagBag from /opt/airflow/dags/maintenance_dag.py
[2026-08-15T17:11:26.744+0000] {processor.py:840} INFO - DAG(s) 'hybrid_lakehouse_weekly_maintenance' retrieved from /opt/airflow/dags/maintenance_dag.py
[2026-08-15T17:11:26.924+0000] {logging_mixin.py:188} INFO - [2026-08-15T17:11:26.923+0000] {dag.py:3089} INFO - Sync 1 DAGs
[2026-08-15T17:11:26.967+0000] {logging_mixin.py:188} INFO - [2026-08-15T17:11:26.966+0000] {dag.py:3947} INFO - Setting next_dagrun for hybrid_lakehouse_weekly_maintenance to 2026-08-16 03:00:00+00:00, run_after=2026-08-23 03:00:00+00:00
[2026-08-15T17:11:27.013+0000] {processor.py:183} INFO - Processing /opt/airflow/dags/maintenance_dag.py took 0.337 seconds
[2026-08-15T17:11:57.166+0000] {processor.py:161} INFO - Started process (PID=968) to work on /opt/airflow/dags/maintenance_dag.py
[2026-08-15T17:11:57.169+0000] {processor.py:830} INFO - Processing file /opt/airflow/dags/maintenance_dag.py for tasks to queue
[2026-08-15T17:11:57.173+0000] {logging_mixin.py:188} INFO - [2026-08-15T17:11:57.172+0000] {dagbag.py:545} INFO - Filling up the DagBag from /opt/airflow/dags/maintenance_dag.py
[2026-08-15T17:11:57.215+0000] {processor.py:840} INFO - DAG(s) 'hybrid_lakehouse_weekly_maintenance' retrieved from /opt/airflow/dags/maintenance_dag.py
[2026-08-15T17:11:57.390+0000] {logging_mixin.py:188} INFO - [2026-08-15T17:11:57.389+0000] {dag.py:3089} INFO - Sync 1 DAGs
[2026-08-15T17:11:57.443+0000] {logging_mixin.py:188} INFO - [2026-08-15T17:11:57.442+0000] {dag.py:3947} INFO - Setting next_dagrun for hybrid_lakehouse_weekly_maintenance to 2026-08-16 03:00:00+00:00, run_after=2026-08-23 03:00:00+00:00
[2026-08-15T17:11:57.488+0000] {processor.py:183} INFO - Processing /opt/airflow/dags/maintenance_dag.py took 0.334 seconds
[2026-08-15T17:12:27.892+0000] {processor.py:161} INFO - Started process (PID=978) to work on /opt/airflow/dags/maintenance_dag.py
[2026-08-15T17:12:27.895+0000] {processor.py:830} INFO - Processing file /opt/airflow/dags/maintenance_dag.py for tasks to queue
[2026-08-15T17:12:27.900+0000] {logging_mixin.py:188} INFO - [2026-08-15T17:12:27.899+0000] {dagbag.py:545} INFO - Filling up the DagBag from /opt/airflow/dags/maintenance_dag.py
[2026-08-15T17:12:27.945+0000] {processor.py:840} INFO - DAG(s) 'hybrid_lakehouse_weekly_maintenance' retrieved from /opt/airflow/dags/maintenance_dag.py
[2026-08-15T17:12:28.107+0000] {logging_mixin.py:188} INFO - [2026-08-15T17:12:28.105+0000] {dag.py:3089} INFO - Sync 1 DAGs
[2026-08-15T17:12:28.145+0000] {logging_mixin.py:188} INFO - [2026-08-15T17:12:28.144+0000] {dag.py:3947} INFO - Setting next_dagrun for hybrid_lakehouse_weekly_maintenance to 2026-08-16 03:00:00+00:00, run_after=2026-08-23 03:00:00+00:00
[2026-08-15T17:12:28.180+0000] {processor.py:183} INFO - Processing /opt/airflow/dags/maintenance_dag.py took 0.302 seconds
[2026-08-15T17:12:58.568+0000] {processor.py:161} INFO - Started process (PID=988) to work on /opt/airflow/dags/maintenance_dag.py
[2026-08-15T17:12:58.572+0000] {processor.py:830} INFO - Processing file /opt/airflow/dags/maintenance_dag.py for tasks to queue
[2026-08-15T17:12:58.576+0000] {logging_mixin.py:188} INFO - [2026-08-15T17:12:58.576+0000] {dagbag.py:545} INFO - Filling up the DagBag from /opt/airflow/dags/maintenance_dag.py
[2026-08-15T17:12:58.620+0000] {processor.py:840} INFO - DAG(s) 'hybrid_lakehouse_weekly_maintenance' retrieved from /opt/airflow/dags/maintenance_dag.py
[2026-08-15T17:12:58.778+0000] {logging_mixin.py:188} INFO - [2026-08-15T17:12:58.777+0000] {dag.py:3089} INFO - Sync 1 DAGs
[2026-08-15T17:12:58.810+0000] {logging_mixin.py:188} INFO - [2026-08-15T17:12:58.810+0000] {dag.py:3947} INFO - Setting next_dagrun for hybrid_lakehouse_weekly_maintenance to 2026-08-16 03:00:00+00:00, run_after=2026-08-23 03:00:00+00:00
[2026-08-15T17:12:58.844+0000] {processor.py:183} INFO - Processing /opt/airflow/dags/maintenance_dag.py took 0.287 seconds
[2026-08-15T17:13:29.218+0000] {processor.py:161} INFO - Started process (PID=998) to work on /opt/airflow/dags/maintenance_dag.py
[2026-08-15T17:13:29.221+0000] {processor.py:830} INFO - Processing file /opt/airflow/dags/maintenance_dag.py for tasks to queue
[2026-08-15T17:13:29.225+0000] {logging_mixin.py:188} INFO - [2026-08-15T17:13:29.224+0000] {dagbag.py:545} INFO - Filling up the DagBag from /opt/airflow/dags/maintenance_dag.py
[2026-08-15T17:13:29.265+0000] {processor.py:840} INFO - DAG(s) 'hybrid_lakehouse_weekly_maintenance' retrieved from /opt/airflow/dags/maintenance_dag.py
[2026-08-15T17:13:29.416+0000] {logging_mixin.py:188} INFO - [2026-08-15T17:13:29.415+0000] {dag.py:3089} INFO - Sync 1 DAGs
[2026-08-15T17:13:29.453+0000] {logging_mixin.py:188} INFO - [2026-08-15T17:13:29.453+0000] {dag.py:3947} INFO - Setting next_dagrun for hybrid_lakehouse_weekly_maintenance to 2026-08-16 03:00:00+00:00, run_after=2026-08-23 03:00:00+00:00
[2026-08-15T17:13:29.485+0000] {processor.py:183} INFO - Processing /opt/airflow/dags/maintenance_dag.py took 0.282 seconds
[2026-08-15T17:13:59.623+0000] {processor.py:161} INFO - Started process (PID=1008) to work on /opt/airflow/dags/maintenance_dag.py
[2026-08-15T17:13:59.625+0000] {processor.py:830} INFO - Processing file /opt/airflow/dags/maintenance_dag.py for tasks to queue
[2026-08-15T17:13:59.629+0000] {logging_mixin.py:188} INFO - [2026-08-15T17:13:59.628+0000] {dagbag.py:545} INFO - Filling up the DagBag from /opt/airflow/dags/maintenance_dag.py
[2026-08-15T17:13:59.672+0000] {processor.py:840} INFO - DAG(s) 'hybrid_lakehouse_weekly_maintenance' retrieved from /opt/airflow/dags/maintenance_dag.py
[2026-08-15T17:13:59.845+0000] {logging_mixin.py:188} INFO - [2026-08-15T17:13:59.845+0000] {dag.py:3089} INFO - Sync 1 DAGs
[2026-08-15T17:13:59.874+0000] {logging_mixin.py:188} INFO - [2026-08-15T17:13:59.874+0000] {dag.py:3947} INFO - Setting next_dagrun for hybrid_lakehouse_weekly_maintenance to 2026-08-16 03:00:00+00:00, run_after=2026-08-23 03:00:00+00:00
[2026-08-15T17:13:59.918+0000] {processor.py:183} INFO - Processing /opt/airflow/dags/maintenance_dag.py took 0.302 seconds
[2026-08-15T17:14:30.383+0000] {processor.py:161} INFO - Started process (PID=1018) to work on /opt/airflow/dags/maintenance_dag.py
[2026-08-15T17:14:30.386+0000] {processor.py:830} INFO - Processing file /opt/airflow/dags/maintenance_dag.py for tasks to queue
[2026-08-15T17:14:30.390+0000] {logging_mixin.py:188} INFO - [2026-08-15T17:14:30.390+0000] {dagbag.py:545} INFO - Filling up the DagBag from /opt/airflow/dags/maintenance_dag.py
[2026-08-15T17:14:30.438+0000] {processor.py:840} INFO - DAG(s) 'hybrid_lakehouse_weekly_maintenance' retrieved from /opt/airflow/dags/maintenance_dag.py
[2026-08-15T17:14:30.594+0000] {logging_mixin.py:188} INFO - [2026-08-15T17:14:30.593+0000] {dag.py:3089} INFO - Sync 1 DAGs
[2026-08-15T17:14:30.624+0000] {logging_mixin.py:188} INFO - [2026-08-15T17:14:30.624+0000] {dag.py:3947} INFO - Setting next_dagrun for hybrid_lakehouse_weekly_maintenance to 2026-08-16 03:00:00+00:00, run_after=2026-08-23 03:00:00+00:00
[2026-08-15T17:14:30.664+0000] {processor.py:183} INFO - Processing /opt/airflow/dags/maintenance_dag.py took 0.292 seconds
[2026-08-15T17:15:01.034+0000] {processor.py:161} INFO - Started process (PID=1031) to work on /opt/airflow/dags/maintenance_dag.py
[2026-08-15T17:15:01.038+0000] {processor.py:830} INFO - Processing file /opt/airflow/dags/maintenance_dag.py for tasks to queue
[2026-08-15T17:15:01.042+0000] {logging_mixin.py:188} INFO - [2026-08-15T17:15:01.041+0000] {dagbag.py:545} INFO - Filling up the DagBag from /opt/airflow/dags/maintenance_dag.py
[2026-08-15T17:15:01.085+0000] {processor.py:840} INFO - DAG(s) 'hybrid_lakehouse_weekly_maintenance' retrieved from /opt/airflow/dags/maintenance_dag.py
[2026-08-15T17:15:01.253+0000] {logging_mixin.py:188} INFO - [2026-08-15T17:15:01.252+0000] {dag.py:3089} INFO - Sync 1 DAGs
[2026-08-15T17:15:01.286+0000] {logging_mixin.py:188} INFO - [2026-08-15T17:15:01.286+0000] {dag.py:3947} INFO - Setting next_dagrun for hybrid_lakehouse_weekly_maintenance to 2026-08-16 03:00:00+00:00, run_after=2026-08-23 03:00:00+00:00
[2026-08-15T17:15:01.326+0000] {processor.py:183} INFO - Processing /opt/airflow/dags/maintenance_dag.py took 0.302 seconds
[2026-08-15T17:15:31.467+0000] {processor.py:161} INFO - Started process (PID=1038) to work on /opt/airflow/dags/maintenance_dag.py
[2026-08-15T17:15:31.470+0000] {processor.py:830} INFO - Processing file /opt/airflow/dags/maintenance_dag.py for tasks to queue
[2026-08-15T17:15:31.474+0000] {logging_mixin.py:188} INFO - [2026-08-15T17:15:31.474+0000] {dagbag.py:545} INFO - Filling up the DagBag from /opt/airflow/dags/maintenance_dag.py
[2026-08-15T17:15:31.512+0000] {processor.py:840} INFO - DAG(s) 'hybrid_lakehouse_weekly_maintenance' retrieved from /opt/airflow/dags/maintenance_dag.py
[2026-08-15T17:15:31.670+0000] {logging_mixin.py:188} INFO - [2026-08-15T17:15:31.669+0000] {dag.py:3089} INFO - Sync 1 DAGs
[2026-08-15T17:15:31.700+0000] {logging_mixin.py:188} INFO - [2026-08-15T17:15:31.699+0000] {dag.py:3947} INFO - Setting next_dagrun for hybrid_lakehouse_weekly_maintenance to 2026-08-16 03:00:00+00:00, run_after=2026-08-23 03:00:00+00:00
[2026-08-15T17:15:31.733+0000] {processor.py:183} INFO - Processing /opt/airflow/dags/maintenance_dag.py took 0.278 seconds
[2026-08-15T17:16:02.128+0000] {processor.py:161} INFO - Started process (PID=1048) to work on /opt/airflow/dags/maintenance_dag.py
[2026-08-15T17:16:02.131+0000] {processor.py:830} INFO - Processing file /opt/airflow/dags/maintenance_dag.py for tasks to queue
[2026-08-15T17:16:02.134+0000] {logging_mixin.py:188} INFO - [2026-08-15T17:16:02.134+0000] {dagbag.py:545} INFO - Filling up the DagBag from /opt/airflow/dags/maintenance_dag.py
[2026-08-15T17:16:02.170+0000] {processor.py:840} INFO - DAG(s) 'hybrid_lakehouse_weekly_maintenance' retrieved from /opt/airflow/dags/maintenance_dag.py
[2026-08-15T17:16:02.319+0000] {logging_mixin.py:188} INFO - [2026-08-15T17:16:02.318+0000] {dag.py:3089} INFO - Sync 1 DAGs
[2026-08-15T17:16:02.349+0000] {logging_mixin.py:188} INFO - [2026-08-15T17:16:02.349+0000] {dag.py:3947} INFO - Setting next_dagrun for hybrid_lakehouse_weekly_maintenance to 2026-08-16 03:00:00+00:00, run_after=2026-08-23 03:00:00+00:00
[2026-08-15T17:16:02.381+0000] {processor.py:183} INFO - Processing /opt/airflow/dags/maintenance_dag.py took 0.263 seconds
[2026-08-15T17:16:32.799+0000] {processor.py:161} INFO - Started process (PID=1058) to work on /opt/airflow/dags/maintenance_dag.py
[2026-08-15T17:16:32.801+0000] {processor.py:830} INFO - Processing file /opt/airflow/dags/maintenance_dag.py for tasks to queue
[2026-08-15T17:16:32.805+0000] {logging_mixin.py:188} INFO - [2026-08-15T17:16:32.804+0000] {dagbag.py:545} INFO - Filling up the DagBag from /opt/airflow/dags/maintenance_dag.py
[2026-08-15T17:16:32.840+0000] {processor.py:840} INFO - DAG(s) 'hybrid_lakehouse_weekly_maintenance' retrieved from /opt/airflow/dags/maintenance_dag.py
[2026-08-15T17:16:33.023+0000] {logging_mixin.py:188} INFO - [2026-08-15T17:16:33.022+0000] {dag.py:3089} INFO - Sync 1 DAGs
[2026-08-15T17:16:33.059+0000] {logging_mixin.py:188} INFO - [2026-08-15T17:16:33.058+0000] {dag.py:3947} INFO - Setting next_dagrun for hybrid_lakehouse_weekly_maintenance to 2026-08-16 03:00:00+00:00, run_after=2026-08-23 03:00:00+00:00
[2026-08-15T17:16:33.093+0000] {processor.py:183} INFO - Processing /opt/airflow/dags/maintenance_dag.py took 0.306 seconds
[2026-08-15T17:17:03.683+0000] {processor.py:161} INFO - Started process (PID=1068) to work on /opt/airflow/dags/maintenance_dag.py
[2026-08-15T17:17:03.686+0000] {processor.py:830} INFO - Processing file /opt/airflow/dags/maintenance_dag.py for tasks to queue
[2026-08-15T17:17:03.693+0000] {logging_mixin.py:188} INFO - [2026-08-15T17:17:03.692+0000] {dagbag.py:545} INFO - Filling up the DagBag from /opt/airflow/dags/maintenance_dag.py
[2026-08-15T17:17:03.747+0000] {processor.py:840} INFO - DAG(s) 'hybrid_lakehouse_weekly_maintenance' retrieved from /opt/airflow/dags/maintenance_dag.py
[2026-08-15T17:17:03.952+0000] {logging_mixin.py:188} INFO - [2026-08-15T17:17:03.951+0000] {dag.py:3089} INFO - Sync 1 DAGs
[2026-08-15T17:17:03.981+0000] {logging_mixin.py:188} INFO - [2026-08-15T17:17:03.980+0000] {dag.py:3947} INFO - Setting next_dagrun for hybrid_lakehouse_weekly_maintenance to 2026-08-16 03:00:00+00:00, run_after=2026-08-23 03:00:00+00:00
[2026-08-15T17:17:04.033+0000] {processor.py:183} INFO - Processing /opt/airflow/dags/maintenance_dag.py took 0.369 seconds
[2026-08-15T17:17:34.481+0000] {processor.py:161} INFO - Started process (PID=1078) to work on /opt/airflow/dags/maintenance_dag.py
[2026-08-15T17:17:34.483+0000] {processor.py:830} INFO - Processing file /opt/airflow/dags/maintenance_dag.py for tasks to queue
[2026-08-15T17:17:34.489+0000] {logging_mixin.py:188} INFO - [2026-08-15T17:17:34.489+0000] {dagbag.py:545} INFO - Filling up the DagBag from /opt/airflow/dags/maintenance_dag.py
[2026-08-15T17:17:34.538+0000] {processor.py:840} INFO - DAG(s) 'hybrid_lakehouse_weekly_maintenance' retrieved from /opt/airflow/dags/maintenance_dag.py
[2026-08-15T17:17:34.690+0000] {logging_mixin.py:188} INFO - [2026-08-15T17:17:34.689+0000] {dag.py:3089} INFO - Sync 1 DAGs
[2026-08-15T17:17:34.726+0000] {logging_mixin.py:188} INFO - [2026-08-15T17:17:34.726+0000] {dag.py:3947} INFO - Setting next_dagrun for hybrid_lakehouse_weekly_maintenance to 2026-08-16 03:00:00+00:00, run_after=2026-08-23 03:00:00+00:00
[2026-08-15T17:17:34.761+0000] {processor.py:183} INFO - Processing /opt/airflow/dags/maintenance_dag.py took 0.292 seconds
[2026-08-15T17:18:04.890+0000] {processor.py:161} INFO - Started process (PID=1088) to work on /opt/airflow/dags/maintenance_dag.py
[2026-08-15T17:18:04.892+0000] {processor.py:830} INFO - Processing file /opt/airflow/dags/maintenance_dag.py for tasks to queue
[2026-08-15T17:18:04.897+0000] {logging_mixin.py:188} INFO - [2026-08-15T17:18:04.896+0000] {dagbag.py:545} INFO - Filling up the DagBag from /opt/airflow/dags/maintenance_dag.py
[2026-08-15T17:18:04.938+0000] {processor.py:840} INFO - DAG(s) 'hybrid_lakehouse_weekly_maintenance' retrieved from /opt/airflow/dags/maintenance_dag.py
[2026-08-15T17:18:05.124+0000] {logging_mixin.py:188} INFO - [2026-08-15T17:18:05.124+0000] {dag.py:3089} INFO - Sync 1 DAGs
[2026-08-15T17:18:05.169+0000] {logging_mixin.py:188} INFO - [2026-08-15T17:18:05.168+0000] {dag.py:3947} INFO - Setting next_dagrun for hybrid_lakehouse_weekly_maintenance to 2026-08-16 03:00:00+00:00, run_after=2026-08-23 03:00:00+00:00
[2026-08-15T17:18:05.209+0000] {processor.py:183} INFO - Processing /opt/airflow/dags/maintenance_dag.py took 0.329 seconds
[2026-08-15T17:18:35.496+0000] {processor.py:161} INFO - Started process (PID=1098) to work on /opt/airflow/dags/maintenance_dag.py
[2026-08-15T17:18:35.498+0000] {processor.py:830} INFO - Processing file /opt/airflow/dags/maintenance_dag.py for tasks to queue
[2026-08-15T17:18:35.503+0000] {logging_mixin.py:188} INFO - [2026-08-15T17:18:35.502+0000] {dagbag.py:545} INFO - Filling up the DagBag from /opt/airflow/dags/maintenance_dag.py
[2026-08-15T17:18:35.545+0000] {processor.py:840} INFO - DAG(s) 'hybrid_lakehouse_weekly_maintenance' retrieved from /opt/airflow/dags/maintenance_dag.py
[2026-08-15T17:18:35.719+0000] {logging_mixin.py:188} INFO - [2026-08-15T17:18:35.718+0000] {dag.py:3089} INFO - Sync 1 DAGs
[2026-08-15T17:18:35.749+0000] {logging_mixin.py:188} INFO - [2026-08-15T17:18:35.748+0000] {dag.py:3947} INFO - Setting next_dagrun for hybrid_lakehouse_weekly_maintenance to 2026-08-16 03:00:00+00:00, run_after=2026-08-23 03:00:00+00:00
[2026-08-15T17:18:35.784+0000] {processor.py:183} INFO - Processing /opt/airflow/dags/maintenance_dag.py took 0.297 seconds
[2026-08-15T17:19:05.980+0000] {processor.py:161} INFO - Started process (PID=1108) to work on /opt/airflow/dags/maintenance_dag.py
[2026-08-15T17:19:05.983+0000] {processor.py:830} INFO - Processing file /opt/airflow/dags/maintenance_dag.py for tasks to queue
[2026-08-15T17:19:05.988+0000] {logging_mixin.py:188} INFO - [2026-08-15T17:19:05.987+0000] {dagbag.py:545} INFO - Filling up the DagBag from /opt/airflow/dags/maintenance_dag.py
[2026-08-15T17:19:06.031+0000] {processor.py:840} INFO - DAG(s) 'hybrid_lakehouse_weekly_maintenance' retrieved from /opt/airflow/dags/maintenance_dag.py
[2026-08-15T17:19:06.187+0000] {logging_mixin.py:188} INFO - [2026-08-15T17:19:06.186+0000] {dag.py:3089} INFO - Sync 1 DAGs
[2026-08-15T17:19:06.224+0000] {logging_mixin.py:188} INFO - [2026-08-15T17:19:06.223+0000] {dag.py:3947} INFO - Setting next_dagrun for hybrid_lakehouse_weekly_maintenance to 2026-08-16 03:00:00+00:00, run_after=2026-08-23 03:00:00+00:00
[2026-08-15T17:19:06.254+0000] {processor.py:183} INFO - Processing /opt/airflow/dags/maintenance_dag.py took 0.287 seconds
[2026-08-15T17:19:36.657+0000] {processor.py:161} INFO - Started process (PID=1118) to work on /opt/airflow/dags/maintenance_dag.py
[2026-08-15T17:19:36.661+0000] {processor.py:830} INFO - Processing file /opt/airflow/dags/maintenance_dag.py for tasks to queue
[2026-08-15T17:19:36.666+0000] {logging_mixin.py:188} INFO - [2026-08-15T17:19:36.665+0000] {dagbag.py:545} INFO - Filling up the DagBag from /opt/airflow/dags/maintenance_dag.py
[2026-08-15T17:19:36.708+0000] {processor.py:840} INFO - DAG(s) 'hybrid_lakehouse_weekly_maintenance' retrieved from /opt/airflow/dags/maintenance_dag.py
[2026-08-15T17:19:36.891+0000] {logging_mixin.py:188} INFO - [2026-08-15T17:19:36.890+0000] {dag.py:3089} INFO - Sync 1 DAGs
[2026-08-15T17:19:36.932+0000] {logging_mixin.py:188} INFO - [2026-08-15T17:19:36.931+0000] {dag.py:3947} INFO - Setting next_dagrun for hybrid_lakehouse_weekly_maintenance to 2026-08-16 03:00:00+00:00, run_after=2026-08-23 03:00:00+00:00
[2026-08-15T17:19:36.977+0000] {processor.py:183} INFO - Processing /opt/airflow/dags/maintenance_dag.py took 0.335 seconds
[2026-08-15T17:20:07.434+0000] {processor.py:161} INFO - Started process (PID=1128) to work on /opt/airflow/dags/maintenance_dag.py
[2026-08-15T17:20:07.437+0000] {processor.py:830} INFO - Processing file /opt/airflow/dags/maintenance_dag.py for tasks to queue
[2026-08-15T17:20:07.440+0000] {logging_mixin.py:188} INFO - [2026-08-15T17:20:07.440+0000] {dagbag.py:545} INFO - Filling up the DagBag from /opt/airflow/dags/maintenance_dag.py
[2026-08-15T17:20:07.484+0000] {processor.py:840} INFO - DAG(s) 'hybrid_lakehouse_weekly_maintenance' retrieved from /opt/airflow/dags/maintenance_dag.py
[2026-08-15T17:20:07.648+0000] {logging_mixin.py:188} INFO - [2026-08-15T17:20:07.647+0000] {dag.py:3089} INFO - Sync 1 DAGs
[2026-08-15T17:20:07.684+0000] {logging_mixin.py:188} INFO - [2026-08-15T17:20:07.683+0000] {dag.py:3947} INFO - Setting next_dagrun for hybrid_lakehouse_weekly_maintenance to 2026-08-16 03:00:00+00:00, run_after=2026-08-23 03:00:00+00:00
[2026-08-15T17:20:07.723+0000] {processor.py:183} INFO - Processing /opt/airflow/dags/maintenance_dag.py took 0.303 seconds
[2026-08-15T17:20:37.817+0000] {processor.py:161} INFO - Started process (PID=1138) to work on /opt/airflow/dags/maintenance_dag.py
[2026-08-15T17:20:37.819+0000] {processor.py:830} INFO - Processing file /opt/airflow/dags/maintenance_dag.py for tasks to queue
[2026-08-15T17:20:37.824+0000] {logging_mixin.py:188} INFO - [2026-08-15T17:20:37.823+0000] {dagbag.py:545} INFO - Filling up the DagBag from /opt/airflow/dags/maintenance_dag.py
[2026-08-15T17:20:37.873+0000] {processor.py:840} INFO - DAG(s) 'hybrid_lakehouse_weekly_maintenance' retrieved from /opt/airflow/dags/maintenance_dag.py
[2026-08-15T17:20:38.044+0000] {logging_mixin.py:188} INFO - [2026-08-15T17:20:38.043+0000] {dag.py:3089} INFO - Sync 1 DAGs
[2026-08-15T17:20:38.076+0000] {logging_mixin.py:188} INFO - [2026-08-15T17:20:38.076+0000] {dag.py:3947} INFO - Setting next_dagrun for hybrid_lakehouse_weekly_maintenance to 2026-08-16 03:00:00+00:00, run_after=2026-08-23 03:00:00+00:00
[2026-08-15T17:20:38.107+0000] {processor.py:183} INFO - Processing /opt/airflow/dags/maintenance_dag.py took 0.306 seconds
[2026-08-15T17:21:08.528+0000] {processor.py:161} INFO - Started process (PID=1148) to work on /opt/airflow/dags/maintenance_dag.py
[2026-08-15T17:21:08.532+0000] {processor.py:830} INFO - Processing file /opt/airflow/dags/maintenance_dag.py for tasks to queue
[2026-08-15T17:21:08.537+0000] {logging_mixin.py:188} INFO - [2026-08-15T17:21:08.537+0000] {dagbag.py:545} INFO - Filling up the DagBag from /opt/airflow/dags/maintenance_dag.py
[2026-08-15T17:21:08.579+0000] {processor.py:840} INFO - DAG(s) 'hybrid_lakehouse_weekly_maintenance' retrieved from /opt/airflow/dags/maintenance_dag.py
[2026-08-15T17:21:08.733+0000] {logging_mixin.py:188} INFO - [2026-08-15T17:21:08.733+0000] {dag.py:3089} INFO - Sync 1 DAGs
[2026-08-15T17:21:08.758+0000] {logging_mixin.py:188} INFO - [2026-08-15T17:21:08.757+0000] {dag.py:3947} INFO - Setting next_dagrun for hybrid_lakehouse_weekly_maintenance to 2026-08-16 03:00:00+00:00, run_after=2026-08-23 03:00:00+00:00
[2026-08-15T17:21:08.805+0000] {processor.py:183} INFO - Processing /opt/airflow/dags/maintenance_dag.py took 0.293 seconds
[2026-08-15T17:21:39.259+0000] {processor.py:161} INFO - Started process (PID=1158) to work on /opt/airflow/dags/maintenance_dag.py
[2026-08-15T17:21:39.263+0000] {processor.py:830} INFO - Processing file /opt/airflow/dags/maintenance_dag.py for tasks to queue
[2026-08-15T17:21:39.269+0000] {logging_mixin.py:188} INFO - [2026-08-15T17:21:39.268+0000] {dagbag.py:545} INFO - Filling up the DagBag from /opt/airflow/dags/maintenance_dag.py
[2026-08-15T17:21:39.315+0000] {processor.py:840} INFO - DAG(s) 'hybrid_lakehouse_weekly_maintenance' retrieved from /opt/airflow/dags/maintenance_dag.py
[2026-08-15T17:21:39.455+0000] {logging_mixin.py:188} INFO - [2026-08-15T17:21:39.454+0000] {dag.py:3089} INFO - Sync 1 DAGs
[2026-08-15T17:21:39.486+0000] {logging_mixin.py:188} INFO - [2026-08-15T17:21:39.485+0000] {dag.py:3947} INFO - Setting next_dagrun for hybrid_lakehouse_weekly_maintenance to 2026-08-16 03:00:00+00:00, run_after=2026-08-23 03:00:00+00:00
[2026-08-15T17:21:39.522+0000] {processor.py:183} INFO - Processing /opt/airflow/dags/maintenance_dag.py took 0.281 seconds
[2026-08-15T17:22:10.049+0000] {processor.py:161} INFO - Started process (PID=1168) to work on /opt/airflow/dags/maintenance_dag.py
[2026-08-15T17:22:10.051+0000] {processor.py:830} INFO - Processing file /opt/airflow/dags/maintenance_dag.py for tasks to queue
[2026-08-15T17:22:10.056+0000] {logging_mixin.py:188} INFO - [2026-08-15T17:22:10.056+0000] {dagbag.py:545} INFO - Filling up the DagBag from /opt/airflow/dags/maintenance_dag.py
[2026-08-15T17:22:10.089+0000] {processor.py:840} INFO - DAG(s) 'hybrid_lakehouse_weekly_maintenance' retrieved from /opt/airflow/dags/maintenance_dag.py
[2026-08-15T17:22:10.231+0000] {logging_mixin.py:188} INFO - [2026-08-15T17:22:10.231+0000] {dag.py:3089} INFO - Sync 1 DAGs
[2026-08-15T17:22:10.260+0000] {logging_mixin.py:188} INFO - [2026-08-15T17:22:10.259+0000] {dag.py:3947} INFO - Setting next_dagrun for hybrid_lakehouse_weekly_maintenance to 2026-08-16 03:00:00+00:00, run_after=2026-08-23 03:00:00+00:00
[2026-08-15T17:22:10.290+0000] {processor.py:183} INFO - Processing /opt/airflow/dags/maintenance_dag.py took 0.252 seconds
[2026-08-15T17:22:40.722+0000] {processor.py:161} INFO - Started process (PID=1178) to work on /opt/airflow/dags/maintenance_dag.py
[2026-08-15T17:22:40.725+0000] {processor.py:830} INFO - Processing file /opt/airflow/dags/maintenance_dag.py for tasks to queue
[2026-08-15T17:22:40.730+0000] {logging_mixin.py:188} INFO - [2026-08-15T17:22:40.729+0000] {dagbag.py:545} INFO - Filling up the DagBag from /opt/airflow/dags/maintenance_dag.py
[2026-08-15T17:22:40.764+0000] {processor.py:840} INFO - DAG(s) 'hybrid_lakehouse_weekly_maintenance' retrieved from /opt/airflow/dags/maintenance_dag.py
[2026-08-15T17:22:40.918+0000] {logging_mixin.py:188} INFO - [2026-08-15T17:22:40.917+0000] {dag.py:3089} INFO - Sync 1 DAGs
[2026-08-15T17:22:40.948+0000] {logging_mixin.py:188} INFO - [2026-08-15T17:22:40.947+0000] {dag.py:3947} INFO - Setting next_dagrun for hybrid_lakehouse_weekly_maintenance to 2026-08-16 03:00:00+00:00, run_after=2026-08-23 03:00:00+00:00
[2026-08-15T17:22:40.992+0000] {processor.py:183} INFO - Processing /opt/airflow/dags/maintenance_dag.py took 0.280 seconds
[2026-08-15T17:23:11.092+0000] {processor.py:161} INFO - Started process (PID=1188) to work on /opt/airflow/dags/maintenance_dag.py
[2026-08-15T17:23:11.094+0000] {processor.py:830} INFO - Processing file /opt/airflow/dags/maintenance_dag.py for tasks to queue
[2026-08-15T17:23:11.100+0000] {logging_mixin.py:188} INFO - [2026-08-15T17:23:11.099+0000] {dagbag.py:545} INFO - Filling up the DagBag from /opt/airflow/dags/maintenance_dag.py
[2026-08-15T17:23:11.137+0000] {processor.py:840} INFO - DAG(s) 'hybrid_lakehouse_weekly_maintenance' retrieved from /opt/airflow/dags/maintenance_dag.py
[2026-08-15T17:23:11.351+0000] {logging_mixin.py:188} INFO - [2026-08-15T17:23:11.350+0000] {dag.py:3089} INFO - Sync 1 DAGs
[2026-08-15T17:23:11.394+0000] {logging_mixin.py:188} INFO - [2026-08-15T17:23:11.393+0000] {dag.py:3947} INFO - Setting next_dagrun for hybrid_lakehouse_weekly_maintenance to 2026-08-16 03:00:00+00:00, run_after=2026-08-23 03:00:00+00:00
[2026-08-15T17:23:11.441+0000] {processor.py:183} INFO - Processing /opt/airflow/dags/maintenance_dag.py took 0.361 seconds
[2026-08-15T17:23:41.727+0000] {processor.py:161} INFO - Started process (PID=1198) to work on /opt/airflow/dags/maintenance_dag.py
[2026-08-15T17:23:41.731+0000] {processor.py:830} INFO - Processing file /opt/airflow/dags/maintenance_dag.py for tasks to queue
[2026-08-15T17:23:41.738+0000] {logging_mixin.py:188} INFO - [2026-08-15T17:23:41.737+0000] {dagbag.py:545} INFO - Filling up the DagBag from /opt/airflow/dags/maintenance_dag.py
[2026-08-15T17:23:41.797+0000] {processor.py:840} INFO - DAG(s) 'hybrid_lakehouse_weekly_maintenance' retrieved from /opt/airflow/dags/maintenance_dag.py
[2026-08-15T17:23:42.025+0000] {logging_mixin.py:188} INFO - [2026-08-15T17:23:42.024+0000] {dag.py:3089} INFO - Sync 1 DAGs
[2026-08-15T17:23:42.087+0000] {logging_mixin.py:188} INFO - [2026-08-15T17:23:42.086+0000] {dag.py:3947} INFO - Setting next_dagrun for hybrid_lakehouse_weekly_maintenance to 2026-08-16 03:00:00+00:00, run_after=2026-08-23 03:00:00+00:00
[2026-08-15T17:23:42.132+0000] {processor.py:183} INFO - Processing /opt/airflow/dags/maintenance_dag.py took 0.424 seconds
[2026-08-15T17:24:12.549+0000] {processor.py:161} INFO - Started process (PID=1208) to work on /opt/airflow/dags/maintenance_dag.py
[2026-08-15T17:24:12.552+0000] {processor.py:830} INFO - Processing file /opt/airflow/dags/maintenance_dag.py for tasks to queue
[2026-08-15T17:24:12.557+0000] {logging_mixin.py:188} INFO - [2026-08-15T17:24:12.556+0000] {dagbag.py:545} INFO - Filling up the DagBag from /opt/airflow/dags/maintenance_dag.py
[2026-08-15T17:24:12.608+0000] {processor.py:840} INFO - DAG(s) 'hybrid_lakehouse_weekly_maintenance' retrieved from /opt/airflow/dags/maintenance_dag.py
[2026-08-15T17:24:12.858+0000] {logging_mixin.py:188} INFO - [2026-08-15T17:24:12.857+0000] {dag.py:3089} INFO - Sync 1 DAGs
[2026-08-15T17:24:12.890+0000] {logging_mixin.py:188} INFO - [2026-08-15T17:24:12.890+0000] {dag.py:3947} INFO - Setting next_dagrun for hybrid_lakehouse_weekly_maintenance to 2026-08-16 03:00:00+00:00, run_after=2026-08-23 03:00:00+00:00
[2026-08-15T17:24:12.926+0000] {processor.py:183} INFO - Processing /opt/airflow/dags/maintenance_dag.py took 0.390 seconds
[2026-08-15T17:24:43.305+0000] {processor.py:161} INFO - Started process (PID=1218) to work on /opt/airflow/dags/maintenance_dag.py
[2026-08-15T17:24:43.307+0000] {processor.py:830} INFO - Processing file /opt/airflow/dags/maintenance_dag.py for tasks to queue
[2026-08-15T17:24:43.311+0000] {logging_mixin.py:188} INFO - [2026-08-15T17:24:43.310+0000] {dagbag.py:545} INFO - Filling up the DagBag from /opt/airflow/dags/maintenance_dag.py
[2026-08-15T17:24:43.344+0000] {processor.py:840} INFO - DAG(s) 'hybrid_lakehouse_weekly_maintenance' retrieved from /opt/airflow/dags/maintenance_dag.py
[2026-08-15T17:24:43.488+0000] {logging_mixin.py:188} INFO - [2026-08-15T17:24:43.487+0000] {dag.py:3089} INFO - Sync 1 DAGs
[2026-08-15T17:24:43.522+0000] {logging_mixin.py:188} INFO - [2026-08-15T17:24:43.522+0000] {dag.py:3947} INFO - Setting next_dagrun for hybrid_lakehouse_weekly_maintenance to 2026-08-16 03:00:00+00:00, run_after=2026-08-23 03:00:00+00:00
[2026-08-15T17:24:43.547+0000] {processor.py:183} INFO - Processing /opt/airflow/dags/maintenance_dag.py took 0.252 seconds
[2026-08-15T17:25:13.951+0000] {processor.py:161} INFO - Started process (PID=1232) to work on /opt/airflow/dags/maintenance_dag.py
[2026-08-15T17:25:13.954+0000] {processor.py:830} INFO - Processing file /opt/airflow/dags/maintenance_dag.py for tasks to queue
[2026-08-15T17:25:13.958+0000] {logging_mixin.py:188} INFO - [2026-08-15T17:25:13.957+0000] {dagbag.py:545} INFO - Filling up the DagBag from /opt/airflow/dags/maintenance_dag.py
[2026-08-15T17:25:13.996+0000] {processor.py:840} INFO - DAG(s) 'hybrid_lakehouse_weekly_maintenance' retrieved from /opt/airflow/dags/maintenance_dag.py
[2026-08-15T17:25:14.143+0000] {logging_mixin.py:188} INFO - [2026-08-15T17:25:14.142+0000] {dag.py:3089} INFO - Sync 1 DAGs
[2026-08-15T17:25:14.171+0000] {logging_mixin.py:188} INFO - [2026-08-15T17:25:14.170+0000] {dag.py:3947} INFO - Setting next_dagrun for hybrid_lakehouse_weekly_maintenance to 2026-08-16 03:00:00+00:00, run_after=2026-08-23 03:00:00+00:00
[2026-08-15T17:25:14.205+0000] {processor.py:183} INFO - Processing /opt/airflow/dags/maintenance_dag.py took 0.266 seconds
[2026-08-15T17:25:44.619+0000] {processor.py:161} INFO - Started process (PID=1242) to work on /opt/airflow/dags/maintenance_dag.py
[2026-08-15T17:25:44.622+0000] {processor.py:830} INFO - Processing file /opt/airflow/dags/maintenance_dag.py for tasks to queue
[2026-08-15T17:25:44.626+0000] {logging_mixin.py:188} INFO - [2026-08-15T17:25:44.626+0000] {dagbag.py:545} INFO - Filling up the DagBag from /opt/airflow/dags/maintenance_dag.py
[2026-08-15T17:25:44.672+0000] {processor.py:840} INFO - DAG(s) 'hybrid_lakehouse_weekly_maintenance' retrieved from /opt/airflow/dags/maintenance_dag.py
[2026-08-15T17:25:44.862+0000] {logging_mixin.py:188} INFO - [2026-08-15T17:25:44.861+0000] {dag.py:3089} INFO - Sync 1 DAGs
[2026-08-15T17:25:44.898+0000] {logging_mixin.py:188} INFO - [2026-08-15T17:25:44.898+0000] {dag.py:3947} INFO - Setting next_dagrun for hybrid_lakehouse_weekly_maintenance to 2026-08-16 03:00:00+00:00, run_after=2026-08-23 03:00:00+00:00
[2026-08-15T17:25:44.939+0000] {processor.py:183} INFO - Processing /opt/airflow/dags/maintenance_dag.py took 0.335 seconds
[2026-08-15T17:26:15.283+0000] {processor.py:161} INFO - Started process (PID=1252) to work on /opt/airflow/dags/maintenance_dag.py
[2026-08-15T17:26:15.286+0000] {processor.py:830} INFO - Processing file /opt/airflow/dags/maintenance_dag.py for tasks to queue
[2026-08-15T17:26:15.290+0000] {logging_mixin.py:188} INFO - [2026-08-15T17:26:15.289+0000] {dagbag.py:545} INFO - Filling up the DagBag from /opt/airflow/dags/maintenance_dag.py
[2026-08-15T17:26:15.329+0000] {processor.py:840} INFO - DAG(s) 'hybrid_lakehouse_weekly_maintenance' retrieved from /opt/airflow/dags/maintenance_dag.py
[2026-08-15T17:26:15.506+0000] {logging_mixin.py:188} INFO - [2026-08-15T17:26:15.505+0000] {dag.py:3089} INFO - Sync 1 DAGs
[2026-08-15T17:26:15.536+0000] {logging_mixin.py:188} INFO - [2026-08-15T17:26:15.536+0000] {dag.py:3947} INFO - Setting next_dagrun for hybrid_lakehouse_weekly_maintenance to 2026-08-16 03:00:00+00:00, run_after=2026-08-23 03:00:00+00:00
[2026-08-15T17:26:15.573+0000] {processor.py:183} INFO - Processing /opt/airflow/dags/maintenance_dag.py took 0.302 seconds
[2026-08-15T17:26:45.980+0000] {processor.py:161} INFO - Started process (PID=1262) to work on /opt/airflow/dags/maintenance_dag.py
[2026-08-15T17:26:45.982+0000] {processor.py:830} INFO - Processing file /opt/airflow/dags/maintenance_dag.py for tasks to queue
[2026-08-15T17:26:45.986+0000] {logging_mixin.py:188} INFO - [2026-08-15T17:26:45.986+0000] {dagbag.py:545} INFO - Filling up the DagBag from /opt/airflow/dags/maintenance_dag.py
[2026-08-15T17:26:46.024+0000] {processor.py:840} INFO - DAG(s) 'hybrid_lakehouse_weekly_maintenance' retrieved from /opt/airflow/dags/maintenance_dag.py
[2026-08-15T17:26:46.175+0000] {logging_mixin.py:188} INFO - [2026-08-15T17:26:46.175+0000] {dag.py:3089} INFO - Sync 1 DAGs
[2026-08-15T17:26:46.200+0000] {logging_mixin.py:188} INFO - [2026-08-15T17:26:46.200+0000] {dag.py:3947} INFO - Setting next_dagrun for hybrid_lakehouse_weekly_maintenance to 2026-08-16 03:00:00+00:00, run_after=2026-08-23 03:00:00+00:00
[2026-08-15T17:26:46.234+0000] {processor.py:183} INFO - Processing /opt/airflow/dags/maintenance_dag.py took 0.266 seconds
[2026-08-15T17:27:16.557+0000] {processor.py:161} INFO - Started process (PID=1272) to work on /opt/airflow/dags/maintenance_dag.py
[2026-08-15T17:27:16.559+0000] {processor.py:830} INFO - Processing file /opt/airflow/dags/maintenance_dag.py for tasks to queue
[2026-08-15T17:27:16.563+0000] {logging_mixin.py:188} INFO - [2026-08-15T17:27:16.563+0000] {dagbag.py:545} INFO - Filling up the DagBag from /opt/airflow/dags/maintenance_dag.py
[2026-08-15T17:27:16.603+0000] {processor.py:840} INFO - DAG(s) 'hybrid_lakehouse_weekly_maintenance' retrieved from /opt/airflow/dags/maintenance_dag.py
[2026-08-15T17:27:16.786+0000] {logging_mixin.py:188} INFO - [2026-08-15T17:27:16.785+0000] {dag.py:3089} INFO - Sync 1 DAGs
[2026-08-15T17:27:16.812+0000] {logging_mixin.py:188} INFO - [2026-08-15T17:27:16.811+0000] {dag.py:3947} INFO - Setting next_dagrun for hybrid_lakehouse_weekly_maintenance to 2026-08-16 03:00:00+00:00, run_after=2026-08-23 03:00:00+00:00
[2026-08-15T17:27:16.844+0000] {processor.py:183} INFO - Processing /opt/airflow/dags/maintenance_dag.py took 0.299 seconds
[2026-08-15T17:27:47.234+0000] {processor.py:161} INFO - Started process (PID=1282) to work on /opt/airflow/dags/maintenance_dag.py
[2026-08-15T17:27:47.236+0000] {processor.py:830} INFO - Processing file /opt/airflow/dags/maintenance_dag.py for tasks to queue
[2026-08-15T17:27:47.240+0000] {logging_mixin.py:188} INFO - [2026-08-15T17:27:47.240+0000] {dagbag.py:545} INFO - Filling up the DagBag from /opt/airflow/dags/maintenance_dag.py
[2026-08-15T17:27:47.278+0000] {processor.py:840} INFO - DAG(s) 'hybrid_lakehouse_weekly_maintenance' retrieved from /opt/airflow/dags/maintenance_dag.py
[2026-08-15T17:27:47.432+0000] {logging_mixin.py:188} INFO - [2026-08-15T17:27:47.431+0000] {dag.py:3089} INFO - Sync 1 DAGs
[2026-08-15T17:27:47.462+0000] {logging_mixin.py:188} INFO - [2026-08-15T17:27:47.461+0000] {dag.py:3947} INFO - Setting next_dagrun for hybrid_lakehouse_weekly_maintenance to 2026-08-16 03:00:00+00:00, run_after=2026-08-23 03:00:00+00:00
[2026-08-15T17:27:47.493+0000] {processor.py:183} INFO - Processing /opt/airflow/dags/maintenance_dag.py took 0.272 seconds
[2026-08-15T17:28:17.886+0000] {processor.py:161} INFO - Started process (PID=1292) to work on /opt/airflow/dags/maintenance_dag.py
[2026-08-15T17:28:17.888+0000] {processor.py:830} INFO - Processing file /opt/airflow/dags/maintenance_dag.py for tasks to queue
[2026-08-15T17:28:17.892+0000] {logging_mixin.py:188} INFO - [2026-08-15T17:28:17.891+0000] {dagbag.py:545} INFO - Filling up the DagBag from /opt/airflow/dags/maintenance_dag.py
[2026-08-15T17:28:17.936+0000] {processor.py:840} INFO - DAG(s) 'hybrid_lakehouse_weekly_maintenance' retrieved from /opt/airflow/dags/maintenance_dag.py
[2026-08-15T17:28:18.177+0000] {logging_mixin.py:188} INFO - [2026-08-15T17:28:18.176+0000] {dag.py:3089} INFO - Sync 1 DAGs
[2026-08-15T17:28:18.216+0000] {logging_mixin.py:188} INFO - [2026-08-15T17:28:18.216+0000] {dag.py:3947} INFO - Setting next_dagrun for hybrid_lakehouse_weekly_maintenance to 2026-08-16 03:00:00+00:00, run_after=2026-08-23 03:00:00+00:00
[2026-08-15T17:28:18.259+0000] {processor.py:183} INFO - Processing /opt/airflow/dags/maintenance_dag.py took 0.390 seconds
[2026-08-15T17:28:48.671+0000] {processor.py:161} INFO - Started process (PID=1302) to work on /opt/airflow/dags/maintenance_dag.py
[2026-08-15T17:28:48.674+0000] {processor.py:830} INFO - Processing file /opt/airflow/dags/maintenance_dag.py for tasks to queue
[2026-08-15T17:28:48.680+0000] {logging_mixin.py:188} INFO - [2026-08-15T17:28:48.679+0000] {dagbag.py:545} INFO - Filling up the DagBag from /opt/airflow/dags/maintenance_dag.py
[2026-08-15T17:28:48.738+0000] {processor.py:840} INFO - DAG(s) 'hybrid_lakehouse_weekly_maintenance' retrieved from /opt/airflow/dags/maintenance_dag.py
[2026-08-15T17:28:48.958+0000] {logging_mixin.py:188} INFO - [2026-08-15T17:28:48.957+0000] {dag.py:3089} INFO - Sync 1 DAGs
[2026-08-15T17:28:48.993+0000] {logging_mixin.py:188} INFO - [2026-08-15T17:28:48.992+0000] {dag.py:3947} INFO - Setting next_dagrun for hybrid_lakehouse_weekly_maintenance to 2026-08-16 03:00:00+00:00, run_after=2026-08-23 03:00:00+00:00
[2026-08-15T17:28:49.034+0000] {processor.py:183} INFO - Processing /opt/airflow/dags/maintenance_dag.py took 0.378 seconds
[2026-08-15T17:29:19.459+0000] {processor.py:161} INFO - Started process (PID=1312) to work on /opt/airflow/dags/maintenance_dag.py
[2026-08-15T17:29:19.465+0000] {processor.py:830} INFO - Processing file /opt/airflow/dags/maintenance_dag.py for tasks to queue
[2026-08-15T17:29:19.475+0000] {logging_mixin.py:188} INFO - [2026-08-15T17:29:19.473+0000] {dagbag.py:545} INFO - Filling up the DagBag from /opt/airflow/dags/maintenance_dag.py
[2026-08-15T17:29:19.550+0000] {processor.py:840} INFO - DAG(s) 'hybrid_lakehouse_weekly_maintenance' retrieved from /opt/airflow/dags/maintenance_dag.py
[2026-08-15T17:29:19.785+0000] {logging_mixin.py:188} INFO - [2026-08-15T17:29:19.784+0000] {dag.py:3089} INFO - Sync 1 DAGs
[2026-08-15T17:29:19.824+0000] {logging_mixin.py:188} INFO - [2026-08-15T17:29:19.823+0000] {dag.py:3947} INFO - Setting next_dagrun for hybrid_lakehouse_weekly_maintenance to 2026-08-16 03:00:00+00:00, run_after=2026-08-23 03:00:00+00:00
[2026-08-15T17:29:19.877+0000] {processor.py:183} INFO - Processing /opt/airflow/dags/maintenance_dag.py took 0.450 seconds
[2026-08-15T17:29:50.258+0000] {processor.py:161} INFO - Started process (PID=1322) to work on /opt/airflow/dags/maintenance_dag.py
[2026-08-15T17:29:50.260+0000] {processor.py:830} INFO - Processing file /opt/airflow/dags/maintenance_dag.py for tasks to queue
[2026-08-15T17:29:50.264+0000] {logging_mixin.py:188} INFO - [2026-08-15T17:29:50.263+0000] {dagbag.py:545} INFO - Filling up the DagBag from /opt/airflow/dags/maintenance_dag.py
[2026-08-15T17:29:50.297+0000] {processor.py:840} INFO - DAG(s) 'hybrid_lakehouse_weekly_maintenance' retrieved from /opt/airflow/dags/maintenance_dag.py
[2026-08-15T17:29:50.465+0000] {logging_mixin.py:188} INFO - [2026-08-15T17:29:50.464+0000] {dag.py:3089} INFO - Sync 1 DAGs
[2026-08-15T17:29:50.500+0000] {logging_mixin.py:188} INFO - [2026-08-15T17:29:50.499+0000] {dag.py:3947} INFO - Setting next_dagrun for hybrid_lakehouse_weekly_maintenance to 2026-08-16 03:00:00+00:00, run_after=2026-08-23 03:00:00+00:00
[2026-08-15T17:29:50.532+0000] {processor.py:183} INFO - Processing /opt/airflow/dags/maintenance_dag.py took 0.290 seconds
[2026-08-15T17:31:13.827+0000] {processor.py:161} INFO - Started process (PID=174) to work on /opt/airflow/dags/maintenance_dag.py
[2026-08-15T17:31:13.832+0000] {processor.py:830} INFO - Processing file /opt/airflow/dags/maintenance_dag.py for tasks to queue
[2026-08-15T17:31:13.842+0000] {logging_mixin.py:188} INFO - [2026-08-15T17:31:13.841+0000] {dagbag.py:545} INFO - Filling up the DagBag from /opt/airflow/dags/maintenance_dag.py
[2026-08-15T17:31:13.915+0000] {processor.py:840} INFO - DAG(s) 'hybrid_lakehouse_weekly_maintenance' retrieved from /opt/airflow/dags/maintenance_dag.py
[2026-08-15T17:31:14.507+0000] {logging_mixin.py:188} INFO - [2026-08-15T17:31:14.506+0000] {dag.py:3089} INFO - Sync 1 DAGs
[2026-08-15T17:31:14.574+0000] {logging_mixin.py:188} INFO - [2026-08-15T17:31:14.574+0000] {dag.py:3947} INFO - Setting next_dagrun for hybrid_lakehouse_weekly_maintenance to 2026-08-16 03:00:00+00:00, run_after=2026-08-23 03:00:00+00:00
[2026-08-15T17:31:14.630+0000] {processor.py:183} INFO - Processing /opt/airflow/dags/maintenance_dag.py took 0.823 seconds
[2026-08-15T17:31:44.973+0000] {processor.py:161} INFO - Started process (PID=249) to work on /opt/airflow/dags/maintenance_dag.py
[2026-08-15T17:31:44.976+0000] {processor.py:830} INFO - Processing file /opt/airflow/dags/maintenance_dag.py for tasks to queue
[2026-08-15T17:31:44.981+0000] {logging_mixin.py:188} INFO - [2026-08-15T17:31:44.980+0000] {dagbag.py:545} INFO - Filling up the DagBag from /opt/airflow/dags/maintenance_dag.py
[2026-08-15T17:31:45.028+0000] {processor.py:840} INFO - DAG(s) 'hybrid_lakehouse_weekly_maintenance' retrieved from /opt/airflow/dags/maintenance_dag.py
[2026-08-15T17:31:45.243+0000] {logging_mixin.py:188} INFO - [2026-08-15T17:31:45.243+0000] {dag.py:3089} INFO - Sync 1 DAGs
[2026-08-15T17:31:45.270+0000] {logging_mixin.py:188} INFO - [2026-08-15T17:31:45.269+0000] {dag.py:3947} INFO - Setting next_dagrun for hybrid_lakehouse_weekly_maintenance to 2026-08-16 03:00:00+00:00, run_after=2026-08-23 03:00:00+00:00
[2026-08-15T17:31:45.300+0000] {processor.py:183} INFO - Processing /opt/airflow/dags/maintenance_dag.py took 0.336 seconds
[2026-08-15T17:32:15.676+0000] {processor.py:161} INFO - Started process (PID=267) to work on /opt/airflow/dags/maintenance_dag.py
[2026-08-15T17:32:15.678+0000] {processor.py:830} INFO - Processing file /opt/airflow/dags/maintenance_dag.py for tasks to queue
[2026-08-15T17:32:15.682+0000] {logging_mixin.py:188} INFO - [2026-08-15T17:32:15.681+0000] {dagbag.py:545} INFO - Filling up the DagBag from /opt/airflow/dags/maintenance_dag.py
[2026-08-15T17:32:15.727+0000] {processor.py:840} INFO - DAG(s) 'hybrid_lakehouse_weekly_maintenance' retrieved from /opt/airflow/dags/maintenance_dag.py
[2026-08-15T17:32:15.902+0000] {logging_mixin.py:188} INFO - [2026-08-15T17:32:15.901+0000] {dag.py:3089} INFO - Sync 1 DAGs
[2026-08-15T17:32:15.938+0000] {logging_mixin.py:188} INFO - [2026-08-15T17:32:15.938+0000] {dag.py:3947} INFO - Setting next_dagrun for hybrid_lakehouse_weekly_maintenance to 2026-08-16 03:00:00+00:00, run_after=2026-08-23 03:00:00+00:00
[2026-08-15T17:32:15.977+0000] {processor.py:183} INFO - Processing /opt/airflow/dags/maintenance_dag.py took 0.310 seconds
[2026-08-15T17:32:46.410+0000] {processor.py:161} INFO - Started process (PID=283) to work on /opt/airflow/dags/maintenance_dag.py
[2026-08-15T17:32:46.414+0000] {processor.py:830} INFO - Processing file /opt/airflow/dags/maintenance_dag.py for tasks to queue
[2026-08-15T17:32:46.422+0000] {logging_mixin.py:188} INFO - [2026-08-15T17:32:46.422+0000] {dagbag.py:545} INFO - Filling up the DagBag from /opt/airflow/dags/maintenance_dag.py
[2026-08-15T17:32:46.463+0000] {processor.py:840} INFO - DAG(s) 'hybrid_lakehouse_weekly_maintenance' retrieved from /opt/airflow/dags/maintenance_dag.py
[2026-08-15T17:32:46.601+0000] {logging_mixin.py:188} INFO - [2026-08-15T17:32:46.600+0000] {dag.py:3089} INFO - Sync 1 DAGs
[2026-08-15T17:32:46.630+0000] {logging_mixin.py:188} INFO - [2026-08-15T17:32:46.630+0000] {dag.py:3947} INFO - Setting next_dagrun for hybrid_lakehouse_weekly_maintenance to 2026-08-16 03:00:00+00:00, run_after=2026-08-23 03:00:00+00:00
[2026-08-15T17:32:46.663+0000] {processor.py:183} INFO - Processing /opt/airflow/dags/maintenance_dag.py took 0.268 seconds
[2026-08-15T17:33:17.097+0000] {processor.py:161} INFO - Started process (PID=301) to work on /opt/airflow/dags/maintenance_dag.py
[2026-08-15T17:33:17.100+0000] {processor.py:830} INFO - Processing file /opt/airflow/dags/maintenance_dag.py for tasks to queue
[2026-08-15T17:33:17.104+0000] {logging_mixin.py:188} INFO - [2026-08-15T17:33:17.103+0000] {dagbag.py:545} INFO - Filling up the DagBag from /opt/airflow/dags/maintenance_dag.py
[2026-08-15T17:33:17.140+0000] {processor.py:840} INFO - DAG(s) 'hybrid_lakehouse_weekly_maintenance' retrieved from /opt/airflow/dags/maintenance_dag.py
[2026-08-15T17:33:17.302+0000] {logging_mixin.py:188} INFO - [2026-08-15T17:33:17.301+0000] {dag.py:3089} INFO - Sync 1 DAGs
[2026-08-15T17:33:17.344+0000] {logging_mixin.py:188} INFO - [2026-08-15T17:33:17.343+0000] {dag.py:3947} INFO - Setting next_dagrun for hybrid_lakehouse_weekly_maintenance to 2026-08-16 03:00:00+00:00, run_after=2026-08-23 03:00:00+00:00
[2026-08-15T17:33:17.386+0000] {processor.py:183} INFO - Processing /opt/airflow/dags/maintenance_dag.py took 0.303 seconds
[2026-08-15T17:33:47.755+0000] {processor.py:161} INFO - Started process (PID=315) to work on /opt/airflow/dags/maintenance_dag.py
[2026-08-15T17:33:47.757+0000] {processor.py:830} INFO - Processing file /opt/airflow/dags/maintenance_dag.py for tasks to queue
[2026-08-15T17:33:47.761+0000] {logging_mixin.py:188} INFO - [2026-08-15T17:33:47.760+0000] {dagbag.py:545} INFO - Filling up the DagBag from /opt/airflow/dags/maintenance_dag.py
[2026-08-15T17:33:47.797+0000] {processor.py:840} INFO - DAG(s) 'hybrid_lakehouse_weekly_maintenance' retrieved from /opt/airflow/dags/maintenance_dag.py
[2026-08-15T17:33:47.927+0000] {logging_mixin.py:188} INFO - [2026-08-15T17:33:47.926+0000] {dag.py:3089} INFO - Sync 1 DAGs
[2026-08-15T17:33:47.954+0000] {logging_mixin.py:188} INFO - [2026-08-15T17:33:47.953+0000] {dag.py:3947} INFO - Setting next_dagrun for hybrid_lakehouse_weekly_maintenance to 2026-08-16 03:00:00+00:00, run_after=2026-08-23 03:00:00+00:00
[2026-08-15T17:33:47.985+0000] {processor.py:183} INFO - Processing /opt/airflow/dags/maintenance_dag.py took 0.239 seconds
[2026-08-15T17:34:18.358+0000] {processor.py:161} INFO - Started process (PID=329) to work on /opt/airflow/dags/maintenance_dag.py
[2026-08-15T17:34:18.362+0000] {processor.py:830} INFO - Processing file /opt/airflow/dags/maintenance_dag.py for tasks to queue
[2026-08-15T17:34:18.368+0000] {logging_mixin.py:188} INFO - [2026-08-15T17:34:18.367+0000] {dagbag.py:545} INFO - Filling up the DagBag from /opt/airflow/dags/maintenance_dag.py
[2026-08-15T17:34:18.420+0000] {processor.py:840} INFO - DAG(s) 'hybrid_lakehouse_weekly_maintenance' retrieved from /opt/airflow/dags/maintenance_dag.py
[2026-08-15T17:34:18.676+0000] {logging_mixin.py:188} INFO - [2026-08-15T17:34:18.675+0000] {dag.py:3089} INFO - Sync 1 DAGs
[2026-08-15T17:34:18.720+0000] {logging_mixin.py:188} INFO - [2026-08-15T17:34:18.719+0000] {dag.py:3947} INFO - Setting next_dagrun for hybrid_lakehouse_weekly_maintenance to 2026-08-16 03:00:00+00:00, run_after=2026-08-23 03:00:00+00:00
[2026-08-15T17:34:18.760+0000] {processor.py:183} INFO - Processing /opt/airflow/dags/maintenance_dag.py took 0.423 seconds
[2026-08-15T17:34:49.054+0000] {processor.py:161} INFO - Started process (PID=344) to work on /opt/airflow/dags/maintenance_dag.py
[2026-08-15T17:34:49.056+0000] {processor.py:830} INFO - Processing file /opt/airflow/dags/maintenance_dag.py for tasks to queue
[2026-08-15T17:34:49.060+0000] {logging_mixin.py:188} INFO - [2026-08-15T17:34:49.060+0000] {dagbag.py:545} INFO - Filling up the DagBag from /opt/airflow/dags/maintenance_dag.py
[2026-08-15T17:34:49.096+0000] {processor.py:840} INFO - DAG(s) 'hybrid_lakehouse_weekly_maintenance' retrieved from /opt/airflow/dags/maintenance_dag.py
[2026-08-15T17:34:49.290+0000] {logging_mixin.py:188} INFO - [2026-08-15T17:34:49.289+0000] {dag.py:3089} INFO - Sync 1 DAGs
[2026-08-15T17:34:49.335+0000] {logging_mixin.py:188} INFO - [2026-08-15T17:34:49.334+0000] {dag.py:3947} INFO - Setting next_dagrun for hybrid_lakehouse_weekly_maintenance to 2026-08-16 03:00:00+00:00, run_after=2026-08-23 03:00:00+00:00
[2026-08-15T17:34:49.374+0000] {processor.py:183} INFO - Processing /opt/airflow/dags/maintenance_dag.py took 0.331 seconds
[2026-08-15T17:35:19.689+0000] {processor.py:161} INFO - Started process (PID=359) to work on /opt/airflow/dags/maintenance_dag.py
[2026-08-15T17:35:19.692+0000] {processor.py:830} INFO - Processing file /opt/airflow/dags/maintenance_dag.py for tasks to queue
[2026-08-15T17:35:19.695+0000] {logging_mixin.py:188} INFO - [2026-08-15T17:35:19.695+0000] {dagbag.py:545} INFO - Filling up the DagBag from /opt/airflow/dags/maintenance_dag.py
[2026-08-15T17:35:19.732+0000] {processor.py:840} INFO - DAG(s) 'hybrid_lakehouse_weekly_maintenance' retrieved from /opt/airflow/dags/maintenance_dag.py
[2026-08-15T17:35:19.909+0000] {logging_mixin.py:188} INFO - [2026-08-15T17:35:19.908+0000] {dag.py:3089} INFO - Sync 1 DAGs
[2026-08-15T17:35:19.941+0000] {logging_mixin.py:188} INFO - [2026-08-15T17:35:19.941+0000] {dag.py:3947} INFO - Setting next_dagrun for hybrid_lakehouse_weekly_maintenance to 2026-08-16 03:00:00+00:00, run_after=2026-08-23 03:00:00+00:00
[2026-08-15T17:35:19.974+0000] {processor.py:183} INFO - Processing /opt/airflow/dags/maintenance_dag.py took 0.298 seconds
[2026-08-15T17:35:50.327+0000] {processor.py:161} INFO - Started process (PID=374) to work on /opt/airflow/dags/maintenance_dag.py
[2026-08-15T17:35:50.329+0000] {processor.py:830} INFO - Processing file /opt/airflow/dags/maintenance_dag.py for tasks to queue
[2026-08-15T17:35:50.333+0000] {logging_mixin.py:188} INFO - [2026-08-15T17:35:50.333+0000] {dagbag.py:545} INFO - Filling up the DagBag from /opt/airflow/dags/maintenance_dag.py
[2026-08-15T17:35:50.362+0000] {processor.py:840} INFO - DAG(s) 'hybrid_lakehouse_weekly_maintenance' retrieved from /opt/airflow/dags/maintenance_dag.py
[2026-08-15T17:35:50.485+0000] {logging_mixin.py:188} INFO - [2026-08-15T17:35:50.484+0000] {dag.py:3089} INFO - Sync 1 DAGs
[2026-08-15T17:35:50.515+0000] {logging_mixin.py:188} INFO - [2026-08-15T17:35:50.515+0000] {dag.py:3947} INFO - Setting next_dagrun for hybrid_lakehouse_weekly_maintenance to 2026-08-16 03:00:00+00:00, run_after=2026-08-23 03:00:00+00:00
[2026-08-15T17:35:50.543+0000] {processor.py:183} INFO - Processing /opt/airflow/dags/maintenance_dag.py took 0.228 seconds
[2026-08-15T17:36:21.003+0000] {processor.py:161} INFO - Started process (PID=389) to work on /opt/airflow/dags/maintenance_dag.py
[2026-08-15T17:36:21.006+0000] {processor.py:830} INFO - Processing file /opt/airflow/dags/maintenance_dag.py for tasks to queue
[2026-08-15T17:36:21.010+0000] {logging_mixin.py:188} INFO - [2026-08-15T17:36:21.010+0000] {dagbag.py:545} INFO - Filling up the DagBag from /opt/airflow/dags/maintenance_dag.py
[2026-08-15T17:36:21.057+0000] {processor.py:840} INFO - DAG(s) 'hybrid_lakehouse_weekly_maintenance' retrieved from /opt/airflow/dags/maintenance_dag.py
[2026-08-15T17:36:21.234+0000] {logging_mixin.py:188} INFO - [2026-08-15T17:36:21.233+0000] {dag.py:3089} INFO - Sync 1 DAGs
[2026-08-15T17:36:21.274+0000] {logging_mixin.py:188} INFO - [2026-08-15T17:36:21.274+0000] {dag.py:3947} INFO - Setting next_dagrun for hybrid_lakehouse_weekly_maintenance to 2026-08-16 03:00:00+00:00, run_after=2026-08-23 03:00:00+00:00
[2026-08-15T17:36:21.309+0000] {processor.py:183} INFO - Processing /opt/airflow/dags/maintenance_dag.py took 0.327 seconds
[2026-08-15T17:36:51.699+0000] {processor.py:161} INFO - Started process (PID=402) to work on /opt/airflow/dags/maintenance_dag.py
[2026-08-15T17:36:51.701+0000] {processor.py:830} INFO - Processing file /opt/airflow/dags/maintenance_dag.py for tasks to queue
[2026-08-15T17:36:51.705+0000] {logging_mixin.py:188} INFO - [2026-08-15T17:36:51.705+0000] {dagbag.py:545} INFO - Filling up the DagBag from /opt/airflow/dags/maintenance_dag.py
[2026-08-15T17:36:51.739+0000] {processor.py:840} INFO - DAG(s) 'hybrid_lakehouse_weekly_maintenance' retrieved from /opt/airflow/dags/maintenance_dag.py
[2026-08-15T17:36:51.871+0000] {logging_mixin.py:188} INFO - [2026-08-15T17:36:51.870+0000] {dag.py:3089} INFO - Sync 1 DAGs
[2026-08-15T17:36:51.910+0000] {logging_mixin.py:188} INFO - [2026-08-15T17:36:51.909+0000] {dag.py:3947} INFO - Setting next_dagrun for hybrid_lakehouse_weekly_maintenance to 2026-08-16 03:00:00+00:00, run_after=2026-08-23 03:00:00+00:00
[2026-08-15T17:36:51.943+0000] {processor.py:183} INFO - Processing /opt/airflow/dags/maintenance_dag.py took 0.258 seconds
[2026-08-15T17:37:22.245+0000] {processor.py:161} INFO - Started process (PID=415) to work on /opt/airflow/dags/maintenance_dag.py
[2026-08-15T17:37:22.246+0000] {processor.py:830} INFO - Processing file /opt/airflow/dags/maintenance_dag.py for tasks to queue
[2026-08-15T17:37:22.248+0000] {logging_mixin.py:188} INFO - [2026-08-15T17:37:22.247+0000] {dagbag.py:545} INFO - Filling up the DagBag from /opt/airflow/dags/maintenance_dag.py
[2026-08-15T17:37:22.266+0000] {processor.py:840} INFO - DAG(s) 'hybrid_lakehouse_weekly_maintenance' retrieved from /opt/airflow/dags/maintenance_dag.py
[2026-08-15T17:37:22.360+0000] {logging_mixin.py:188} INFO - [2026-08-15T17:37:22.359+0000] {dag.py:3089} INFO - Sync 1 DAGs
[2026-08-15T17:37:22.381+0000] {logging_mixin.py:188} INFO - [2026-08-15T17:37:22.381+0000] {dag.py:3947} INFO - Setting next_dagrun for hybrid_lakehouse_weekly_maintenance to 2026-08-16 03:00:00+00:00, run_after=2026-08-23 03:00:00+00:00
[2026-08-15T17:37:22.407+0000] {processor.py:183} INFO - Processing /opt/airflow/dags/maintenance_dag.py took 0.169 seconds
[2026-08-15T17:37:52.459+0000] {processor.py:161} INFO - Started process (PID=427) to work on /opt/airflow/dags/maintenance_dag.py
[2026-08-15T17:37:52.460+0000] {processor.py:830} INFO - Processing file /opt/airflow/dags/maintenance_dag.py for tasks to queue
[2026-08-15T17:37:52.461+0000] {logging_mixin.py:188} INFO - [2026-08-15T17:37:52.461+0000] {dagbag.py:545} INFO - Filling up the DagBag from /opt/airflow/dags/maintenance_dag.py
[2026-08-15T17:37:52.477+0000] {processor.py:840} INFO - DAG(s) 'hybrid_lakehouse_weekly_maintenance' retrieved from /opt/airflow/dags/maintenance_dag.py
[2026-08-15T17:37:52.564+0000] {logging_mixin.py:188} INFO - [2026-08-15T17:37:52.563+0000] {dag.py:3089} INFO - Sync 1 DAGs
[2026-08-15T17:37:52.581+0000] {logging_mixin.py:188} INFO - [2026-08-15T17:37:52.581+0000] {dag.py:3947} INFO - Setting next_dagrun for hybrid_lakehouse_weekly_maintenance to 2026-08-16 03:00:00+00:00, run_after=2026-08-23 03:00:00+00:00
[2026-08-15T17:37:52.600+0000] {processor.py:183} INFO - Processing /opt/airflow/dags/maintenance_dag.py took 0.147 seconds
[2026-08-15T17:38:22.834+0000] {processor.py:161} INFO - Started process (PID=439) to work on /opt/airflow/dags/maintenance_dag.py
[2026-08-15T17:38:22.836+0000] {processor.py:830} INFO - Processing file /opt/airflow/dags/maintenance_dag.py for tasks to queue
[2026-08-15T17:38:22.839+0000] {logging_mixin.py:188} INFO - [2026-08-15T17:38:22.838+0000] {dagbag.py:545} INFO - Filling up the DagBag from /opt/airflow/dags/maintenance_dag.py
[2026-08-15T17:38:22.860+0000] {processor.py:840} INFO - DAG(s) 'hybrid_lakehouse_weekly_maintenance' retrieved from /opt/airflow/dags/maintenance_dag.py
[2026-08-15T17:38:22.959+0000] {logging_mixin.py:188} INFO - [2026-08-15T17:38:22.959+0000] {dag.py:3089} INFO - Sync 1 DAGs
[2026-08-15T17:38:22.979+0000] {logging_mixin.py:188} INFO - [2026-08-15T17:38:22.979+0000] {dag.py:3947} INFO - Setting next_dagrun for hybrid_lakehouse_weekly_maintenance to 2026-08-16 03:00:00+00:00, run_after=2026-08-23 03:00:00+00:00
[2026-08-15T17:38:22.997+0000] {processor.py:183} INFO - Processing /opt/airflow/dags/maintenance_dag.py took 0.172 seconds
[2026-08-15T17:38:53.189+0000] {processor.py:161} INFO - Started process (PID=449) to work on /opt/airflow/dags/maintenance_dag.py
[2026-08-15T17:38:53.190+0000] {processor.py:830} INFO - Processing file /opt/airflow/dags/maintenance_dag.py for tasks to queue
[2026-08-15T17:38:53.192+0000] {logging_mixin.py:188} INFO - [2026-08-15T17:38:53.192+0000] {dagbag.py:545} INFO - Filling up the DagBag from /opt/airflow/dags/maintenance_dag.py
[2026-08-15T17:38:53.211+0000] {processor.py:840} INFO - DAG(s) 'hybrid_lakehouse_weekly_maintenance' retrieved from /opt/airflow/dags/maintenance_dag.py
[2026-08-15T17:38:53.305+0000] {logging_mixin.py:188} INFO - [2026-08-15T17:38:53.305+0000] {dag.py:3089} INFO - Sync 1 DAGs
[2026-08-15T17:38:53.326+0000] {logging_mixin.py:188} INFO - [2026-08-15T17:38:53.325+0000] {dag.py:3947} INFO - Setting next_dagrun for hybrid_lakehouse_weekly_maintenance to 2026-08-16 03:00:00+00:00, run_after=2026-08-23 03:00:00+00:00
[2026-08-15T17:38:53.344+0000] {processor.py:183} INFO - Processing /opt/airflow/dags/maintenance_dag.py took 0.162 seconds
[2026-08-15T17:39:23.571+0000] {processor.py:161} INFO - Started process (PID=459) to work on /opt/airflow/dags/maintenance_dag.py
[2026-08-15T17:39:23.572+0000] {processor.py:830} INFO - Processing file /opt/airflow/dags/maintenance_dag.py for tasks to queue
[2026-08-15T17:39:23.575+0000] {logging_mixin.py:188} INFO - [2026-08-15T17:39:23.574+0000] {dagbag.py:545} INFO - Filling up the DagBag from /opt/airflow/dags/maintenance_dag.py
[2026-08-15T17:39:23.591+0000] {processor.py:840} INFO - DAG(s) 'hybrid_lakehouse_weekly_maintenance' retrieved from /opt/airflow/dags/maintenance_dag.py
[2026-08-15T17:39:23.691+0000] {logging_mixin.py:188} INFO - [2026-08-15T17:39:23.691+0000] {dag.py:3089} INFO - Sync 1 DAGs
[2026-08-15T17:39:23.711+0000] {logging_mixin.py:188} INFO - [2026-08-15T17:39:23.711+0000] {dag.py:3947} INFO - Setting next_dagrun for hybrid_lakehouse_weekly_maintenance to 2026-08-16 03:00:00+00:00, run_after=2026-08-23 03:00:00+00:00
[2026-08-15T17:39:23.735+0000] {processor.py:183} INFO - Processing /opt/airflow/dags/maintenance_dag.py took 0.171 seconds
[2026-08-15T17:39:53.964+0000] {processor.py:161} INFO - Started process (PID=469) to work on /opt/airflow/dags/maintenance_dag.py
[2026-08-15T17:39:53.965+0000] {processor.py:830} INFO - Processing file /opt/airflow/dags/maintenance_dag.py for tasks to queue
[2026-08-15T17:39:53.967+0000] {logging_mixin.py:188} INFO - [2026-08-15T17:39:53.967+0000] {dagbag.py:545} INFO - Filling up the DagBag from /opt/airflow/dags/maintenance_dag.py
[2026-08-15T17:39:53.985+0000] {processor.py:840} INFO - DAG(s) 'hybrid_lakehouse_weekly_maintenance' retrieved from /opt/airflow/dags/maintenance_dag.py
[2026-08-15T17:39:54.080+0000] {logging_mixin.py:188} INFO - [2026-08-15T17:39:54.079+0000] {dag.py:3089} INFO - Sync 1 DAGs
[2026-08-15T17:39:54.099+0000] {logging_mixin.py:188} INFO - [2026-08-15T17:39:54.099+0000] {dag.py:3947} INFO - Setting next_dagrun for hybrid_lakehouse_weekly_maintenance to 2026-08-16 03:00:00+00:00, run_after=2026-08-23 03:00:00+00:00
[2026-08-15T17:39:54.121+0000] {processor.py:183} INFO - Processing /opt/airflow/dags/maintenance_dag.py took 0.165 seconds
[2026-08-15T17:40:24.165+0000] {processor.py:161} INFO - Started process (PID=479) to work on /opt/airflow/dags/maintenance_dag.py
[2026-08-15T17:40:24.166+0000] {processor.py:830} INFO - Processing file /opt/airflow/dags/maintenance_dag.py for tasks to queue
[2026-08-15T17:40:24.168+0000] {logging_mixin.py:188} INFO - [2026-08-15T17:40:24.168+0000] {dagbag.py:545} INFO - Filling up the DagBag from /opt/airflow/dags/maintenance_dag.py
[2026-08-15T17:40:24.186+0000] {processor.py:840} INFO - DAG(s) 'hybrid_lakehouse_weekly_maintenance' retrieved from /opt/airflow/dags/maintenance_dag.py
[2026-08-15T17:40:24.276+0000] {logging_mixin.py:188} INFO - [2026-08-15T17:40:24.276+0000] {dag.py:3089} INFO - Sync 1 DAGs
[2026-08-15T17:40:24.297+0000] {logging_mixin.py:188} INFO - [2026-08-15T17:40:24.297+0000] {dag.py:3947} INFO - Setting next_dagrun for hybrid_lakehouse_weekly_maintenance to 2026-08-16 03:00:00+00:00, run_after=2026-08-23 03:00:00+00:00
[2026-08-15T17:40:24.317+0000] {processor.py:183} INFO - Processing /opt/airflow/dags/maintenance_dag.py took 0.158 seconds
[2026-08-15T17:40:54.530+0000] {processor.py:161} INFO - Started process (PID=489) to work on /opt/airflow/dags/maintenance_dag.py
[2026-08-15T17:40:54.531+0000] {processor.py:830} INFO - Processing file /opt/airflow/dags/maintenance_dag.py for tasks to queue
[2026-08-15T17:40:54.533+0000] {logging_mixin.py:188} INFO - [2026-08-15T17:40:54.533+0000] {dagbag.py:545} INFO - Filling up the DagBag from /opt/airflow/dags/maintenance_dag.py
[2026-08-15T17:40:54.550+0000] {processor.py:840} INFO - DAG(s) 'hybrid_lakehouse_weekly_maintenance' retrieved from /opt/airflow/dags/maintenance_dag.py
[2026-08-15T17:40:54.665+0000] {logging_mixin.py:188} INFO - [2026-08-15T17:40:54.664+0000] {dag.py:3089} INFO - Sync 1 DAGs
[2026-08-15T17:40:54.695+0000] {logging_mixin.py:188} INFO - [2026-08-15T17:40:54.695+0000] {dag.py:3947} INFO - Setting next_dagrun for hybrid_lakehouse_weekly_maintenance to 2026-08-16 03:00:00+00:00, run_after=2026-08-23 03:00:00+00:00
[2026-08-15T17:40:54.721+0000] {processor.py:183} INFO - Processing /opt/airflow/dags/maintenance_dag.py took 0.197 seconds
[2026-08-15T17:41:24.999+0000] {processor.py:161} INFO - Started process (PID=504) to work on /opt/airflow/dags/maintenance_dag.py
[2026-08-15T17:41:25.000+0000] {processor.py:830} INFO - Processing file /opt/airflow/dags/maintenance_dag.py for tasks to queue
[2026-08-15T17:41:25.004+0000] {logging_mixin.py:188} INFO - [2026-08-15T17:41:25.003+0000] {dagbag.py:545} INFO - Filling up the DagBag from /opt/airflow/dags/maintenance_dag.py
[2026-08-15T17:41:25.029+0000] {processor.py:840} INFO - DAG(s) 'hybrid_lakehouse_weekly_maintenance' retrieved from /opt/airflow/dags/maintenance_dag.py
[2026-08-15T17:41:25.141+0000] {logging_mixin.py:188} INFO - [2026-08-15T17:41:25.141+0000] {dag.py:3089} INFO - Sync 1 DAGs
[2026-08-15T17:41:25.164+0000] {logging_mixin.py:188} INFO - [2026-08-15T17:41:25.163+0000] {dag.py:3947} INFO - Setting next_dagrun for hybrid_lakehouse_weekly_maintenance to 2026-08-16 03:00:00+00:00, run_after=2026-08-23 03:00:00+00:00
[2026-08-15T17:41:25.189+0000] {processor.py:183} INFO - Processing /opt/airflow/dags/maintenance_dag.py took 0.196 seconds
[2026-08-15T17:41:55.377+0000] {processor.py:161} INFO - Started process (PID=514) to work on /opt/airflow/dags/maintenance_dag.py
[2026-08-15T17:41:55.378+0000] {processor.py:830} INFO - Processing file /opt/airflow/dags/maintenance_dag.py for tasks to queue
[2026-08-15T17:41:55.381+0000] {logging_mixin.py:188} INFO - [2026-08-15T17:41:55.380+0000] {dagbag.py:545} INFO - Filling up the DagBag from /opt/airflow/dags/maintenance_dag.py
[2026-08-15T17:41:55.398+0000] {processor.py:840} INFO - DAG(s) 'hybrid_lakehouse_weekly_maintenance' retrieved from /opt/airflow/dags/maintenance_dag.py
[2026-08-15T17:41:55.488+0000] {logging_mixin.py:188} INFO - [2026-08-15T17:41:55.488+0000] {dag.py:3089} INFO - Sync 1 DAGs
[2026-08-15T17:41:55.504+0000] {logging_mixin.py:188} INFO - [2026-08-15T17:41:55.504+0000] {dag.py:3947} INFO - Setting next_dagrun for hybrid_lakehouse_weekly_maintenance to 2026-08-16 03:00:00+00:00, run_after=2026-08-23 03:00:00+00:00
[2026-08-15T17:41:55.524+0000] {processor.py:183} INFO - Processing /opt/airflow/dags/maintenance_dag.py took 0.152 seconds
[2026-08-15T17:42:25.724+0000] {processor.py:161} INFO - Started process (PID=524) to work on /opt/airflow/dags/maintenance_dag.py
[2026-08-15T17:42:25.726+0000] {processor.py:830} INFO - Processing file /opt/airflow/dags/maintenance_dag.py for tasks to queue
[2026-08-15T17:42:25.728+0000] {logging_mixin.py:188} INFO - [2026-08-15T17:42:25.728+0000] {dagbag.py:545} INFO - Filling up the DagBag from /opt/airflow/dags/maintenance_dag.py
[2026-08-15T17:42:25.746+0000] {processor.py:840} INFO - DAG(s) 'hybrid_lakehouse_weekly_maintenance' retrieved from /opt/airflow/dags/maintenance_dag.py
[2026-08-15T17:42:25.835+0000] {logging_mixin.py:188} INFO - [2026-08-15T17:42:25.834+0000] {dag.py:3089} INFO - Sync 1 DAGs
[2026-08-15T17:42:25.851+0000] {logging_mixin.py:188} INFO - [2026-08-15T17:42:25.851+0000] {dag.py:3947} INFO - Setting next_dagrun for hybrid_lakehouse_weekly_maintenance to 2026-08-16 03:00:00+00:00, run_after=2026-08-23 03:00:00+00:00
[2026-08-15T17:42:25.873+0000] {processor.py:183} INFO - Processing /opt/airflow/dags/maintenance_dag.py took 0.154 seconds
[2026-08-15T17:42:56.091+0000] {processor.py:161} INFO - Started process (PID=534) to work on /opt/airflow/dags/maintenance_dag.py
[2026-08-15T17:42:56.092+0000] {processor.py:830} INFO - Processing file /opt/airflow/dags/maintenance_dag.py for tasks to queue
[2026-08-15T17:42:56.095+0000] {logging_mixin.py:188} INFO - [2026-08-15T17:42:56.094+0000] {dagbag.py:545} INFO - Filling up the DagBag from /opt/airflow/dags/maintenance_dag.py
[2026-08-15T17:42:56.125+0000] {processor.py:840} INFO - DAG(s) 'hybrid_lakehouse_weekly_maintenance' retrieved from /opt/airflow/dags/maintenance_dag.py
[2026-08-15T17:42:56.226+0000] {logging_mixin.py:188} INFO - [2026-08-15T17:42:56.226+0000] {dag.py:3089} INFO - Sync 1 DAGs
[2026-08-15T17:42:56.246+0000] {logging_mixin.py:188} INFO - [2026-08-15T17:42:56.246+0000] {dag.py:3947} INFO - Setting next_dagrun for hybrid_lakehouse_weekly_maintenance to 2026-08-16 03:00:00+00:00, run_after=2026-08-23 03:00:00+00:00
[2026-08-15T17:42:56.264+0000] {processor.py:183} INFO - Processing /opt/airflow/dags/maintenance_dag.py took 0.180 seconds
[2026-08-15T17:43:26.475+0000] {processor.py:161} INFO - Started process (PID=544) to work on /opt/airflow/dags/maintenance_dag.py
[2026-08-15T17:43:26.477+0000] {processor.py:830} INFO - Processing file /opt/airflow/dags/maintenance_dag.py for tasks to queue
[2026-08-15T17:43:26.479+0000] {logging_mixin.py:188} INFO - [2026-08-15T17:43:26.479+0000] {dagbag.py:545} INFO - Filling up the DagBag from /opt/airflow/dags/maintenance_dag.py
[2026-08-15T17:43:26.499+0000] {processor.py:840} INFO - DAG(s) 'hybrid_lakehouse_weekly_maintenance' retrieved from /opt/airflow/dags/maintenance_dag.py
[2026-08-15T17:43:26.590+0000] {logging_mixin.py:188} INFO - [2026-08-15T17:43:26.590+0000] {dag.py:3089} INFO - Sync 1 DAGs
[2026-08-15T17:43:26.610+0000] {logging_mixin.py:188} INFO - [2026-08-15T17:43:26.610+0000] {dag.py:3947} INFO - Setting next_dagrun for hybrid_lakehouse_weekly_maintenance to 2026-08-16 03:00:00+00:00, run_after=2026-08-23 03:00:00+00:00
[2026-08-15T17:43:26.629+0000] {processor.py:183} INFO - Processing /opt/airflow/dags/maintenance_dag.py took 0.160 seconds
[2026-08-15T17:43:56.821+0000] {processor.py:161} INFO - Started process (PID=554) to work on /opt/airflow/dags/maintenance_dag.py
[2026-08-15T17:43:56.822+0000] {processor.py:830} INFO - Processing file /opt/airflow/dags/maintenance_dag.py for tasks to queue
[2026-08-15T17:43:56.824+0000] {logging_mixin.py:188} INFO - [2026-08-15T17:43:56.824+0000] {dagbag.py:545} INFO - Filling up the DagBag from /opt/airflow/dags/maintenance_dag.py
[2026-08-15T17:43:56.842+0000] {processor.py:840} INFO - DAG(s) 'hybrid_lakehouse_weekly_maintenance' retrieved from /opt/airflow/dags/maintenance_dag.py
[2026-08-15T17:43:56.929+0000] {logging_mixin.py:188} INFO - [2026-08-15T17:43:56.928+0000] {dag.py:3089} INFO - Sync 1 DAGs
[2026-08-15T17:43:56.946+0000] {logging_mixin.py:188} INFO - [2026-08-15T17:43:56.945+0000] {dag.py:3947} INFO - Setting next_dagrun for hybrid_lakehouse_weekly_maintenance to 2026-08-16 03:00:00+00:00, run_after=2026-08-23 03:00:00+00:00
[2026-08-15T17:43:56.968+0000] {processor.py:183} INFO - Processing /opt/airflow/dags/maintenance_dag.py took 0.153 seconds
[2026-08-15T17:44:27.193+0000] {processor.py:161} INFO - Started process (PID=564) to work on /opt/airflow/dags/maintenance_dag.py
[2026-08-15T17:44:27.194+0000] {processor.py:830} INFO - Processing file /opt/airflow/dags/maintenance_dag.py for tasks to queue
[2026-08-15T17:44:27.196+0000] {logging_mixin.py:188} INFO - [2026-08-15T17:44:27.195+0000] {dagbag.py:545} INFO - Filling up the DagBag from /opt/airflow/dags/maintenance_dag.py
[2026-08-15T17:44:27.213+0000] {processor.py:840} INFO - DAG(s) 'hybrid_lakehouse_weekly_maintenance' retrieved from /opt/airflow/dags/maintenance_dag.py
[2026-08-15T17:44:27.320+0000] {logging_mixin.py:188} INFO - [2026-08-15T17:44:27.320+0000] {dag.py:3089} INFO - Sync 1 DAGs
[2026-08-15T17:44:27.339+0000] {logging_mixin.py:188} INFO - [2026-08-15T17:44:27.339+0000] {dag.py:3947} INFO - Setting next_dagrun for hybrid_lakehouse_weekly_maintenance to 2026-08-16 03:00:00+00:00, run_after=2026-08-23 03:00:00+00:00
[2026-08-15T17:44:27.366+0000] {processor.py:183} INFO - Processing /opt/airflow/dags/maintenance_dag.py took 0.179 seconds
[2026-08-15T17:44:57.597+0000] {processor.py:161} INFO - Started process (PID=606) to work on /opt/airflow/dags/maintenance_dag.py
[2026-08-15T17:44:57.598+0000] {processor.py:830} INFO - Processing file /opt/airflow/dags/maintenance_dag.py for tasks to queue
[2026-08-15T17:44:57.601+0000] {logging_mixin.py:188} INFO - [2026-08-15T17:44:57.600+0000] {dagbag.py:545} INFO - Filling up the DagBag from /opt/airflow/dags/maintenance_dag.py
[2026-08-15T17:44:57.621+0000] {processor.py:840} INFO - DAG(s) 'hybrid_lakehouse_weekly_maintenance' retrieved from /opt/airflow/dags/maintenance_dag.py
[2026-08-15T17:44:57.727+0000] {logging_mixin.py:188} INFO - [2026-08-15T17:44:57.727+0000] {dag.py:3089} INFO - Sync 1 DAGs
[2026-08-15T17:44:57.745+0000] {logging_mixin.py:188} INFO - [2026-08-15T17:44:57.745+0000] {dag.py:3947} INFO - Setting next_dagrun for hybrid_lakehouse_weekly_maintenance to 2026-08-16 03:00:00+00:00, run_after=2026-08-23 03:00:00+00:00
[2026-08-15T17:44:57.763+0000] {processor.py:183} INFO - Processing /opt/airflow/dags/maintenance_dag.py took 0.171 seconds
[2026-08-15T17:45:27.979+0000] {processor.py:161} INFO - Started process (PID=620) to work on /opt/airflow/dags/maintenance_dag.py
[2026-08-15T17:45:27.980+0000] {processor.py:830} INFO - Processing file /opt/airflow/dags/maintenance_dag.py for tasks to queue
[2026-08-15T17:45:27.982+0000] {logging_mixin.py:188} INFO - [2026-08-15T17:45:27.982+0000] {dagbag.py:545} INFO - Filling up the DagBag from /opt/airflow/dags/maintenance_dag.py
[2026-08-15T17:45:27.999+0000] {processor.py:840} INFO - DAG(s) 'hybrid_lakehouse_weekly_maintenance' retrieved from /opt/airflow/dags/maintenance_dag.py
[2026-08-15T17:45:28.086+0000] {logging_mixin.py:188} INFO - [2026-08-15T17:45:28.085+0000] {dag.py:3089} INFO - Sync 1 DAGs
[2026-08-15T17:45:28.102+0000] {logging_mixin.py:188} INFO - [2026-08-15T17:45:28.102+0000] {dag.py:3947} INFO - Setting next_dagrun for hybrid_lakehouse_weekly_maintenance to 2026-08-16 03:00:00+00:00, run_after=2026-08-23 03:00:00+00:00
[2026-08-15T17:45:28.126+0000] {processor.py:183} INFO - Processing /opt/airflow/dags/maintenance_dag.py took 0.153 seconds
[2026-08-15T17:45:58.364+0000] {processor.py:161} INFO - Started process (PID=633) to work on /opt/airflow/dags/maintenance_dag.py
[2026-08-15T17:45:58.366+0000] {processor.py:830} INFO - Processing file /opt/airflow/dags/maintenance_dag.py for tasks to queue
[2026-08-15T17:45:58.368+0000] {logging_mixin.py:188} INFO - [2026-08-15T17:45:58.367+0000] {dagbag.py:545} INFO - Filling up the DagBag from /opt/airflow/dags/maintenance_dag.py
[2026-08-15T17:45:58.385+0000] {processor.py:840} INFO - DAG(s) 'hybrid_lakehouse_weekly_maintenance' retrieved from /opt/airflow/dags/maintenance_dag.py
[2026-08-15T17:45:58.484+0000] {logging_mixin.py:188} INFO - [2026-08-15T17:45:58.483+0000] {dag.py:3089} INFO - Sync 1 DAGs
[2026-08-15T17:45:58.506+0000] {logging_mixin.py:188} INFO - [2026-08-15T17:45:58.506+0000] {dag.py:3947} INFO - Setting next_dagrun for hybrid_lakehouse_weekly_maintenance to 2026-08-16 03:00:00+00:00, run_after=2026-08-23 03:00:00+00:00
[2026-08-15T17:45:58.530+0000] {processor.py:183} INFO - Processing /opt/airflow/dags/maintenance_dag.py took 0.172 seconds
[2026-08-15T17:46:28.764+0000] {processor.py:161} INFO - Started process (PID=645) to work on /opt/airflow/dags/maintenance_dag.py
[2026-08-15T17:46:28.765+0000] {processor.py:830} INFO - Processing file /opt/airflow/dags/maintenance_dag.py for tasks to queue
[2026-08-15T17:46:28.769+0000] {logging_mixin.py:188} INFO - [2026-08-15T17:46:28.769+0000] {dagbag.py:545} INFO - Filling up the DagBag from /opt/airflow/dags/maintenance_dag.py
[2026-08-15T17:46:28.804+0000] {processor.py:840} INFO - DAG(s) 'hybrid_lakehouse_weekly_maintenance' retrieved from /opt/airflow/dags/maintenance_dag.py
[2026-08-15T17:46:28.948+0000] {logging_mixin.py:188} INFO - [2026-08-15T17:46:28.947+0000] {dag.py:3089} INFO - Sync 1 DAGs
[2026-08-15T17:46:28.972+0000] {logging_mixin.py:188} INFO - [2026-08-15T17:46:28.972+0000] {dag.py:3947} INFO - Setting next_dagrun for hybrid_lakehouse_weekly_maintenance to 2026-08-16 03:00:00+00:00, run_after=2026-08-23 03:00:00+00:00
[2026-08-15T17:46:29.000+0000] {processor.py:183} INFO - Processing /opt/airflow/dags/maintenance_dag.py took 0.244 seconds
[2026-08-15T17:46:59.216+0000] {processor.py:161} INFO - Started process (PID=657) to work on /opt/airflow/dags/maintenance_dag.py
[2026-08-15T17:46:59.217+0000] {processor.py:830} INFO - Processing file /opt/airflow/dags/maintenance_dag.py for tasks to queue
[2026-08-15T17:46:59.220+0000] {logging_mixin.py:188} INFO - [2026-08-15T17:46:59.219+0000] {dagbag.py:545} INFO - Filling up the DagBag from /opt/airflow/dags/maintenance_dag.py
[2026-08-15T17:46:59.241+0000] {processor.py:840} INFO - DAG(s) 'hybrid_lakehouse_weekly_maintenance' retrieved from /opt/airflow/dags/maintenance_dag.py
[2026-08-15T17:46:59.339+0000] {logging_mixin.py:188} INFO - [2026-08-15T17:46:59.339+0000] {dag.py:3089} INFO - Sync 1 DAGs
[2026-08-15T17:46:59.361+0000] {logging_mixin.py:188} INFO - [2026-08-15T17:46:59.361+0000] {dag.py:3947} INFO - Setting next_dagrun for hybrid_lakehouse_weekly_maintenance to 2026-08-16 03:00:00+00:00, run_after=2026-08-23 03:00:00+00:00
[2026-08-15T17:46:59.383+0000] {processor.py:183} INFO - Processing /opt/airflow/dags/maintenance_dag.py took 0.176 seconds
[2026-08-15T17:47:29.597+0000] {processor.py:161} INFO - Started process (PID=669) to work on /opt/airflow/dags/maintenance_dag.py
[2026-08-15T17:47:29.599+0000] {processor.py:830} INFO - Processing file /opt/airflow/dags/maintenance_dag.py for tasks to queue
[2026-08-15T17:47:29.602+0000] {logging_mixin.py:188} INFO - [2026-08-15T17:47:29.601+0000] {dagbag.py:545} INFO - Filling up the DagBag from /opt/airflow/dags/maintenance_dag.py
[2026-08-15T17:47:29.624+0000] {processor.py:840} INFO - DAG(s) 'hybrid_lakehouse_weekly_maintenance' retrieved from /opt/airflow/dags/maintenance_dag.py
[2026-08-15T17:47:29.722+0000] {logging_mixin.py:188} INFO - [2026-08-15T17:47:29.721+0000] {dag.py:3089} INFO - Sync 1 DAGs
[2026-08-15T17:47:29.740+0000] {logging_mixin.py:188} INFO - [2026-08-15T17:47:29.740+0000] {dag.py:3947} INFO - Setting next_dagrun for hybrid_lakehouse_weekly_maintenance to 2026-08-16 03:00:00+00:00, run_after=2026-08-23 03:00:00+00:00
[2026-08-15T17:47:29.759+0000] {processor.py:183} INFO - Processing /opt/airflow/dags/maintenance_dag.py took 0.168 seconds
[2026-08-15T17:47:59.974+0000] {processor.py:161} INFO - Started process (PID=682) to work on /opt/airflow/dags/maintenance_dag.py
[2026-08-15T17:47:59.976+0000] {processor.py:830} INFO - Processing file /opt/airflow/dags/maintenance_dag.py for tasks to queue
[2026-08-15T17:47:59.978+0000] {logging_mixin.py:188} INFO - [2026-08-15T17:47:59.978+0000] {dagbag.py:545} INFO - Filling up the DagBag from /opt/airflow/dags/maintenance_dag.py
[2026-08-15T17:47:59.998+0000] {processor.py:840} INFO - DAG(s) 'hybrid_lakehouse_weekly_maintenance' retrieved from /opt/airflow/dags/maintenance_dag.py
[2026-08-15T17:48:00.099+0000] {logging_mixin.py:188} INFO - [2026-08-15T17:48:00.098+0000] {dag.py:3089} INFO - Sync 1 DAGs
[2026-08-15T17:48:00.117+0000] {logging_mixin.py:188} INFO - [2026-08-15T17:48:00.116+0000] {dag.py:3947} INFO - Setting next_dagrun for hybrid_lakehouse_weekly_maintenance to 2026-08-16 03:00:00+00:00, run_after=2026-08-23 03:00:00+00:00
[2026-08-15T17:48:00.142+0000] {processor.py:183} INFO - Processing /opt/airflow/dags/maintenance_dag.py took 0.175 seconds
[2026-08-15T17:48:30.344+0000] {processor.py:161} INFO - Started process (PID=697) to work on /opt/airflow/dags/maintenance_dag.py
[2026-08-15T17:48:30.345+0000] {processor.py:830} INFO - Processing file /opt/airflow/dags/maintenance_dag.py for tasks to queue
[2026-08-15T17:48:30.347+0000] {logging_mixin.py:188} INFO - [2026-08-15T17:48:30.347+0000] {dagbag.py:545} INFO - Filling up the DagBag from /opt/airflow/dags/maintenance_dag.py
[2026-08-15T17:48:30.366+0000] {processor.py:840} INFO - DAG(s) 'hybrid_lakehouse_weekly_maintenance' retrieved from /opt/airflow/dags/maintenance_dag.py
[2026-08-15T17:48:30.472+0000] {logging_mixin.py:188} INFO - [2026-08-15T17:48:30.471+0000] {dag.py:3089} INFO - Sync 1 DAGs
[2026-08-15T17:48:30.494+0000] {logging_mixin.py:188} INFO - [2026-08-15T17:48:30.494+0000] {dag.py:3947} INFO - Setting next_dagrun for hybrid_lakehouse_weekly_maintenance to 2026-08-16 03:00:00+00:00, run_after=2026-08-23 03:00:00+00:00
[2026-08-15T17:48:30.513+0000] {processor.py:183} INFO - Processing /opt/airflow/dags/maintenance_dag.py took 0.175 seconds
[2026-08-15T17:49:00.718+0000] {processor.py:161} INFO - Started process (PID=710) to work on /opt/airflow/dags/maintenance_dag.py
[2026-08-15T17:49:00.719+0000] {processor.py:830} INFO - Processing file /opt/airflow/dags/maintenance_dag.py for tasks to queue
[2026-08-15T17:49:00.721+0000] {logging_mixin.py:188} INFO - [2026-08-15T17:49:00.721+0000] {dagbag.py:545} INFO - Filling up the DagBag from /opt/airflow/dags/maintenance_dag.py
[2026-08-15T17:49:00.739+0000] {processor.py:840} INFO - DAG(s) 'hybrid_lakehouse_weekly_maintenance' retrieved from /opt/airflow/dags/maintenance_dag.py
[2026-08-15T17:49:00.845+0000] {logging_mixin.py:188} INFO - [2026-08-15T17:49:00.845+0000] {dag.py:3089} INFO - Sync 1 DAGs
[2026-08-15T17:49:00.869+0000] {logging_mixin.py:188} INFO - [2026-08-15T17:49:00.868+0000] {dag.py:3947} INFO - Setting next_dagrun for hybrid_lakehouse_weekly_maintenance to 2026-08-16 03:00:00+00:00, run_after=2026-08-23 03:00:00+00:00
[2026-08-15T17:49:00.895+0000] {processor.py:183} INFO - Processing /opt/airflow/dags/maintenance_dag.py took 0.182 seconds
[2026-08-15T17:49:31.101+0000] {processor.py:161} INFO - Started process (PID=722) to work on /opt/airflow/dags/maintenance_dag.py
[2026-08-15T17:49:31.102+0000] {processor.py:830} INFO - Processing file /opt/airflow/dags/maintenance_dag.py for tasks to queue
[2026-08-15T17:49:31.105+0000] {logging_mixin.py:188} INFO - [2026-08-15T17:49:31.104+0000] {dagbag.py:545} INFO - Filling up the DagBag from /opt/airflow/dags/maintenance_dag.py
[2026-08-15T17:49:31.125+0000] {processor.py:840} INFO - DAG(s) 'hybrid_lakehouse_weekly_maintenance' retrieved from /opt/airflow/dags/maintenance_dag.py
[2026-08-15T17:49:31.225+0000] {logging_mixin.py:188} INFO - [2026-08-15T17:49:31.225+0000] {dag.py:3089} INFO - Sync 1 DAGs
[2026-08-15T17:49:31.242+0000] {logging_mixin.py:188} INFO - [2026-08-15T17:49:31.242+0000] {dag.py:3947} INFO - Setting next_dagrun for hybrid_lakehouse_weekly_maintenance to 2026-08-16 03:00:00+00:00, run_after=2026-08-23 03:00:00+00:00
[2026-08-15T17:49:31.262+0000] {processor.py:183} INFO - Processing /opt/airflow/dags/maintenance_dag.py took 0.168 seconds
[2026-08-15T17:50:01.476+0000] {processor.py:161} INFO - Started process (PID=768) to work on /opt/airflow/dags/maintenance_dag.py
[2026-08-15T17:50:01.478+0000] {processor.py:830} INFO - Processing file /opt/airflow/dags/maintenance_dag.py for tasks to queue
[2026-08-15T17:50:01.480+0000] {logging_mixin.py:188} INFO - [2026-08-15T17:50:01.480+0000] {dagbag.py:545} INFO - Filling up the DagBag from /opt/airflow/dags/maintenance_dag.py
[2026-08-15T17:50:01.498+0000] {processor.py:840} INFO - DAG(s) 'hybrid_lakehouse_weekly_maintenance' retrieved from /opt/airflow/dags/maintenance_dag.py
[2026-08-15T17:50:01.587+0000] {logging_mixin.py:188} INFO - [2026-08-15T17:50:01.587+0000] {dag.py:3089} INFO - Sync 1 DAGs
[2026-08-15T17:50:01.604+0000] {logging_mixin.py:188} INFO - [2026-08-15T17:50:01.604+0000] {dag.py:3947} INFO - Setting next_dagrun for hybrid_lakehouse_weekly_maintenance to 2026-08-16 03:00:00+00:00, run_after=2026-08-23 03:00:00+00:00
[2026-08-15T17:50:01.626+0000] {processor.py:183} INFO - Processing /opt/airflow/dags/maintenance_dag.py took 0.155 seconds
[2026-08-15T17:50:32.322+0000] {processor.py:161} INFO - Started process (PID=780) to work on /opt/airflow/dags/maintenance_dag.py
[2026-08-15T17:50:32.324+0000] {processor.py:830} INFO - Processing file /opt/airflow/dags/maintenance_dag.py for tasks to queue
[2026-08-15T17:50:32.330+0000] {logging_mixin.py:188} INFO - [2026-08-15T17:50:32.329+0000] {dagbag.py:545} INFO - Filling up the DagBag from /opt/airflow/dags/maintenance_dag.py
[2026-08-15T17:50:32.366+0000] {processor.py:840} INFO - DAG(s) 'hybrid_lakehouse_weekly_maintenance' retrieved from /opt/airflow/dags/maintenance_dag.py
[2026-08-15T17:50:32.561+0000] {logging_mixin.py:188} INFO - [2026-08-15T17:50:32.560+0000] {dag.py:3089} INFO - Sync 1 DAGs
[2026-08-15T17:50:32.630+0000] {logging_mixin.py:188} INFO - [2026-08-15T17:50:32.629+0000] {dag.py:3947} INFO - Setting next_dagrun for hybrid_lakehouse_weekly_maintenance to 2026-08-16 03:00:00+00:00, run_after=2026-08-23 03:00:00+00:00
[2026-08-15T17:50:32.681+0000] {processor.py:183} INFO - Processing /opt/airflow/dags/maintenance_dag.py took 0.373 seconds
[2026-08-15T17:51:03.110+0000] {processor.py:161} INFO - Started process (PID=793) to work on /opt/airflow/dags/maintenance_dag.py
[2026-08-15T17:51:03.113+0000] {processor.py:830} INFO - Processing file /opt/airflow/dags/maintenance_dag.py for tasks to queue
[2026-08-15T17:51:03.119+0000] {logging_mixin.py:188} INFO - [2026-08-15T17:51:03.118+0000] {dagbag.py:545} INFO - Filling up the DagBag from /opt/airflow/dags/maintenance_dag.py
[2026-08-15T17:51:03.187+0000] {processor.py:840} INFO - DAG(s) 'hybrid_lakehouse_weekly_maintenance' retrieved from /opt/airflow/dags/maintenance_dag.py
[2026-08-15T17:51:03.382+0000] {logging_mixin.py:188} INFO - [2026-08-15T17:51:03.382+0000] {dag.py:3089} INFO - Sync 1 DAGs
[2026-08-15T17:51:03.408+0000] {logging_mixin.py:188} INFO - [2026-08-15T17:51:03.408+0000] {dag.py:3947} INFO - Setting next_dagrun for hybrid_lakehouse_weekly_maintenance to 2026-08-16 03:00:00+00:00, run_after=2026-08-23 03:00:00+00:00
[2026-08-15T17:51:03.441+0000] {processor.py:183} INFO - Processing /opt/airflow/dags/maintenance_dag.py took 0.342 seconds
[2026-08-15T17:51:33.880+0000] {processor.py:161} INFO - Started process (PID=805) to work on /opt/airflow/dags/maintenance_dag.py
[2026-08-15T17:51:33.882+0000] {processor.py:830} INFO - Processing file /opt/airflow/dags/maintenance_dag.py for tasks to queue
[2026-08-15T17:51:33.887+0000] {logging_mixin.py:188} INFO - [2026-08-15T17:51:33.886+0000] {dagbag.py:545} INFO - Filling up the DagBag from /opt/airflow/dags/maintenance_dag.py
[2026-08-15T17:51:33.932+0000] {processor.py:840} INFO - DAG(s) 'hybrid_lakehouse_weekly_maintenance' retrieved from /opt/airflow/dags/maintenance_dag.py
[2026-08-15T17:51:34.153+0000] {logging_mixin.py:188} INFO - [2026-08-15T17:51:34.152+0000] {dag.py:3089} INFO - Sync 1 DAGs
[2026-08-15T17:51:34.190+0000] {logging_mixin.py:188} INFO - [2026-08-15T17:51:34.190+0000] {dag.py:3947} INFO - Setting next_dagrun for hybrid_lakehouse_weekly_maintenance to 2026-08-16 03:00:00+00:00, run_after=2026-08-23 03:00:00+00:00
[2026-08-15T17:51:34.247+0000] {processor.py:183} INFO - Processing /opt/airflow/dags/maintenance_dag.py took 0.377 seconds
[2026-08-15T17:52:04.674+0000] {processor.py:161} INFO - Started process (PID=820) to work on /opt/airflow/dags/maintenance_dag.py
[2026-08-15T17:52:04.677+0000] {processor.py:830} INFO - Processing file /opt/airflow/dags/maintenance_dag.py for tasks to queue
[2026-08-15T17:52:04.682+0000] {logging_mixin.py:188} INFO - [2026-08-15T17:52:04.681+0000] {dagbag.py:545} INFO - Filling up the DagBag from /opt/airflow/dags/maintenance_dag.py
[2026-08-15T17:52:04.745+0000] {processor.py:840} INFO - DAG(s) 'hybrid_lakehouse_weekly_maintenance' retrieved from /opt/airflow/dags/maintenance_dag.py
[2026-08-15T17:52:04.969+0000] {logging_mixin.py:188} INFO - [2026-08-15T17:52:04.968+0000] {dag.py:3089} INFO - Sync 1 DAGs
[2026-08-15T17:52:05.003+0000] {logging_mixin.py:188} INFO - [2026-08-15T17:52:05.003+0000] {dag.py:3947} INFO - Setting next_dagrun for hybrid_lakehouse_weekly_maintenance to 2026-08-16 03:00:00+00:00, run_after=2026-08-23 03:00:00+00:00
[2026-08-15T17:52:05.054+0000] {processor.py:183} INFO - Processing /opt/airflow/dags/maintenance_dag.py took 0.401 seconds
[2026-08-15T17:52:35.508+0000] {processor.py:161} INFO - Started process (PID=835) to work on /opt/airflow/dags/maintenance_dag.py
[2026-08-15T17:52:35.510+0000] {processor.py:830} INFO - Processing file /opt/airflow/dags/maintenance_dag.py for tasks to queue
[2026-08-15T17:52:35.514+0000] {logging_mixin.py:188} INFO - [2026-08-15T17:52:35.514+0000] {dagbag.py:545} INFO - Filling up the DagBag from /opt/airflow/dags/maintenance_dag.py
[2026-08-15T17:52:35.566+0000] {processor.py:840} INFO - DAG(s) 'hybrid_lakehouse_weekly_maintenance' retrieved from /opt/airflow/dags/maintenance_dag.py
[2026-08-15T17:52:35.807+0000] {logging_mixin.py:188} INFO - [2026-08-15T17:52:35.806+0000] {dag.py:3089} INFO - Sync 1 DAGs
[2026-08-15T17:52:35.848+0000] {logging_mixin.py:188} INFO - [2026-08-15T17:52:35.847+0000] {dag.py:3947} INFO - Setting next_dagrun for hybrid_lakehouse_weekly_maintenance to 2026-08-16 03:00:00+00:00, run_after=2026-08-23 03:00:00+00:00
[2026-08-15T17:52:35.875+0000] {processor.py:183} INFO - Processing /opt/airflow/dags/maintenance_dag.py took 0.385 seconds
[2026-08-15T17:53:06.343+0000] {processor.py:161} INFO - Started process (PID=848) to work on /opt/airflow/dags/maintenance_dag.py
[2026-08-15T17:53:06.346+0000] {processor.py:830} INFO - Processing file /opt/airflow/dags/maintenance_dag.py for tasks to queue
[2026-08-15T17:53:06.353+0000] {logging_mixin.py:188} INFO - [2026-08-15T17:53:06.352+0000] {dagbag.py:545} INFO - Filling up the DagBag from /opt/airflow/dags/maintenance_dag.py
[2026-08-15T17:53:06.410+0000] {processor.py:840} INFO - DAG(s) 'hybrid_lakehouse_weekly_maintenance' retrieved from /opt/airflow/dags/maintenance_dag.py
[2026-08-15T17:53:06.551+0000] {logging_mixin.py:188} INFO - [2026-08-15T17:53:06.551+0000] {dag.py:3089} INFO - Sync 1 DAGs
[2026-08-15T17:53:06.580+0000] {logging_mixin.py:188} INFO - [2026-08-15T17:53:06.580+0000] {dag.py:3947} INFO - Setting next_dagrun for hybrid_lakehouse_weekly_maintenance to 2026-08-16 03:00:00+00:00, run_after=2026-08-23 03:00:00+00:00
[2026-08-15T17:53:06.608+0000] {processor.py:183} INFO - Processing /opt/airflow/dags/maintenance_dag.py took 0.280 seconds
[2026-08-15T17:53:37.019+0000] {processor.py:161} INFO - Started process (PID=860) to work on /opt/airflow/dags/maintenance_dag.py
[2026-08-15T17:53:37.022+0000] {processor.py:830} INFO - Processing file /opt/airflow/dags/maintenance_dag.py for tasks to queue
[2026-08-15T17:53:37.027+0000] {logging_mixin.py:188} INFO - [2026-08-15T17:53:37.026+0000] {dagbag.py:545} INFO - Filling up the DagBag from /opt/airflow/dags/maintenance_dag.py
[2026-08-15T17:53:37.069+0000] {processor.py:840} INFO - DAG(s) 'hybrid_lakehouse_weekly_maintenance' retrieved from /opt/airflow/dags/maintenance_dag.py
[2026-08-15T17:53:37.280+0000] {logging_mixin.py:188} INFO - [2026-08-15T17:53:37.280+0000] {dag.py:3089} INFO - Sync 1 DAGs
[2026-08-15T17:53:37.325+0000] {logging_mixin.py:188} INFO - [2026-08-15T17:53:37.324+0000] {dag.py:3947} INFO - Setting next_dagrun for hybrid_lakehouse_weekly_maintenance to 2026-08-16 03:00:00+00:00, run_after=2026-08-23 03:00:00+00:00
[2026-08-15T17:53:37.377+0000] {processor.py:183} INFO - Processing /opt/airflow/dags/maintenance_dag.py took 0.367 seconds
[2026-08-15T17:54:07.778+0000] {processor.py:161} INFO - Started process (PID=874) to work on /opt/airflow/dags/maintenance_dag.py
[2026-08-15T17:54:07.780+0000] {processor.py:830} INFO - Processing file /opt/airflow/dags/maintenance_dag.py for tasks to queue
[2026-08-15T17:54:07.784+0000] {logging_mixin.py:188} INFO - [2026-08-15T17:54:07.783+0000] {dagbag.py:545} INFO - Filling up the DagBag from /opt/airflow/dags/maintenance_dag.py
[2026-08-15T17:54:07.825+0000] {processor.py:840} INFO - DAG(s) 'hybrid_lakehouse_weekly_maintenance' retrieved from /opt/airflow/dags/maintenance_dag.py
[2026-08-15T17:54:08.060+0000] {logging_mixin.py:188} INFO - [2026-08-15T17:54:08.059+0000] {dag.py:3089} INFO - Sync 1 DAGs
[2026-08-15T17:54:08.136+0000] {logging_mixin.py:188} INFO - [2026-08-15T17:54:08.135+0000] {dag.py:3947} INFO - Setting next_dagrun for hybrid_lakehouse_weekly_maintenance to 2026-08-16 03:00:00+00:00, run_after=2026-08-23 03:00:00+00:00
[2026-08-15T17:54:08.188+0000] {processor.py:183} INFO - Processing /opt/airflow/dags/maintenance_dag.py took 0.423 seconds
[2026-08-15T17:54:38.567+0000] {processor.py:161} INFO - Started process (PID=954) to work on /opt/airflow/dags/maintenance_dag.py
[2026-08-15T17:54:38.569+0000] {processor.py:830} INFO - Processing file /opt/airflow/dags/maintenance_dag.py for tasks to queue
[2026-08-15T17:54:38.574+0000] {logging_mixin.py:188} INFO - [2026-08-15T17:54:38.573+0000] {dagbag.py:545} INFO - Filling up the DagBag from /opt/airflow/dags/maintenance_dag.py
[2026-08-15T17:54:38.619+0000] {processor.py:840} INFO - DAG(s) 'hybrid_lakehouse_weekly_maintenance' retrieved from /opt/airflow/dags/maintenance_dag.py
[2026-08-15T17:54:38.767+0000] {logging_mixin.py:188} INFO - [2026-08-15T17:54:38.767+0000] {dag.py:3089} INFO - Sync 1 DAGs
[2026-08-15T17:54:38.810+0000] {logging_mixin.py:188} INFO - [2026-08-15T17:54:38.809+0000] {dag.py:3947} INFO - Setting next_dagrun for hybrid_lakehouse_weekly_maintenance to 2026-08-16 03:00:00+00:00, run_after=2026-08-23 03:00:00+00:00
[2026-08-15T17:54:38.845+0000] {processor.py:183} INFO - Processing /opt/airflow/dags/maintenance_dag.py took 0.291 seconds
[2026-08-15T17:55:09.276+0000] {processor.py:161} INFO - Started process (PID=983) to work on /opt/airflow/dags/maintenance_dag.py
[2026-08-15T17:55:09.279+0000] {processor.py:830} INFO - Processing file /opt/airflow/dags/maintenance_dag.py for tasks to queue
[2026-08-15T17:55:09.284+0000] {logging_mixin.py:188} INFO - [2026-08-15T17:55:09.283+0000] {dagbag.py:545} INFO - Filling up the DagBag from /opt/airflow/dags/maintenance_dag.py
[2026-08-15T17:55:09.348+0000] {processor.py:840} INFO - DAG(s) 'hybrid_lakehouse_weekly_maintenance' retrieved from /opt/airflow/dags/maintenance_dag.py
[2026-08-15T17:55:09.616+0000] {logging_mixin.py:188} INFO - [2026-08-15T17:55:09.615+0000] {dag.py:3089} INFO - Sync 1 DAGs
[2026-08-15T17:55:09.649+0000] {logging_mixin.py:188} INFO - [2026-08-15T17:55:09.649+0000] {dag.py:3947} INFO - Setting next_dagrun for hybrid_lakehouse_weekly_maintenance to 2026-08-16 03:00:00+00:00, run_after=2026-08-23 03:00:00+00:00
[2026-08-15T17:55:09.706+0000] {processor.py:183} INFO - Processing /opt/airflow/dags/maintenance_dag.py took 0.445 seconds
[2026-08-15T17:55:40.103+0000] {processor.py:161} INFO - Started process (PID=993) to work on /opt/airflow/dags/maintenance_dag.py
[2026-08-15T17:55:40.106+0000] {processor.py:830} INFO - Processing file /opt/airflow/dags/maintenance_dag.py for tasks to queue
[2026-08-15T17:55:40.112+0000] {logging_mixin.py:188} INFO - [2026-08-15T17:55:40.111+0000] {dagbag.py:545} INFO - Filling up the DagBag from /opt/airflow/dags/maintenance_dag.py
[2026-08-15T17:55:40.175+0000] {processor.py:840} INFO - DAG(s) 'hybrid_lakehouse_weekly_maintenance' retrieved from /opt/airflow/dags/maintenance_dag.py
[2026-08-15T17:55:40.320+0000] {logging_mixin.py:188} INFO - [2026-08-15T17:55:40.320+0000] {dag.py:3089} INFO - Sync 1 DAGs
[2026-08-15T17:55:40.345+0000] {logging_mixin.py:188} INFO - [2026-08-15T17:55:40.345+0000] {dag.py:3947} INFO - Setting next_dagrun for hybrid_lakehouse_weekly_maintenance to 2026-08-16 03:00:00+00:00, run_after=2026-08-23 03:00:00+00:00
[2026-08-15T17:55:40.375+0000] {processor.py:183} INFO - Processing /opt/airflow/dags/maintenance_dag.py took 0.280 seconds
[2026-08-15T17:56:10.736+0000] {processor.py:161} INFO - Started process (PID=1003) to work on /opt/airflow/dags/maintenance_dag.py
[2026-08-15T17:56:10.739+0000] {processor.py:830} INFO - Processing file /opt/airflow/dags/maintenance_dag.py for tasks to queue
[2026-08-15T17:56:10.743+0000] {logging_mixin.py:188} INFO - [2026-08-15T17:56:10.743+0000] {dagbag.py:545} INFO - Filling up the DagBag from /opt/airflow/dags/maintenance_dag.py
[2026-08-15T17:56:10.817+0000] {processor.py:840} INFO - DAG(s) 'hybrid_lakehouse_weekly_maintenance' retrieved from /opt/airflow/dags/maintenance_dag.py
[2026-08-15T17:56:11.002+0000] {logging_mixin.py:188} INFO - [2026-08-15T17:56:11.001+0000] {dag.py:3089} INFO - Sync 1 DAGs
[2026-08-15T17:56:11.053+0000] {logging_mixin.py:188} INFO - [2026-08-15T17:56:11.052+0000] {dag.py:3947} INFO - Setting next_dagrun for hybrid_lakehouse_weekly_maintenance to 2026-08-16 03:00:00+00:00, run_after=2026-08-23 03:00:00+00:00
[2026-08-15T17:56:11.101+0000] {processor.py:183} INFO - Processing /opt/airflow/dags/maintenance_dag.py took 0.378 seconds
[2026-08-15T17:56:41.511+0000] {processor.py:161} INFO - Started process (PID=1013) to work on /opt/airflow/dags/maintenance_dag.py
[2026-08-15T17:56:41.514+0000] {processor.py:830} INFO - Processing file /opt/airflow/dags/maintenance_dag.py for tasks to queue
[2026-08-15T17:56:41.519+0000] {logging_mixin.py:188} INFO - [2026-08-15T17:56:41.519+0000] {dagbag.py:545} INFO - Filling up the DagBag from /opt/airflow/dags/maintenance_dag.py
[2026-08-15T17:56:41.562+0000] {processor.py:840} INFO - DAG(s) 'hybrid_lakehouse_weekly_maintenance' retrieved from /opt/airflow/dags/maintenance_dag.py
[2026-08-15T17:56:41.726+0000] {logging_mixin.py:188} INFO - [2026-08-15T17:56:41.726+0000] {dag.py:3089} INFO - Sync 1 DAGs
[2026-08-15T17:56:41.756+0000] {logging_mixin.py:188} INFO - [2026-08-15T17:56:41.756+0000] {dag.py:3947} INFO - Setting next_dagrun for hybrid_lakehouse_weekly_maintenance to 2026-08-16 03:00:00+00:00, run_after=2026-08-23 03:00:00+00:00
[2026-08-15T17:56:41.816+0000] {processor.py:183} INFO - Processing /opt/airflow/dags/maintenance_dag.py took 0.322 seconds
[2026-08-15T17:57:12.218+0000] {processor.py:161} INFO - Started process (PID=1023) to work on /opt/airflow/dags/maintenance_dag.py
[2026-08-15T17:57:12.221+0000] {processor.py:830} INFO - Processing file /opt/airflow/dags/maintenance_dag.py for tasks to queue
[2026-08-15T17:57:12.224+0000] {logging_mixin.py:188} INFO - [2026-08-15T17:57:12.224+0000] {dagbag.py:545} INFO - Filling up the DagBag from /opt/airflow/dags/maintenance_dag.py
[2026-08-15T17:57:12.285+0000] {processor.py:840} INFO - DAG(s) 'hybrid_lakehouse_weekly_maintenance' retrieved from /opt/airflow/dags/maintenance_dag.py
[2026-08-15T17:57:12.467+0000] {logging_mixin.py:188} INFO - [2026-08-15T17:57:12.465+0000] {dag.py:3089} INFO - Sync 1 DAGs
[2026-08-15T17:57:12.497+0000] {logging_mixin.py:188} INFO - [2026-08-15T17:57:12.496+0000] {dag.py:3947} INFO - Setting next_dagrun for hybrid_lakehouse_weekly_maintenance to 2026-08-16 03:00:00+00:00, run_after=2026-08-23 03:00:00+00:00
[2026-08-15T17:57:12.523+0000] {processor.py:183} INFO - Processing /opt/airflow/dags/maintenance_dag.py took 0.315 seconds
[2026-08-15T17:57:42.929+0000] {processor.py:161} INFO - Started process (PID=1033) to work on /opt/airflow/dags/maintenance_dag.py
[2026-08-15T17:57:42.932+0000] {processor.py:830} INFO - Processing file /opt/airflow/dags/maintenance_dag.py for tasks to queue
[2026-08-15T17:57:42.936+0000] {logging_mixin.py:188} INFO - [2026-08-15T17:57:42.936+0000] {dagbag.py:545} INFO - Filling up the DagBag from /opt/airflow/dags/maintenance_dag.py
[2026-08-15T17:57:42.996+0000] {processor.py:840} INFO - DAG(s) 'hybrid_lakehouse_weekly_maintenance' retrieved from /opt/airflow/dags/maintenance_dag.py
[2026-08-15T17:57:43.169+0000] {logging_mixin.py:188} INFO - [2026-08-15T17:57:43.167+0000] {dag.py:3089} INFO - Sync 1 DAGs
[2026-08-15T17:57:43.212+0000] {logging_mixin.py:188} INFO - [2026-08-15T17:57:43.212+0000] {dag.py:3947} INFO - Setting next_dagrun for hybrid_lakehouse_weekly_maintenance to 2026-08-16 03:00:00+00:00, run_after=2026-08-23 03:00:00+00:00
[2026-08-15T17:57:43.261+0000] {processor.py:183} INFO - Processing /opt/airflow/dags/maintenance_dag.py took 0.351 seconds
[2026-08-15T17:58:13.658+0000] {processor.py:161} INFO - Started process (PID=1043) to work on /opt/airflow/dags/maintenance_dag.py
[2026-08-15T17:58:13.661+0000] {processor.py:830} INFO - Processing file /opt/airflow/dags/maintenance_dag.py for tasks to queue
[2026-08-15T17:58:13.664+0000] {logging_mixin.py:188} INFO - [2026-08-15T17:58:13.663+0000] {dagbag.py:545} INFO - Filling up the DagBag from /opt/airflow/dags/maintenance_dag.py
[2026-08-15T17:58:13.701+0000] {processor.py:840} INFO - DAG(s) 'hybrid_lakehouse_weekly_maintenance' retrieved from /opt/airflow/dags/maintenance_dag.py
[2026-08-15T17:58:13.843+0000] {logging_mixin.py:188} INFO - [2026-08-15T17:58:13.842+0000] {dag.py:3089} INFO - Sync 1 DAGs
[2026-08-15T17:58:13.880+0000] {logging_mixin.py:188} INFO - [2026-08-15T17:58:13.880+0000] {dag.py:3947} INFO - Setting next_dagrun for hybrid_lakehouse_weekly_maintenance to 2026-08-16 03:00:00+00:00, run_after=2026-08-23 03:00:00+00:00
[2026-08-15T17:58:13.929+0000] {processor.py:183} INFO - Processing /opt/airflow/dags/maintenance_dag.py took 0.278 seconds
[2026-08-15T17:58:44.347+0000] {processor.py:161} INFO - Started process (PID=1053) to work on /opt/airflow/dags/maintenance_dag.py
[2026-08-15T17:58:44.352+0000] {processor.py:830} INFO - Processing file /opt/airflow/dags/maintenance_dag.py for tasks to queue
[2026-08-15T17:58:44.358+0000] {logging_mixin.py:188} INFO - [2026-08-15T17:58:44.357+0000] {dagbag.py:545} INFO - Filling up the DagBag from /opt/airflow/dags/maintenance_dag.py
[2026-08-15T17:58:44.416+0000] {processor.py:840} INFO - DAG(s) 'hybrid_lakehouse_weekly_maintenance' retrieved from /opt/airflow/dags/maintenance_dag.py
[2026-08-15T17:58:44.573+0000] {logging_mixin.py:188} INFO - [2026-08-15T17:58:44.572+0000] {dag.py:3089} INFO - Sync 1 DAGs
[2026-08-15T17:58:44.599+0000] {logging_mixin.py:188} INFO - [2026-08-15T17:58:44.599+0000] {dag.py:3947} INFO - Setting next_dagrun for hybrid_lakehouse_weekly_maintenance to 2026-08-16 03:00:00+00:00, run_after=2026-08-23 03:00:00+00:00
[2026-08-15T17:58:44.628+0000] {processor.py:183} INFO - Processing /opt/airflow/dags/maintenance_dag.py took 0.302 seconds
[2026-08-15T17:59:15.023+0000] {processor.py:161} INFO - Started process (PID=1063) to work on /opt/airflow/dags/maintenance_dag.py
[2026-08-15T17:59:15.026+0000] {processor.py:830} INFO - Processing file /opt/airflow/dags/maintenance_dag.py for tasks to queue
[2026-08-15T17:59:15.032+0000] {logging_mixin.py:188} INFO - [2026-08-15T17:59:15.030+0000] {dagbag.py:545} INFO - Filling up the DagBag from /opt/airflow/dags/maintenance_dag.py
[2026-08-15T17:59:15.082+0000] {processor.py:840} INFO - DAG(s) 'hybrid_lakehouse_weekly_maintenance' retrieved from /opt/airflow/dags/maintenance_dag.py
[2026-08-15T17:59:15.291+0000] {logging_mixin.py:188} INFO - [2026-08-15T17:59:15.291+0000] {dag.py:3089} INFO - Sync 1 DAGs
[2026-08-15T17:59:15.315+0000] {logging_mixin.py:188} INFO - [2026-08-15T17:59:15.315+0000] {dag.py:3947} INFO - Setting next_dagrun for hybrid_lakehouse_weekly_maintenance to 2026-08-16 03:00:00+00:00, run_after=2026-08-23 03:00:00+00:00
[2026-08-15T17:59:15.350+0000] {processor.py:183} INFO - Processing /opt/airflow/dags/maintenance_dag.py took 0.343 seconds
[2026-08-15T17:59:45.763+0000] {processor.py:161} INFO - Started process (PID=1073) to work on /opt/airflow/dags/maintenance_dag.py
[2026-08-15T17:59:45.768+0000] {processor.py:830} INFO - Processing file /opt/airflow/dags/maintenance_dag.py for tasks to queue
[2026-08-15T17:59:45.776+0000] {logging_mixin.py:188} INFO - [2026-08-15T17:59:45.774+0000] {dagbag.py:545} INFO - Filling up the DagBag from /opt/airflow/dags/maintenance_dag.py
[2026-08-15T17:59:45.832+0000] {processor.py:840} INFO - DAG(s) 'hybrid_lakehouse_weekly_maintenance' retrieved from /opt/airflow/dags/maintenance_dag.py
[2026-08-15T17:59:46.055+0000] {logging_mixin.py:188} INFO - [2026-08-15T17:59:46.054+0000] {dag.py:3089} INFO - Sync 1 DAGs
[2026-08-15T17:59:46.082+0000] {logging_mixin.py:188} INFO - [2026-08-15T17:59:46.081+0000] {dag.py:3947} INFO - Setting next_dagrun for hybrid_lakehouse_weekly_maintenance to 2026-08-16 03:00:00+00:00, run_after=2026-08-23 03:00:00+00:00
[2026-08-15T17:59:46.120+0000] {processor.py:183} INFO - Processing /opt/airflow/dags/maintenance_dag.py took 0.380 seconds
[2026-08-15T18:00:16.507+0000] {processor.py:161} INFO - Started process (PID=1139) to work on /opt/airflow/dags/maintenance_dag.py
[2026-08-15T18:00:16.509+0000] {processor.py:830} INFO - Processing file /opt/airflow/dags/maintenance_dag.py for tasks to queue
[2026-08-15T18:00:16.515+0000] {logging_mixin.py:188} INFO - [2026-08-15T18:00:16.513+0000] {dagbag.py:545} INFO - Filling up the DagBag from /opt/airflow/dags/maintenance_dag.py
[2026-08-15T18:00:16.555+0000] {processor.py:840} INFO - DAG(s) 'hybrid_lakehouse_weekly_maintenance' retrieved from /opt/airflow/dags/maintenance_dag.py
[2026-08-15T18:00:16.710+0000] {logging_mixin.py:188} INFO - [2026-08-15T18:00:16.709+0000] {dag.py:3089} INFO - Sync 1 DAGs
[2026-08-15T18:00:16.753+0000] {logging_mixin.py:188} INFO - [2026-08-15T18:00:16.752+0000] {dag.py:3947} INFO - Setting next_dagrun for hybrid_lakehouse_weekly_maintenance to 2026-08-16 03:00:00+00:00, run_after=2026-08-23 03:00:00+00:00
[2026-08-15T18:00:16.787+0000] {processor.py:183} INFO - Processing /opt/airflow/dags/maintenance_dag.py took 0.288 seconds
[2026-08-15T18:00:47.202+0000] {processor.py:161} INFO - Started process (PID=1167) to work on /opt/airflow/dags/maintenance_dag.py
[2026-08-15T18:00:47.204+0000] {processor.py:830} INFO - Processing file /opt/airflow/dags/maintenance_dag.py for tasks to queue
[2026-08-15T18:00:47.208+0000] {logging_mixin.py:188} INFO - [2026-08-15T18:00:47.208+0000] {dagbag.py:545} INFO - Filling up the DagBag from /opt/airflow/dags/maintenance_dag.py
[2026-08-15T18:00:47.248+0000] {processor.py:840} INFO - DAG(s) 'hybrid_lakehouse_weekly_maintenance' retrieved from /opt/airflow/dags/maintenance_dag.py
[2026-08-15T18:00:47.474+0000] {logging_mixin.py:188} INFO - [2026-08-15T18:00:47.473+0000] {dag.py:3089} INFO - Sync 1 DAGs
[2026-08-15T18:00:47.518+0000] {logging_mixin.py:188} INFO - [2026-08-15T18:00:47.517+0000] {dag.py:3947} INFO - Setting next_dagrun for hybrid_lakehouse_weekly_maintenance to 2026-08-16 03:00:00+00:00, run_after=2026-08-23 03:00:00+00:00
[2026-08-15T18:00:47.546+0000] {processor.py:183} INFO - Processing /opt/airflow/dags/maintenance_dag.py took 0.351 seconds
[2026-08-15T18:01:17.979+0000] {processor.py:161} INFO - Started process (PID=1177) to work on /opt/airflow/dags/maintenance_dag.py
[2026-08-15T18:01:17.982+0000] {processor.py:830} INFO - Processing file /opt/airflow/dags/maintenance_dag.py for tasks to queue
[2026-08-15T18:01:17.987+0000] {logging_mixin.py:188} INFO - [2026-08-15T18:01:17.986+0000] {dagbag.py:545} INFO - Filling up the DagBag from /opt/airflow/dags/maintenance_dag.py
[2026-08-15T18:01:18.036+0000] {processor.py:840} INFO - DAG(s) 'hybrid_lakehouse_weekly_maintenance' retrieved from /opt/airflow/dags/maintenance_dag.py
[2026-08-15T18:01:18.177+0000] {logging_mixin.py:188} INFO - [2026-08-15T18:01:18.176+0000] {dag.py:3089} INFO - Sync 1 DAGs
[2026-08-15T18:01:18.206+0000] {logging_mixin.py:188} INFO - [2026-08-15T18:01:18.205+0000] {dag.py:3947} INFO - Setting next_dagrun for hybrid_lakehouse_weekly_maintenance to 2026-08-16 03:00:00+00:00, run_after=2026-08-23 03:00:00+00:00
[2026-08-15T18:01:18.242+0000] {processor.py:183} INFO - Processing /opt/airflow/dags/maintenance_dag.py took 0.273 seconds
[2026-08-15T18:01:48.675+0000] {processor.py:161} INFO - Started process (PID=1187) to work on /opt/airflow/dags/maintenance_dag.py
[2026-08-15T18:01:48.677+0000] {processor.py:830} INFO - Processing file /opt/airflow/dags/maintenance_dag.py for tasks to queue
[2026-08-15T18:01:48.681+0000] {logging_mixin.py:188} INFO - [2026-08-15T18:01:48.681+0000] {dagbag.py:545} INFO - Filling up the DagBag from /opt/airflow/dags/maintenance_dag.py
[2026-08-15T18:01:48.724+0000] {processor.py:840} INFO - DAG(s) 'hybrid_lakehouse_weekly_maintenance' retrieved from /opt/airflow/dags/maintenance_dag.py
[2026-08-15T18:01:48.857+0000] {logging_mixin.py:188} INFO - [2026-08-15T18:01:48.856+0000] {dag.py:3089} INFO - Sync 1 DAGs
[2026-08-15T18:01:48.911+0000] {logging_mixin.py:188} INFO - [2026-08-15T18:01:48.910+0000] {dag.py:3947} INFO - Setting next_dagrun for hybrid_lakehouse_weekly_maintenance to 2026-08-16 03:00:00+00:00, run_after=2026-08-23 03:00:00+00:00
[2026-08-15T18:01:48.957+0000] {processor.py:183} INFO - Processing /opt/airflow/dags/maintenance_dag.py took 0.293 seconds
[2026-08-15T18:02:19.406+0000] {processor.py:161} INFO - Started process (PID=1197) to work on /opt/airflow/dags/maintenance_dag.py
[2026-08-15T18:02:19.409+0000] {processor.py:830} INFO - Processing file /opt/airflow/dags/maintenance_dag.py for tasks to queue
[2026-08-15T18:02:19.418+0000] {logging_mixin.py:188} INFO - [2026-08-15T18:02:19.417+0000] {dagbag.py:545} INFO - Filling up the DagBag from /opt/airflow/dags/maintenance_dag.py
[2026-08-15T18:02:19.491+0000] {processor.py:840} INFO - DAG(s) 'hybrid_lakehouse_weekly_maintenance' retrieved from /opt/airflow/dags/maintenance_dag.py
[2026-08-15T18:02:19.722+0000] {logging_mixin.py:188} INFO - [2026-08-15T18:02:19.721+0000] {dag.py:3089} INFO - Sync 1 DAGs
[2026-08-15T18:02:19.785+0000] {logging_mixin.py:188} INFO - [2026-08-15T18:02:19.784+0000] {dag.py:3947} INFO - Setting next_dagrun for hybrid_lakehouse_weekly_maintenance to 2026-08-16 03:00:00+00:00, run_after=2026-08-23 03:00:00+00:00
[2026-08-15T18:02:19.890+0000] {processor.py:183} INFO - Processing /opt/airflow/dags/maintenance_dag.py took 0.504 seconds
[2026-08-15T18:02:50.322+0000] {processor.py:161} INFO - Started process (PID=1207) to work on /opt/airflow/dags/maintenance_dag.py
[2026-08-15T18:02:50.324+0000] {processor.py:830} INFO - Processing file /opt/airflow/dags/maintenance_dag.py for tasks to queue
[2026-08-15T18:02:50.327+0000] {logging_mixin.py:188} INFO - [2026-08-15T18:02:50.327+0000] {dagbag.py:545} INFO - Filling up the DagBag from /opt/airflow/dags/maintenance_dag.py
[2026-08-15T18:02:50.365+0000] {processor.py:840} INFO - DAG(s) 'hybrid_lakehouse_weekly_maintenance' retrieved from /opt/airflow/dags/maintenance_dag.py
[2026-08-15T18:02:50.499+0000] {logging_mixin.py:188} INFO - [2026-08-15T18:02:50.498+0000] {dag.py:3089} INFO - Sync 1 DAGs
[2026-08-15T18:02:50.534+0000] {logging_mixin.py:188} INFO - [2026-08-15T18:02:50.533+0000] {dag.py:3947} INFO - Setting next_dagrun for hybrid_lakehouse_weekly_maintenance to 2026-08-16 03:00:00+00:00, run_after=2026-08-23 03:00:00+00:00
[2026-08-15T18:02:50.562+0000] {processor.py:183} INFO - Processing /opt/airflow/dags/maintenance_dag.py took 0.258 seconds
[2026-08-15T18:03:20.973+0000] {processor.py:161} INFO - Started process (PID=1217) to work on /opt/airflow/dags/maintenance_dag.py
[2026-08-15T18:03:20.977+0000] {processor.py:830} INFO - Processing file /opt/airflow/dags/maintenance_dag.py for tasks to queue
[2026-08-15T18:03:20.984+0000] {logging_mixin.py:188} INFO - [2026-08-15T18:03:20.983+0000] {dagbag.py:545} INFO - Filling up the DagBag from /opt/airflow/dags/maintenance_dag.py
[2026-08-15T18:03:21.055+0000] {processor.py:840} INFO - DAG(s) 'hybrid_lakehouse_weekly_maintenance' retrieved from /opt/airflow/dags/maintenance_dag.py
[2026-08-15T18:03:21.291+0000] {logging_mixin.py:188} INFO - [2026-08-15T18:03:21.290+0000] {dag.py:3089} INFO - Sync 1 DAGs
[2026-08-15T18:03:21.340+0000] {logging_mixin.py:188} INFO - [2026-08-15T18:03:21.339+0000] {dag.py:3947} INFO - Setting next_dagrun for hybrid_lakehouse_weekly_maintenance to 2026-08-16 03:00:00+00:00, run_after=2026-08-23 03:00:00+00:00
[2026-08-15T18:03:21.381+0000] {processor.py:183} INFO - Processing /opt/airflow/dags/maintenance_dag.py took 0.431 seconds
[2026-08-15T18:03:51.827+0000] {processor.py:161} INFO - Started process (PID=1227) to work on /opt/airflow/dags/maintenance_dag.py
[2026-08-15T18:03:51.830+0000] {processor.py:830} INFO - Processing file /opt/airflow/dags/maintenance_dag.py for tasks to queue
[2026-08-15T18:03:51.837+0000] {logging_mixin.py:188} INFO - [2026-08-15T18:03:51.836+0000] {dagbag.py:545} INFO - Filling up the DagBag from /opt/airflow/dags/maintenance_dag.py
[2026-08-15T18:03:51.907+0000] {processor.py:840} INFO - DAG(s) 'hybrid_lakehouse_weekly_maintenance' retrieved from /opt/airflow/dags/maintenance_dag.py
[2026-08-15T18:03:52.231+0000] {logging_mixin.py:188} INFO - [2026-08-15T18:03:52.229+0000] {dag.py:3089} INFO - Sync 1 DAGs
[2026-08-15T18:03:52.298+0000] {logging_mixin.py:188} INFO - [2026-08-15T18:03:52.298+0000] {dag.py:3947} INFO - Setting next_dagrun for hybrid_lakehouse_weekly_maintenance to 2026-08-16 03:00:00+00:00, run_after=2026-08-23 03:00:00+00:00
[2026-08-15T18:03:52.366+0000] {processor.py:183} INFO - Processing /opt/airflow/dags/maintenance_dag.py took 0.550 seconds
[2026-08-15T18:04:22.787+0000] {processor.py:161} INFO - Started process (PID=1237) to work on /opt/airflow/dags/maintenance_dag.py
[2026-08-15T18:04:22.789+0000] {processor.py:830} INFO - Processing file /opt/airflow/dags/maintenance_dag.py for tasks to queue
[2026-08-15T18:04:22.792+0000] {logging_mixin.py:188} INFO - [2026-08-15T18:04:22.792+0000] {dagbag.py:545} INFO - Filling up the DagBag from /opt/airflow/dags/maintenance_dag.py
[2026-08-15T18:04:22.828+0000] {processor.py:840} INFO - DAG(s) 'hybrid_lakehouse_weekly_maintenance' retrieved from /opt/airflow/dags/maintenance_dag.py
[2026-08-15T18:04:22.967+0000] {logging_mixin.py:188} INFO - [2026-08-15T18:04:22.967+0000] {dag.py:3089} INFO - Sync 1 DAGs
[2026-08-15T18:04:22.998+0000] {logging_mixin.py:188} INFO - [2026-08-15T18:04:22.997+0000] {dag.py:3947} INFO - Setting next_dagrun for hybrid_lakehouse_weekly_maintenance to 2026-08-16 03:00:00+00:00, run_after=2026-08-23 03:00:00+00:00
[2026-08-15T18:04:23.027+0000] {processor.py:183} INFO - Processing /opt/airflow/dags/maintenance_dag.py took 0.248 seconds
[2026-08-15T18:04:53.435+0000] {processor.py:161} INFO - Started process (PID=1247) to work on /opt/airflow/dags/maintenance_dag.py
[2026-08-15T18:04:53.438+0000] {processor.py:830} INFO - Processing file /opt/airflow/dags/maintenance_dag.py for tasks to queue
[2026-08-15T18:04:53.444+0000] {logging_mixin.py:188} INFO - [2026-08-15T18:04:53.443+0000] {dagbag.py:545} INFO - Filling up the DagBag from /opt/airflow/dags/maintenance_dag.py
[2026-08-15T18:04:53.522+0000] {processor.py:840} INFO - DAG(s) 'hybrid_lakehouse_weekly_maintenance' retrieved from /opt/airflow/dags/maintenance_dag.py
[2026-08-15T18:04:53.678+0000] {logging_mixin.py:188} INFO - [2026-08-15T18:04:53.678+0000] {dag.py:3089} INFO - Sync 1 DAGs
[2026-08-15T18:04:53.711+0000] {logging_mixin.py:188} INFO - [2026-08-15T18:04:53.710+0000] {dag.py:3947} INFO - Setting next_dagrun for hybrid_lakehouse_weekly_maintenance to 2026-08-16 03:00:00+00:00, run_after=2026-08-23 03:00:00+00:00
[2026-08-15T18:04:53.807+0000] {processor.py:183} INFO - Processing /opt/airflow/dags/maintenance_dag.py took 0.394 seconds
[2026-08-15T18:05:24.217+0000] {processor.py:161} INFO - Started process (PID=1257) to work on /opt/airflow/dags/maintenance_dag.py
[2026-08-15T18:05:24.220+0000] {processor.py:830} INFO - Processing file /opt/airflow/dags/maintenance_dag.py for tasks to queue
[2026-08-15T18:05:24.224+0000] {logging_mixin.py:188} INFO - [2026-08-15T18:05:24.223+0000] {dagbag.py:545} INFO - Filling up the DagBag from /opt/airflow/dags/maintenance_dag.py
[2026-08-15T18:05:24.258+0000] {processor.py:840} INFO - DAG(s) 'hybrid_lakehouse_weekly_maintenance' retrieved from /opt/airflow/dags/maintenance_dag.py
[2026-08-15T18:05:24.428+0000] {logging_mixin.py:188} INFO - [2026-08-15T18:05:24.427+0000] {dag.py:3089} INFO - Sync 1 DAGs
[2026-08-15T18:05:24.462+0000] {logging_mixin.py:188} INFO - [2026-08-15T18:05:24.462+0000] {dag.py:3947} INFO - Setting next_dagrun for hybrid_lakehouse_weekly_maintenance to 2026-08-16 03:00:00+00:00, run_after=2026-08-23 03:00:00+00:00
[2026-08-15T18:05:24.496+0000] {processor.py:183} INFO - Processing /opt/airflow/dags/maintenance_dag.py took 0.288 seconds
[2026-08-15T18:33:48.219+0000] {processor.py:161} INFO - Started process (PID=1265) to work on /opt/airflow/dags/maintenance_dag.py
[2026-08-15T18:33:48.227+0000] {processor.py:830} INFO - Processing file /opt/airflow/dags/maintenance_dag.py for tasks to queue
[2026-08-15T18:33:48.246+0000] {logging_mixin.py:188} INFO - [2026-08-15T18:33:48.245+0000] {dagbag.py:545} INFO - Filling up the DagBag from /opt/airflow/dags/maintenance_dag.py
[2026-08-15T18:33:48.613+0000] {processor.py:840} INFO - DAG(s) 'hybrid_lakehouse_weekly_maintenance' retrieved from /opt/airflow/dags/maintenance_dag.py
[2026-08-15T18:33:49.145+0000] {logging_mixin.py:188} INFO - [2026-08-15T18:33:49.144+0000] {dag.py:3089} INFO - Sync 1 DAGs
[2026-08-15T18:33:49.214+0000] {logging_mixin.py:188} INFO - [2026-08-15T18:33:49.213+0000] {dag.py:3947} INFO - Setting next_dagrun for hybrid_lakehouse_weekly_maintenance to 2026-08-16 03:00:00+00:00, run_after=2026-08-23 03:00:00+00:00
[2026-08-15T18:33:49.448+0000] {processor.py:183} INFO - Processing /opt/airflow/dags/maintenance_dag.py took 1.254 seconds
[2026-08-15T18:34:19.648+0000] {processor.py:161} INFO - Started process (PID=1275) to work on /opt/airflow/dags/maintenance_dag.py
[2026-08-15T18:34:19.649+0000] {processor.py:830} INFO - Processing file /opt/airflow/dags/maintenance_dag.py for tasks to queue
[2026-08-15T18:34:19.652+0000] {logging_mixin.py:188} INFO - [2026-08-15T18:34:19.652+0000] {dagbag.py:545} INFO - Filling up the DagBag from /opt/airflow/dags/maintenance_dag.py
[2026-08-15T18:34:19.688+0000] {processor.py:840} INFO - DAG(s) 'hybrid_lakehouse_weekly_maintenance' retrieved from /opt/airflow/dags/maintenance_dag.py
[2026-08-15T18:34:19.814+0000] {logging_mixin.py:188} INFO - [2026-08-15T18:34:19.814+0000] {dag.py:3089} INFO - Sync 1 DAGs
[2026-08-15T18:34:19.836+0000] {logging_mixin.py:188} INFO - [2026-08-15T18:34:19.836+0000] {dag.py:3947} INFO - Setting next_dagrun for hybrid_lakehouse_weekly_maintenance to 2026-08-16 03:00:00+00:00, run_after=2026-08-23 03:00:00+00:00
[2026-08-15T18:34:19.859+0000] {processor.py:183} INFO - Processing /opt/airflow/dags/maintenance_dag.py took 0.218 seconds
[2026-08-15T18:34:49.982+0000] {processor.py:161} INFO - Started process (PID=1317) to work on /opt/airflow/dags/maintenance_dag.py
[2026-08-15T18:34:49.983+0000] {processor.py:830} INFO - Processing file /opt/airflow/dags/maintenance_dag.py for tasks to queue
[2026-08-15T18:34:49.985+0000] {logging_mixin.py:188} INFO - [2026-08-15T18:34:49.985+0000] {dagbag.py:545} INFO - Filling up the DagBag from /opt/airflow/dags/maintenance_dag.py
[2026-08-15T18:34:50.003+0000] {processor.py:840} INFO - DAG(s) 'hybrid_lakehouse_weekly_maintenance' retrieved from /opt/airflow/dags/maintenance_dag.py
[2026-08-15T18:34:50.105+0000] {logging_mixin.py:188} INFO - [2026-08-15T18:34:50.104+0000] {dag.py:3089} INFO - Sync 1 DAGs
[2026-08-15T18:34:50.122+0000] {logging_mixin.py:188} INFO - [2026-08-15T18:34:50.122+0000] {dag.py:3947} INFO - Setting next_dagrun for hybrid_lakehouse_weekly_maintenance to 2026-08-16 03:00:00+00:00, run_after=2026-08-23 03:00:00+00:00
[2026-08-15T18:34:50.145+0000] {processor.py:183} INFO - Processing /opt/airflow/dags/maintenance_dag.py took 0.167 seconds
[2026-08-15T18:35:20.367+0000] {processor.py:161} INFO - Started process (PID=1331) to work on /opt/airflow/dags/maintenance_dag.py
[2026-08-15T18:35:20.368+0000] {processor.py:830} INFO - Processing file /opt/airflow/dags/maintenance_dag.py for tasks to queue
[2026-08-15T18:35:20.370+0000] {logging_mixin.py:188} INFO - [2026-08-15T18:35:20.370+0000] {dagbag.py:545} INFO - Filling up the DagBag from /opt/airflow/dags/maintenance_dag.py
[2026-08-15T18:35:20.389+0000] {processor.py:840} INFO - DAG(s) 'hybrid_lakehouse_weekly_maintenance' retrieved from /opt/airflow/dags/maintenance_dag.py
[2026-08-15T18:35:20.487+0000] {logging_mixin.py:188} INFO - [2026-08-15T18:35:20.487+0000] {dag.py:3089} INFO - Sync 1 DAGs
[2026-08-15T18:35:20.504+0000] {logging_mixin.py:188} INFO - [2026-08-15T18:35:20.503+0000] {dag.py:3947} INFO - Setting next_dagrun for hybrid_lakehouse_weekly_maintenance to 2026-08-16 03:00:00+00:00, run_after=2026-08-23 03:00:00+00:00
[2026-08-15T18:35:20.524+0000] {processor.py:183} INFO - Processing /opt/airflow/dags/maintenance_dag.py took 0.163 seconds
[2026-08-15T18:35:50.736+0000] {processor.py:161} INFO - Started process (PID=1348) to work on /opt/airflow/dags/maintenance_dag.py
[2026-08-15T18:35:50.737+0000] {processor.py:830} INFO - Processing file /opt/airflow/dags/maintenance_dag.py for tasks to queue
[2026-08-15T18:35:50.739+0000] {logging_mixin.py:188} INFO - [2026-08-15T18:35:50.739+0000] {dagbag.py:545} INFO - Filling up the DagBag from /opt/airflow/dags/maintenance_dag.py
[2026-08-15T18:35:50.756+0000] {processor.py:840} INFO - DAG(s) 'hybrid_lakehouse_weekly_maintenance' retrieved from /opt/airflow/dags/maintenance_dag.py
[2026-08-15T18:35:50.850+0000] {logging_mixin.py:188} INFO - [2026-08-15T18:35:50.850+0000] {dag.py:3089} INFO - Sync 1 DAGs
[2026-08-15T18:35:50.870+0000] {logging_mixin.py:188} INFO - [2026-08-15T18:35:50.869+0000] {dag.py:3947} INFO - Setting next_dagrun for hybrid_lakehouse_weekly_maintenance to 2026-08-16 03:00:00+00:00, run_after=2026-08-23 03:00:00+00:00
[2026-08-15T18:35:50.889+0000] {processor.py:183} INFO - Processing /opt/airflow/dags/maintenance_dag.py took 0.157 seconds
[2026-08-15T18:36:21.079+0000] {processor.py:161} INFO - Started process (PID=1360) to work on /opt/airflow/dags/maintenance_dag.py
[2026-08-15T18:36:21.080+0000] {processor.py:830} INFO - Processing file /opt/airflow/dags/maintenance_dag.py for tasks to queue
[2026-08-15T18:36:21.082+0000] {logging_mixin.py:188} INFO - [2026-08-15T18:36:21.081+0000] {dagbag.py:545} INFO - Filling up the DagBag from /opt/airflow/dags/maintenance_dag.py
[2026-08-15T18:36:21.100+0000] {processor.py:840} INFO - DAG(s) 'hybrid_lakehouse_weekly_maintenance' retrieved from /opt/airflow/dags/maintenance_dag.py
[2026-08-15T18:36:21.216+0000] {logging_mixin.py:188} INFO - [2026-08-15T18:36:21.215+0000] {dag.py:3089} INFO - Sync 1 DAGs
[2026-08-15T18:36:21.235+0000] {logging_mixin.py:188} INFO - [2026-08-15T18:36:21.235+0000] {dag.py:3947} INFO - Setting next_dagrun for hybrid_lakehouse_weekly_maintenance to 2026-08-16 03:00:00+00:00, run_after=2026-08-23 03:00:00+00:00
[2026-08-15T18:36:21.260+0000] {processor.py:183} INFO - Processing /opt/airflow/dags/maintenance_dag.py took 0.186 seconds
